group_id,method,number_neurons,neuron_indices,filtered_idxs,spike_rate,number_of_spikes,mean_combined,treatment,recording,day,recording_folder
1,combined,2,"[1227, 1256]","[15, 16]",0,0,0.6573641266610465,BP,1-1,1,1-1
1,combined,2,"[8, 9]","[6, 7]",0,0,0.6482139455049344,BP,1-1,10,1-1_Day10
17,combined,2,"[56, 136]","[39, 106]",0,0,0.6317562723879696,BP,1-1,10,1-1_Day10
132,combined,2,"[1143, 1147]","[850, 854]",0,0,0.8662252280324119,BP,1-1,10,1-1_Day10
238,combined,2,"[781, 844]","[590, 637]",0,0,0.6412635998495034,BP,1-1,10,1-1_Day10
246,combined,2,"[926, 934]","[701, 708]",0,0,0.7647986617323564,BP,1-1,10,1-1_Day10
260,combined,2,"[1554, 1582]","[1079, 1092]",0,0,0.687517379226352,BP,1-1,10,1-1_Day10
261,combined,2,"[1524, 1528]","[1063, 1065]",0,0,0.7620108464684056,BP,1-1,10,1-1_Day10
262,combined,8,"[1529, 1545, 1549, 1555, 1569, 1587, 1588, 1589]","[1066, 1075, 1077, 1080, 1087, 1095, 1096, 1097]",0,0,0.6854471930877383,BP,1-1,10,1-1_Day10
263,combined,2,"[1525, 1534]","[1064, 1069]",0,0,0.6232935377862824,BP,1-1,10,1-1_Day10
267,combined,3,"[1459, 1466, 1474]","[1033, 1039, 1043]",0,0,0.6463827861546142,BP,1-1,10,1-1_Day10
295,combined,2,"[1210, 1308]","[898, 957]",0,0,0.657791849025498,BP,1-1,10,1-1_Day10
317,combined,2,"[753, 974]","[570, 739]",0,0,0.6389184182500912,BP,1-1,10,1-1_Day10
319,combined,2,"[733, 739]","[558, 563]",0,0,0.580777126122016,BP,1-1,10,1-1_Day10
320,combined,2,"[798, 875]","[601, 661]",0,0,0.5607912025618537,BP,1-1,10,1-1_Day10
321,combined,4,"[870, 873, 973, 1104]","[656, 659, 738, 824]",0,0,0.6174521252980741,BP,1-1,10,1-1_Day10
323,combined,2,"[852, 887]","[644, 670]",0,0,0.6107790792978985,BP,1-1,10,1-1_Day10
324,combined,2,"[789, 791]","[594, 595]",0,0,0.6091874285166123,BP,1-1,10,1-1_Day10
330,combined,2,"[1005, 1173]","[760, 873]",0,0,0.5821692748744103,BP,1-1,10,1-1_Day10
332,combined,3,"[980, 981, 988]","[742, 743, 747]",0,0,0.6404925014951818,BP,1-1,10,1-1_Day10
337,combined,4,"[1035, 1112, 1146, 1158]","[780, 831, 853, 863]",0,0,0.5680005658584931,BP,1-1,10,1-1_Day10
339,combined,3,"[1080, 1082, 1170]","[810, 812, 872]",0,0,0.5687046412740091,BP,1-1,10,1-1_Day10
340,combined,4,"[1075, 1085, 1128, 1129]","[807, 814, 840, 841]",0,0,0.5739963211471232,BP,1-1,10,1-1_Day10
344,combined,2,"[1342, 1460]","[979, 1034]",0,0,0.5305073999782887,BP,1-1,10,1-1_Day10
345,combined,3,"[1353, 1354, 1539]","[983, 984, 1072]",0,0,0.6306213666943968,BP,1-1,10,1-1_Day10
346,combined,8,"[1265, 1324, 1337, 1338, 1359, 1363, 1419, 1425]","[932, 967, 974, 975, 987, 990, 1013, 1016]",0,0,0.6521247866548893,BP,1-1,10,1-1_Day10
347,combined,4,"[1142, 1161, 1167, 1188]","[849, 865, 870, 881]",0,0,0.8002547072913088,BP,1-1,10,1-1_Day10
407,combined,3,"[226, 298, 403]","[177, 237, 318]",0,0,0.5235468674076404,BP,1-1,10,1-1_Day10
409,combined,2,"[323, 371]","[258, 295]",0,0,0.5031847804348935,BP,1-1,10,1-1_Day10
413,combined,3,"[174, 232, 262]","[138, 181, 208]",0,0,0.593360981351309,BP,1-1,10,1-1_Day10
417,combined,2,"[148, 168]","[118, 133]",0,0,0.5184483046064149,BP,1-1,10,1-1_Day10
419,combined,2,"[206, 214]","[163, 170]",0,0,0.5455135346486625,BP,1-1,10,1-1_Day10
423,combined,10,"[37, 51, 58, 61, 74, 87, 92, 114, 119, 128]","[24, 35, 41, 44, 54, 63, 68, 88, 92, 100]",0,0,0.5824427587614462,BP,1-1,10,1-1_Day10
447,combined,5,"[675, 751, 820, 831, 837]","[509, 569, 617, 625, 630]",0,0,0.6107814570408983,BP,1-1,10,1-1_Day10
450,combined,2,"[572, 715]","[442, 544]",0,0,0.7659138908478016,BP,1-1,10,1-1_Day10
456,combined,3,"[84, 200, 224]","[61, 157, 175]",0,0,0.6081897603710936,BP,1-1,10,1-1_Day10
457,combined,2,"[47, 63]","[32, 46]",0,0,0.7297510750461774,BP,1-1,10,1-1_Day10
460,combined,2,"[71, 118]","[51, 91]",0,0,0.520223649773088,BP,1-1,10,1-1_Day10
461,combined,3,"[54, 194, 209]","[37, 153, 165]",0,0,0.7062155461438024,BP,1-1,10,1-1_Day10
462,combined,2,"[445, 505]","[344, 389]",0,0,0.5809642765655273,BP,1-1,10,1-1_Day10
463,combined,32,"[22, 33, 39, 60, 67, 95, 103, 110, 111, 122, 123, 124, 126, 132, 133, 134, 135, 138, 140, 142, 145, 156, 169, 176, 205, 213, 222, 277, 333, 339, 362, 400]","[13, 20, 26, 43, 48, 70, 78, 85, 86, 95, 96, 97, 99, 102, 103, 104, 105, 108, 110, 112, 115, 124, 134, 140, 162, 169, 174, 221, 264, 269, 287, 316]",0,0,0.6504771740248957,BP,1-1,10,1-1_Day10
467,combined,2,"[272, 492]","[217, 381]",0,0,0.5864982465498062,BP,1-1,10,1-1_Day10
469,combined,2,"[393, 440]","[311, 341]",0,0,0.503561596123433,BP,1-1,10,1-1_Day10
471,combined,2,"[203, 519]","[160, 401]",0,0,0.5586348597450488,BP,1-1,10,1-1_Day10
472,combined,2,"[566, 634]","[437, 484]",0,0,0.6112545331928181,BP,1-1,10,1-1_Day10
473,combined,20,"[453, 468, 480, 489, 501, 502, 526, 532, 538, 540, 541, 542, 543, 557, 581, 582, 596, 606, 623, 672]","[352, 366, 374, 378, 386, 387, 406, 411, 417, 419, 420, 421, 422, 431, 446, 447, 458, 463, 476, 507]",0,0,0.6036225006108965,BP,1-1,10,1-1_Day10
475,combined,2,"[215, 309]","[171, 248]",0,0,0.6102315784000223,BP,1-1,10,1-1_Day10
476,combined,3,"[246, 295, 332]","[193, 235, 263]",0,0,0.7212199798975486,BP,1-1,10,1-1_Day10
477,combined,3,"[166, 242, 294]","[131, 190, 234]",0,0,0.6235471612230233,BP,1-1,10,1-1_Day10
478,combined,14,"[199, 211, 217, 259, 260, 293, 343, 350, 354, 367, 374, 377, 461, 707]","[156, 167, 172, 205, 206, 233, 271, 277, 280, 292, 297, 300, 359, 536]",0,0,0.6221115761906839,BP,1-1,10,1-1_Day10
481,combined,2,"[250, 387]","[196, 307]",0,0,0.6530272344221363,BP,1-1,10,1-1_Day10
486,combined,5,"[153, 167, 288, 308, 380]","[122, 132, 229, 247, 303]",0,0,0.5522615697289501,BP,1-1,10,1-1_Day10
487,combined,8,"[335, 375, 413, 425, 435, 455, 477, 494]","[266, 298, 322, 328, 336, 354, 372, 382]",0,0,0.6542905750228664,BP,1-1,10,1-1_Day10
488,combined,4,"[212, 353, 357, 390]","[168, 279, 283, 310]",0,0,0.605617968786975,BP,1-1,10,1-1_Day10
510,combined,2,"[902, 938]","[682, 712]",0,0,0.5277598223240317,BP,1-1,10,1-1_Day10
511,combined,2,"[465, 564]","[363, 435]",0,0,0.5148694982161872,BP,1-1,10,1-1_Day10
512,combined,3,"[617, 664, 681]","[471, 501, 514]",0,0,0.6144578379829283,BP,1-1,10,1-1_Day10
516,combined,2,"[569, 587]","[439, 450]",0,0,0.6177112652122134,BP,1-1,10,1-1_Day10
519,combined,2,"[717, 728]","[545, 553]",0,0,0.5800883079832232,BP,1-1,10,1-1_Day10
520,combined,11,"[676, 682, 703, 706, 713, 719, 727, 746, 761, 821, 840]","[510, 515, 532, 535, 542, 547, 552, 568, 576, 618, 633]",0,0,0.579515647921758,BP,1-1,10,1-1_Day10
534,combined,2,"[593, 612]","[456, 468]",0,0,0.5558584280311869,BP,1-1,10,1-1_Day10
552,combined,2,"[856, 942]","[648, 715]",0,0,0.509530807097208,BP,1-1,10,1-1_Day10
553,combined,2,"[1008, 1020]","[762, 770]",0,0,0.6693298348095489,BP,1-1,10,1-1_Day10
554,combined,4,"[920, 967, 987, 1059]","[696, 734, 746, 796]",0,0,0.6230650562130766,BP,1-1,10,1-1_Day10
564,combined,2,"[1098, 1122]","[822, 837]",0,0,0.5226219580645205,BP,1-1,10,1-1_Day10
604,combined,2,"[1, 21]","[1, 12]",0,0,0.5162693390699947,BP,1-1,10,1-1_Day10
605,combined,6,"[20, 43, 89, 98, 100, 112]","[11, 29, 65, 73, 75, 87]",0,0,0.5842545559099114,BP,1-1,10,1-1_Day10
606,combined,2,"[34, 72]","[21, 52]",0,0,0.6697916475311471,BP,1-1,10,1-1_Day10
622,combined,7,"[197, 239, 244, 251, 267, 285, 318]","[155, 187, 192, 197, 213, 226, 253]",0,0,0.5437587318527805,BP,1-1,10,1-1_Day10
623,combined,3,"[146, 243, 265]","[116, 191, 211]",0,0,0.5416711844333167,BP,1-1,10,1-1_Day10
630,combined,2,"[685, 1333]","[518, 972]",0,0,0.5453418287736914,BP,1-1,10,1-1_Day10
650,combined,4,"[499, 500, 517, 584]","[384, 385, 399, 448]",0,0,0.5253589976535896,BP,1-1,10,1-1_Day10
656,combined,2,"[349, 370]","[276, 294]",0,0,0.7013800957381825,BP,1-1,10,1-1_Day10
681,combined,4,"[1027, 1045, 1196, 1248]","[775, 786, 888, 922]",0,0,0.5635564138366207,BP,1-1,10,1-1_Day10
684,combined,2,"[1238, 1239]","[916, 917]",0,0,0.6368656711510601,BP,1-1,10,1-1_Day10
688,combined,2,"[1145, 1307]","[852, 956]",0,0,0.7615779945881413,BP,1-1,10,1-1_Day10
689,combined,2,"[1183, 1219]","[877, 903]",0,0,0.594647041018514,BP,1-1,10,1-1_Day10
691,combined,2,"[1000, 1111]","[755, 830]",0,0,0.8234517367609411,BP,1-1,10,1-1_Day10
692,combined,7,"[1177, 1271, 1276, 1278, 1292, 1300, 1319]","[874, 936, 940, 941, 947, 951, 963]",0,0,0.688491213546529,BP,1-1,10,1-1_Day10
708,combined,2,"[1094, 1206]","[819, 895]",0,0,0.743630278421238,BP,1-1,10,1-1_Day10
722,combined,2,"[1259, 1294]","[928, 948]",0,0,0.5027028460300411,BP,1-1,10,1-1_Day10
723,combined,2,"[1431, 1479]","[1017, 1045]",0,0,0.5354463684125784,BP,1-1,10,1-1_Day10
724,combined,2,"[1422, 1462]","[1014, 1035]",0,0,0.5963806767086417,BP,1-1,10,1-1_Day10
728,combined,11,"[1246, 1256, 1269, 1306, 1315, 1321, 1327, 1330, 1357, 1395, 1485]","[920, 926, 935, 955, 960, 964, 969, 970, 986, 1005, 1048]",0,0,0.5600381414772783,BP,1-1,10,1-1_Day10
729,combined,5,"[1191, 1193, 1201, 1202, 1245]","[883, 885, 892, 893, 919]",0,0,0.6145196631718297,BP,1-1,10,1-1_Day10
732,combined,5,"[1272, 1298, 1339, 1480, 1533]","[937, 949, 976, 1046, 1068]",0,0,0.6247609767140629,BP,1-1,10,1-1_Day10
736,combined,2,"[1325, 1374]","[968, 995]",0,0,0.5744992429091638,BP,1-1,10,1-1_Day10
752,combined,3,"[275, 340, 405]","[220, 270, 319]",0,0,0.6978858744659013,BP,1-1,10,1-1_Day10
754,combined,4,"[399, 443, 470, 490]","[315, 342, 368, 379]",0,0,0.5906917930031795,BP,1-1,10,1-1_Day10
764,combined,5,"[585, 680, 695, 698, 723]","[449, 513, 526, 529, 549]",0,0,0.6340471429775402,BP,1-1,10,1-1_Day10
768,combined,2,"[982, 995]","[744, 753]",0,0,0.6311462873745997,BP,1-1,10,1-1_Day10
771,combined,2,"[1055, 1154]","[793, 861]",0,0,0.5614577130353403,BP,1-1,10,1-1_Day10
773,combined,2,"[793, 796]","[597, 600]",0,0,0.564029735855846,BP,1-1,10,1-1_Day10
775,combined,2,"[778, 792]","[588, 596]",0,0,0.7751029632412104,BP,1-1,10,1-1_Day10
776,combined,2,"[1061, 1067]","[798, 803]",0,0,0.6701072747324546,BP,1-1,10,1-1_Day10
777,combined,20,"[850, 871, 903, 904, 916, 921, 922, 923, 927, 939, 950, 953, 959, 978, 993, 1007, 1014, 1036, 1081, 1107]","[642, 657, 683, 684, 693, 697, 698, 699, 702, 713, 722, 725, 730, 741, 751, 761, 766, 781, 811, 827]",0,0,0.6935142192078053,BP,1-1,10,1-1_Day10
779,combined,2,"[944, 951]","[717, 723]",0,0,0.564228301936879,BP,1-1,10,1-1_Day10
781,combined,2,"[604, 949]","[462, 721]",0,0,0.6115340505698834,BP,1-1,10,1-1_Day10
782,combined,7,"[800, 813, 841, 848, 851, 899, 914]","[603, 613, 634, 641, 643, 679, 691]",0,0,0.5655842265449996,BP,1-1,10,1-1_Day10
789,combined,3,"[535, 589, 590]","[414, 452, 453]",0,0,0.5489212047404203,BP,1-1,10,1-1_Day10
790,combined,2,"[527, 536]","[407, 415]",0,0,0.718218658886053,BP,1-1,10,1-1_Day10
792,combined,2,"[570, 709]","[440, 538]",0,0,0.6330193912433608,BP,1-1,10,1-1_Day10
794,combined,2,"[539, 574]","[418, 443]",0,0,0.5918492599769183,BP,1-1,10,1-1_Day10
796,combined,3,"[568, 608, 711]","[438, 465, 540]",0,0,0.6993065857950911,BP,1-1,10,1-1_Day10
798,combined,3,"[514, 515, 734]","[397, 398, 559]",0,0,0.5919407884144627,BP,1-1,10,1-1_Day10
800,combined,2,"[686, 754]","[519, 571]",0,0,0.5322444554498926,BP,1-1,10,1-1_Day10
6,combined,2,"[777, 791]","[458, 468]",0,0,0.5715233666449022,BP,1-1,13,1-1_Day13
25,combined,5,"[61, 67, 78, 80, 85]","[36, 40, 48, 50, 53]",0,0,0.6551455169272021,BP,1-1,13,1-1_Day13
44,combined,2,"[4, 44]","[4, 23]",0,0,0.9058858442773209,BP,1-1,13,1-1_Day13
54,combined,2,"[342, 352]","[213, 218]",0,0,0.6502450326185185,BP,1-1,13,1-1_Day13
149,combined,2,"[103, 114]","[65, 69]",0,0,0.7589599255941921,BP,1-1,13,1-1_Day13
229,combined,2,"[29, 58]","[17, 33]",0,0,0.6658660364250836,BP,1-1,13,1-1_Day13
236,combined,3,"[408, 431, 433]","[254, 268, 270]",0,0,0.8005256855194584,BP,1-1,13,1-1_Day13
244,combined,2,"[1161, 1165]","[673, 676]",0,0,0.5447208630746707,BP,1-1,13,1-1_Day13
271,combined,2,"[756, 855]","[451, 508]",0,0,0.6319754004310282,BP,1-1,13,1-1_Day13
374,combined,4,"[177, 208, 217, 263]","[102, 123, 129, 157]",0,0,0.7139410222157146,BP,1-1,13,1-1_Day13
384,combined,2,"[1236, 1245]","[707, 711]",0,0,0.6911615438913448,BP,1-1,13,1-1_Day13
395,combined,2,"[558, 562]","[349, 352]",0,0,0.6329606638706563,BP,1-1,13,1-1_Day13
425,combined,2,"[1313, 1343]","[745, 761]",0,0,0.6206216801936316,BP,1-1,13,1-1_Day13
449,combined,2,"[981, 1086]","[590, 634]",0,0,0.5569144031764679,BP,1-1,13,1-1_Day13
495,combined,3,"[336, 360, 400]","[207, 226, 248]",0,0,0.5747992848014616,BP,1-1,13,1-1_Day13
572,combined,2,"[529, 539]","[331, 338]",0,0,0.6273599392732717,BP,1-1,13,1-1_Day13
620,combined,2,"[996, 1001]","[593, 596]",0,0,0.771695921660984,BP,1-1,13,1-1_Day13
637,combined,2,"[548, 589]","[343, 367]",0,0,0.5246852186800542,BP,1-1,13,1-1_Day13
651,combined,2,"[640, 859]","[393, 510]",0,0,0.6837413227865251,BP,1-1,13,1-1_Day13
757,combined,2,"[1038, 1040]","[612, 613]",0,0,0.5221681807515973,BP,1-1,13,1-1_Day13
773,combined,2,"[410, 416]","[256, 259]",0,0,0.5191251234045913,BP,1-1,13,1-1_Day13
777,combined,3,"[1290, 1295, 1305]","[734, 735, 741]",0,0,0.5478685569425628,BP,1-1,13,1-1_Day13
833,combined,2,"[1430, 1437]","[805, 809]",0,0,0.5165639875635234,BP,1-1,13,1-1_Day13
5,combined,2,"[1619, 1628]","[14, 15]",0,0,0.8687161925930489,BP,1-1,2,1-1_Day2
15,combined,2,"[2, 20]","[0, 1]",0,0,0.8228886062628922,BP,1-1,3,1-1_Day3
7,combined,2,"[1389, 1479]","[453, 481]",0,0,0.5524586357544713,BP,1-1,5,1-1_Day5
31,combined,2,"[530, 545]","[185, 196]",0,0,0.633092877096662,BP,1-1,5,1-1_Day5
32,combined,2,"[433, 454]","[144, 153]",0,0,0.5107662132592036,BP,1-1,5,1-1_Day5
34,combined,2,"[749, 786]","[247, 259]",0,0,0.522472989857247,BP,1-1,5,1-1_Day5
43,combined,2,"[531, 1369]","[186, 446]",0,0,0.5609218251084039,BP,1-1,5,1-1_Day5
58,combined,2,"[156, 177]","[54, 59]",0,0,0.8715690776118616,BP,1-1,5,1-1_Day5
78,combined,2,"[893, 910]","[290, 300]",0,0,0.8165836426011067,BP,1-1,5,1-1_Day5
80,combined,2,"[1088, 1102]","[371, 377]",0,0,0.714769994451713,BP,1-1,5,1-1_Day5
82,combined,2,"[366, 1549]","[123, 500]",0,0,0.5183730888521213,BP,1-1,5,1-1_Day5
97,combined,2,"[392, 412]","[132, 136]",0,0,0.5193492378767738,BP,1-1,5,1-1_Day5
101,combined,2,"[99, 117]","[32, 39]",0,0,0.7226904689730672,BP,1-1,5,1-1_Day5
107,combined,2,"[6, 342]","[2, 111]",0,0,0.5120614465794044,BP,1-1,5,1-1_Day5
108,combined,3,"[25, 210, 879]","[7, 74, 286]",0,0,0.6908774552374553,BP,1-1,5,1-1_Day5
110,combined,2,"[1100, 1473]","[375, 479]",0,0,0.6534500750725408,BP,1-1,5,1-1_Day5
115,combined,2,"[95, 125]","[28, 42]",0,0,0.9343666537940173,BP,1-1,5,1-1_Day5
122,combined,2,"[935, 971]","[310, 326]",0,0,0.5889468169433426,BP,1-1,5,1-1_Day5
124,combined,2,"[652, 669]","[227, 232]",0,0,0.5939568833048697,BP,1-1,5,1-1_Day5
126,combined,3,"[632, 636, 660]","[221, 222, 229]",0,0,0.6946429993599025,BP,1-1,5,1-1_Day5
147,combined,2,"[552, 571]","[198, 205]",0,0,0.7139937229343506,BP,1-1,5,1-1_Day5
163,combined,2,"[1123, 1153]","[382, 391]",0,0,0.99426912241139,BP,1-1,5,1-1_Day5
166,combined,2,"[345, 349]","[112, 114]",0,0,0.9805669149240943,BP,1-1,5,1-1_Day5
170,combined,4,"[890, 918, 934, 945]","[288, 302, 309, 313]",0,0,0.5937436853168064,BP,1-1,5,1-1_Day5
176,combined,2,"[884, 905]","[287, 297]",0,0,0.7891246007695315,BP,1-1,5,1-1_Day5
186,combined,2,"[135, 726]","[45, 241]",0,0,0.5670877941079613,BP,1-1,5,1-1_Day5
188,combined,2,"[849, 1608]","[281, 515]",0,0,0.7112560042259425,BP,1-1,5,1-1_Day5
191,combined,2,"[378, 650]","[129, 226]",0,0,0.5003119847307008,BP,1-1,5,1-1_Day5
195,combined,2,"[852, 946]","[282, 314]",0,0,0.5543350626828007,BP,1-1,5,1-1_Day5
207,combined,2,"[1101, 1124]","[376, 383]",0,0,0.640327880485731,BP,1-1,5,1-1_Day5
260,combined,2,"[977, 1000]","[328, 338]",0,0,0.9093241175941672,BP,1-1,5,1-1_Day5
292,combined,2,"[992, 1207]","[334, 406]",0,0,0.5972406068851023,BP,1-1,5,1-1_Day5
294,combined,2,"[1060, 1084]","[362, 369]",0,0,0.6937630142646067,BP,1-1,5,1-1_Day5
296,combined,3,"[950, 970, 1057]","[317, 325, 360]",0,0,0.6822685354793253,BP,1-1,5,1-1_Day5
301,combined,2,"[224, 828]","[77, 274]",0,0,0.5430650427075777,BP,1-1,5,1-1_Day5
303,combined,2,"[1511, 1545]","[490, 499]",0,0,0.52283148791427,BP,1-1,5,1-1_Day5
307,combined,2,"[572, 606]","[206, 214]",0,0,0.5870306119758778,BP,1-1,5,1-1_Day5
323,combined,2,"[144, 145]","[50, 51]",0,0,0.5483684338976675,BP,1-1,5,1-1_Day5
335,combined,2,"[1189, 1265]","[400, 417]",0,0,0.8573455059057534,BP,1-1,5,1-1_Day5
370,combined,2,"[479, 507]","[163, 175]",0,0,0.8034241207637675,BP,1-1,5,1-1_Day5
378,combined,2,"[288, 302]","[91, 98]",0,0,0.8764860217336461,BP,1-1,5,1-1_Day5
394,combined,2,"[155, 165]","[53, 58]",0,0,0.5675181453378796,BP,1-1,5,1-1_Day5
411,combined,2,"[189, 298]","[65, 95]",0,0,0.8603737698688767,BP,1-1,5,1-1_Day5
415,combined,4,"[88, 335, 961, 1353]","[26, 107, 321, 440]",0,0,0.6085045702632668,BP,1-1,5,1-1_Day5
421,combined,2,"[1372, 1440]","[447, 466]",0,0,0.7236294533644823,BP,1-1,5,1-1_Day5
429,combined,2,"[1116, 1619]","[381, 517]",0,0,0.5968259171103969,BP,1-1,5,1-1_Day5
430,combined,2,"[448, 451]","[150, 152]",0,0,0.5125471569557511,BP,1-1,5,1-1_Day5
431,combined,2,"[1247, 1248]","[412, 413]",0,0,0.7711989637287812,BP,1-1,5,1-1_Day5
443,combined,2,"[100, 264]","[33, 83]",0,0,0.5924193538245538,BP,1-1,5,1-1_Day5
444,combined,2,"[1030, 1396]","[351, 456]",0,0,0.8913084674684971,BP,1-1,5,1-1_Day5
459,combined,2,"[31, 138]","[10, 47]",0,0,0.529583499424705,BP,1-1,5,1-1_Day5
472,combined,2,"[981, 1338]","[331, 438]",0,0,0.5615361902247655,BP,1-1,5,1-1_Day5
473,combined,5,"[192, 1109, 1146, 1276, 1382]","[67, 379, 390, 419, 450]",0,0,0.8150694122235075,BP,1-1,5,1-1_Day5
26,combined,2,"[682, 690]","[482, 488]",0,0,0.8097316465322634,BP,1-1,7,1-1_Day7
27,combined,3,"[115, 252, 417]","[79, 170, 294]",0,0,0.6343813276456665,BP,1-1,7,1-1_Day7
47,combined,2,"[1197, 1214]","[813, 824]",0,0,0.7683364875558052,BP,1-1,7,1-1_Day7
61,combined,2,"[923, 999]","[640, 694]",0,0,0.6930537508254591,BP,1-1,7,1-1_Day7
62,combined,7,"[784, 787, 830, 870, 929, 1030, 1046]","[554, 557, 581, 604, 644, 715, 726]",0,0,0.6713104033678112,BP,1-1,7,1-1_Day7
66,combined,2,"[971, 995]","[672, 691]",0,0,0.5934108924418054,BP,1-1,7,1-1_Day7
67,combined,4,"[828, 925, 932, 956]","[579, 641, 646, 663]",0,0,0.904458631118153,BP,1-1,7,1-1_Day7
94,combined,3,"[0, 18, 43]","[0, 11, 29]",0,0,0.7831049470869905,BP,1-1,7,1-1_Day7
114,combined,2,"[175, 405]","[122, 285]",0,0,0.7027000941226708,BP,1-1,7,1-1_Day7
121,combined,2,"[491, 514]","[343, 363]",0,0,0.9881947069823507,BP,1-1,7,1-1_Day7
125,combined,2,"[1333, 1386]","[896, 934]",0,0,0.7778846359682429,BP,1-1,7,1-1_Day7
148,combined,2,"[152, 185]","[102, 130]",0,0,0.527045936424269,BP,1-1,7,1-1_Day7
169,combined,2,"[1482, 1585]","[983, 1039]",0,0,0.7228068584447543,BP,1-1,7,1-1_Day7
173,combined,2,"[1086, 1104]","[751, 763]",0,0,0.7756060840331398,BP,1-1,7,1-1_Day7
176,combined,3,"[1025, 1173, 1198]","[712, 800, 814]",0,0,0.6587512783374064,BP,1-1,7,1-1_Day7
185,combined,2,"[1127, 1199]","[775, 815]",0,0,0.6155617428202981,BP,1-1,7,1-1_Day7
194,combined,2,"[748, 751]","[527, 530]",0,0,0.7034732165880135,BP,1-1,7,1-1_Day7
201,combined,2,"[806, 827]","[569, 578]",0,0,0.6954950014667208,BP,1-1,7,1-1_Day7
203,combined,2,"[1281, 1297]","[866, 878]",0,0,0.9024595711322969,BP,1-1,7,1-1_Day7
226,combined,3,"[1579, 1652, 1677]","[1036, 1082, 1095]",0,0,0.5946372314431072,BP,1-1,7,1-1_Day7
234,combined,2,"[857, 890]","[597, 619]",0,0,0.6106047110957741,BP,1-1,7,1-1_Day7
236,combined,2,"[1422, 1520]","[954, 1004]",0,0,0.7375150750706261,BP,1-1,7,1-1_Day7
242,combined,3,"[1528, 1538, 1558]","[1009, 1016, 1025]",0,0,0.5943643426822,BP,1-1,7,1-1_Day7
252,combined,2,"[6, 1653]","[4, 1083]",0,0,0.5658949640014295,BP,1-1,7,1-1_Day7
257,combined,2,"[868, 874]","[603, 607]",0,0,0.7185259505162837,BP,1-1,7,1-1_Day7
263,combined,10,"[480, 559, 587, 588, 598, 599, 609, 619, 624, 693]","[336, 395, 415, 416, 423, 424, 431, 438, 442, 490]",0,0,0.6929092119662282,BP,1-1,7,1-1_Day7
278,combined,2,"[939, 950]","[651, 659]",0,0,0.6984711566515125,BP,1-1,7,1-1_Day7
296,combined,2,"[548, 566]","[388, 399]",0,0,0.8856181973712179,BP,1-1,7,1-1_Day7
314,combined,2,"[68, 88]","[45, 58]",0,0,0.8086084164689402,BP,1-1,7,1-1_Day7
324,combined,2,"[303, 310]","[212, 219]",0,0,0.8951111258788992,BP,1-1,7,1-1_Day7
335,combined,2,"[267, 359]","[184, 253]",0,0,0.5286979356622732,BP,1-1,7,1-1_Day7
342,combined,2,"[625, 634]","[443, 450]",0,0,0.7121764194665858,BP,1-1,7,1-1_Day7
351,combined,2,"[586, 604]","[414, 428]",0,0,0.710990777902903,BP,1-1,7,1-1_Day7
371,combined,2,"[1317, 1331]","[886, 895]",0,0,0.5018040922286783,BP,1-1,7,1-1_Day7
374,combined,3,"[848, 855, 877]","[589, 595, 610]",0,0,0.5828704393696221,BP,1-1,7,1-1_Day7
383,combined,2,"[233, 321]","[157, 226]",0,0,0.5011905310970606,BP,1-1,7,1-1_Day7
389,combined,4,"[799, 825, 839, 893]","[566, 577, 584, 621]",0,0,0.6929611231931126,BP,1-1,7,1-1_Day7
392,combined,2,"[416, 512]","[293, 362]",0,0,0.692799921893392,BP,1-1,7,1-1_Day7
394,combined,2,"[127, 278]","[86, 191]",0,0,0.5619446995724128,BP,1-1,7,1-1_Day7
396,combined,2,"[216, 283]","[148, 195]",0,0,0.5596041364773036,BP,1-1,7,1-1_Day7
411,combined,2,"[706, 710]","[500, 503]",0,0,0.76549852797786,BP,1-1,7,1-1_Day7
412,combined,2,"[581, 614]","[411, 435]",0,0,0.5957624728407848,BP,1-1,7,1-1_Day7
417,combined,2,"[142, 166]","[94, 114]",0,0,0.5883721282152719,BP,1-1,7,1-1_Day7
418,combined,3,"[526, 530, 551]","[372, 376, 390]",0,0,0.700350804920972,BP,1-1,7,1-1_Day7
422,combined,2,"[541, 727]","[383, 510]",0,0,0.5023383527661479,BP,1-1,7,1-1_Day7
427,combined,2,"[458, 504]","[318, 355]",0,0,0.865190493004464,BP,1-1,7,1-1_Day7
430,combined,2,"[302, 363]","[211, 257]",0,0,0.7158598481035623,BP,1-1,7,1-1_Day7
432,combined,3,"[226, 314, 315]","[154, 221, 222]",0,0,0.7126406917309772,BP,1-1,7,1-1_Day7
434,combined,3,"[415, 420, 475]","[292, 295, 332]",0,0,0.6502698804309007,BP,1-1,7,1-1_Day7
435,combined,10,"[306, 336, 341, 358, 376, 379, 380, 410, 411, 440]","[215, 235, 240, 252, 266, 268, 269, 290, 291, 304]",0,0,0.6334219886599849,BP,1-1,7,1-1_Day7
436,combined,5,"[407, 424, 456, 463, 576]","[287, 297, 317, 323, 407]",0,0,0.6047812922386692,BP,1-1,7,1-1_Day7
441,combined,3,"[179, 259, 318]","[125, 176, 223]",0,0,0.6014869215207999,BP,1-1,7,1-1_Day7
443,combined,2,"[280, 307]","[192, 216]",0,0,0.6464838494749687,BP,1-1,7,1-1_Day7
450,combined,3,"[744, 757, 813]","[523, 536, 573]",0,0,0.6585491457242099,BP,1-1,7,1-1_Day7
467,combined,2,"[180, 182]","[126, 128]",0,0,0.995979438694328,BP,1-1,7,1-1_Day7
490,combined,2,"[885, 1038]","[615, 722]",0,0,0.5020045244403504,BP,1-1,7,1-1_Day7
492,combined,2,"[775, 1174]","[548, 801]",0,0,0.8242526670087587,BP,1-1,7,1-1_Day7
500,combined,4,"[159, 174, 210, 503]","[108, 121, 144, 354]",0,0,0.6574778415176848,BP,1-1,7,1-1_Day7
512,combined,2,"[23, 304]","[13, 213]",0,0,0.6467300962285162,BP,1-1,7,1-1_Day7
513,combined,7,"[373, 383, 393, 394, 408, 441, 496]","[263, 271, 278, 279, 288, 305, 348]",0,0,0.6727709557058206,BP,1-1,7,1-1_Day7
515,combined,3,"[273, 290, 338]","[187, 201, 237]",0,0,0.7519689791493266,BP,1-1,7,1-1_Day7
521,combined,5,"[203, 332, 409, 636, 658]","[140, 233, 289, 452, 466]",0,0,0.5898413795795923,BP,1-1,7,1-1_Day7
531,combined,2,"[685, 703]","[485, 498]",0,0,0.6083967404037012,BP,1-1,7,1-1_Day7
538,combined,2,"[944, 1131]","[655, 776]",0,0,0.5626865990422716,BP,1-1,7,1-1_Day7
539,combined,2,"[469, 645]","[328, 458]",0,0,0.7273645748041192,BP,1-1,7,1-1_Day7
541,combined,2,"[449, 460]","[312, 320]",0,0,0.8084578138387388,BP,1-1,7,1-1_Day7
544,combined,2,"[573, 665]","[405, 472]",0,0,0.718879162452873,BP,1-1,7,1-1_Day7
545,combined,2,"[589, 638]","[417, 454]",0,0,0.6245475836373675,BP,1-1,7,1-1_Day7
549,combined,2,"[499, 556]","[351, 394]",0,0,0.6181720404036207,BP,1-1,7,1-1_Day7
559,combined,2,"[607, 623]","[430, 441]",0,0,0.7744910698894986,BP,1-1,7,1-1_Day7
561,combined,2,"[446, 543]","[309, 385]",0,0,0.7100768689543367,BP,1-1,7,1-1_Day7
562,combined,2,"[462, 539]","[322, 382]",0,0,0.5768147988308714,BP,1-1,7,1-1_Day7
563,combined,16,"[204, 356, 388, 390, 444, 448, 470, 476, 485, 486, 506, 507, 516, 518, 534, 683]","[141, 250, 274, 275, 308, 311, 329, 333, 339, 340, 357, 358, 365, 367, 379, 483]",0,0,0.5947796434918139,BP,1-1,7,1-1_Day7
574,combined,6,"[214, 291, 298, 319, 322, 360]","[147, 202, 207, 224, 227, 254]",0,0,0.5497753690852304,BP,1-1,7,1-1_Day7
577,combined,2,"[14, 92]","[8, 62]",0,0,0.5553999233687831,BP,1-1,7,1-1_Day7
581,combined,5,"[82, 220, 255, 289, 295]","[55, 151, 173, 200, 205]",0,0,0.7480303962296153,BP,1-1,7,1-1_Day7
582,combined,7,"[58, 90, 161, 170, 254, 282, 292]","[39, 60, 109, 118, 172, 194, 203]",0,0,0.6302045755342075,BP,1-1,7,1-1_Day7
584,combined,3,"[28, 47, 158]","[16, 32, 107]",0,0,0.6052224602215374,BP,1-1,7,1-1_Day7
585,combined,2,"[56, 103]","[37, 70]",0,0,0.6498973877351766,BP,1-1,7,1-1_Day7
586,combined,5,"[5, 40, 44, 66, 86]","[3, 27, 30, 44, 57]",0,0,0.6609395030280869,BP,1-1,7,1-1_Day7
587,combined,7,"[57, 63, 101, 108, 154, 163, 217]","[38, 41, 68, 74, 104, 111, 149]",0,0,0.6653125967690711,BP,1-1,7,1-1_Day7
592,combined,3,"[162, 188, 257]","[110, 132, 174]",0,0,0.8191436051025335,BP,1-1,7,1-1_Day7
605,combined,2,"[1483, 1494]","[984, 989]",0,0,0.5490573512819334,BP,1-1,7,1-1_Day7
606,combined,2,"[1337, 1358]","[899, 914]",0,0,0.6815836608668733,BP,1-1,7,1-1_Day7
613,combined,2,"[1155, 1163]","[790, 793]",0,0,0.9653433960252323,BP,1-1,7,1-1_Day7
625,combined,2,"[1020, 1154]","[707, 789]",0,0,0.5790067380989077,BP,1-1,7,1-1_Day7
628,combined,3,"[1081, 1218, 1237]","[748, 827, 839]",0,0,0.6396289435739623,BP,1-1,7,1-1_Day7
631,combined,2,"[1315, 1325]","[885, 891]",0,0,0.5715970840574461,BP,1-1,7,1-1_Day7
645,combined,2,"[1568, 1635]","[1030, 1069]",0,0,0.5370711661354257,BP,1-1,7,1-1_Day7
646,combined,2,"[1278, 1535]","[863, 1013]",0,0,0.5454264585974471,BP,1-1,7,1-1_Day7
657,combined,2,"[1180, 1185]","[806, 809]",0,0,0.6001828099091978,BP,1-1,7,1-1_Day7
659,combined,2,"[1329, 1405]","[894, 944]",0,0,0.6354220974009961,BP,1-1,7,1-1_Day7
660,combined,5,"[1256, 1363, 1375, 1387, 1409]","[850, 918, 926, 935, 947]",0,0,0.7841846175519083,BP,1-1,7,1-1_Day7
688,combined,2,"[974, 1012]","[675, 701]",0,0,0.5168034231677843,BP,1-1,7,1-1_Day7
690,combined,2,"[954, 987]","[662, 686]",0,0,0.5656949819753327,BP,1-1,7,1-1_Day7
691,combined,2,"[988, 1084]","[687, 750]",0,0,0.5587443581568186,BP,1-1,7,1-1_Day7
692,combined,2,"[970, 1011]","[671, 700]",0,0,0.757223309267628,BP,1-1,7,1-1_Day7
702,combined,2,"[1009, 1031]","[699, 716]",0,0,0.5214978071514884,BP,1-1,7,1-1_Day7
718,combined,2,"[243, 248]","[163, 168]",0,0,0.6417439378693361,BP,1-1,7,1-1_Day7
720,combined,5,"[241, 264, 293, 328, 344]","[161, 181, 204, 230, 243]",0,0,0.6597037933416091,BP,1-1,7,1-1_Day7
724,combined,2,"[451, 453]","[314, 315]",0,0,0.5717684965209288,BP,1-1,7,1-1_Day7
728,combined,3,"[113, 125, 126]","[77, 84, 85]",0,0,0.6690211864704659,BP,1-1,7,1-1_Day7
730,combined,2,"[153, 270]","[103, 186]",0,0,0.8484086638016549,BP,1-1,7,1-1_Day7
731,combined,2,"[199, 287]","[138, 198]",0,0,0.6764073150245214,BP,1-1,7,1-1_Day7
744,combined,2,"[442, 459]","[306, 319]",0,0,0.6664984280113345,BP,1-1,7,1-1_Day7
766,combined,2,"[919, 1179]","[637, 805]",0,0,0.9219127256341242,BP,1-1,7,1-1_Day7
767,combined,2,"[1178, 1228]","[804, 832]",0,0,0.6152140898153837,BP,1-1,7,1-1_Day7
772,combined,2,"[1087, 1096]","[752, 758]",0,0,0.5414168660749168,BP,1-1,7,1-1_Day7
780,combined,2,"[560, 743]","[396, 522]",0,0,0.5924271594716078,BP,1-1,7,1-1_Day7
787,combined,2,"[910, 915]","[633, 634]",0,0,0.74004875607422,BP,1-1,7,1-1_Day7
790,combined,2,"[834, 863]","[582, 599]",0,0,0.7484618860499821,BP,1-1,7,1-1_Day7
796,combined,2,"[1013, 1037]","[702, 721]",0,0,0.8593884324590749,BP,1-1,7,1-1_Day7
798,combined,8,"[993, 997, 1035, 1074, 1090, 1110, 1124, 1151]","[690, 693, 719, 744, 755, 766, 772, 787]",0,0,0.7122106917739123,BP,1-1,7,1-1_Day7
804,combined,2,"[980, 1024]","[679, 711]",0,0,0.7226970895062677,BP,1-1,7,1-1_Day7
826,combined,2,"[343, 1135]","[242, 780]",0,0,0.5384854448761789,BP,1-1,7,1-1_Day7
15,combined,2,"[330, 336]","[14, 15]",0,0,0.7728700484804654,BP,1-2,1,1-2
17,combined,2,"[11, 28]","[3, 5]",0,0,0.9094091753771029,BP,1-2,1,1-2
22,combined,2,"[3, 55]","[1, 6]",0,0,0.6806730697751516,BP,1-2,1,1-2
13,combined,2,"[739, 750]","[424, 430]",0,0,0.666366031393481,BP,1-2,10,1-2_Day10
43,combined,2,"[406, 407]","[242, 243]",0,0,0.8659209422706035,BP,1-2,10,1-2_Day10
70,combined,2,"[694, 810]","[405, 465]",0,0,0.5138942844596435,BP,1-2,10,1-2_Day10
120,combined,4,"[773, 869, 891, 912]","[446, 495, 506, 520]",0,0,0.5685415965515616,BP,1-2,10,1-2_Day10
133,combined,2,"[113, 121]","[69, 77]",0,0,0.5450666634128014,BP,1-2,10,1-2_Day10
154,combined,2,"[24, 26]","[11, 13]",0,0,0.679289092478806,BP,1-2,10,1-2_Day10
155,combined,3,"[38, 43, 51]","[24, 28, 32]",0,0,0.6791904978693385,BP,1-2,10,1-2_Day10
168,combined,2,"[613, 616]","[361, 363]",0,0,0.6221900632073198,BP,1-2,10,1-2_Day10
169,combined,2,"[760, 761]","[436, 437]",0,0,0.5697359833398249,BP,1-2,10,1-2_Day10
178,combined,3,"[663, 680, 693]","[390, 400, 404]",0,0,0.6555980394053093,BP,1-2,10,1-2_Day10
217,combined,2,"[549, 558]","[322, 328]",0,0,0.562188292307505,BP,1-2,10,1-2_Day10
219,combined,2,"[711, 715]","[412, 413]",0,0,0.5305117847398201,BP,1-2,10,1-2_Day10
232,combined,2,"[557, 571]","[327, 337]",0,0,0.6429486974054792,BP,1-2,10,1-2_Day10
239,combined,2,"[503, 507]","[300, 302]",0,0,0.5453043754503023,BP,1-2,10,1-2_Day10
242,combined,2,"[188, 193]","[115, 117]",0,0,0.7069064669799741,BP,1-2,10,1-2_Day10
272,combined,3,"[300, 312, 318]","[173, 180, 184]",0,0,0.6365244251693017,BP,1-2,10,1-2_Day10
275,combined,3,"[282, 299, 317]","[161, 172, 183]",0,0,0.5574095485694927,BP,1-2,10,1-2_Day10
286,combined,2,"[890, 922]","[505, 525]",0,0,0.5782508457232136,BP,1-2,10,1-2_Day10
288,combined,2,"[854, 887]","[486, 502]",0,0,0.7268666386058896,BP,1-2,10,1-2_Day10
290,combined,2,"[146, 179]","[88, 109]",0,0,0.8027002536302176,BP,1-2,10,1-2_Day10
291,combined,2,"[64, 131]","[39, 80]",0,0,0.5105418950016055,BP,1-2,10,1-2_Day10
329,combined,3,"[459, 463, 515]","[276, 279, 308]",0,0,0.6590967081138662,BP,1-2,10,1-2_Day10
344,combined,2,"[289, 305]","[165, 177]",0,0,0.7087380489278624,BP,1-2,10,1-2_Day10
345,combined,3,"[319, 327, 334]","[185, 192, 196]",0,0,0.6485506035266292,BP,1-2,10,1-2_Day10
365,combined,3,"[719, 730, 731]","[416, 420, 421]",0,0,0.5804351126671684,BP,1-2,10,1-2_Day10
374,combined,3,"[371, 397, 462]","[217, 236, 278]",0,0,0.5322124822451814,BP,1-2,10,1-2_Day10
387,combined,2,"[331, 356]","[194, 210]",0,0,0.6838395991656242,BP,1-2,10,1-2_Day10
391,combined,2,"[914, 942]","[521, 538]",0,0,0.6687807054013545,BP,1-2,10,1-2_Day10
415,combined,2,"[930, 938]","[532, 536]",0,0,0.5230675586892192,BP,1-2,10,1-2_Day10
418,combined,2,"[867, 889]","[494, 504]",0,0,0.5126236251080405,BP,1-2,10,1-2_Day10
442,combined,2,"[298, 866]","[171, 493]",0,0,0.5079070528676424,BP,1-2,10,1-2_Day10
446,combined,2,"[82, 105]","[49, 62]",0,0,0.5642163497141637,BP,1-2,10,1-2_Day10
458,combined,2,"[56, 68]","[35, 41]",0,0,0.6127439460434217,BP,1-2,10,1-2_Day10
460,combined,2,"[408, 428]","[244, 256]",0,0,0.98792123715473,BP,1-2,10,1-2_Day10
480,combined,2,"[107, 134]","[64, 82]",0,0,0.7703619943784181,BP,1-2,10,1-2_Day10
41,combined,2,"[380, 385]","[214, 217]",0,0,0.7166440345819063,BP,1-2,13,1-2_Day13
59,combined,2,"[69, 81]","[36, 45]",0,0,0.51717393972808,BP,1-2,13,1-2_Day13
75,combined,2,"[694, 703]","[371, 377]",0,0,0.5470923383040339,BP,1-2,13,1-2_Day13
220,combined,2,"[574, 600]","[309, 323]",0,0,0.5431376320932928,BP,1-2,13,1-2_Day13
228,combined,2,"[171, 187]","[102, 115]",0,0,0.8061115103477529,BP,1-2,13,1-2_Day13
229,combined,2,"[557, 559]","[300, 302]",0,0,0.5995104414314018,BP,1-2,13,1-2_Day13
296,combined,2,"[610, 623]","[331, 338]",0,0,0.7193077363328054,BP,1-2,13,1-2_Day13
321,combined,2,"[263, 265]","[156, 158]",0,0,0.5193102164190129,BP,1-2,13,1-2_Day13
323,combined,2,"[802, 804]","[421, 422]",0,0,0.78681201987047,BP,1-2,13,1-2_Day13
343,combined,2,"[179, 186]","[107, 114]",0,0,0.7741275220730153,BP,1-2,13,1-2_Day13
345,combined,2,"[25, 47]","[14, 27]",0,0,0.520470101447656,BP,1-2,13,1-2_Day13
352,combined,2,"[8, 20]","[6, 12]",0,0,0.6078393935926655,BP,1-2,13,1-2_Day13
401,combined,2,"[384, 395]","[216, 224]",0,0,0.9806581861170193,BP,1-2,13,1-2_Day13
413,combined,2,"[198, 204]","[121, 126]",0,0,0.7119179064478631,BP,1-2,13,1-2_Day13
417,combined,2,"[357, 361]","[203, 205]",0,0,0.6266605049534517,BP,1-2,13,1-2_Day13
1,combined,2,"[235, 238]","[5, 6]",0,0,0.9890090926106129,BP,1-2,3,1-2_Day3
4,combined,2,"[160, 553]","[3, 13]",0,0,0.6795206723434021,BP,1-2,3,1-2_Day3
9,combined,2,"[483, 564]","[11, 15]",0,0,0.5976181433770378,BP,1-2,3,1-2_Day3
10,combined,2,"[284, 381]","[7, 10]",0,0,0.5632015086250481,BP,1-2,3,1-2_Day3
12,combined,2,"[84, 320]","[1, 8]",0,0,0.7648842839827882,BP,1-2,3,1-2_Day3
20,combined,2,"[39, 394]","[6, 47]",0,0,0.5191394494073102,BP,1-2,4,1-2_Day4
32,combined,2,"[484, 996]","[54, 100]",0,0,0.5476310120496328,BP,1-2,4,1-2_Day4
37,combined,2,"[211, 214]","[25, 26]",0,0,0.7425171033530599,BP,1-2,4,1-2_Day4
48,combined,2,"[17, 821]","[2, 87]",0,0,0.5112319997227323,BP,1-2,4,1-2_Day4
64,combined,2,"[223, 226]","[28, 29]",0,0,0.736095935055838,BP,1-2,4,1-2_Day4
65,combined,2,"[872, 971]","[90, 96]",0,0,0.5316078815525328,BP,1-2,4,1-2_Day4
12,combined,2,"[2, 176]","[0, 54]",0,0,0.5368156763521538,BP,1-2,5,1-2_Day5
25,combined,3,"[278, 292, 297]","[84, 88, 90]",0,0,0.6040520490342529,BP,1-2,5,1-2_Day5
35,combined,2,"[481, 514]","[146, 152]",0,0,0.5867202812231933,BP,1-2,5,1-2_Day5
41,combined,2,"[300, 319]","[92, 98]",0,0,0.5566598438440931,BP,1-2,5,1-2_Day5
59,combined,2,"[305, 399]","[94, 119]",0,0,0.5911316566825322,BP,1-2,5,1-2_Day5
72,combined,2,"[194, 198]","[59, 61]",0,0,0.6987488301971433,BP,1-2,5,1-2_Day5
73,combined,2,"[202, 208]","[63, 66]",0,0,0.6374875113648047,BP,1-2,5,1-2_Day5
97,combined,2,"[569, 626]","[165, 191]",0,0,0.8580778124657847,BP,1-2,5,1-2_Day5
108,combined,2,"[631, 634]","[195, 197]",0,0,0.9709524659381678,BP,1-2,5,1-2_Day5
123,combined,2,"[390, 392]","[116, 117]",0,0,0.9597263350045051,BP,1-2,5,1-2_Day5
142,combined,3,"[418, 466, 470]","[124, 141, 142]",0,0,0.6337824527886623,BP,1-2,5,1-2_Day5
143,combined,2,"[560, 600]","[164, 181]",0,0,0.6151157942072817,BP,1-2,5,1-2_Day5
147,combined,2,"[42, 59]","[12, 19]",0,0,0.5627119990290559,BP,1-2,5,1-2_Day5
153,combined,2,"[842, 845]","[255, 257]",0,0,0.973280954760027,BP,1-2,5,1-2_Day5
155,combined,3,"[421, 436, 895]","[126, 130, 270]",0,0,0.7900885853863695,BP,1-2,5,1-2_Day5
160,combined,2,"[827, 851]","[251, 261]",0,0,0.8726395972149925,BP,1-2,5,1-2_Day5
166,combined,2,"[729, 738]","[225, 229]",0,0,0.5218354572790647,BP,1-2,5,1-2_Day5
184,combined,2,"[595, 596]","[178, 179]",0,0,0.6231646833150659,BP,1-2,5,1-2_Day5
201,combined,3,"[52, 68, 104]","[17, 20, 31]",0,0,0.625364795356476,BP,1-2,5,1-2_Day5
222,combined,2,"[131, 142]","[38, 41]",0,0,0.6109129395485239,BP,1-2,5,1-2_Day5
235,combined,2,"[518, 538]","[153, 156]",0,0,0.6058902684308058,BP,1-2,5,1-2_Day5
244,combined,2,"[193, 196]","[58, 60]",0,0,0.7698851138063424,BP,1-2,5,1-2_Day5
1,combined,2,"[464, 474]","[110, 113]",0,0,0.5124934957215697,BP,1-2,6,1-2_Day6
7,combined,2,"[84, 92]","[22, 25]",0,0,0.7506708208967463,BP,1-2,6,1-2_Day6
10,combined,2,"[138, 177]","[36, 44]",0,0,0.8518127906481061,BP,1-2,6,1-2_Day6
14,combined,2,"[183, 185]","[46, 47]",0,0,0.7170349345866718,BP,1-2,6,1-2_Day6
52,combined,2,"[227, 469]","[59, 111]",0,0,0.5002154874827132,BP,1-2,6,1-2_Day6
69,combined,2,"[683, 684]","[164, 165]",0,0,0.5518015220004563,BP,1-2,6,1-2_Day6
70,combined,2,"[61, 311]","[16, 75]",0,0,0.5316561181380426,BP,1-2,6,1-2_Day6
155,combined,2,"[367, 368]","[91, 92]",0,0,0.8352165532157226,BP,1-2,6,1-2_Day6
166,combined,4,"[610, 614, 625, 635]","[141, 142, 144, 148]",0,0,0.6347463567680214,BP,1-2,6,1-2_Day6
181,combined,2,"[68, 90]","[18, 24]",0,0,0.5068970890168703,BP,1-2,6,1-2_Day6
183,combined,3,"[217, 220, 223]","[54, 56, 58]",0,0,0.7088661966487141,BP,1-2,6,1-2_Day6
15,combined,2,"[198, 200]","[107, 108]",0,0,0.6204777675804788,BP,1-2,7,1-2_Day7
21,combined,2,"[849, 863]","[455, 463]",0,0,0.688961461377191,BP,1-2,7,1-2_Day7
25,combined,2,"[15, 19]","[9, 11]",0,0,0.5324051049881195,BP,1-2,7,1-2_Day7
33,combined,2,"[975, 991]","[522, 530]",0,0,0.557978739801108,BP,1-2,7,1-2_Day7
44,combined,2,"[542, 557]","[290, 298]",0,0,0.5444644698354932,BP,1-2,7,1-2_Day7
51,combined,2,"[513, 556]","[275, 297]",0,0,0.6058205549585093,BP,1-2,7,1-2_Day7
67,combined,2,"[988, 992]","[529, 531]",0,0,0.6335683677042351,BP,1-2,7,1-2_Day7
69,combined,3,"[681, 695, 742]","[374, 383, 407]",0,0,0.6412593579602222,BP,1-2,7,1-2_Day7
87,combined,2,"[904, 925]","[484, 494]",0,0,0.5594528921389776,BP,1-2,7,1-2_Day7
89,combined,3,"[783, 787, 847]","[418, 421, 454]",0,0,0.6661418843494383,BP,1-2,7,1-2_Day7
94,combined,2,"[178, 184]","[98, 101]",0,0,0.5195942243267123,BP,1-2,7,1-2_Day7
99,combined,2,"[838, 854]","[447, 457]",0,0,0.6994957429648018,BP,1-2,7,1-2_Day7
100,combined,2,"[872, 884]","[467, 475]",0,0,0.6429310542731443,BP,1-2,7,1-2_Day7
108,combined,2,"[800, 809]","[427, 432]",0,0,0.5225562025652315,BP,1-2,7,1-2_Day7
112,combined,2,"[640, 650]","[346, 351]",0,0,0.6875868903075093,BP,1-2,7,1-2_Day7
127,combined,2,"[4, 37]","[1, 22]",0,0,0.5587816313827407,BP,1-2,7,1-2_Day7
128,combined,4,"[5, 54, 65, 100]","[2, 33, 38, 59]",0,0,0.6364374650664407,BP,1-2,7,1-2_Day7
131,combined,2,"[51, 78]","[30, 45]",0,0,0.9227818227372333,BP,1-2,7,1-2_Day7
144,combined,2,"[79, 84]","[46, 49]",0,0,0.599775713240156,BP,1-2,7,1-2_Day7
146,combined,3,"[76, 92, 123]","[43, 53, 72]",0,0,0.5758464180449124,BP,1-2,7,1-2_Day7
160,combined,2,"[455, 466]","[242, 248]",0,0,0.8762689456156404,BP,1-2,7,1-2_Day7
169,combined,2,"[710, 724]","[389, 396]",0,0,0.5346214278385704,BP,1-2,7,1-2_Day7
173,combined,2,"[669, 679]","[365, 373]",0,0,0.7398181679522076,BP,1-2,7,1-2_Day7
178,combined,2,"[839, 944]","[448, 506]",0,0,0.7108804264145541,BP,1-2,7,1-2_Day7
188,combined,2,"[938, 958]","[501, 511]",0,0,0.7591699652987367,BP,1-2,7,1-2_Day7
208,combined,2,"[266, 273]","[146, 150]",0,0,0.613929140386229,BP,1-2,7,1-2_Day7
209,combined,2,"[379, 407]","[205, 217]",0,0,0.7732053240992611,BP,1-2,7,1-2_Day7
210,combined,3,"[272, 281, 285]","[149, 153, 154]",0,0,0.6323737375207313,BP,1-2,7,1-2_Day7
225,combined,2,"[862, 871]","[462, 466]",0,0,0.6930139874737133,BP,1-2,7,1-2_Day7
240,combined,2,"[607, 627]","[326, 338]",0,0,0.7435390451854705,BP,1-2,7,1-2_Day7
243,combined,4,"[97, 125, 134, 143]","[56, 73, 78, 83]",0,0,0.6630785706220159,BP,1-2,7,1-2_Day7
254,combined,2,"[20, 27]","[12, 15]",0,0,0.6005119347167543,BP,1-2,7,1-2_Day7
257,combined,3,"[98, 113, 126]","[57, 67, 74]",0,0,0.5843903190545477,BP,1-2,7,1-2_Day7
263,combined,2,"[220, 233]","[122, 129]",0,0,0.8933285066951271,BP,1-2,7,1-2_Day7
272,combined,2,"[22, 44]","[14, 26]",0,0,0.6857149107959776,BP,1-2,7,1-2_Day7
275,combined,2,"[228, 802]","[128, 428]",0,0,0.5774674802072263,BP,1-2,7,1-2_Day7
291,combined,2,"[296, 301]","[157, 160]",0,0,0.9442283485192865,BP,1-2,7,1-2_Day7
293,combined,4,"[350, 378, 388, 429]","[190, 204, 209, 232]",0,0,0.6144559406801714,BP,1-2,7,1-2_Day7
301,combined,2,"[140, 148]","[81, 85]",0,0,0.6511385769061816,BP,1-2,7,1-2_Day7
311,combined,4,"[534, 541, 545, 565]","[285, 289, 292, 302]",0,0,0.7982758402647208,BP,1-2,7,1-2_Day7
318,combined,2,"[339, 377]","[184, 203]",0,0,0.8097440798897009,BP,1-2,7,1-2_Day7
319,combined,3,"[457, 486, 546]","[243, 258, 293]",0,0,0.56965638738022,BP,1-2,7,1-2_Day7
324,combined,3,"[323, 326, 333]","[170, 173, 178]",0,0,0.6409907787865833,BP,1-2,7,1-2_Day7
354,combined,2,"[468, 497]","[250, 266]",0,0,0.5672245756442009,BP,1-2,7,1-2_Day7
355,combined,2,"[509, 516]","[272, 277]",0,0,0.5236219534233033,BP,1-2,7,1-2_Day7
359,combined,2,"[665, 672]","[362, 368]",0,0,0.7191425470914794,BP,1-2,7,1-2_Day7
360,combined,3,"[654, 657, 671]","[353, 356, 367]",0,0,0.6236747216374305,BP,1-2,7,1-2_Day7
372,combined,2,"[153, 174]","[86, 96]",0,0,0.51153258646333,BP,1-2,7,1-2_Day7
374,combined,2,"[613, 633]","[331, 341]",0,0,0.6023726934328159,BP,1-2,7,1-2_Day7
384,combined,2,"[767, 791]","[415, 424]",0,0,0.5244518944561334,BP,1-2,7,1-2_Day7
387,combined,5,"[646, 661, 662, 670, 688]","[349, 359, 360, 366, 379]",0,0,0.5938154084560647,BP,1-2,7,1-2_Day7
400,combined,2,"[334, 342]","[179, 186]",0,0,0.812935502932503,BP,1-2,7,1-2_Day7
404,combined,2,"[306, 338]","[163, 183]",0,0,0.513250363468829,BP,1-2,7,1-2_Day7
407,combined,2,"[336, 353]","[181, 191]",0,0,0.6103466454875105,BP,1-2,7,1-2_Day7
413,combined,2,"[729, 784]","[400, 419]",0,0,0.8811257660462569,BP,1-2,7,1-2_Day7
415,combined,2,"[744, 761]","[408, 413]",0,0,0.6033694558243143,BP,1-2,7,1-2_Day7
416,combined,2,"[678, 692]","[372, 381]",0,0,0.5601034391331128,BP,1-2,7,1-2_Day7
422,combined,2,"[366, 402]","[198, 216]",0,0,0.7944736144433607,BP,1-2,7,1-2_Day7
435,combined,2,"[355, 476]","[192, 253]",0,0,0.5273681420172321,BP,1-2,7,1-2_Day7
442,combined,3,"[95, 147, 213]","[55, 84, 116]",0,0,0.6138794218427678,BP,1-2,7,1-2_Day7
449,combined,2,"[105, 114]","[61, 68]",0,0,0.7740014328213423,BP,1-2,7,1-2_Day7
451,combined,2,"[49, 53]","[29, 32]",0,0,0.6080393927440829,BP,1-2,7,1-2_Day7
1,combined,2,"[517, 741]","[13, 18]",0,0,0.7830570504108021,BP,1-3,1,1-3
32,combined,2,"[382, 391]","[145, 148]",0,0,0.6721087382135158,BP,1-3,10,1-3_Day10
45,combined,4,"[1078, 1097, 1100, 1110]","[435, 444, 445, 449]",0,0,0.7060531852004366,BP,1-3,10,1-3_Day10
130,combined,3,"[332, 365, 397]","[119, 137, 151]",0,0,0.5999933348684504,BP,1-3,10,1-3_Day10
137,combined,2,"[347, 931]","[128, 375]",0,0,0.5029975942629462,BP,1-3,10,1-3_Day10
142,combined,2,"[543, 598]","[208, 230]",0,0,0.7332212304875981,BP,1-3,10,1-3_Day10
146,combined,3,"[1157, 1186, 1190]","[471, 481, 484]",0,0,0.5945552032820375,BP,1-3,10,1-3_Day10
150,combined,3,"[579, 619, 674]","[224, 239, 262]",0,0,0.5740049680310895,BP,1-3,10,1-3_Day10
160,combined,2,"[943, 966]","[382, 391]",0,0,0.5199973970510259,BP,1-3,10,1-3_Day10
167,combined,2,"[113, 122]","[44, 49]",0,0,0.7231306026827995,BP,1-3,10,1-3_Day10
233,combined,2,"[336, 341]","[121, 124]",0,0,0.67276841965927,BP,1-3,10,1-3_Day10
242,combined,2,"[810, 863]","[327, 346]",0,0,0.6003303582022412,BP,1-3,10,1-3_Day10
295,combined,2,"[1123, 1134]","[454, 460]",0,0,0.6864756093624651,BP,1-3,10,1-3_Day10
339,combined,2,"[417, 441]","[161, 171]",0,0,0.7097524889794301,BP,1-3,10,1-3_Day10
349,combined,2,"[4, 77]","[0, 29]",0,0,0.5872787026164721,BP,1-3,10,1-3_Day10
384,combined,2,"[603, 655]","[232, 253]",0,0,0.5286899621173415,BP,1-3,10,1-3_Day10
403,combined,2,"[258, 371]","[95, 139]",0,0,0.538379525371602,BP,1-3,10,1-3_Day10
406,combined,2,"[686, 1155]","[267, 470]",0,0,0.7056127607615048,BP,1-3,10,1-3_Day10
413,combined,2,"[14, 23]","[4, 9]",0,0,0.5003880387626416,BP,1-3,10,1-3_Day10
423,combined,2,"[789, 807]","[318, 324]",0,0,0.9347793903419883,BP,1-3,10,1-3_Day10
431,combined,2,"[42, 198]","[18, 75]",0,0,0.5696986343697186,BP,1-3,10,1-3_Day10
432,combined,3,"[115, 283, 1180]","[45, 106, 480]",0,0,0.6344855331637836,BP,1-3,10,1-3_Day10
450,combined,2,"[889, 926]","[356, 372]",0,0,0.6281586864938347,BP,1-3,10,1-3_Day10
11,combined,2,"[803, 810]","[303, 306]",0,0,0.5977019018329096,BP,1-3,13,1-3_Day13
27,combined,2,"[621, 656]","[226, 242]",0,0,0.7218306584513037,BP,1-3,13,1-3_Day13
74,combined,2,"[189, 193]","[60, 62]",0,0,0.7732475267753606,BP,1-3,13,1-3_Day13
323,combined,2,"[1011, 1061]","[377, 397]",0,0,0.6465693648615529,BP,1-3,13,1-3_Day13
422,combined,2,"[413, 419]","[144, 148]",0,0,0.7075584299637507,BP,1-3,13,1-3_Day13
430,combined,2,"[638, 652]","[233, 241]",0,0,0.5321327601457111,BP,1-3,13,1-3_Day13
11,combined,2,"[1059, 1060]","[18, 19]",0,0,0.9914352392402852,BP,1-3,2,1-3_Day2
12,combined,2,"[444, 1205]","[6, 33]",0,0,0.5569385809122214,BP,1-3,3,1-3_Day3
1,combined,2,"[208, 216]","[1, 2]",0,0,0.956756354289666,BP,1-3,4,1-3_Day4
16,combined,2,"[1122, 1130]","[27, 28]",0,0,0.5148688458123101,BP,1-3,4,1-3_Day4
19,combined,2,"[377, 402]","[33, 37]",0,0,0.555915981278412,BP,1-3,5,1-3_Day5
36,combined,2,"[806, 829]","[100, 105]",0,0,0.5899137555681602,BP,1-3,5,1-3_Day5
38,combined,2,"[357, 396]","[32, 36]",0,0,0.7550395216827452,BP,1-3,5,1-3_Day5
46,combined,2,"[743, 1076]","[91, 140]",0,0,0.5221512205600223,BP,1-3,5,1-3_Day5
53,combined,2,"[33, 91]","[4, 11]",0,0,0.9126549551178034,BP,1-3,5,1-3_Day5
62,combined,2,"[206, 225]","[22, 23]",0,0,0.9820492725562295,BP,1-3,5,1-3_Day5
76,combined,2,"[630, 640]","[70, 72]",0,0,0.721095711351131,BP,1-3,5,1-3_Day5
86,combined,2,"[1203, 1224]","[166, 167]",0,0,0.668994346009866,BP,1-3,5,1-3_Day5
88,combined,2,"[1105, 1146]","[145, 152]",0,0,0.5489939561949002,BP,1-3,5,1-3_Day5
111,combined,2,"[737, 845]","[88, 108]",0,0,0.5024054645831341,BP,1-3,5,1-3_Day5
119,combined,2,"[505, 514]","[54, 56]",0,0,0.5212344665624739,BP,1-3,5,1-3_Day5
120,combined,2,"[418, 429]","[41, 43]",0,0,0.9117418153643482,BP,1-3,5,1-3_Day5
127,combined,2,"[832, 849]","[106, 109]",0,0,0.7164602388749194,BP,1-3,5,1-3_Day5
131,combined,2,"[266, 354]","[25, 31]",0,0,0.5648551512120161,BP,1-3,5,1-3_Day5
133,combined,3,"[738, 786, 1154]","[89, 97, 155]",0,0,0.6917083965486475,BP,1-3,5,1-3_Day5
139,combined,2,"[685, 687]","[81, 82]",0,0,0.5634998629655185,BP,1-3,5,1-3_Day5
147,combined,2,"[181, 481]","[18, 50]",0,0,0.5892273420397618,BP,1-3,5,1-3_Day5
1,combined,2,"[841, 856]","[118, 119]",0,0,0.5116755593414438,BP,1-3,6,1-3_Day6
2,combined,2,"[470, 631]","[58, 87]",0,0,0.5105572537577308,BP,1-3,6,1-3_Day6
6,combined,2,"[697, 704]","[93, 97]",0,0,0.6749240646034621,BP,1-3,6,1-3_Day6
30,combined,2,"[698, 703]","[94, 96]",0,0,0.558796406881735,BP,1-3,6,1-3_Day6
39,combined,2,"[1027, 1105]","[148, 161]",0,0,0.6283863152960938,BP,1-3,6,1-3_Day6
84,combined,2,"[85, 87]","[10, 11]",0,0,0.6039253698587377,BP,1-3,6,1-3_Day6
135,combined,2,"[524, 525]","[67, 68]",0,0,0.8464112651941791,BP,1-3,6,1-3_Day6
138,combined,2,"[926, 945]","[133, 136]",0,0,0.7085426929387368,BP,1-3,6,1-3_Day6
7,combined,3,"[263, 271, 277]","[116, 119, 122]",0,0,0.587954005835873,BP,1-3,7,1-3_Day7
12,combined,2,"[1039, 1070]","[494, 509]",0,0,0.5123243803214748,BP,1-3,7,1-3_Day7
28,combined,2,"[947, 960]","[454, 460]",0,0,0.6573728046284878,BP,1-3,7,1-3_Day7
29,combined,8,"[968, 1013, 1031, 1042, 1043, 1055, 1056, 1081]","[463, 479, 489, 495, 496, 503, 504, 516]",0,0,0.6664958232154606,BP,1-3,7,1-3_Day7
63,combined,2,"[880, 925]","[421, 440]",0,0,0.7548675506714191,BP,1-3,7,1-3_Day7
74,combined,2,"[856, 970]","[409, 464]",0,0,0.6014295373799282,BP,1-3,7,1-3_Day7
78,combined,2,"[289, 820]","[130, 394]",0,0,0.5990594717749297,BP,1-3,7,1-3_Day7
91,combined,2,"[237, 498]","[105, 245]",0,0,0.5309934938659209,BP,1-3,7,1-3_Day7
114,combined,2,"[397, 406]","[186, 192]",0,0,0.5094827974517605,BP,1-3,7,1-3_Day7
125,combined,2,"[1106, 1122]","[522, 528]",0,0,0.6634104545605699,BP,1-3,7,1-3_Day7
140,combined,2,"[122, 306]","[49, 136]",0,0,0.6529358021910148,BP,1-3,7,1-3_Day7
143,combined,2,"[239, 318]","[107, 143]",0,0,0.5500050766066558,BP,1-3,7,1-3_Day7
146,combined,4,"[143, 157, 195, 199]","[60, 66, 87, 88]",0,0,0.6418209242431975,BP,1-3,7,1-3_Day7
147,combined,2,"[228, 259]","[101, 115]",0,0,0.565767201256041,BP,1-3,7,1-3_Day7
159,combined,2,"[399, 448]","[188, 215]",0,0,0.56189376865665,BP,1-3,7,1-3_Day7
169,combined,2,"[951, 1075]","[456, 514]",0,0,0.599331579563948,BP,1-3,7,1-3_Day7
180,combined,2,"[172, 173]","[75, 76]",0,0,0.5229467270734205,BP,1-3,7,1-3_Day7
189,combined,2,"[5, 44]","[2, 19]",0,0,0.5429703436087673,BP,1-3,7,1-3_Day7
190,combined,2,"[32, 41]","[14, 17]",0,0,0.6447003697071924,BP,1-3,7,1-3_Day7
191,combined,2,"[165, 168]","[71, 73]",0,0,0.7788150286093694,BP,1-3,7,1-3_Day7
192,combined,2,"[95, 176]","[40, 79]",0,0,0.5913083250477212,BP,1-3,7,1-3_Day7
196,combined,2,"[274, 299]","[121, 132]",0,0,0.5698855776628255,BP,1-3,7,1-3_Day7
210,combined,2,"[79, 82]","[33, 35]",0,0,0.5545941976824723,BP,1-3,7,1-3_Day7
213,combined,2,"[808, 815]","[389, 392]",0,0,0.5499689286257252,BP,1-3,7,1-3_Day7
216,combined,2,"[889, 898]","[424, 428]",0,0,0.658902835027413,BP,1-3,7,1-3_Day7
217,combined,2,"[915, 921]","[436, 438]",0,0,0.5441112428295065,BP,1-3,7,1-3_Day7
218,combined,2,"[650, 860]","[317, 411]",0,0,0.5758410435617882,BP,1-3,7,1-3_Day7
220,combined,2,"[694, 702]","[336, 340]",0,0,0.5637368589384341,BP,1-3,7,1-3_Day7
221,combined,3,"[706, 734, 763]","[343, 357, 370]",0,0,0.5906199106523367,BP,1-3,7,1-3_Day7
222,combined,2,"[759, 783]","[368, 379]",0,0,0.522060116605959,BP,1-3,7,1-3_Day7
225,combined,2,"[593, 668]","[289, 325]",0,0,0.6591038501690384,BP,1-3,7,1-3_Day7
226,combined,4,"[807, 809, 863, 864]","[388, 390, 413, 414]",0,0,0.6480104582189231,BP,1-3,7,1-3_Day7
231,combined,2,"[598, 599]","[293, 294]",0,0,0.6105503241322989,BP,1-3,7,1-3_Day7
247,combined,2,"[547, 626]","[266, 306]",0,0,0.6299423544355758,BP,1-3,7,1-3_Day7
251,combined,2,"[213, 475]","[93, 231]",0,0,0.6265729788089119,BP,1-3,7,1-3_Day7
261,combined,2,"[233, 641]","[103, 311]",0,0,0.976690046843271,BP,1-3,7,1-3_Day7
303,combined,2,"[63, 71]","[25, 28]",0,0,0.5296617715961369,BP,1-3,7,1-3_Day7
306,combined,2,"[19, 53]","[6, 22]",0,0,0.776810737610669,BP,1-3,7,1-3_Day7
317,combined,2,"[435, 455]","[208, 218]",0,0,0.8008326457017496,BP,1-3,7,1-3_Day7
321,combined,2,"[52, 119]","[21, 48]",0,0,0.7011053606504437,BP,1-3,7,1-3_Day7
351,combined,2,"[379, 391]","[177, 182]",0,0,0.5568203429452041,BP,1-3,7,1-3_Day7
357,combined,2,"[572, 588]","[278, 286]",0,0,0.6317454080140225,BP,1-3,7,1-3_Day7
371,combined,2,"[235, 327]","[104, 146]",0,0,0.5961174521592798,BP,1-3,7,1-3_Day7
375,combined,2,"[284, 354]","[126, 163]",0,0,0.7692832144729316,BP,1-3,7,1-3_Day7
399,combined,2,"[166, 169]","[72, 74]",0,0,0.6739569096438115,BP,1-3,7,1-3_Day7
413,combined,2,"[1026, 1030]","[486, 488]",0,0,0.5707608319894703,BP,1-3,7,1-3_Day7
418,combined,2,"[1065, 1115]","[507, 527]",0,0,0.8270430505389156,BP,1-3,7,1-3_Day7
419,combined,2,"[1068, 1170]","[508, 542]",0,0,0.5517763607702716,BP,1-3,7,1-3_Day7
420,combined,2,"[414, 967]","[196, 462]",0,0,0.9343793376647779,BP,1-3,7,1-3_Day7
421,combined,2,"[449, 839]","[216, 403]",0,0,0.5775354440601186,BP,1-3,7,1-3_Day7
425,combined,2,"[175, 223]","[78, 98]",0,0,0.5078039614501125,BP,1-3,7,1-3_Day7
431,combined,2,"[313, 321]","[140, 144]",0,0,0.5659350799794353,BP,1-3,7,1-3_Day7
450,combined,2,"[474, 528]","[230, 257]",0,0,0.5799960164578086,BP,1-3,7,1-3_Day7
476,combined,2,"[953, 1072]","[457, 511]",0,0,0.603797432164562,BP,1-3,7,1-3_Day7
29,combined,2,"[95, 97]","[44, 45]",0,0,0.5358149826054851,BP,1-4,10,1-4_Day10
34,combined,3,"[66, 75, 81]","[28, 32, 37]",0,0,0.8187940212915907,BP,1-4,10,1-4_Day10
37,combined,2,"[49, 50]","[20, 21]",0,0,0.7416167254503299,BP,1-4,10,1-4_Day10
65,combined,2,"[173, 194]","[69, 79]",0,0,0.5929290584518783,BP,1-4,10,1-4_Day10
68,combined,2,"[773, 784]","[310, 314]",0,0,0.7935913243541142,BP,1-4,10,1-4_Day10
71,combined,2,"[195, 227]","[80, 94]",0,0,0.7091181658908325,BP,1-4,10,1-4_Day10
83,combined,3,"[380, 384, 385]","[159, 161, 162]",0,0,0.7966161667961682,BP,1-4,10,1-4_Day10
100,combined,2,"[532, 541]","[220, 225]",0,0,0.5491195476734563,BP,1-4,10,1-4_Day10
118,combined,2,"[153, 163]","[61, 65]",0,0,0.5246269537826966,BP,1-4,10,1-4_Day10
124,combined,2,"[219, 229]","[90, 95]",0,0,0.7011533119618691,BP,1-4,10,1-4_Day10
140,combined,2,"[230, 251]","[96, 109]",0,0,0.599214745361318,BP,1-4,10,1-4_Day10
231,combined,2,"[416, 423]","[174, 179]",0,0,0.6930775902013646,BP,1-4,10,1-4_Day10
232,combined,3,"[403, 421, 429]","[170, 177, 181]",0,0,0.722783020684385,BP,1-4,10,1-4_Day10
239,combined,2,"[504, 628]","[208, 253]",0,0,0.6312211873843906,BP,1-4,10,1-4_Day10
243,combined,2,"[529, 677]","[217, 272]",0,0,0.6784106054983117,BP,1-4,10,1-4_Day10
272,combined,8,"[591, 608, 611, 632, 648, 671, 680, 696]","[239, 247, 250, 254, 261, 269, 273, 279]",0,0,0.6565225693694771,BP,1-4,10,1-4_Day10
275,combined,2,"[706, 720]","[283, 289]",0,0,0.6014766029670435,BP,1-4,10,1-4_Day10
284,combined,2,"[436, 448]","[185, 187]",0,0,0.7750023218837239,BP,1-4,10,1-4_Day10
286,combined,2,"[335, 344]","[142, 146]",0,0,0.9663103815414161,BP,1-4,10,1-4_Day10
291,combined,2,"[100, 103]","[47, 48]",0,0,0.7272815983302823,BP,1-4,10,1-4_Day10
65,combined,2,"[218, 243]","[110, 120]",0,0,0.8411580797955073,BP,1-4,13,1-4_Day13
253,combined,3,"[188, 199, 214]","[95, 102, 107]",0,0,0.704000755352085,BP,1-4,13,1-4_Day13
289,combined,2,"[177, 197]","[88, 101]",0,0,0.5929164290609071,BP,1-4,13,1-4_Day13
333,combined,2,"[637, 651]","[292, 301]",0,0,0.8441342319719879,BP,1-4,13,1-4_Day13
1,combined,2,"[73, 74]","[7, 8]",0,0,0.6403550183878346,BP,1-4,2,1-4_Day2
2,combined,2,"[21, 25]","[2, 3]",0,0,0.5481198477806491,BP,1-4,2,1-4_Day2
5,combined,2,"[722, 736]","[50, 51]",0,0,0.6530547547463612,BP,1-4,4,1-4_Day4
9,combined,2,"[246, 281]","[16, 18]",0,0,0.5274536361142069,BP,1-4,4,1-4_Day4
18,combined,3,"[312, 517, 823]","[19, 34, 57]",0,0,0.573422724632663,BP,1-4,4,1-4_Day4
15,combined,2,"[680, 759]","[124, 136]",0,0,0.5443580288297813,BP,1-4,5,1-4_Day5
20,combined,3,"[585, 586, 595]","[107, 108, 111]",0,0,0.8075055659846608,BP,1-4,5,1-4_Day5
23,combined,2,"[333, 344]","[50, 52]",0,0,0.9915843774182489,BP,1-4,5,1-4_Day5
33,combined,2,"[364, 369]","[57, 60]",0,0,0.8544555185507287,BP,1-4,5,1-4_Day5
36,combined,2,"[710, 738]","[127, 133]",0,0,0.9954256414034771,BP,1-4,5,1-4_Day5
50,combined,2,"[486, 493]","[82, 83]",0,0,0.5988005813489097,BP,1-4,5,1-4_Day5
51,combined,2,"[504, 506]","[87, 88]",0,0,0.913553907226754,BP,1-4,5,1-4_Day5
60,combined,2,"[648, 661]","[118, 121]",0,0,0.890919571233927,BP,1-4,5,1-4_Day5
70,combined,2,"[676, 715]","[122, 128]",0,0,0.6329822087643419,BP,1-4,5,1-4_Day5
81,combined,2,"[375, 382]","[61, 63]",0,0,0.9093726385847866,BP,1-4,5,1-4_Day5
82,combined,2,"[531, 727]","[96, 131]",0,0,0.5451105333143289,BP,1-4,5,1-4_Day5
86,combined,2,"[326, 327]","[48, 49]",0,0,0.982911988113857,BP,1-4,5,1-4_Day5
132,combined,2,"[448, 481]","[76, 81]",0,0,0.714638380644702,BP,1-4,5,1-4_Day5
15,combined,2,"[198, 297]","[54, 86]",0,0,0.5235802251538362,BP,1-4,6,1-4_Day6
27,combined,2,"[553, 713]","[175, 208]",0,0,0.5221181366575451,BP,1-4,6,1-4_Day6
41,combined,2,"[742, 750]","[219, 224]",0,0,0.6029179862489197,BP,1-4,6,1-4_Day6
43,combined,2,"[485, 492]","[148, 153]",0,0,0.9537381037113004,BP,1-4,6,1-4_Day6
47,combined,2,"[268, 269]","[78, 79]",0,0,0.5525785027344918,BP,1-4,6,1-4_Day6
56,combined,2,"[343, 347]","[104, 105]",0,0,0.986183640053204,BP,1-4,6,1-4_Day6
80,combined,2,"[400, 430]","[120, 126]",0,0,0.5027695602637658,BP,1-4,6,1-4_Day6
86,combined,2,"[241, 248]","[69, 71]",0,0,0.6555100769288296,BP,1-4,6,1-4_Day6
145,combined,2,"[29, 43]","[8, 15]",0,0,0.8547521746238151,BP,1-4,6,1-4_Day6
146,combined,2,"[92, 94]","[26, 27]",0,0,0.870975645685906,BP,1-4,6,1-4_Day6
159,combined,2,"[501, 505]","[157, 158]",0,0,0.5091111151656378,BP,1-4,6,1-4_Day6
160,combined,2,"[457, 461]","[135, 139]",0,0,0.9903992334123951,BP,1-4,6,1-4_Day6
179,combined,2,"[30, 34]","[9, 10]",0,0,0.5790745765547006,BP,1-4,6,1-4_Day6
189,combined,2,"[735, 744]","[216, 220]",0,0,0.6497151602827124,BP,1-4,6,1-4_Day6
195,combined,3,"[251, 254, 262]","[72, 73, 75]",0,0,0.7763224664657539,BP,1-4,6,1-4_Day6
204,combined,2,"[200, 213]","[55, 60]",0,0,0.6941371326622071,BP,1-4,6,1-4_Day6
207,combined,2,"[326, 327]","[98, 99]",0,0,0.9055664180192159,BP,1-4,6,1-4_Day6
212,combined,2,"[324, 328]","[97, 100]",0,0,0.603190870767597,BP,1-4,6,1-4_Day6
21,combined,4,"[330, 338, 369, 391]","[154, 159, 173, 178]",0,0,0.7015994297970303,BP,1-4,7,1-4_Day7
25,combined,2,"[497, 500]","[228, 230]",0,0,0.5934833789619771,BP,1-4,7,1-4_Day7
57,combined,2,"[349, 355]","[165, 168]",0,0,0.5382783881389768,BP,1-4,7,1-4_Day7
79,combined,2,"[191, 226]","[97, 112]",0,0,0.5359120677702949,BP,1-4,7,1-4_Day7
97,combined,2,"[264, 287]","[129, 134]",0,0,0.7085398830727119,BP,1-4,7,1-4_Day7
102,combined,2,"[452, 462]","[204, 209]",0,0,0.5558621003397012,BP,1-4,7,1-4_Day7
106,combined,2,"[231, 244]","[115, 121]",0,0,0.6422679509463164,BP,1-4,7,1-4_Day7
107,combined,4,"[288, 310, 348, 370]","[135, 145, 164, 174]",0,0,0.5836828566302467,BP,1-4,7,1-4_Day7
108,combined,2,"[727, 739]","[334, 340]",0,0,0.9043838971687477,BP,1-4,7,1-4_Day7
112,combined,2,"[44, 45]","[25, 26]",0,0,0.5596399031655515,BP,1-4,7,1-4_Day7
113,combined,2,"[31, 54]","[16, 28]",0,0,0.7466729657900296,BP,1-4,7,1-4_Day7
117,combined,2,"[225, 230]","[111, 114]",0,0,0.6379970022743562,BP,1-4,7,1-4_Day7
127,combined,2,"[592, 603]","[277, 282]",0,0,0.6584112149298127,BP,1-4,7,1-4_Day7
141,combined,2,"[238, 246]","[120, 122]",0,0,0.6710940400395249,BP,1-4,7,1-4_Day7
142,combined,2,"[514, 520]","[240, 244]",0,0,0.5560860956672551,BP,1-4,7,1-4_Day7
165,combined,4,"[128, 156, 159, 178]","[65, 80, 82, 91]",0,0,0.677043556525699,BP,1-4,7,1-4_Day7
168,combined,3,"[81, 90, 101]","[46, 51, 57]",0,0,0.6163581230606152,BP,1-4,7,1-4_Day7
191,combined,2,"[453, 509]","[205, 237]",0,0,0.561167123317828,BP,1-4,7,1-4_Day7
199,combined,2,"[478, 522]","[216, 246]",0,0,0.5667074034003776,BP,1-4,7,1-4_Day7
207,combined,2,"[41, 48]","[22, 27]",0,0,0.9846525679295938,BP,1-4,7,1-4_Day7
247,combined,3,"[71, 96, 97]","[38, 54, 55]",0,0,0.6322661788867786,BP,1-4,7,1-4_Day7
250,combined,3,"[69, 82, 85]","[36, 47, 48]",0,0,0.5735981058122931,BP,1-4,7,1-4_Day7
259,combined,2,"[63, 74]","[33, 41]",0,0,0.647295780032902,BP,1-4,7,1-4_Day7
281,combined,2,"[15, 25]","[7, 13]",0,0,0.513408447592942,BP,1-4,7,1-4_Day7
292,combined,2,"[324, 386]","[151, 177]",0,0,0.6761927297941815,BP,1-4,7,1-4_Day7
325,combined,2,"[419, 511]","[191, 238]",0,0,0.5856729589076133,BP,1-4,7,1-4_Day7
327,combined,2,"[426, 427]","[193, 194]",0,0,0.9798721610930752,BP,1-4,7,1-4_Day7
335,combined,2,"[770, 772]","[354, 356]",0,0,0.5964122083557354,BP,1-4,7,1-4_Day7
7,combined,2,"[78, 1749]","[2, 45]",0,0,0.6708407373323065,BP,1-5,1,1-5
14,combined,2,"[691, 719]","[19, 20]",0,0,0.7329924860403999,BP,1-5,1,1-5
35,combined,2,"[793, 848]","[21, 23]",0,0,0.6629523745124963,BP,1-5,1,1-5
66,combined,2,"[612, 620]","[186, 188]",0,0,0.8226344635735272,BP,1-5,10,1-5_Day10
99,combined,2,"[681, 730]","[205, 219]",0,0,0.5649773448343924,BP,1-5,10,1-5_Day10
105,combined,2,"[918, 926]","[287, 290]",0,0,0.587102980402655,BP,1-5,10,1-5_Day10
134,combined,2,"[437, 439]","[120, 121]",0,0,0.5380078424704188,BP,1-5,10,1-5_Day10
135,combined,2,"[436, 1208]","[119, 375]",0,0,0.5205860791464408,BP,1-5,10,1-5_Day10
139,combined,2,"[481, 487]","[137, 138]",0,0,0.5241327462694106,BP,1-5,10,1-5_Day10
172,combined,3,"[712, 1045, 1053]","[214, 329, 334]",0,0,0.6398467838294343,BP,1-5,10,1-5_Day10
183,combined,2,"[778, 797]","[235, 243]",0,0,0.5263818936963709,BP,1-5,10,1-5_Day10
198,combined,3,"[1325, 1451, 1474]","[398, 433, 440]",0,0,0.8265127154561633,BP,1-5,10,1-5_Day10
199,combined,2,"[536, 787]","[160, 239]",0,0,0.6916590053760492,BP,1-5,10,1-5_Day10
307,combined,2,"[609, 961]","[185, 302]",0,0,0.734162138243266,BP,1-5,10,1-5_Day10
320,combined,2,"[93, 452]","[23, 125]",0,0,0.5372421295870666,BP,1-5,10,1-5_Day10
346,combined,2,"[788, 857]","[240, 263]",0,0,0.6015331632393508,BP,1-5,10,1-5_Day10
455,combined,2,"[501, 529]","[142, 157]",0,0,0.6461720186937597,BP,1-5,10,1-5_Day10
60,combined,2,"[469, 760]","[123, 242]",0,0,0.5739114121985276,BP,1-5,13,1-5_Day13
65,combined,2,"[517, 600]","[143, 182]",0,0,0.8670473753353019,BP,1-5,13,1-5_Day13
184,combined,2,"[982, 985]","[338, 340]",0,0,0.9753952783770063,BP,1-5,13,1-5_Day13
185,combined,2,"[1188, 1207]","[415, 421]",0,0,0.5088030883099286,BP,1-5,13,1-5_Day13
223,combined,2,"[1288, 1292]","[447, 449]",0,0,0.7738899661040428,BP,1-5,13,1-5_Day13
264,combined,2,"[1093, 1115]","[380, 389]",0,0,0.9407678583711376,BP,1-5,13,1-5_Day13
295,combined,2,"[531, 573]","[149, 167]",0,0,0.6410665403113914,BP,1-5,13,1-5_Day13
450,combined,2,"[1069, 1112]","[373, 388]",0,0,0.8784172439012101,BP,1-5,13,1-5_Day13
9,combined,2,"[967, 979]","[27, 28]",0,0,0.7777982168056267,BP,1-5,3,1-5_Day3
18,combined,2,"[1085, 1094]","[30, 31]",0,0,0.9939585201439016,BP,1-5,3,1-5_Day3
28,combined,2,"[90, 101]","[1, 2]",0,0,0.7210035505170697,BP,1-5,3,1-5_Day3
22,combined,2,"[1548, 1557]","[71, 73]",0,0,0.7079514022835246,BP,1-5,4,1-5_Day4
55,combined,2,"[1145, 1163]","[48, 52]",0,0,0.7806227142835162,BP,1-5,4,1-5_Day4
56,combined,2,"[1289, 1304]","[61, 63]",0,0,0.9893933488489303,BP,1-5,4,1-5_Day4
66,combined,3,"[1153, 1171, 1222]","[50, 53, 58]",0,0,0.5820577056655061,BP,1-5,4,1-5_Day4
3,combined,2,"[101, 119]","[21, 23]",0,0,0.7477727977680738,BP,1-5,5,1-5_Day5
20,combined,2,"[1106, 1121]","[231, 237]",0,0,0.6950796243582513,BP,1-5,5,1-5_Day5
41,combined,2,"[1350, 1362]","[277, 279]",0,0,0.5518590457396657,BP,1-5,5,1-5_Day5
71,combined,2,"[516, 521]","[98, 99]",0,0,0.5909302264415962,BP,1-5,5,1-5_Day5
78,combined,2,"[979, 989]","[199, 201]",0,0,0.7372537599042153,BP,1-5,5,1-5_Day5
79,combined,2,"[248, 265]","[48, 51]",0,0,0.991870601949595,BP,1-5,5,1-5_Day5
85,combined,4,"[1052, 1077, 1084, 1110]","[212, 222, 226, 232]",0,0,0.664846919200206,BP,1-5,5,1-5_Day5
88,combined,2,"[485, 486]","[93, 94]",0,0,0.6193553855960129,BP,1-5,5,1-5_Day5
94,combined,2,"[338, 348]","[65, 68]",0,0,0.6340962970392849,BP,1-5,5,1-5_Day5
104,combined,2,"[583, 605]","[112, 113]",0,0,0.7900295573050607,BP,1-5,5,1-5_Day5
107,combined,2,"[804, 814]","[155, 157]",0,0,0.7696807384602985,BP,1-5,5,1-5_Day5
135,combined,2,"[243, 277]","[47, 54]",0,0,0.8579441090693182,BP,1-5,5,1-5_Day5
150,combined,2,"[822, 830]","[160, 165]",0,0,0.5817962951115565,BP,1-5,5,1-5_Day5
154,combined,2,"[823, 843]","[161, 170]",0,0,0.5943061280023982,BP,1-5,5,1-5_Day5
155,combined,2,"[780, 790]","[149, 153]",0,0,0.6805982606267283,BP,1-5,5,1-5_Day5
160,combined,2,"[496, 546]","[95, 106]",0,0,0.5434258430461575,BP,1-5,5,1-5_Day5
172,combined,2,"[835, 1384]","[168, 285]",0,0,0.5895604486479751,BP,1-5,5,1-5_Day5
173,combined,2,"[1347, 1389]","[276, 286]",0,0,0.528995404500967,BP,1-5,5,1-5_Day5
179,combined,2,"[71, 1501]","[15, 311]",0,0,0.643665366222084,BP,1-5,5,1-5_Day5
191,combined,2,"[527, 536]","[102, 104]",0,0,0.645207499030894,BP,1-5,5,1-5_Day5
195,combined,2,"[242, 252]","[46, 49]",0,0,0.6810596826719072,BP,1-5,5,1-5_Day5
225,combined,2,"[852, 877]","[172, 178]",0,0,0.7801251550325379,BP,1-5,5,1-5_Day5
228,combined,3,"[455, 475, 1085]","[88, 92, 227]",0,0,0.7183086331159224,BP,1-5,5,1-5_Day5
235,combined,2,"[121, 139]","[24, 27]",0,0,0.5080736734247846,BP,1-5,5,1-5_Day5
246,combined,2,"[193, 1057]","[35, 214]",0,0,0.5220983931184023,BP,1-5,5,1-5_Day5
254,combined,2,"[1181, 1192]","[249, 253]",0,0,0.5838514761121341,BP,1-5,5,1-5_Day5
275,combined,2,"[1103, 1132]","[230, 240]",0,0,0.8262943803887626,BP,1-5,5,1-5_Day5
276,combined,2,"[1123, 1125]","[238, 239]",0,0,0.5736547126136274,BP,1-5,5,1-5_Day5
1,combined,2,"[1046, 1049]","[267, 269]",0,0,0.7509250054333793,BP,1-5,6,1-5_Day6
20,combined,2,"[172, 1459]","[45, 372]",0,0,0.6359816382614069,BP,1-5,6,1-5_Day6
27,combined,3,"[661, 685, 1283]","[151, 155, 327]",0,0,0.670590931054043,BP,1-5,6,1-5_Day6
43,combined,2,"[464, 539]","[105, 127]",0,0,0.5613014361594432,BP,1-5,6,1-5_Day6
51,combined,2,"[120, 468]","[35, 106]",0,0,0.5129070090047264,BP,1-5,6,1-5_Day6
53,combined,2,"[747, 755]","[179, 180]",0,0,0.7574410287632454,BP,1-5,6,1-5_Day6
134,combined,2,"[841, 873]","[208, 217]",0,0,0.550546068233659,BP,1-5,6,1-5_Day6
137,combined,2,"[679, 698]","[153, 161]",0,0,0.7955162743799322,BP,1-5,6,1-5_Day6
182,combined,2,"[1006, 1009]","[255, 256]",0,0,0.5155583612031621,BP,1-5,6,1-5_Day6
265,combined,2,"[374, 585]","[84, 135]",0,0,0.8466042548827643,BP,1-5,6,1-5_Day6
266,combined,2,"[84, 101]","[29, 33]",0,0,0.8310218519581334,BP,1-5,6,1-5_Day6
278,combined,2,"[853, 1272]","[211, 324]",0,0,0.5998914235625651,BP,1-5,6,1-5_Day6
282,combined,2,"[1042, 1128]","[266, 295]",0,0,0.6628773464338328,BP,1-5,6,1-5_Day6
297,combined,2,"[1396, 1402]","[352, 354]",0,0,0.6235424859098763,BP,1-5,6,1-5_Day6
303,combined,2,"[531, 1151]","[123, 301]",0,0,0.7412702261180978,BP,1-5,6,1-5_Day6
320,combined,2,"[238, 595]","[55, 137]",0,0,0.7090469575127886,BP,1-5,6,1-5_Day6
336,combined,2,"[149, 316]","[38, 72]",0,0,0.571447649495702,BP,1-5,6,1-5_Day6
52,combined,2,"[1106, 1247]","[487, 545]",0,0,0.5085310757907271,BP,1-5,7,1-5_Day7
69,combined,2,"[241, 246]","[97, 99]",0,0,0.5948468356368619,BP,1-5,7,1-5_Day7
71,combined,2,"[526, 1203]","[209, 528]",0,0,0.5937976427944809,BP,1-5,7,1-5_Day7
86,combined,2,"[514, 529]","[204, 211]",0,0,0.730745572549674,BP,1-5,7,1-5_Day7
88,combined,2,"[617, 1493]","[261, 636]",0,0,0.5821227259733233,BP,1-5,7,1-5_Day7
90,combined,4,"[601, 633, 641, 646]","[253, 271, 276, 280]",0,0,0.6703222111147515,BP,1-5,7,1-5_Day7
93,combined,2,"[798, 1024]","[339, 454]",0,0,0.5129124319641792,BP,1-5,7,1-5_Day7
99,combined,2,"[1361, 1401]","[581, 595]",0,0,0.6045666508909054,BP,1-5,7,1-5_Day7
105,combined,2,"[268, 289]","[106, 114]",0,0,0.6606784564214648,BP,1-5,7,1-5_Day7
109,combined,2,"[524, 535]","[207, 215]",0,0,0.6403625336692468,BP,1-5,7,1-5_Day7
114,combined,2,"[1528, 1557]","[650, 668]",0,0,0.6200164767898451,BP,1-5,7,1-5_Day7
123,combined,2,"[1168, 1221]","[515, 536]",0,0,0.5313551732198304,BP,1-5,7,1-5_Day7
131,combined,2,"[659, 844]","[287, 366]",0,0,0.6144009099006136,BP,1-5,7,1-5_Day7
154,combined,2,"[96, 170]","[43, 71]",0,0,0.6623313416920297,BP,1-5,7,1-5_Day7
156,combined,2,"[21, 27]","[10, 15]",0,0,0.7286280587618934,BP,1-5,7,1-5_Day7
164,combined,2,"[69, 88]","[33, 42]",0,0,0.5444113842406164,BP,1-5,7,1-5_Day7
169,combined,2,"[759, 1015]","[324, 448]",0,0,0.587466817483506,BP,1-5,7,1-5_Day7
173,combined,2,"[631, 1381]","[269, 588]",0,0,0.5266183765863878,BP,1-5,7,1-5_Day7
190,combined,2,"[511, 628]","[203, 268]",0,0,0.9667677101827041,BP,1-5,7,1-5_Day7
210,combined,2,"[358, 374]","[141, 146]",0,0,0.7622757250102091,BP,1-5,7,1-5_Day7
233,combined,2,"[1160, 1177]","[510, 518]",0,0,0.7612426710996425,BP,1-5,7,1-5_Day7
234,combined,2,"[1114, 1137]","[491, 502]",0,0,0.5009968357279926,BP,1-5,7,1-5_Day7
249,combined,3,"[1351, 1386, 1432]","[576, 591, 609]",0,0,0.7070184741579891,BP,1-5,7,1-5_Day7
298,combined,3,"[1153, 1182, 1206]","[507, 520, 529]",0,0,0.7640357127265899,BP,1-5,7,1-5_Day7
347,combined,2,"[431, 437]","[168, 170]",0,0,0.782256456999271,BP,1-5,7,1-5_Day7
383,combined,2,"[459, 1532]","[180, 653]",0,0,0.5290973788336237,BP,1-5,7,1-5_Day7
400,combined,2,"[168, 207]","[69, 84]",0,0,0.7504265635948589,BP,1-5,7,1-5_Day7
406,combined,2,"[1031, 1036]","[458, 462]",0,0,0.808899610679832,BP,1-5,7,1-5_Day7
432,combined,2,"[356, 359]","[140, 142]",0,0,0.7154132391219064,BP,1-5,7,1-5_Day7
447,combined,2,"[591, 732]","[248, 315]",0,0,0.5454913209410043,BP,1-5,7,1-5_Day7
454,combined,2,"[723, 1086]","[311, 477]",0,0,0.5923163913081883,BP,1-5,7,1-5_Day7
456,combined,2,"[347, 387]","[136, 151]",0,0,0.7784070159763229,BP,1-5,7,1-5_Day7
457,combined,2,"[571, 585]","[238, 245]",0,0,0.5771076498440765,BP,1-5,7,1-5_Day7
460,combined,2,"[567, 607]","[237, 256]",0,0,0.5742602908792278,BP,1-5,7,1-5_Day7
464,combined,2,"[1246, 1276]","[544, 555]",0,0,0.734483126949485,BP,1-5,7,1-5_Day7
480,combined,2,"[733, 792]","[316, 335]",0,0,0.6930914584972439,BP,1-5,7,1-5_Day7
495,combined,2,"[304, 980]","[122, 433]",0,0,0.5390511745474974,BP,1-5,7,1-5_Day7
506,combined,3,"[1482, 1529, 1541]","[631, 651, 660]",0,0,0.6567941860008947,BP,1-5,7,1-5_Day7
512,combined,2,"[908, 929]","[402, 412]",0,0,0.785796235246026,BP,1-5,7,1-5_Day7
524,combined,2,"[564, 565]","[235, 236]",0,0,0.8722504035371778,BP,1-5,7,1-5_Day7
526,combined,3,"[1365, 1406, 1433]","[584, 597, 610]",0,0,0.6446835148043412,BP,1-5,7,1-5_Day7
527,combined,3,"[1338, 1342, 1350]","[571, 572, 575]",0,0,0.6099595003631318,BP,1-5,7,1-5_Day7
538,combined,2,"[557, 584]","[232, 244]",0,0,0.6233278257195529,BP,1-5,7,1-5_Day7
551,combined,2,"[215, 237]","[89, 96]",0,0,0.5743576221835462,BP,1-5,7,1-5_Day7
557,combined,2,"[376, 563]","[148, 234]",0,0,0.7639041583094749,BP,1-5,7,1-5_Day7
566,combined,2,"[671, 681]","[292, 296]",0,0,0.8451532470482773,BP,1-5,7,1-5_Day7
577,combined,2,"[838, 847]","[362, 369]",0,0,0.6714602339123654,BP,1-5,7,1-5_Day7
596,combined,2,"[826, 830]","[353, 355]",0,0,0.6342538263747558,BP,1-5,7,1-5_Day7
599,combined,2,"[890, 941]","[392, 418]",0,0,0.6982213454651259,BP,1-5,7,1-5_Day7
3,combined,2,"[1351, 1357]","[53, 54]",0,0,0.5783087807302472,IOBP,1-1,1,1-1
26,combined,2,"[1257, 1274]","[47, 48]",0,0,0.5557135797744621,IOBP,1-1,1,1-1
27,combined,2,"[107, 144]","[2, 5]",0,0,0.574956473497758,IOBP,1-1,1,1-1
34,combined,2,"[1052, 1070]","[37, 39]",0,0,0.6988569618895024,IOBP,1-1,1,1-1
53,combined,2,"[571, 616]","[23, 26]",0,0,0.7487648187938301,IOBP,1-1,1,1-1
31,combined,2,"[308, 316]","[114, 116]",0,0,0.5214197234655515,IOBP,1-1,10,1-1_Day10
34,combined,2,"[628, 638]","[225, 229]",0,0,0.8284670044970694,IOBP,1-1,10,1-1_Day10
75,combined,2,"[84, 204]","[29, 75]",0,0,0.5326558713429186,IOBP,1-1,10,1-1_Day10
85,combined,2,"[424, 444]","[154, 162]",0,0,0.9074752576265573,IOBP,1-1,10,1-1_Day10
107,combined,2,"[170, 180]","[64, 67]",0,0,0.6330808919077985,IOBP,1-1,10,1-1_Day10
121,combined,2,"[340, 609]","[126, 216]",0,0,0.74985991502286,IOBP,1-1,10,1-1_Day10
139,combined,2,"[791, 807]","[274, 279]",0,0,0.5640394710673894,IOBP,1-1,10,1-1_Day10
286,combined,3,"[129, 174, 190]","[47, 66, 71]",0,0,0.874437834588219,IOBP,1-1,10,1-1_Day10
7,combined,2,"[791, 819]","[461, 473]",0,0,0.6081883254814991,IOBP,1-1,13,1-1_Day13
92,combined,2,"[383, 400]","[245, 258]",0,0,0.6596788491273403,IOBP,1-1,13,1-1_Day13
208,combined,2,"[329, 337]","[213, 219]",0,0,0.5970310807652327,IOBP,1-1,13,1-1_Day13
225,combined,2,"[138, 141]","[95, 96]",0,0,0.8247540013012195,IOBP,1-1,13,1-1_Day13
318,combined,2,"[62, 112]","[47, 74]",0,0,0.5315935018795079,IOBP,1-1,13,1-1_Day13
341,combined,2,"[520, 634]","[312, 379]",0,0,0.5874230343302073,IOBP,1-1,13,1-1_Day13
436,combined,2,"[207, 215]","[144, 148]",0,0,0.693973575143787,IOBP,1-1,13,1-1_Day13
437,combined,2,"[190, 368]","[134, 234]",0,0,0.6537568093001319,IOBP,1-1,13,1-1_Day13
443,combined,2,"[578, 626]","[342, 375]",0,0,0.5276845111117302,IOBP,1-1,13,1-1_Day13
488,combined,2,"[223, 228]","[153, 156]",0,0,0.501095760900109,IOBP,1-1,13,1-1_Day13
5,combined,2,"[309, 724]","[190, 456]",0,0,0.6117095687491328,IOBP,1-1,21,1-1_Day21
15,combined,2,"[540, 545]","[343, 347]",0,0,0.6460629871405639,IOBP,1-1,21,1-1_Day21
23,combined,2,"[167, 397]","[107, 251]",0,0,0.5169400919605743,IOBP,1-1,21,1-1_Day21
44,combined,2,"[173, 182]","[112, 116]",0,0,0.6669791278326702,IOBP,1-1,21,1-1_Day21
64,combined,2,"[730, 739]","[459, 463]",0,0,0.7205110997484611,IOBP,1-1,21,1-1_Day21
106,combined,2,"[8, 753]","[4, 470]",0,0,0.5478341455220186,IOBP,1-1,21,1-1_Day21
176,combined,2,"[410, 411]","[261, 262]",0,0,0.9576838482759094,IOBP,1-1,21,1-1_Day21
185,combined,2,"[679, 686]","[431, 436]",0,0,0.6402301745207615,IOBP,1-1,21,1-1_Day21
235,combined,2,"[624, 626]","[398, 399]",0,0,0.8240865239697611,IOBP,1-1,21,1-1_Day21
277,combined,2,"[136, 299]","[89, 184]",0,0,0.5603913432350958,IOBP,1-1,21,1-1_Day21
310,combined,2,"[30, 42]","[23, 30]",0,0,0.9878885622896507,IOBP,1-1,21,1-1_Day21
359,combined,2,"[27, 703]","[21, 443]",0,0,0.6186257869037923,IOBP,1-1,21,1-1_Day21
389,combined,2,"[427, 429]","[274, 275]",0,0,0.8072867903258084,IOBP,1-1,21,1-1_Day21
441,combined,2,"[758, 760]","[473, 475]",0,0,0.6935862988181623,IOBP,1-1,21,1-1_Day21
455,combined,2,"[127, 129]","[83, 85]",0,0,0.6621181109600655,IOBP,1-1,21,1-1_Day21
469,combined,2,"[188, 789]","[119, 499]",0,0,0.633260551072723,IOBP,1-1,21,1-1_Day21
50,combined,2,"[499, 631]","[397, 491]",0,0,0.5088039324841777,IOBP,1-1,28,1-1_Day28
74,combined,2,"[11, 13]","[9, 10]",0,0,0.8265408900286981,IOBP,1-1,28,1-1_Day28
157,combined,2,"[344, 346]","[276, 278]",0,0,0.8142363741482624,IOBP,1-1,28,1-1_Day28
170,combined,2,"[255, 257]","[209, 210]",0,0,0.6025846802837781,IOBP,1-1,28,1-1_Day28
231,combined,3,"[32, 106, 142]","[24, 85, 113]",0,0,0.8201693074395572,IOBP,1-1,28,1-1_Day28
271,combined,2,"[96, 750]","[76, 577]",0,0,0.5092320383194293,IOBP,1-1,28,1-1_Day28
272,combined,2,"[757, 788]","[583, 608]",0,0,0.6914744358559859,IOBP,1-1,28,1-1_Day28
317,combined,2,"[619, 626]","[484, 487]",0,0,0.9938972720979427,IOBP,1-1,28,1-1_Day28
364,combined,3,"[322, 402, 431]","[259, 323, 342]",0,0,0.6361388752225926,IOBP,1-1,28,1-1_Day28
418,combined,4,"[24, 154, 340, 537]","[19, 124, 272, 427]",0,0,0.6745559129658477,IOBP,1-1,28,1-1_Day28
448,combined,2,"[785, 787]","[605, 607]",0,0,0.5348469133057278,IOBP,1-1,28,1-1_Day28
455,combined,2,"[318, 497]","[255, 395]",0,0,0.5015583027442181,IOBP,1-1,28,1-1_Day28
464,combined,2,"[115, 178]","[92, 143]",0,0,0.5708048703119959,IOBP,1-1,28,1-1_Day28
492,combined,2,"[524, 721]","[416, 553]",0,0,0.9744546806821852,IOBP,1-1,28,1-1_Day28
504,combined,2,"[94, 570]","[74, 453]",0,0,0.740884250421855,IOBP,1-1,28,1-1_Day28
515,combined,2,"[171, 172]","[137, 138]",0,0,0.506861168139891,IOBP,1-1,28,1-1_Day28
535,combined,2,"[325, 342]","[262, 274]",0,0,0.6163580198894592,IOBP,1-1,28,1-1_Day28
540,combined,2,"[112, 244]","[90, 199]",0,0,0.6812059142664523,IOBP,1-1,28,1-1_Day28
583,combined,2,"[644, 777]","[497, 597]",0,0,0.597177554630813,IOBP,1-1,28,1-1_Day28
22,combined,2,"[267, 898]","[16, 44]",0,0,0.5723391542890439,IOBP,1-1,3,1-1_Day3
49,combined,2,"[752, 757]","[54, 55]",0,0,0.9879905295339718,IOBP,1-1,4,1-1_Day4
11,combined,2,"[1008, 1011]","[239, 240]",0,0,0.8570737635129922,IOBP,1-1,5,1-1_Day5
13,combined,2,"[539, 540]","[139, 140]",0,0,0.9925282248640299,IOBP,1-1,5,1-1_Day5
38,combined,2,"[300, 304]","[86, 89]",0,0,0.7726392752655248,IOBP,1-1,5,1-1_Day5
49,combined,2,"[407, 425]","[108, 113]",0,0,0.9953829877897206,IOBP,1-1,5,1-1_Day5
66,combined,2,"[79, 869]","[16, 207]",0,0,0.5293067384009879,IOBP,1-1,5,1-1_Day5
87,combined,2,"[275, 288]","[74, 79]",0,0,0.5316606328547321,IOBP,1-1,5,1-1_Day5
99,combined,2,"[99, 115]","[22, 26]",0,0,0.9720234278546394,IOBP,1-1,5,1-1_Day5
101,combined,2,"[111, 128]","[24, 32]",0,0,0.5296693864097952,IOBP,1-1,5,1-1_Day5
135,combined,2,"[122, 138]","[29, 35]",0,0,0.6132539808018387,IOBP,1-1,5,1-1_Day5
162,combined,2,"[209, 234]","[54, 60]",0,0,0.5467362023501651,IOBP,1-1,5,1-1_Day5
166,combined,2,"[788, 805]","[194, 197]",0,0,0.6108097358701791,IOBP,1-1,5,1-1_Day5
176,combined,2,"[469, 557]","[127, 141]",0,0,0.6952101524883357,IOBP,1-1,5,1-1_Day5
210,combined,2,"[167, 845]","[46, 205]",0,0,0.6168895928733948,IOBP,1-1,5,1-1_Day5
91,combined,2,"[726, 737]","[147, 151]",0,0,0.5601929817365925,IOBP,1-1,6,1-1_Day6
105,combined,2,"[284, 314]","[71, 75]",0,0,0.5232545194236841,IOBP,1-1,6,1-1_Day6
119,combined,2,"[15, 19]","[1, 3]",0,0,0.8176139912336888,IOBP,1-1,6,1-1_Day6
122,combined,2,"[382, 762]","[88, 154]",0,0,0.5517742783519747,IOBP,1-1,6,1-1_Day6
124,combined,2,"[250, 258]","[63, 64]",0,0,0.7850796308169292,IOBP,1-1,6,1-1_Day6
136,combined,2,"[402, 404]","[93, 95]",0,0,0.9028460278105013,IOBP,1-1,6,1-1_Day6
141,combined,2,"[429, 441]","[100, 105]",0,0,0.7030992622999025,IOBP,1-1,6,1-1_Day6
153,combined,2,"[403, 414]","[94, 96]",0,0,0.833719658243207,IOBP,1-1,6,1-1_Day6
1,combined,2,"[619, 674]","[176, 190]",0,0,0.8692343344826683,IOBP,1-1,7,1-1_Day7
21,combined,2,"[406, 407]","[114, 115]",0,0,0.8907220733613372,IOBP,1-1,7,1-1_Day7
27,combined,2,"[377, 380]","[102, 103]",0,0,0.8395525564291044,IOBP,1-1,7,1-1_Day7
75,combined,2,"[507, 510]","[143, 144]",0,0,0.9845281064042758,IOBP,1-1,7,1-1_Day7
142,combined,2,"[144, 399]","[38, 111]",0,0,0.5346601480930533,IOBP,1-1,7,1-1_Day7
164,combined,2,"[44, 97]","[15, 26]",0,0,0.6592414745162896,IOBP,1-1,7,1-1_Day7
212,combined,2,"[796, 802]","[217, 222]",0,0,0.513708227402765,IOBP,1-1,7,1-1_Day7
10,combined,2,"[331, 397]","[10, 13]",0,0,0.7575798240352288,IOBP,1-2,1,1-2
19,combined,2,"[997, 1002]","[30, 32]",0,0,0.8140774336941378,IOBP,1-2,1,1-2
33,combined,2,"[984, 987]","[27, 28]",0,0,0.8559049752103829,IOBP,1-2,1,1-2
35,combined,2,"[845, 851]","[25, 26]",0,0,0.9934099608750531,IOBP,1-2,1,1-2
33,combined,2,"[247, 458]","[142, 243]",0,0,0.6848294075141659,IOBP,1-2,10,1-2_Day10
53,combined,2,"[119, 127]","[72, 79]",0,0,0.7014061650625556,IOBP,1-2,10,1-2_Day10
111,combined,2,"[280, 285]","[156, 158]",0,0,0.5485124957109914,IOBP,1-2,10,1-2_Day10
138,combined,2,"[408, 416]","[223, 225]",0,0,0.9888244728553162,IOBP,1-2,10,1-2_Day10
156,combined,2,"[351, 355]","[196, 198]",0,0,0.5610380047831206,IOBP,1-2,10,1-2_Day10
199,combined,2,"[343, 369]","[192, 204]",0,0,0.968016664441157,IOBP,1-2,10,1-2_Day10
205,combined,2,"[102, 320]","[62, 177]",0,0,0.6017792389087717,IOBP,1-2,10,1-2_Day10
76,combined,2,"[24, 30]","[16, 20]",0,0,0.6499389070077167,IOBP,1-2,13,1-2_Day13
274,combined,2,"[90, 111]","[68, 86]",0,0,0.5428807353873106,IOBP,1-2,13,1-2_Day13
312,combined,2,"[280, 286]","[205, 209]",0,0,0.6020493851319605,IOBP,1-2,13,1-2_Day13
319,combined,2,"[60, 66]","[47, 52]",0,0,0.6777553572792602,IOBP,1-2,13,1-2_Day13
19,combined,2,"[273, 275]","[12, 13]",0,0,0.7046964673619244,IOBP,1-2,2,1-2_Day2
13,combined,2,"[29, 74]","[17, 45]",0,0,0.5114723605408132,IOBP,1-2,21,1-2_Day21
48,combined,2,"[142, 315]","[88, 201]",0,0,0.9360236939715816,IOBP,1-2,21,1-2_Day21
87,combined,2,"[3, 295]","[2, 192]",0,0,0.556269854409769,IOBP,1-2,21,1-2_Day21
92,combined,2,"[16, 17]","[10, 11]",0,0,0.8886965402734532,IOBP,1-2,21,1-2_Day21
117,combined,2,"[106, 110]","[65, 69]",0,0,0.5200108044348659,IOBP,1-2,21,1-2_Day21
143,combined,2,"[81, 456]","[49, 285]",0,0,0.5273589317242293,IOBP,1-2,21,1-2_Day21
164,combined,2,"[266, 508]","[171, 311]",0,0,0.5150941567307297,IOBP,1-2,21,1-2_Day21
249,combined,2,"[323, 332]","[205, 210]",0,0,0.9193765828327654,IOBP,1-2,21,1-2_Day21
323,combined,2,"[201, 206]","[131, 134]",0,0,0.9682678815126323,IOBP,1-2,21,1-2_Day21
47,combined,3,"[78, 81, 96]","[61, 64, 76]",0,0,0.7464538067183787,IOBP,1-2,28,1-2_Day28
57,combined,2,"[138, 148]","[113, 119]",0,0,0.9947732164662029,IOBP,1-2,28,1-2_Day28
58,combined,2,"[418, 421]","[330, 332]",0,0,0.9972141140862106,IOBP,1-2,28,1-2_Day28
105,combined,2,"[206, 234]","[162, 182]",0,0,0.6518083323735359,IOBP,1-2,28,1-2_Day28
117,combined,2,"[114, 336]","[92, 262]",0,0,0.9763478796559756,IOBP,1-2,28,1-2_Day28
137,combined,3,"[75, 79, 83]","[58, 62, 66]",0,0,0.6944176614960114,IOBP,1-2,28,1-2_Day28
207,combined,2,"[151, 260]","[122, 200]",0,0,0.5134549115460654,IOBP,1-2,28,1-2_Day28
234,combined,2,"[160, 452]","[128, 358]",0,0,0.9065490211488476,IOBP,1-2,28,1-2_Day28
236,combined,2,"[182, 255]","[144, 198]",0,0,0.7087070541371339,IOBP,1-2,28,1-2_Day28
240,combined,2,"[449, 453]","[355, 359]",0,0,0.6197421874852764,IOBP,1-2,28,1-2_Day28
276,combined,2,"[350, 355]","[274, 278]",0,0,0.5999197402428945,IOBP,1-2,28,1-2_Day28
307,combined,2,"[37, 345]","[28, 271]",0,0,0.710918701040611,IOBP,1-2,28,1-2_Day28
314,combined,2,"[265, 474]","[205, 375]",0,0,0.5571175641099079,IOBP,1-2,28,1-2_Day28
341,combined,2,"[30, 35]","[22, 26]",0,0,0.7318348630531682,IOBP,1-2,28,1-2_Day28
18,combined,2,"[96, 107]","[5, 6]",0,0,0.9651106456247952,IOBP,1-2,3,1-2_Day3
41,combined,2,"[254, 270]","[20, 22]",0,0,0.7845008635254604,IOBP,1-2,4,1-2_Day4
50,combined,2,"[144, 156]","[13, 14]",0,0,0.6842368848540886,IOBP,1-2,4,1-2_Day4
15,combined,2,"[200, 207]","[56, 58]",0,0,0.5373849248121548,IOBP,1-2,5,1-2_Day5
35,combined,2,"[163, 164]","[43, 44]",0,0,0.8475793941984915,IOBP,1-2,5,1-2_Day5
45,combined,2,"[44, 50]","[9, 11]",0,0,0.5158891662249595,IOBP,1-2,5,1-2_Day5
79,combined,2,"[120, 127]","[27, 30]",0,0,0.7400569797433407,IOBP,1-2,5,1-2_Day5
81,combined,2,"[402, 406]","[120, 121]",0,0,0.7948916592182441,IOBP,1-2,5,1-2_Day5
85,combined,2,"[48, 302]","[10, 87]",0,0,0.5205908154826364,IOBP,1-2,5,1-2_Day5
99,combined,2,"[104, 133]","[21, 34]",0,0,0.5992503115231936,IOBP,1-2,5,1-2_Day5
113,combined,2,"[183, 189]","[49, 52]",0,0,0.7686991014469587,IOBP,1-2,5,1-2_Day5
1,combined,2,"[577, 580]","[164, 165]",0,0,0.8459275879349166,IOBP,1-2,6,1-2_Day6
9,combined,2,"[204, 213]","[56, 63]",0,0,0.653767054289726,IOBP,1-2,6,1-2_Day6
11,combined,2,"[206, 211]","[58, 62]",0,0,0.9711570542359491,IOBP,1-2,6,1-2_Day6
20,combined,2,"[192, 196]","[53, 54]",0,0,0.5299253745766062,IOBP,1-2,6,1-2_Day6
77,combined,2,"[563, 565]","[161, 162]",0,0,0.708478097872541,IOBP,1-2,6,1-2_Day6
93,combined,2,"[214, 218]","[64, 67]",0,0,0.8038073034672115,IOBP,1-2,6,1-2_Day6
113,combined,2,"[175, 177]","[49, 50]",0,0,0.7424856183037065,IOBP,1-2,6,1-2_Day6
125,combined,2,"[32, 128]","[10, 39]",0,0,0.9719419081488965,IOBP,1-2,6,1-2_Day6
155,combined,2,"[621, 627]","[179, 181]",0,0,0.9787618487682267,IOBP,1-2,6,1-2_Day6
181,combined,2,"[28, 29]","[7, 8]",0,0,0.9968498989423482,IOBP,1-2,6,1-2_Day6
47,combined,2,"[194, 202]","[86, 91]",0,0,0.665485592406121,IOBP,1-2,7,1-2_Day7
52,combined,2,"[161, 162]","[69, 70]",0,0,0.6202176136170404,IOBP,1-2,7,1-2_Day7
13,combined,3,"[694, 749, 766]","[6, 8, 10]",0,0,0.7925248573317552,IOBP,1-3,1,1-3
13,combined,2,"[512, 616]","[277, 332]",0,0,0.5457256376339484,IOBP,1-3,10,1-3_Day10
18,combined,2,"[47, 107]","[24, 64]",0,0,0.5487767239798453,IOBP,1-3,10,1-3_Day10
55,combined,2,"[269, 287]","[142, 150]",0,0,0.8994356868766961,IOBP,1-3,10,1-3_Day10
56,combined,2,"[532, 533]","[285, 286]",0,0,0.7164850075124972,IOBP,1-3,10,1-3_Day10
68,combined,5,"[382, 492, 495, 537, 614]","[200, 267, 270, 289, 330]",0,0,0.5904349623844377,IOBP,1-3,10,1-3_Day10
95,combined,2,"[291, 303]","[153, 162]",0,0,0.6383071328941798,IOBP,1-3,10,1-3_Day10
115,combined,2,"[618, 858]","[333, 439]",0,0,0.5662891765731434,IOBP,1-3,10,1-3_Day10
124,combined,2,"[499, 598]","[272, 320]",0,0,0.5116795855103707,IOBP,1-3,10,1-3_Day10
130,combined,2,"[1004, 1051]","[517, 539]",0,0,0.5461159560018707,IOBP,1-3,10,1-3_Day10
134,combined,2,"[881, 885]","[449, 452]",0,0,0.6399130666693801,IOBP,1-3,10,1-3_Day10
153,combined,3,"[123, 463, 1224]","[70, 250, 621]",0,0,0.5786956479903466,IOBP,1-3,10,1-3_Day10
154,combined,3,"[117, 744, 1193]","[68, 390, 607]",0,0,0.6279334377714538,IOBP,1-3,10,1-3_Day10
155,combined,2,"[162, 1070]","[94, 548]",0,0,0.5286198775961022,IOBP,1-3,10,1-3_Day10
177,combined,2,"[195, 202]","[105, 108]",0,0,0.5234222371280943,IOBP,1-3,10,1-3_Day10
182,combined,2,"[148, 260]","[83, 137]",0,0,0.710455855565614,IOBP,1-3,10,1-3_Day10
236,combined,3,"[627, 642, 654]","[338, 344, 349]",0,0,0.5373763796795298,IOBP,1-3,10,1-3_Day10
244,combined,2,"[640, 710]","[342, 372]",0,0,0.5247248736520337,IOBP,1-3,10,1-3_Day10
253,combined,2,"[1033, 1127]","[531, 573]",0,0,0.5267487313986745,IOBP,1-3,10,1-3_Day10
258,combined,2,"[234, 312]","[123, 168]",0,0,0.731528628144233,IOBP,1-3,10,1-3_Day10
264,combined,3,"[494, 528, 574]","[269, 282, 309]",0,0,0.6477981765592458,IOBP,1-3,10,1-3_Day10
289,combined,2,"[953, 1084]","[485, 556]",0,0,0.5493246729396571,IOBP,1-3,10,1-3_Day10
290,combined,2,"[352, 353]","[187, 188]",0,0,0.8602590654946202,IOBP,1-3,10,1-3_Day10
323,combined,2,"[62, 79]","[36, 47]",0,0,0.6434252776593424,IOBP,1-3,10,1-3_Day10
403,combined,2,"[950, 994]","[483, 511]",0,0,0.7477997498504433,IOBP,1-3,10,1-3_Day10
416,combined,2,"[414, 553]","[218, 296]",0,0,0.5358536885043491,IOBP,1-3,10,1-3_Day10
439,combined,2,"[173, 181]","[97, 99]",0,0,0.9809187309290683,IOBP,1-3,10,1-3_Day10
449,combined,2,"[400, 1007]","[211, 518]",0,0,0.5303757741635959,IOBP,1-3,10,1-3_Day10
479,combined,3,"[490, 770, 821]","[265, 405, 426]",0,0,0.5306364614185886,IOBP,1-3,10,1-3_Day10
502,combined,2,"[159, 1214]","[91, 617]",0,0,0.5305088604989067,IOBP,1-3,10,1-3_Day10
525,combined,2,"[48, 61]","[25, 35]",0,0,0.8446185233148488,IOBP,1-3,10,1-3_Day10
534,combined,2,"[484, 589]","[262, 315]",0,0,0.5204380699243332,IOBP,1-3,10,1-3_Day10
548,combined,2,"[659, 674]","[352, 358]",0,0,0.8720491824620021,IOBP,1-3,10,1-3_Day10
553,combined,2,"[189, 219]","[102, 115]",0,0,0.5980570181188214,IOBP,1-3,10,1-3_Day10
563,combined,2,"[391, 399]","[205, 210]",0,0,0.7761493686873676,IOBP,1-3,10,1-3_Day10
568,combined,2,"[210, 307]","[110, 164]",0,0,0.5418433612247749,IOBP,1-3,10,1-3_Day10
28,combined,2,"[423, 429]","[291, 295]",0,0,0.5052954823521716,IOBP,1-3,13,1-3_Day13
55,combined,3,"[697, 721, 722]","[473, 487, 488]",0,0,0.5793293758435213,IOBP,1-3,13,1-3_Day13
219,combined,2,"[931, 1041]","[626, 690]",0,0,0.5046221047805151,IOBP,1-3,13,1-3_Day13
266,combined,2,"[154, 189]","[104, 126]",0,0,0.8814331599318339,IOBP,1-3,13,1-3_Day13
305,combined,2,"[830, 859]","[561, 582]",0,0,0.606501857246261,IOBP,1-3,13,1-3_Day13
306,combined,2,"[800, 833]","[540, 562]",0,0,0.6020313485331329,IOBP,1-3,13,1-3_Day13
312,combined,2,"[872, 874]","[589, 591]",0,0,0.5780900382237825,IOBP,1-3,13,1-3_Day13
339,combined,3,"[762, 780, 796]","[513, 525, 538]",0,0,0.9161259091331287,IOBP,1-3,13,1-3_Day13
340,combined,3,"[749, 765, 793]","[503, 515, 535]",0,0,0.6359209399187714,IOBP,1-3,13,1-3_Day13
341,combined,2,"[49, 125]","[34, 87]",0,0,0.6938940380561247,IOBP,1-3,13,1-3_Day13
417,combined,2,"[411, 412]","[282, 283]",0,0,0.9619744413725058,IOBP,1-3,13,1-3_Day13
438,combined,2,"[858, 860]","[581, 583]",0,0,0.5114883411536437,IOBP,1-3,13,1-3_Day13
449,combined,2,"[204, 274]","[137, 190]",0,0,0.687942613766219,IOBP,1-3,13,1-3_Day13
473,combined,2,"[233, 445]","[159, 307]",0,0,0.7392069629743659,IOBP,1-3,13,1-3_Day13
489,combined,2,"[473, 477]","[323, 325]",0,0,0.8029573378958506,IOBP,1-3,13,1-3_Day13
516,combined,2,"[139, 1044]","[95, 692]",0,0,0.5027019470671733,IOBP,1-3,13,1-3_Day13
528,combined,2,"[108, 500]","[73, 344]",0,0,0.5370978452486124,IOBP,1-3,13,1-3_Day13
538,combined,2,"[170, 208]","[114, 140]",0,0,0.9691751988565939,IOBP,1-3,13,1-3_Day13
542,combined,2,"[95, 715]","[64, 484]",0,0,0.5055180510333461,IOBP,1-3,13,1-3_Day13
587,combined,2,"[230, 237]","[156, 163]",0,0,0.5027381019786457,IOBP,1-3,13,1-3_Day13
597,combined,2,"[637, 656]","[431, 443]",0,0,0.5272094877747177,IOBP,1-3,13,1-3_Day13
619,combined,2,"[248, 267]","[171, 184]",0,0,0.668078561017214,IOBP,1-3,13,1-3_Day13
635,combined,2,"[458, 550]","[315, 381]",0,0,0.7018202353580645,IOBP,1-3,13,1-3_Day13
645,combined,2,"[502, 520]","[346, 359]",0,0,0.9756543494809942,IOBP,1-3,13,1-3_Day13
27,combined,2,"[1226, 1230]","[30, 31]",0,0,0.813491912240442,IOBP,1-3,2,1-3_Day2
16,combined,2,"[554, 852]","[366, 558]",0,0,0.5548078951348009,IOBP,1-3,21,1-3_Day21
23,combined,4,"[29, 35, 44, 49]","[20, 23, 30, 33]",0,0,0.6638701759746866,IOBP,1-3,21,1-3_Day21
41,combined,2,"[129, 731]","[82, 479]",0,0,0.8727661185374124,IOBP,1-3,21,1-3_Day21
61,combined,2,"[350, 356]","[232, 235]",0,0,0.5701152522438744,IOBP,1-3,21,1-3_Day21
79,combined,2,"[377, 396]","[248, 257]",0,0,0.9925647927522774,IOBP,1-3,21,1-3_Day21
82,combined,2,"[335, 942]","[221, 615]",0,0,0.512489321261045,IOBP,1-3,21,1-3_Day21
83,combined,2,"[197, 381]","[126, 251]",0,0,0.5798833357491756,IOBP,1-3,21,1-3_Day21
88,combined,2,"[368, 369]","[243, 244]",0,0,0.8916813692828742,IOBP,1-3,21,1-3_Day21
94,combined,2,"[367, 475]","[242, 308]",0,0,0.5606685738058818,IOBP,1-3,21,1-3_Day21
236,combined,2,"[106, 269]","[77, 177]",0,0,0.5206551891194859,IOBP,1-3,21,1-3_Day21
239,combined,2,"[580, 582]","[383, 385]",0,0,0.7829324571401344,IOBP,1-3,21,1-3_Day21
255,combined,2,"[307, 309]","[206, 207]",0,0,0.5008229758523235,IOBP,1-3,21,1-3_Day21
262,combined,2,"[583, 615]","[386, 407]",0,0,0.5947578268447935,IOBP,1-3,21,1-3_Day21
263,combined,2,"[512, 842]","[334, 551]",0,0,0.5458993080003356,IOBP,1-3,21,1-3_Day21
295,combined,2,"[156, 361]","[101, 239]",0,0,0.6186058308850546,IOBP,1-3,21,1-3_Day21
300,combined,2,"[86, 190]","[59, 121]",0,0,0.5993374345442746,IOBP,1-3,21,1-3_Day21
316,combined,2,"[634, 690]","[421, 455]",0,0,0.5410243871735666,IOBP,1-3,21,1-3_Day21
331,combined,3,"[15, 325, 721]","[10, 216, 472]",0,0,0.6637579767235112,IOBP,1-3,21,1-3_Day21
337,combined,3,"[296, 412, 465]","[196, 269, 301]",0,0,0.9192333312819017,IOBP,1-3,21,1-3_Day21
362,combined,2,"[67, 491]","[46, 319]",0,0,0.8621135417582039,IOBP,1-3,21,1-3_Day21
363,combined,3,"[655, 723, 985]","[434, 474, 641]",0,0,0.7224441745517055,IOBP,1-3,21,1-3_Day21
367,combined,2,"[704, 743]","[463, 485]",0,0,0.5268510300601951,IOBP,1-3,21,1-3_Day21
388,combined,2,"[305, 457]","[204, 294]",0,0,0.6123314186242818,IOBP,1-3,21,1-3_Day21
390,combined,2,"[642, 754]","[426, 493]",0,0,0.9860163996524657,IOBP,1-3,21,1-3_Day21
452,combined,2,"[343, 857]","[226, 561]",0,0,0.6337414115277753,IOBP,1-3,21,1-3_Day21
454,combined,3,"[221, 424, 957]","[144, 275, 622]",0,0,0.5283461964575268,IOBP,1-3,21,1-3_Day21
476,combined,2,"[486, 498]","[317, 324]",0,0,0.5113536374492345,IOBP,1-3,21,1-3_Day21
500,combined,2,"[476, 481]","[309, 314]",0,0,0.7420244770989523,IOBP,1-3,21,1-3_Day21
520,combined,2,"[42, 274]","[28, 182]",0,0,0.6368166727849256,IOBP,1-3,21,1-3_Day21
552,combined,2,"[27, 53]","[18, 37]",0,0,0.5087917568217666,IOBP,1-3,21,1-3_Day21
614,combined,2,"[763, 1021]","[500, 668]",0,0,0.6664085742246971,IOBP,1-3,21,1-3_Day21
45,combined,2,"[382, 411]","[321, 345]",0,0,0.7081286736618446,IOBP,1-3,28,1-3_Day28
46,combined,3,"[446, 451, 467]","[374, 379, 394]",0,0,0.7065813581333843,IOBP,1-3,28,1-3_Day28
54,combined,2,"[214, 215]","[176, 177]",0,0,0.7054213569887324,IOBP,1-3,28,1-3_Day28
70,combined,2,"[337, 356]","[286, 301]",0,0,0.5696806054515414,IOBP,1-3,28,1-3_Day28
82,combined,2,"[373, 820]","[314, 697]",0,0,0.621194211193268,IOBP,1-3,28,1-3_Day28
94,combined,2,"[617, 723]","[521, 613]",0,0,0.7447045130307214,IOBP,1-3,28,1-3_Day28
169,combined,2,"[439, 441]","[368, 370]",0,0,0.7577757492631416,IOBP,1-3,28,1-3_Day28
203,combined,3,"[587, 758, 908]","[497, 641, 764]",0,0,0.9734489915921068,IOBP,1-3,28,1-3_Day28
255,combined,2,"[71, 77]","[62, 67]",0,0,0.8620607807812513,IOBP,1-3,28,1-3_Day28
258,combined,2,"[187, 194]","[154, 160]",0,0,0.5856678474750632,IOBP,1-3,28,1-3_Day28
286,combined,2,"[737, 748]","[625, 632]",0,0,0.9768802471276806,IOBP,1-3,28,1-3_Day28
287,combined,2,"[67, 302]","[59, 257]",0,0,0.8931961594695048,IOBP,1-3,28,1-3_Day28
321,combined,2,"[303, 521]","[258, 441]",0,0,0.5120321944218237,IOBP,1-3,28,1-3_Day28
356,combined,2,"[556, 565]","[469, 478]",0,0,0.9443763666970675,IOBP,1-3,28,1-3_Day28
362,combined,2,"[818, 827]","[695, 703]",0,0,0.8116758707737756,IOBP,1-3,28,1-3_Day28
413,combined,2,"[7, 17]","[5, 14]",0,0,0.5277462905169416,IOBP,1-3,28,1-3_Day28
488,combined,2,"[393, 898]","[332, 756]",0,0,0.9824942153255357,IOBP,1-3,28,1-3_Day28
534,combined,2,"[523, 797]","[443, 675]",0,0,0.529540865947551,IOBP,1-3,28,1-3_Day28
580,combined,2,"[216, 957]","[178, 806]",0,0,0.553730398871067,IOBP,1-3,28,1-3_Day28
583,combined,2,"[265, 628]","[222, 531]",0,0,0.5625465422815238,IOBP,1-3,28,1-3_Day28
584,combined,2,"[261, 348]","[218, 295]",0,0,0.5477418119627562,IOBP,1-3,28,1-3_Day28
599,combined,2,"[563, 571]","[476, 482]",0,0,0.5241165221380315,IOBP,1-3,28,1-3_Day28
688,combined,4,"[148, 287, 458, 526]","[120, 244, 385, 446]",0,0,0.6439127374183714,IOBP,1-3,28,1-3_Day28
747,combined,2,"[665, 945]","[562, 796]",0,0,0.5385956848544771,IOBP,1-3,28,1-3_Day28
8,combined,2,"[1236, 1264]","[71, 75]",0,0,0.9899196557533179,IOBP,1-3,3,1-3_Day3
10,combined,2,"[192, 900]","[11, 60]",0,0,0.5957524434114659,IOBP,1-3,3,1-3_Day3
14,combined,2,"[644, 681]","[43, 46]",0,0,0.8378947447284801,IOBP,1-3,3,1-3_Day3
30,combined,2,"[519, 562]","[32, 36]",0,0,0.6906013733330925,IOBP,1-3,3,1-3_Day3
36,combined,2,"[869, 1116]","[57, 68]",0,0,0.601874080902814,IOBP,1-3,3,1-3_Day3
58,combined,2,"[404, 581]","[26, 37]",0,0,0.5333593473187426,IOBP,1-3,3,1-3_Day3
61,combined,2,"[77, 97]","[4, 7]",0,0,0.9762037374358916,IOBP,1-3,3,1-3_Day3
67,combined,2,"[1255, 1263]","[73, 74]",0,0,0.8727942086308115,IOBP,1-3,3,1-3_Day3
68,combined,2,"[677, 698]","[55, 57]",0,0,0.9827114931921893,IOBP,1-3,4,1-3_Day4
76,combined,2,"[345, 357]","[29, 30]",0,0,0.7502512576755156,IOBP,1-3,4,1-3_Day4
89,combined,2,"[1415, 1431]","[106, 108]",0,0,0.6683670486516909,IOBP,1-3,4,1-3_Day4
1,combined,2,"[1402, 1448]","[352, 363]",0,0,0.7628642735349512,IOBP,1-3,5,1-3_Day5
9,combined,2,"[1191, 1202]","[300, 303]",0,0,0.8701790299020885,IOBP,1-3,5,1-3_Day5
24,combined,2,"[1175, 1187]","[295, 298]",0,0,0.9820131332056539,IOBP,1-3,5,1-3_Day5
30,combined,3,"[475, 509, 531]","[129, 138, 143]",0,0,0.5803491195661353,IOBP,1-3,5,1-3_Day5
32,combined,2,"[1270, 1271]","[319, 320]",0,0,0.7017593916224887,IOBP,1-3,5,1-3_Day5
43,combined,2,"[281, 333]","[83, 95]",0,0,0.6314337251849571,IOBP,1-3,5,1-3_Day5
46,combined,2,"[319, 1439]","[87, 359]",0,0,0.5216646660188275,IOBP,1-3,5,1-3_Day5
51,combined,2,"[220, 237]","[68, 71]",0,0,0.7472992639858952,IOBP,1-3,5,1-3_Day5
57,combined,2,"[875, 991]","[223, 258]",0,0,0.7353782542658336,IOBP,1-3,5,1-3_Day5
122,combined,2,"[14, 18]","[5, 7]",0,0,0.6974684809601842,IOBP,1-3,5,1-3_Day5
131,combined,2,"[1064, 1528]","[272, 387]",0,0,0.5576403050817358,IOBP,1-3,5,1-3_Day5
132,combined,2,"[904, 946]","[234, 245]",0,0,0.5758070784300455,IOBP,1-3,5,1-3_Day5
133,combined,2,"[207, 856]","[62, 220]",0,0,0.9319318565106564,IOBP,1-3,5,1-3_Day5
136,combined,2,"[1154, 1166]","[290, 293]",0,0,0.5564404768436275,IOBP,1-3,5,1-3_Day5
147,combined,3,"[363, 364, 369]","[107, 108, 110]",0,0,0.641901207642989,IOBP,1-3,5,1-3_Day5
148,combined,2,"[894, 1028]","[231, 268]",0,0,0.5104757274919917,IOBP,1-3,5,1-3_Day5
149,combined,2,"[479, 1037]","[131, 270]",0,0,0.5779861098678308,IOBP,1-3,5,1-3_Day5
153,combined,2,"[899, 1017]","[232, 265]",0,0,0.5458552724173054,IOBP,1-3,5,1-3_Day5
154,combined,2,"[966, 1070]","[250, 274]",0,0,0.7121627047365706,IOBP,1-3,5,1-3_Day5
176,combined,2,"[352, 1306]","[102, 326]",0,0,0.5500802588497409,IOBP,1-3,5,1-3_Day5
190,combined,3,"[1360, 1426, 1445]","[336, 355, 362]",0,0,0.5455168853249497,IOBP,1-3,5,1-3_Day5
193,combined,4,"[497, 501, 599, 1475]","[134, 136, 160, 370]",0,0,0.6920239929786512,IOBP,1-3,5,1-3_Day5
207,combined,3,"[36, 212, 820]","[13, 64, 214]",0,0,0.7585877516657827,IOBP,1-3,5,1-3_Day5
208,combined,2,"[1288, 1458]","[324, 368]",0,0,0.5643855207401713,IOBP,1-3,5,1-3_Day5
212,combined,2,"[1403, 1455]","[353, 366]",0,0,0.5579016999071239,IOBP,1-3,5,1-3_Day5
214,combined,2,"[1396, 1515]","[350, 384]",0,0,0.5490623782290054,IOBP,1-3,5,1-3_Day5
217,combined,2,"[216, 241]","[65, 74]",0,0,0.9804144815459651,IOBP,1-3,5,1-3_Day5
235,combined,2,"[356, 361]","[103, 106]",0,0,0.6763436460385174,IOBP,1-3,5,1-3_Day5
238,combined,2,"[146, 159]","[49, 51]",0,0,0.6417495334219767,IOBP,1-3,5,1-3_Day5
248,combined,2,"[941, 1010]","[243, 263]",0,0,0.6789415815423527,IOBP,1-3,5,1-3_Day5
264,combined,2,"[1225, 1532]","[308, 388]",0,0,0.7220600251673319,IOBP,1-3,5,1-3_Day5
265,combined,2,"[714, 801]","[191, 207]",0,0,0.8016360760916915,IOBP,1-3,5,1-3_Day5
276,combined,2,"[1449, 1451]","[364, 365]",0,0,0.7555275819552194,IOBP,1-3,5,1-3_Day5
299,combined,2,"[357, 556]","[104, 149]",0,0,0.5661233247950629,IOBP,1-3,5,1-3_Day5
303,combined,2,"[962, 1031]","[248, 269]",0,0,0.5692936353796888,IOBP,1-3,5,1-3_Day5
311,combined,2,"[631, 686]","[173, 187]",0,0,0.96795128423076,IOBP,1-3,5,1-3_Day5
326,combined,2,"[181, 191]","[55, 58]",0,0,0.6528860728659336,IOBP,1-3,5,1-3_Day5
334,combined,2,"[297, 302]","[84, 85]",0,0,0.6185551901156223,IOBP,1-3,5,1-3_Day5
336,combined,2,"[1438, 1514]","[358, 383]",0,0,0.9557234433162073,IOBP,1-3,5,1-3_Day5
340,combined,2,"[1218, 1286]","[307, 322]",0,0,0.5179274395836047,IOBP,1-3,5,1-3_Day5
349,combined,2,"[947, 963]","[246, 249]",0,0,0.8040634738111694,IOBP,1-3,5,1-3_Day5
350,combined,2,"[143, 157]","[47, 50]",0,0,0.6044409984188095,IOBP,1-3,5,1-3_Day5
18,combined,2,"[8, 378]","[3, 149]",0,0,0.5150370243703872,IOBP,1-3,6,1-3_Day6
31,combined,3,"[29, 1081, 1255]","[15, 366, 426]",0,0,0.7542274634393742,IOBP,1-3,6,1-3_Day6
33,combined,5,"[253, 312, 319, 340, 384]","[96, 128, 131, 139, 151]",0,0,0.8596410265730862,IOBP,1-3,6,1-3_Day6
43,combined,2,"[846, 1286]","[304, 439]",0,0,0.5778109760499486,IOBP,1-3,6,1-3_Day6
51,combined,2,"[540, 549]","[210, 212]",0,0,0.8532925328014795,IOBP,1-3,6,1-3_Day6
63,combined,2,"[758, 770]","[274, 278]",0,0,0.9882287542905288,IOBP,1-3,6,1-3_Day6
72,combined,2,"[71, 72]","[36, 37]",0,0,0.9017228358485114,IOBP,1-3,6,1-3_Day6
79,combined,2,"[823, 851]","[296, 305]",0,0,0.5362191665473761,IOBP,1-3,6,1-3_Day6
119,combined,2,"[36, 240]","[17, 89]",0,0,0.5512757298199761,IOBP,1-3,6,1-3_Day6
127,combined,2,"[281, 283]","[115, 116]",0,0,0.963409825152069,IOBP,1-3,6,1-3_Day6
153,combined,2,"[245, 1126]","[92, 378]",0,0,0.5943870474595253,IOBP,1-3,6,1-3_Day6
158,combined,2,"[713, 1052]","[261, 355]",0,0,0.5659630756089183,IOBP,1-3,6,1-3_Day6
164,combined,2,"[87, 347]","[43, 140]",0,0,0.5067967267592978,IOBP,1-3,6,1-3_Day6
188,combined,2,"[1208, 1261]","[403, 429]",0,0,0.5892314432599425,IOBP,1-3,6,1-3_Day6
192,combined,2,"[614, 968]","[230, 326]",0,0,0.5161433700573372,IOBP,1-3,6,1-3_Day6
206,combined,2,"[50, 93]","[25, 46]",0,0,0.7380025885726211,IOBP,1-3,6,1-3_Day6
214,combined,2,"[636, 639]","[240, 241]",0,0,0.7417353997102475,IOBP,1-3,6,1-3_Day6
225,combined,2,"[839, 1203]","[301, 401]",0,0,0.6771949228229234,IOBP,1-3,6,1-3_Day6
264,combined,3,"[471, 487, 488]","[177, 186, 187]",0,0,0.6315265442387079,IOBP,1-3,6,1-3_Day6
270,combined,2,"[241, 243]","[90, 91]",0,0,0.701728137469726,IOBP,1-3,6,1-3_Day6
283,combined,2,"[611, 1048]","[228, 353]",0,0,0.5105746507577026,IOBP,1-3,6,1-3_Day6
331,combined,2,"[139, 792]","[58, 286]",0,0,0.6996482576447552,IOBP,1-3,6,1-3_Day6
347,combined,2,"[336, 1254]","[138, 425]",0,0,0.7654812456617452,IOBP,1-3,6,1-3_Day6
354,combined,2,"[613, 653]","[229, 245]",0,0,0.5376772013563134,IOBP,1-3,6,1-3_Day6
365,combined,2,"[280, 285]","[114, 117]",0,0,0.9872413102434345,IOBP,1-3,6,1-3_Day6
399,combined,2,"[183, 187]","[73, 75]",0,0,0.7467300548460917,IOBP,1-3,6,1-3_Day6
413,combined,2,"[1067, 1073]","[360, 361]",0,0,0.9042726378919009,IOBP,1-3,6,1-3_Day6
1,combined,2,"[70, 92]","[39, 50]",0,0,0.7339121338623612,IOBP,1-3,7,1-3_Day7
22,combined,2,"[356, 372]","[207, 218]",0,0,0.5486827318044616,IOBP,1-3,7,1-3_Day7
37,combined,2,"[1083, 1105]","[606, 616]",0,0,0.5866960323611258,IOBP,1-3,7,1-3_Day7
40,combined,2,"[664, 686]","[361, 377]",0,0,0.8432020839402425,IOBP,1-3,7,1-3_Day7
42,combined,3,"[2, 3, 17]","[1, 2, 12]",0,0,0.6648817452617819,IOBP,1-3,7,1-3_Day7
77,combined,3,"[624, 626, 885]","[343, 345, 484]",0,0,0.8224985824455047,IOBP,1-3,7,1-3_Day7
84,combined,2,"[1127, 1133]","[633, 637]",0,0,0.6025849643877418,IOBP,1-3,7,1-3_Day7
95,combined,2,"[237, 343]","[133, 201]",0,0,0.5978161980332518,IOBP,1-3,7,1-3_Day7
124,combined,2,"[559, 977]","[313, 540]",0,0,0.502056826355184,IOBP,1-3,7,1-3_Day7
159,combined,2,"[361, 420]","[212, 243]",0,0,0.5509561019301624,IOBP,1-3,7,1-3_Day7
167,combined,2,"[1081, 1096]","[605, 610]",0,0,0.5530556807056585,IOBP,1-3,7,1-3_Day7
170,combined,2,"[982, 1003]","[544, 555]",0,0,0.6190322686981548,IOBP,1-3,7,1-3_Day7
217,combined,2,"[278, 945]","[159, 522]",0,0,0.5087902309709613,IOBP,1-3,7,1-3_Day7
219,combined,2,"[1099, 1135]","[611, 638]",0,0,0.592063863701109,IOBP,1-3,7,1-3_Day7
244,combined,2,"[915, 940]","[503, 518]",0,0,0.8481297804667707,IOBP,1-3,7,1-3_Day7
257,combined,2,"[676, 679]","[371, 373]",0,0,0.6852742832855062,IOBP,1-3,7,1-3_Day7
293,combined,2,"[633, 757]","[349, 419]",0,0,0.5391551968305247,IOBP,1-3,7,1-3_Day7
304,combined,2,"[19, 35]","[14, 21]",0,0,0.8787013709689463,IOBP,1-3,7,1-3_Day7
313,combined,2,"[567, 577]","[319, 322]",0,0,0.99081791494031,IOBP,1-3,7,1-3_Day7
317,combined,2,"[840, 848]","[458, 462]",0,0,0.9803026654746945,IOBP,1-3,7,1-3_Day7
324,combined,2,"[657, 722]","[357, 397]",0,0,0.6788526269081065,IOBP,1-3,7,1-3_Day7
344,combined,2,"[806, 812]","[441, 445]",0,0,0.9003520702759797,IOBP,1-3,7,1-3_Day7
381,combined,2,"[1018, 1053]","[564, 583]",0,0,0.8940930044714276,IOBP,1-3,7,1-3_Day7
401,combined,2,"[487, 514]","[277, 290]",0,0,0.6635595689660789,IOBP,1-3,7,1-3_Day7
425,combined,2,"[445, 510]","[258, 287]",0,0,0.6675536023455003,IOBP,1-3,7,1-3_Day7
426,combined,2,"[503, 1068]","[284, 595]",0,0,0.5546718774329543,IOBP,1-3,7,1-3_Day7
435,combined,2,"[96, 107]","[53, 63]",0,0,0.7398177264554339,IOBP,1-3,7,1-3_Day7
448,combined,3,"[4, 204, 566]","[3, 114, 318]",0,0,0.6801495824944096,IOBP,1-3,7,1-3_Day7
454,combined,2,"[894, 967]","[488, 533]",0,0,0.5281010450430595,IOBP,1-3,7,1-3_Day7
487,combined,13,"[199, 239, 250, 261, 280, 282, 288, 290, 291, 308, 320, 337, 380]","[112, 135, 144, 151, 161, 163, 166, 167, 168, 178, 187, 198, 222]",0,0,0.7583702096621773,IOBP,1-3,7,1-3_Day7
495,combined,2,"[247, 498]","[142, 282]",0,0,0.5141052044781937,IOBP,1-3,7,1-3_Day7
498,combined,2,"[271, 310]","[154, 179]",0,0,0.5756578387834774,IOBP,1-3,7,1-3_Day7
509,combined,2,"[1075, 1085]","[601, 607]",0,0,0.7910158633159834,IOBP,1-3,7,1-3_Day7
522,combined,3,"[884, 978, 987]","[483, 541, 547]",0,0,0.8324522669271612,IOBP,1-3,7,1-3_Day7
524,combined,2,"[568, 899]","[320, 493]",0,0,0.5317265726825616,IOBP,1-3,7,1-3_Day7
532,combined,2,"[609, 632]","[334, 348]",0,0,0.686783975916632,IOBP,1-3,7,1-3_Day7
542,combined,2,"[432, 990]","[249, 549]",0,0,0.5123388458077487,IOBP,1-3,7,1-3_Day7
543,combined,2,"[617, 781]","[341, 430]",0,0,0.5437946028735747,IOBP,1-3,7,1-3_Day7
570,combined,2,"[229, 241]","[128, 137]",0,0,0.7677774245221184,IOBP,1-3,7,1-3_Day7
583,combined,2,"[965, 1049]","[532, 580]",0,0,0.9015097274139041,IOBP,1-3,7,1-3_Day7
6,combined,3,"[1335, 1339, 1346]","[50, 51, 52]",0,0,0.6859375600349815,IOBP,1-4,1,1-4
14,combined,2,"[703, 716]","[20, 22]",0,0,0.7556134089021813,IOBP,1-4,1,1-4
18,combined,2,"[906, 919]","[30, 32]",0,0,0.6815467195227107,IOBP,1-4,1,1-4
27,combined,2,"[1117, 1121]","[39, 40]",0,0,0.9822856751200533,IOBP,1-4,1,1-4
37,combined,2,"[819, 831]","[26, 27]",0,0,0.571560011798245,IOBP,1-4,1,1-4
43,combined,2,"[625, 723]","[18, 23]",0,0,0.7861834027125282,IOBP,1-4,1,1-4
45,combined,2,"[616, 618]","[370, 372]",0,0,0.5097256849162572,IOBP,1-4,10,1-4_Day10
99,combined,2,"[315, 320]","[197, 201]",0,0,0.881801404695763,IOBP,1-4,10,1-4_Day10
114,combined,2,"[240, 241]","[140, 141]",0,0,0.6681299395945699,IOBP,1-4,10,1-4_Day10
148,combined,2,"[375, 387]","[240, 249]",0,0,0.7389396346914876,IOBP,1-4,10,1-4_Day10
153,combined,3,"[290, 295, 297]","[175, 180, 182]",0,0,0.7626545989477852,IOBP,1-4,10,1-4_Day10
160,combined,2,"[354, 649]","[226, 390]",0,0,0.5450525013261793,IOBP,1-4,10,1-4_Day10
176,combined,2,"[24, 43]","[11, 21]",0,0,0.7169328772426582,IOBP,1-4,10,1-4_Day10
215,combined,2,"[41, 91]","[20, 56]",0,0,0.78886357080548,IOBP,1-4,10,1-4_Day10
242,combined,2,"[27, 378]","[13, 242]",0,0,0.544261760654978,IOBP,1-4,10,1-4_Day10
355,combined,2,"[262, 396]","[155, 253]",0,0,0.5448983489850419,IOBP,1-4,10,1-4_Day10
71,combined,2,"[327, 331]","[197, 200]",0,0,0.5053959075400736,IOBP,1-4,13,1-4_Day13
139,combined,2,"[197, 493]","[116, 297]",0,0,0.6234659992097871,IOBP,1-4,13,1-4_Day13
170,combined,2,"[55, 59]","[29, 32]",0,0,0.7635571401425427,IOBP,1-4,13,1-4_Day13
207,combined,2,"[483, 548]","[292, 329]",0,0,0.5354401896983427,IOBP,1-4,13,1-4_Day13
276,combined,2,"[348, 355]","[210, 214]",0,0,0.7666134816577531,IOBP,1-4,13,1-4_Day13
288,combined,2,"[323, 325]","[195, 196]",0,0,0.6097166179468942,IOBP,1-4,13,1-4_Day13
421,combined,2,"[754, 755]","[445, 446]",0,0,0.7336617738291659,IOBP,1-4,13,1-4_Day13
12,combined,2,"[759, 766]","[13, 14]",0,0,0.8948903511667843,IOBP,1-4,2,1-4_Day2
21,combined,2,"[414, 415]","[269, 270]",0,0,0.9445618276444995,IOBP,1-4,21,1-4_Day21
43,combined,2,"[405, 643]","[262, 411]",0,0,0.5402783674885434,IOBP,1-4,21,1-4_Day21
47,combined,2,"[453, 455]","[297, 299]",0,0,0.9669925056929534,IOBP,1-4,21,1-4_Day21
71,combined,2,"[475, 482]","[311, 317]",0,0,0.5577799613044887,IOBP,1-4,21,1-4_Day21
102,combined,2,"[727, 729]","[460, 462]",0,0,0.555299332244953,IOBP,1-4,21,1-4_Day21
139,combined,2,"[97, 112]","[59, 67]",0,0,0.5900501070056531,IOBP,1-4,21,1-4_Day21
197,combined,2,"[494, 584]","[323, 372]",0,0,0.6493386392134864,IOBP,1-4,21,1-4_Day21
199,combined,2,"[23, 365]","[16, 241]",0,0,0.5117414670894801,IOBP,1-4,21,1-4_Day21
230,combined,2,"[389, 399]","[253, 258]",0,0,0.8451168762156874,IOBP,1-4,21,1-4_Day21
334,combined,3,"[783, 844, 852]","[498, 540, 548]",0,0,0.676122140089119,IOBP,1-4,21,1-4_Day21
356,combined,2,"[240, 310]","[148, 197]",0,0,0.7522798967976584,IOBP,1-4,21,1-4_Day21
357,combined,2,"[648, 650]","[416, 418]",0,0,0.738359392246987,IOBP,1-4,21,1-4_Day21
383,combined,2,"[284, 437]","[178, 284]",0,0,0.5245238547663298,IOBP,1-4,21,1-4_Day21
387,combined,2,"[705, 716]","[449, 453]",0,0,0.8273389495363052,IOBP,1-4,21,1-4_Day21
390,combined,2,"[574, 576]","[368, 370]",0,0,0.9907643786760314,IOBP,1-4,21,1-4_Day21
435,combined,2,"[332, 344]","[215, 227]",0,0,0.6208841793920986,IOBP,1-4,21,1-4_Day21
445,combined,2,"[123, 649]","[74, 417]",0,0,0.5076370799762179,IOBP,1-4,21,1-4_Day21
471,combined,2,"[269, 275]","[168, 171]",0,0,0.6734350546631452,IOBP,1-4,21,1-4_Day21
28,combined,2,"[333, 676]","[284, 564]",0,0,0.602066961894331,IOBP,1-4,28,1-4_Day28
30,combined,2,"[660, 665]","[553, 557]",0,0,0.6088121099479159,IOBP,1-4,28,1-4_Day28
80,combined,2,"[281, 286]","[240, 245]",0,0,0.6323838036987286,IOBP,1-4,28,1-4_Day28
111,combined,2,"[119, 160]","[99, 135]",0,0,0.6626290541054964,IOBP,1-4,28,1-4_Day28
147,combined,2,"[299, 312]","[257, 268]",0,0,0.6801371352002914,IOBP,1-4,28,1-4_Day28
161,combined,2,"[8, 16]","[4, 8]",0,0,0.5825245397472418,IOBP,1-4,28,1-4_Day28
164,combined,2,"[6, 285]","[2, 244]",0,0,0.7071718751354369,IOBP,1-4,28,1-4_Day28
186,combined,2,"[139, 245]","[117, 208]",0,0,0.9807939604130835,IOBP,1-4,28,1-4_Day28
235,combined,2,"[205, 549]","[172, 464]",0,0,0.6895081742671717,IOBP,1-4,28,1-4_Day28
287,combined,3,"[22, 27, 535]","[13, 17, 452]",0,0,0.5236942259287087,IOBP,1-4,28,1-4_Day28
317,combined,2,"[690, 695]","[572, 577]",0,0,0.5086102937267548,IOBP,1-4,28,1-4_Day28
372,combined,3,"[199, 493, 592]","[168, 419, 499]",0,0,0.9474935570687588,IOBP,1-4,28,1-4_Day28
450,combined,2,"[127, 237]","[105, 201]",0,0,0.9228294935725866,IOBP,1-4,28,1-4_Day28
463,combined,2,"[664, 671]","[556, 561]",0,0,0.916991651544217,IOBP,1-4,28,1-4_Day28
510,combined,2,"[197, 221]","[167, 187]",0,0,0.6685457377881948,IOBP,1-4,28,1-4_Day28
526,combined,4,"[57, 318, 326, 332]","[41, 273, 279, 283]",0,0,0.7674970025154405,IOBP,1-4,28,1-4_Day28
9,combined,2,"[23, 43]","[2, 3]",0,0,0.9787841044372345,IOBP,1-4,4,1-4_Day4
18,combined,2,"[154, 171]","[13, 16]",0,0,0.6964212440476836,IOBP,1-4,4,1-4_Day4
56,combined,2,"[149, 1018]","[12, 62]",0,0,0.51991929616454,IOBP,1-4,4,1-4_Day4
8,combined,2,"[132, 141]","[6, 8]",0,0,0.5549180821469589,IOBP,1-4,5,1-4_Day5
19,combined,2,"[320, 405]","[16, 20]",0,0,0.5087188854857876,IOBP,1-4,5,1-4_Day5
23,combined,2,"[23, 773]","[1, 35]",0,0,0.5990201947551855,IOBP,1-4,5,1-4_Day5
27,combined,2,"[21, 779]","[0, 36]",0,0,0.592355297169751,IOBP,1-4,5,1-4_Day5
28,combined,2,"[143, 153]","[9, 11]",0,0,0.7749984433688046,IOBP,1-4,5,1-4_Day5
1,combined,2,"[258, 260]","[72, 73]",0,0,0.7506718292518757,IOBP,1-4,6,1-4_Day6
7,combined,2,"[570, 572]","[156, 157]",0,0,0.6663579606430722,IOBP,1-4,6,1-4_Day6
43,combined,2,"[323, 378]","[89, 106]",0,0,0.580316208080939,IOBP,1-4,6,1-4_Day6
59,combined,2,"[77, 84]","[24, 27]",0,0,0.9032337839868473,IOBP,1-4,6,1-4_Day6
76,combined,2,"[108, 120]","[34, 38]",0,0,0.5822076714017248,IOBP,1-4,6,1-4_Day6
80,combined,2,"[143, 217]","[46, 64]",0,0,0.8793554197776795,IOBP,1-4,6,1-4_Day6
131,combined,2,"[720, 723]","[193, 194]",0,0,0.9070066879066874,IOBP,1-4,6,1-4_Day6
164,combined,2,"[341, 351]","[95, 98]",0,0,0.7384654844770377,IOBP,1-4,6,1-4_Day6
178,combined,2,"[544, 545]","[148, 149]",0,0,0.7856523533670806,IOBP,1-4,6,1-4_Day6
183,combined,2,"[98, 110]","[31, 35]",0,0,0.8411792880373404,IOBP,1-4,6,1-4_Day6
198,combined,2,"[29, 41]","[6, 11]",0,0,0.6136304002819771,IOBP,1-4,6,1-4_Day6
207,combined,2,"[367, 455]","[104, 126]",0,0,0.876896946130823,IOBP,1-4,6,1-4_Day6
215,combined,2,"[463, 482]","[127, 131]",0,0,0.6645294597680401,IOBP,1-4,6,1-4_Day6
232,combined,2,"[397, 439]","[110, 120]",0,0,0.6558543823460766,IOBP,1-4,6,1-4_Day6
65,combined,2,"[19, 75]","[9, 35]",0,0,0.5849916300578145,IOBP,1-4,7,1-4_Day7
76,combined,3,"[331, 336, 392]","[170, 173, 197]",0,0,0.6565207328950472,IOBP,1-4,7,1-4_Day7
101,combined,2,"[571, 573]","[281, 283]",0,0,0.7582983727394338,IOBP,1-4,7,1-4_Day7
147,combined,2,"[397, 404]","[200, 205]",0,0,0.7628388414213882,IOBP,1-4,7,1-4_Day7
173,combined,2,"[503, 686]","[248, 334]",0,0,0.8432510904221772,IOBP,1-4,7,1-4_Day7
262,combined,2,"[487, 495]","[244, 245]",0,0,0.6074224999923533,IOBP,1-4,7,1-4_Day7
264,combined,2,"[61, 80]","[30, 39]",0,0,0.5213094035277593,IOBP,1-4,7,1-4_Day7
303,combined,2,"[59, 140]","[28, 67]",0,0,0.5376464162982374,IOBP,1-4,7,1-4_Day7
351,combined,2,"[306, 311]","[152, 156]",0,0,0.5303131184083801,IOBP,1-4,7,1-4_Day7
28,combined,2,"[1204, 1208]","[21, 22]",0,0,0.9551694837940948,IOBP,1-5,1,1-5
44,combined,2,"[128, 135]","[51, 57]",0,0,0.8079132167723613,IOBP,1-5,10,1-5_Day10
82,combined,2,"[115, 127]","[44, 50]",0,0,0.5734319025925,IOBP,1-5,10,1-5_Day10
88,combined,2,"[670, 681]","[281, 284]",0,0,0.6094132275834618,IOBP,1-5,10,1-5_Day10
105,combined,2,"[504, 509]","[214, 217]",0,0,0.6339664705772963,IOBP,1-5,10,1-5_Day10
125,combined,2,"[403, 414]","[169, 173]",0,0,0.6517683962010983,IOBP,1-5,10,1-5_Day10
175,combined,2,"[698, 701]","[292, 294]",0,0,0.5485472867622576,IOBP,1-5,10,1-5_Day10
202,combined,2,"[220, 232]","[88, 94]",0,0,0.6536050353315571,IOBP,1-5,10,1-5_Day10
217,combined,3,"[257, 315, 321]","[105, 130, 132]",0,0,0.6209121458870264,IOBP,1-5,10,1-5_Day10
229,combined,2,"[84, 87]","[32, 34]",0,0,0.8229865315902746,IOBP,1-5,10,1-5_Day10
252,combined,2,"[230, 239]","[93, 96]",0,0,0.7044018734880428,IOBP,1-5,10,1-5_Day10
87,combined,2,"[35, 176]","[20, 101]",0,0,0.5269827857231497,IOBP,1-5,21,1-5_Day21
143,combined,2,"[204, 676]","[118, 364]",0,0,0.5297595882857747,IOBP,1-5,21,1-5_Day21
163,combined,2,"[44, 650]","[22, 353]",0,0,0.5595215272277496,IOBP,1-5,21,1-5_Day21
164,combined,2,"[100, 596]","[57, 327]",0,0,0.5117261022850618,IOBP,1-5,21,1-5_Day21
191,combined,2,"[33, 189]","[19, 108]",0,0,0.5267759861700176,IOBP,1-5,21,1-5_Day21
195,combined,2,"[190, 493]","[109, 272]",0,0,0.7193820812502856,IOBP,1-5,21,1-5_Day21
300,combined,2,"[517, 610]","[285, 337]",0,0,0.5086846894714079,IOBP,1-5,21,1-5_Day21
313,combined,2,"[181, 229]","[103, 135]",0,0,0.7457130557073129,IOBP,1-5,21,1-5_Day21
47,combined,2,"[279, 286]","[206, 209]",0,0,0.7483509809594643,IOBP,1-5,28,1-5_Day28
74,combined,2,"[94, 99]","[63, 68]",0,0,0.7412084975162148,IOBP,1-5,28,1-5_Day28
76,combined,2,"[54, 281]","[38, 208]",0,0,0.5571398340610014,IOBP,1-5,28,1-5_Day28
106,combined,2,"[379, 615]","[265, 410]",0,0,0.5441778158508808,IOBP,1-5,28,1-5_Day28
111,combined,2,"[541, 548]","[369, 373]",0,0,0.766287304188252,IOBP,1-5,28,1-5_Day28
150,combined,2,"[9, 310]","[4, 225]",0,0,0.9448158608758094,IOBP,1-5,28,1-5_Day28
208,combined,3,"[161, 484, 520]","[119, 331, 354]",0,0,0.7692152857421507,IOBP,1-5,28,1-5_Day28
318,combined,2,"[110, 350]","[78, 246]",0,0,0.6007445213390143,IOBP,1-5,28,1-5_Day28
319,combined,2,"[17, 398]","[10, 272]",0,0,0.540827404466292,IOBP,1-5,28,1-5_Day28
324,combined,2,"[381, 490]","[266, 333]",0,0,0.6046502631805942,IOBP,1-5,28,1-5_Day28
361,combined,2,"[224, 332]","[165, 239]",0,0,0.5199665661648172,IOBP,1-5,28,1-5_Day28
373,combined,2,"[155, 197]","[115, 145]",0,0,0.8836521480279055,IOBP,1-5,28,1-5_Day28
384,combined,2,"[129, 460]","[93, 313]",0,0,0.6147651585505887,IOBP,1-5,28,1-5_Day28
385,combined,2,"[352, 462]","[248, 315]",0,0,0.6292066872412836,IOBP,1-5,28,1-5_Day28
24,combined,2,"[629, 685]","[43, 46]",0,0,0.6650094049879516,IOBP,1-5,3,1-5_Day3
35,combined,2,"[622, 628]","[41, 42]",0,0,0.8803266979468286,IOBP,1-5,3,1-5_Day3
20,combined,2,"[180, 781]","[21, 81]",0,0,0.5453689588266546,IOBP,1-5,4,1-5_Day4
53,combined,2,"[398, 403]","[41, 42]",0,0,0.846564633570206,IOBP,1-5,4,1-5_Day4
1,combined,2,"[293, 324]","[85, 90]",0,0,0.5807830788466076,IOBP,1-5,5,1-5_Day5
8,combined,2,"[232, 500]","[63, 129]",0,0,0.614575525960358,IOBP,1-5,5,1-5_Day5
34,combined,2,"[370, 375]","[102, 104]",0,0,0.920476265129238,IOBP,1-5,5,1-5_Day5
51,combined,2,"[144, 146]","[36, 37]",0,0,0.5577001923351653,IOBP,1-5,5,1-5_Day5
100,combined,2,"[240, 258]","[68, 74]",0,0,0.5445499781807589,IOBP,1-5,5,1-5_Day5
113,combined,2,"[125, 143]","[32, 35]",0,0,0.6418377472112133,IOBP,1-5,5,1-5_Day5
114,combined,2,"[710, 719]","[177, 178]",0,0,0.7268679987926558,IOBP,1-5,5,1-5_Day5
152,combined,2,"[701, 704]","[175, 176]",0,0,0.6959026417772214,IOBP,1-5,5,1-5_Day5
156,combined,2,"[357, 362]","[97, 99]",0,0,0.9698719023260128,IOBP,1-5,5,1-5_Day5
35,combined,2,"[149, 161]","[39, 43]",0,0,0.6101299908687001,IOBP,1-5,6,1-5_Day6
51,combined,2,"[620, 627]","[174, 175]",0,0,0.8730151286246999,IOBP,1-5,6,1-5_Day6
66,combined,2,"[736, 743]","[200, 202]",0,0,0.9860158044041094,IOBP,1-5,6,1-5_Day6
82,combined,2,"[581, 589]","[157, 161]",0,0,0.7296477236718586,IOBP,1-5,6,1-5_Day6
90,combined,2,"[262, 275]","[77, 79]",0,0,0.8062484414239033,IOBP,1-5,6,1-5_Day6
121,combined,2,"[348, 356]","[110, 112]",0,0,0.8469723160367243,IOBP,1-5,6,1-5_Day6
131,combined,2,"[448, 469]","[134, 138]",0,0,0.551092656496318,IOBP,1-5,6,1-5_Day6
136,combined,2,"[480, 488]","[142, 143]",0,0,0.5915958569316422,IOBP,1-5,6,1-5_Day6
138,combined,2,"[105, 115]","[26, 28]",0,0,0.8686994869678513,IOBP,1-5,6,1-5_Day6
139,combined,2,"[89, 502]","[21, 144]",0,0,0.5114636854445893,IOBP,1-5,6,1-5_Day6
144,combined,2,"[17, 18]","[3, 4]",0,0,0.7332537220560231,IOBP,1-5,6,1-5_Day6
182,combined,2,"[401, 413]","[124, 126]",0,0,0.5264817380827211,IOBP,1-5,6,1-5_Day6
183,combined,2,"[237, 315]","[70, 96]",0,0,0.5142909223524748,IOBP,1-5,6,1-5_Day6
41,combined,2,"[50, 59]","[21, 26]",0,0,0.6516674686371522,IOBP,1-5,7,1-5_Day7
126,combined,2,"[78, 95]","[31, 36]",0,0,0.5518670852166059,IOBP,1-5,7,1-5_Day7
142,combined,2,"[13, 17]","[2, 4]",0,0,0.518078843605536,IOBP,1-5,7,1-5_Day7
156,combined,2,"[375, 390]","[157, 163]",0,0,0.502418717550254,IOBP,1-5,7,1-5_Day7
218,combined,2,"[584, 592]","[244, 248]",0,0,0.5378733069489487,IOBP,1-5,7,1-5_Day7
232,combined,2,"[443, 449]","[193, 197]",0,0,0.7099434634175755,IOBP,1-5,7,1-5_Day7
234,combined,2,"[650, 657]","[270, 273]",0,0,0.550417118043386,IOBP,1-5,7,1-5_Day7
241,combined,2,"[638, 649]","[265, 269]",0,0,0.8111475742904978,IOBP,1-5,7,1-5_Day7
245,combined,2,"[559, 562]","[232, 234]",0,0,0.9893405979380134,IOBP,1-5,7,1-5_Day7
247,combined,2,"[659, 679]","[274, 283]",0,0,0.5825149660008062,IOBP,1-5,7,1-5_Day7
271,combined,2,"[468, 471]","[202, 203]",0,0,0.8183347046542588,IOBP,1-5,7,1-5_Day7
