features,n_features,accuracy
"derivative_skew_scaled, raw_derivative_skew_scaled",2,0.91
derivative_skew_scaled,1,0.91
"derivative_skew, spike_prom_mean, derivative_skew_scaled, spike_prom_mean_scaled, spike_prom_skew_scaled, spike_peak_mean_scaled",6,0.9
"derivative_skew, raw_derivative_skew, spike_prom_mean_scaled, raw_derivative_skew_scaled, spike_prom_skew_scaled, spike_peak_mean_scaled",6,0.9
"derivative_skew, spike_peak_mean, derivative_skew_scaled, spike_prom_mean_scaled, spike_peak_mean_scaled",5,0.9
"derivative_skew, spike_peak_mean, spike_prom_mean_scaled, raw_derivative_skew_scaled, spike_peak_mean_scaled",5,0.9
"derivative_skew, derivative_skew_scaled, spike_prom_mean_scaled, raw_derivative_skew_scaled, spike_prom_skew_scaled",5,0.9
"derivative_skew, derivative_skew_scaled, spike_prom_mean_scaled, raw_derivative_skew_scaled, spike_peak_mean_scaled",5,0.9
"derivative_skew, derivative_skew_scaled, spike_prom_mean_scaled, spike_prom_skew_scaled, spike_peak_mean_scaled",5,0.9
"derivative_skew, spike_prom_mean_scaled, raw_derivative_skew_scaled, spike_prom_skew_scaled, spike_peak_mean_scaled",5,0.9
"derivative_skew, derivative_skew_scaled, spike_prom_mean_scaled, raw_derivative_skew_scaled, spike_prom_skew_scaled, spike_peak_mean_scaled",6,0.9
"derivative_skew, spike_peak_mean, derivative_skew_scaled, spike_prom_mean_scaled, raw_derivative_skew_scaled, spike_peak_mean_scaled",6,0.9
"derivative_skew, raw_derivative_skew, derivative_skew_scaled, spike_prom_mean_scaled, spike_prom_skew_scaled, spike_peak_mean_scaled",6,0.9
"derivative_skew, spike_peak_mean, derivative_skew_scaled, spike_prom_mean_scaled, raw_derivative_skew_scaled",5,0.9
"derivative_skew, raw_derivative_skew, derivative_skew_scaled, spike_prom_mean_scaled, raw_derivative_skew_scaled, spike_peak_mean_scaled",6,0.9
"derivative_skew, raw_derivative_skew, derivative_skew_scaled, spike_prom_mean_scaled, raw_derivative_skew_scaled, spike_prom_skew_scaled",6,0.9
"derivative_skew, raw_derivative_skew, spike_peak_mean, spike_prom_mean_scaled, raw_derivative_skew_scaled, spike_peak_mean_scaled",6,0.9
"derivative_skew, spike_prom_mean, raw_derivative_skew, spike_peak_mean, derivative_skew_scaled, spike_prom_mean_scaled",6,0.9
"derivative_skew, raw_derivative_skew, spike_peak_mean, derivative_skew_scaled, spike_prom_mean_scaled, spike_peak_mean_scaled",6,0.9
"derivative_skew_scaled, raw_derivative_skew_scaled, spike_peak_mean_scaled",3,0.9
"derivative_skew, raw_derivative_skew, spike_peak_mean, derivative_skew_scaled, spike_prom_mean_scaled, raw_derivative_skew_scaled",6,0.9
"raw_derivative_skew, derivative_skew_scaled, raw_derivative_skew_scaled",3,0.9
"derivative_skew, spike_prom_mean, raw_derivative_skew, spike_peak_mean, derivative_skew_scaled, spike_prom_mean_scaled, raw_derivative_skew_scaled",7,0.9
"derivative_skew, spike_prom_mean_scaled, raw_derivative_skew_scaled, spike_peak_mean_scaled",4,0.9
"derivative_skew, spike_prom_mean, raw_derivative_skew, spike_peak_mean, derivative_skew_scaled, spike_prom_mean_scaled, spike_prom_skew_scaled",7,0.9
"derivative_skew, spike_prom_mean, spike_peak_mean, derivative_skew_scaled, spike_prom_mean_scaled, raw_derivative_skew_scaled, spike_prom_skew_scaled",7,0.9
"derivative_skew, raw_derivative_skew, spike_peak_mean, derivative_skew_scaled, spike_prom_mean_scaled",5,0.9
"derivative_skew, raw_derivative_skew, spike_peak_mean, spike_prom_mean_scaled, raw_derivative_skew_scaled",5,0.9
"derivative_skew, raw_derivative_skew, spike_peak_mean, spike_prom_mean_scaled, spike_peak_mean_scaled",5,0.9
"derivative_skew, raw_derivative_skew, derivative_skew_scaled, spike_prom_mean_scaled, raw_derivative_skew_scaled",5,0.9
"derivative_skew, raw_derivative_skew, derivative_skew_scaled, spike_prom_mean_scaled, spike_prom_skew_scaled",5,0.9
"derivative_skew, raw_derivative_skew, derivative_skew_scaled, spike_prom_mean_scaled, spike_peak_mean_scaled",5,0.9
"derivative_skew, raw_derivative_skew, spike_prom_mean_scaled, raw_derivative_skew_scaled, spike_prom_skew_scaled",5,0.9
"derivative_skew, raw_derivative_skew, spike_prom_mean_scaled, raw_derivative_skew_scaled, spike_peak_mean_scaled",5,0.9
"derivative_skew, raw_derivative_skew, spike_prom_mean_scaled, spike_prom_skew_scaled, spike_peak_mean_scaled",5,0.9
"derivative_skew, spike_prom_mean, raw_derivative_skew, spike_prom_mean_scaled, raw_derivative_skew_scaled, spike_prom_skew_scaled, spike_peak_mean_scaled",7,0.9
"derivative_skew, spike_prom_mean, raw_derivative_skew, derivative_skew_scaled, spike_prom_mean_scaled, spike_prom_skew_scaled, spike_peak_mean_scaled",7,0.9
"derivative_skew, spike_prom_mean, raw_derivative_skew, derivative_skew_scaled, spike_prom_mean_scaled, raw_derivative_skew_scaled, spike_peak_mean_scaled",7,0.9
"derivative_skew, spike_prom_mean, raw_derivative_skew, derivative_skew_scaled, spike_prom_mean_scaled, raw_derivative_skew_scaled, spike_prom_skew_scaled",7,0.9
"derivative_skew, spike_prom_mean, raw_derivative_skew, spike_peak_mean, spike_prom_mean_scaled, spike_prom_skew_scaled, spike_peak_mean_scaled",7,0.9
"derivative_skew, spike_prom_mean, raw_derivative_skew, spike_peak_mean, spike_prom_mean_scaled, raw_derivative_skew_scaled, spike_peak_mean_scaled",7,0.9
"derivative_skew, spike_prom_mean, raw_derivative_skew, spike_peak_mean, derivative_skew_scaled, spike_prom_mean_scaled, spike_peak_mean_scaled",7,0.9
"derivative_skew, spike_prom_mean_scaled, spike_prom_skew_scaled, spike_peak_mean_scaled",4,0.9
"derivative_skew, spike_prom_mean_scaled, raw_derivative_skew_scaled, spike_prom_skew_scaled",4,0.9
"derivative_skew, spike_prom_mean_scaled, spike_peak_mean_scaled",3,0.9
"derivative_skew, raw_derivative_skew, spike_peak_mean, spike_prom_mean_scaled",4,0.9
"derivative_skew, spike_peak_mean, spike_prom_mean_scaled, spike_peak_mean_scaled",4,0.9
"derivative_skew, spike_prom_mean, raw_derivative_skew, derivative_skew_scaled, spike_prom_mean_scaled, raw_derivative_skew_scaled",6,0.9
"derivative_skew, spike_peak_mean, spike_prom_mean_scaled, raw_derivative_skew_scaled",4,0.9
"derivative_skew, spike_prom_mean, spike_peak_mean, derivative_skew_scaled, spike_prom_mean_scaled, spike_peak_mean_scaled",6,0.9
"derivative_skew, spike_prom_mean, spike_peak_mean, derivative_skew_scaled, spike_prom_mean_scaled, spike_prom_skew_scaled",6,0.9
"derivative_skew, spike_prom_mean, spike_peak_mean, derivative_skew_scaled, spike_prom_mean_scaled, raw_derivative_skew_scaled",6,0.9
"derivative_skew, spike_prom_mean, raw_derivative_skew, derivative_skew_scaled, spike_prom_mean_scaled, spike_prom_skew_scaled",6,0.9
"derivative_skew, spike_prom_mean, raw_derivative_skew, derivative_skew_scaled, spike_prom_mean_scaled, spike_peak_mean_scaled",6,0.9
"derivative_skew, spike_peak_mean, derivative_skew_scaled, spike_prom_mean_scaled",4,0.9
"derivative_skew, spike_prom_mean, raw_derivative_skew, derivative_skew_scaled",4,0.9
"derivative_skew, spike_prom_mean, raw_derivative_skew, derivative_skew_scaled, raw_derivative_skew_scaled, spike_peak_mean_scaled",6,0.9
"derivative_skew, raw_derivative_skew, derivative_skew_scaled, spike_prom_mean_scaled",4,0.9
"derivative_skew, spike_prom_mean, raw_derivative_skew, spike_prom_mean_scaled, raw_derivative_skew_scaled, spike_prom_skew_scaled",6,0.9
"derivative_skew, spike_prom_mean, raw_derivative_skew, spike_prom_mean_scaled, raw_derivative_skew_scaled, spike_peak_mean_scaled",6,0.9
"derivative_skew, raw_derivative_skew, spike_prom_mean_scaled, raw_derivative_skew_scaled",4,0.9
"derivative_skew, raw_derivative_skew, spike_prom_mean_scaled, spike_prom_skew_scaled",4,0.9
"derivative_skew, raw_derivative_skew, spike_prom_mean_scaled, spike_peak_mean_scaled",4,0.9
"derivative_skew, spike_prom_mean, raw_derivative_skew, spike_prom_mean_scaled, spike_prom_skew_scaled, spike_peak_mean_scaled",6,0.9
"derivative_skew, spike_prom_mean, spike_peak_mean, spike_prom_mean_scaled, raw_derivative_skew_scaled, spike_prom_skew_scaled",6,0.9
"derivative_skew, spike_prom_mean, spike_peak_mean, spike_prom_mean_scaled, raw_derivative_skew_scaled, spike_peak_mean_scaled",6,0.9
"derivative_skew, spike_prom_mean, spike_prom_mean_scaled, spike_peak_mean_scaled",4,0.9
"derivative_skew, spike_prom_mean, spike_prom_mean_scaled, spike_prom_skew_scaled",4,0.9
"derivative_skew, spike_prom_mean, raw_derivative_skew, spike_prom_mean_scaled",4,0.9
"derivative_skew, spike_prom_mean, raw_derivative_skew, raw_derivative_skew_scaled",4,0.9
"derivative_skew, spike_prom_mean, raw_derivative_skew, spike_peak_mean, spike_prom_mean_scaled, raw_derivative_skew_scaled",6,0.9
"derivative_skew, spike_prom_mean, raw_derivative_skew, spike_peak_mean_scaled",4,0.9
"derivative_skew, spike_prom_mean, raw_derivative_skew, spike_peak_mean, spike_prom_mean_scaled, spike_prom_skew_scaled",6,0.9
"derivative_skew, spike_prom_mean, raw_derivative_skew, spike_peak_mean, spike_prom_mean_scaled, spike_peak_mean_scaled",6,0.9
"derivative_skew, derivative_skew_scaled, spike_prom_mean_scaled, spike_peak_mean_scaled",4,0.9
"derivative_skew, derivative_skew_scaled, spike_prom_mean_scaled, spike_prom_skew_scaled",4,0.9
"derivative_skew, derivative_skew_scaled, spike_prom_mean_scaled, raw_derivative_skew_scaled",4,0.9
"derivative_skew, spike_prom_mean, spike_prom_mean_scaled, raw_derivative_skew_scaled, spike_prom_skew_scaled, spike_peak_mean_scaled",6,0.9
"derivative_skew, spike_prom_mean, spike_peak_mean, spike_prom_mean_scaled",4,0.9
"derivative_skew, spike_prom_mean, derivative_skew_scaled, spike_prom_mean_scaled, raw_derivative_skew_scaled, spike_peak_mean_scaled",6,0.9
"derivative_skew, spike_prom_mean, derivative_skew_scaled, spike_prom_mean_scaled, raw_derivative_skew_scaled, spike_prom_skew_scaled",6,0.9
"derivative_skew, spike_prom_mean, derivative_skew_scaled, spike_prom_mean_scaled",4,0.9
"derivative_skew, spike_prom_mean, derivative_skew_scaled, raw_derivative_skew_scaled",4,0.9
"derivative_skew, spike_prom_mean, spike_peak_mean, spike_prom_mean_scaled, spike_prom_skew_scaled, spike_peak_mean_scaled",6,0.9
"derivative_skew, spike_prom_mean, spike_prom_mean_scaled, raw_derivative_skew_scaled",4,0.9
"derivative_skew, spike_prom_mean, spike_peak_mean, derivative_skew_scaled, spike_prom_mean_scaled, raw_derivative_skew_scaled, spike_peak_mean_scaled",7,0.9
"derivative_skew, spike_prom_mean, raw_derivative_skew, spike_peak_mean, spike_prom_mean_scaled, raw_derivative_skew_scaled, spike_prom_skew_scaled",7,0.9
"derivative_skew, spike_prom_mean_scaled, spike_prom_skew_scaled",3,0.9
"derivative_skew, spike_prom_mean, raw_derivative_skew, derivative_skew_scaled, raw_derivative_skew_scaled",5,0.9
"derivative_skew, raw_derivative_skew, spike_peak_mean, derivative_skew_scaled, spike_prom_mean_scaled, raw_derivative_skew_scaled, spike_peak_mean_scaled",7,0.9
"derivative_skew, raw_derivative_skew, spike_prom_mean_scaled",3,0.9
"derivative_skew, spike_prom_mean, raw_derivative_skew, derivative_skew_scaled, spike_peak_mean_scaled",5,0.9
"derivative_skew, spike_prom_mean, raw_derivative_skew, spike_prom_mean_scaled, raw_derivative_skew_scaled",5,0.9
"derivative_skew, spike_prom_mean, raw_derivative_skew, spike_prom_mean_scaled, spike_prom_skew_scaled",5,0.9
"derivative_skew, spike_prom_mean, spike_peak_mean, derivative_skew_scaled, spike_prom_mean_scaled, raw_derivative_skew_scaled, spike_prom_skew_scaled, spike_peak_mean_scaled",8,0.9
"derivative_skew, spike_prom_mean, raw_derivative_skew, spike_prom_mean_scaled, spike_peak_mean_scaled",5,0.9
"derivative_skew, spike_prom_mean, spike_peak_mean, derivative_skew_scaled, spike_prom_mean_scaled",5,0.9
"derivative_skew, spike_prom_mean, derivative_skew_scaled, spike_prom_mean_scaled, spike_prom_skew_scaled",5,0.9
"derivative_skew, spike_prom_mean, derivative_skew_scaled, spike_prom_mean_scaled, raw_derivative_skew_scaled",5,0.9
"derivative_skew, raw_derivative_skew, derivative_skew_scaled, spike_prom_mean_scaled, raw_derivative_skew_scaled, spike_prom_skew_scaled, spike_peak_mean_scaled",7,0.9
"derivative_skew, spike_prom_mean, raw_derivative_skew, derivative_skew_scaled, spike_prom_mean_scaled, raw_derivative_skew_scaled, spike_prom_skew_scaled, spike_peak_mean_scaled",8,0.9
"raw_derivative_skew, derivative_skew_scaled",2,0.9
"derivative_skew, spike_prom_mean, raw_derivative_skew_scaled",3,0.9
"derivative_skew, spike_prom_mean, spike_prom_mean_scaled",3,0.9
"derivative_skew, spike_prom_mean, raw_derivative_skew, spike_peak_mean, spike_prom_mean_scaled, raw_derivative_skew_scaled, spike_prom_skew_scaled, spike_peak_mean_scaled",8,0.9
"derivative_skew, spike_prom_mean, derivative_skew_scaled",3,0.9
"derivative_skew, spike_prom_mean, raw_derivative_skew, spike_peak_mean, derivative_skew_scaled, spike_prom_mean_scaled, spike_prom_skew_scaled, spike_peak_mean_scaled",8,0.9
"derivative_skew, spike_prom_mean, raw_derivative_skew, spike_peak_mean, derivative_skew_scaled, spike_prom_mean_scaled, raw_derivative_skew_scaled, spike_peak_mean_scaled",8,0.9
"derivative_skew, spike_prom_mean, raw_derivative_skew, spike_peak_mean, derivative_skew_scaled, spike_prom_mean_scaled, raw_derivative_skew_scaled, spike_prom_skew_scaled",8,0.9
"derivative_skew, spike_prom_mean, spike_peak_mean, spike_prom_mean_scaled, spike_peak_mean_scaled",5,0.9
"derivative_skew, spike_prom_mean_scaled, raw_derivative_skew_scaled",3,0.9
"derivative_skew, spike_prom_mean, raw_derivative_skew",3,0.9
"derivative_skew, spike_prom_mean, spike_peak_mean, spike_prom_mean_scaled, spike_prom_skew_scaled",5,0.9
"derivative_skew, spike_prom_mean, spike_peak_mean, spike_prom_mean_scaled, raw_derivative_skew_scaled",5,0.9
"derivative_skew, spike_prom_mean, derivative_skew_scaled, spike_prom_mean_scaled, spike_peak_mean_scaled",5,0.9
"derivative_skew, spike_prom_mean, raw_derivative_skew, raw_derivative_skew_scaled, spike_peak_mean_scaled",5,0.9
"derivative_skew, spike_prom_mean_scaled",2,0.9
"derivative_skew, spike_prom_mean, raw_derivative_skew, spike_peak_mean, spike_prom_mean_scaled",5,0.9
"derivative_skew, spike_prom_mean, spike_peak_mean, derivative_skew_scaled, spike_prom_mean_scaled, spike_prom_skew_scaled, spike_peak_mean_scaled",7,0.9
"derivative_skew, spike_prom_mean, spike_peak_mean, spike_prom_mean_scaled, raw_derivative_skew_scaled, spike_prom_skew_scaled, spike_peak_mean_scaled",7,0.9
"derivative_skew, spike_prom_mean, raw_derivative_skew, derivative_skew_scaled, spike_prom_mean_scaled",5,0.9
"derivative_skew, derivative_skew_scaled, spike_prom_mean_scaled",3,0.9
"derivative_skew, spike_prom_mean, derivative_skew_scaled, spike_prom_mean_scaled, raw_derivative_skew_scaled, spike_prom_skew_scaled, spike_peak_mean_scaled",7,0.9
"derivative_skew, spike_prom_mean, raw_derivative_skew, spike_peak_mean, derivative_skew_scaled, spike_prom_mean_scaled, raw_derivative_skew_scaled, spike_prom_skew_scaled, spike_peak_mean_scaled",9,0.9
"derivative_skew, spike_peak_mean, spike_prom_mean_scaled",3,0.9
"derivative_skew, spike_prom_mean, spike_prom_mean_scaled, spike_prom_skew_scaled, spike_peak_mean_scaled",5,0.9
"derivative_skew_scaled, spike_peak_mean_scaled",2,0.9
"derivative_skew, spike_prom_mean",2,0.9
"derivative_skew, spike_prom_mean, spike_prom_mean_scaled, raw_derivative_skew_scaled, spike_peak_mean_scaled",5,0.9
"derivative_skew, spike_prom_mean, spike_prom_mean_scaled, raw_derivative_skew_scaled, spike_prom_skew_scaled",5,0.9
"derivative_skew, spike_prom_mean, spike_prom_skew, raw_derivative_skew_scaled, spike_peak_mean_scaled",5,0.895
"derivative_skew, spike_prom_mean, spike_prom_skew, derivative_skew_scaled, raw_derivative_skew_scaled",5,0.895
"derivative_skew, spike_prom_mean, spike_prom_skew, derivative_skew_scaled, spike_prom_skew_scaled",5,0.895
"derivative_skew, spike_prom_mean, spike_prom_skew, derivative_skew_scaled, spike_peak_mean_scaled",5,0.895
"derivative_skew, spike_prom_mean, spike_prom_skew, spike_prom_mean_scaled, raw_derivative_skew_scaled",5,0.895
"derivative_skew, spike_prom_mean, spike_prom_skew, spike_prom_mean_scaled, spike_prom_skew_scaled",5,0.895
"derivative_skew, spike_prom_mean, spike_prom_skew, spike_prom_mean_scaled, spike_peak_mean_scaled",5,0.895
"derivative_skew, spike_prom_mean, spike_prom_skew, spike_peak_mean, derivative_skew_scaled, spike_prom_mean_scaled",6,0.895
"derivative_skew, spike_prom_mean, spike_prom_skew, raw_derivative_skew_scaled, spike_prom_skew_scaled",5,0.895
"derivative_skew, spike_prom_mean, raw_derivative_skew, raw_derivative_skew_scaled, spike_prom_skew_scaled",5,0.895
"derivative_skew, spike_prom_mean, spike_prom_skew, spike_peak_mean, spike_peak_mean_scaled",5,0.895
"derivative_skew, spike_prom_mean, raw_derivative_skew, spike_peak_mean, derivative_skew_scaled, spike_peak_mean_scaled",6,0.895
"derivative_skew, spike_prom_mean, spike_prom_skew, spike_peak_mean, derivative_skew_scaled, raw_derivative_skew_scaled",6,0.895
"derivative_skew, spike_prom_mean, spike_prom_skew, spike_peak_mean, derivative_skew_scaled, spike_prom_skew_scaled",6,0.895
"derivative_skew, spike_prom_mean, raw_derivative_skew, spike_peak_mean, spike_peak_mean_scaled",5,0.895
"derivative_skew, spike_prom_mean, raw_derivative_skew, spike_peak_mean, derivative_skew_scaled, spike_prom_skew_scaled",6,0.895
"derivative_skew, spike_prom_mean, spike_prom_skew, spike_prom_skew_scaled, spike_peak_mean_scaled",5,0.895
"derivative_skew, spike_prom_mean, raw_derivative_skew, spike_peak_mean, derivative_skew_scaled, raw_derivative_skew_scaled",6,0.895
"derivative_skew, spike_prom_mean, spike_prom_skew, derivative_skew_scaled, spike_prom_mean_scaled",5,0.895
"derivative_skew, spike_prom_mean, spike_prom_skew, spike_peak_mean, spike_prom_skew_scaled",5,0.895
"derivative_skew, spike_prom_mean, raw_derivative_skew, raw_derivative_skew_scaled, spike_prom_skew_scaled, spike_peak_mean_scaled",6,0.895
"derivative_skew, spike_prom_mean, raw_derivative_skew, spike_prom_skew_scaled, spike_peak_mean_scaled",5,0.895
"derivative_skew, spike_prom_mean, spike_prom_skew, spike_peak_mean, derivative_skew_scaled",5,0.895
"derivative_skew, spike_prom_mean, raw_derivative_skew, derivative_skew_scaled, spike_prom_skew_scaled, spike_peak_mean_scaled",6,0.895
"derivative_skew, spike_prom_mean, raw_derivative_skew, spike_peak_mean, derivative_skew_scaled",5,0.895
"derivative_skew, spike_prom_mean, raw_derivative_skew, spike_peak_mean, spike_prom_skew_scaled, spike_peak_mean_scaled",6,0.895
"derivative_skew, spike_prom_mean, spike_prom_skew, spike_peak_mean, spike_prom_mean_scaled",5,0.895
"derivative_skew, spike_prom_mean, raw_derivative_skew, spike_prom_skew, spike_peak_mean_scaled",5,0.895
"derivative_skew, spike_prom_mean, raw_derivative_skew, spike_prom_skew, spike_prom_skew_scaled",5,0.895
"derivative_skew, spike_prom_mean, raw_derivative_skew, spike_peak_mean, raw_derivative_skew_scaled",5,0.895
"derivative_skew, spike_prom_mean, raw_derivative_skew, derivative_skew_scaled, raw_derivative_skew_scaled, spike_prom_skew_scaled",6,0.895
"derivative_skew, spike_prom_mean, raw_derivative_skew, spike_peak_mean, raw_derivative_skew_scaled, spike_peak_mean_scaled",6,0.895
"derivative_skew, spike_prom_mean, raw_derivative_skew, derivative_skew_scaled, spike_prom_skew_scaled",5,0.895
"derivative_skew, spike_prom_mean, raw_derivative_skew, spike_peak_mean, raw_derivative_skew_scaled, spike_prom_skew_scaled",6,0.895
"derivative_skew, spike_prom_mean, raw_derivative_skew, spike_prom_skew, raw_derivative_skew_scaled",5,0.895
"derivative_skew, spike_prom_mean, raw_derivative_skew, spike_peak_mean, spike_prom_skew_scaled",5,0.895
"derivative_skew, spike_prom_mean, raw_derivative_skew, spike_prom_skew, spike_prom_mean_scaled",5,0.895
"derivative_skew, spike_prom_mean, spike_prom_skew, spike_peak_mean, raw_derivative_skew_scaled",5,0.895
"derivative_skew, spike_prom_mean, raw_derivative_skew, spike_prom_skew, spike_prom_mean_scaled, spike_prom_skew_scaled",6,0.895
"derivative_skew, spike_prom_mean, spike_peak_mean, derivative_skew_scaled, raw_derivative_skew_scaled",5,0.895
"derivative_skew, spike_prom_skew, spike_peak_mean, spike_prom_mean_scaled, raw_derivative_skew_scaled",5,0.895
"derivative_skew, spike_prom_skew, spike_prom_mean_scaled, raw_derivative_skew_scaled, spike_prom_skew_scaled",5,0.895
"derivative_skew, spike_prom_skew, derivative_skew_scaled, spike_prom_skew_scaled, spike_peak_mean_scaled",5,0.895
"derivative_skew, spike_prom_skew, derivative_skew_scaled, raw_derivative_skew_scaled, spike_peak_mean_scaled",5,0.895
"derivative_skew, spike_prom_skew, derivative_skew_scaled, raw_derivative_skew_scaled, spike_prom_skew_scaled",5,0.895
"derivative_skew, spike_prom_skew, derivative_skew_scaled, spike_prom_mean_scaled, spike_peak_mean_scaled",5,0.895
"derivative_skew, spike_prom_skew, derivative_skew_scaled, spike_prom_mean_scaled, spike_prom_skew_scaled",5,0.895
"derivative_skew, spike_prom_skew, derivative_skew_scaled, spike_prom_mean_scaled, raw_derivative_skew_scaled",5,0.895
"derivative_skew, spike_prom_skew, spike_peak_mean, spike_prom_mean_scaled, spike_peak_mean_scaled",5,0.895
"derivative_skew, spike_prom_skew, spike_peak_mean, spike_prom_mean_scaled, spike_prom_skew_scaled",5,0.895
"derivative_skew, spike_prom_mean, spike_prom_skew, spike_peak_mean, spike_prom_mean_scaled, raw_derivative_skew_scaled",6,0.895
"derivative_skew, spike_prom_mean, derivative_skew_scaled, raw_derivative_skew_scaled, spike_prom_skew_scaled",5,0.895
"derivative_skew, spike_prom_mean, derivative_skew_scaled, raw_derivative_skew_scaled, spike_peak_mean_scaled",5,0.895
"derivative_skew, spike_prom_mean, derivative_skew_scaled, spike_prom_skew_scaled, spike_peak_mean_scaled",5,0.895
"derivative_skew, spike_prom_mean, spike_peak_mean, derivative_skew_scaled, spike_prom_skew_scaled",5,0.895
"derivative_skew, spike_prom_skew, spike_peak_mean, derivative_skew_scaled, spike_prom_mean_scaled",5,0.895
"derivative_skew, spike_prom_mean, raw_derivative_skew_scaled, spike_prom_skew_scaled, spike_peak_mean_scaled",5,0.895
"derivative_skew, raw_derivative_skew, spike_prom_skew, spike_peak_mean, spike_prom_mean_scaled",5,0.895
"derivative_skew, raw_derivative_skew, derivative_skew_scaled, raw_derivative_skew_scaled, spike_prom_skew_scaled",5,0.895
"derivative_skew, raw_derivative_skew, spike_prom_skew, derivative_skew_scaled, spike_prom_mean_scaled",5,0.895
"derivative_skew, raw_derivative_skew, spike_prom_skew, derivative_skew_scaled, raw_derivative_skew_scaled",5,0.895
"derivative_skew, raw_derivative_skew, spike_peak_mean, spike_prom_mean_scaled, spike_prom_skew_scaled",5,0.895
"derivative_skew, raw_derivative_skew, spike_prom_skew, derivative_skew_scaled, spike_prom_skew_scaled",5,0.895
"derivative_skew, raw_derivative_skew, spike_prom_skew, raw_derivative_skew_scaled, spike_prom_skew_scaled",5,0.895
"derivative_skew, raw_derivative_skew, spike_prom_skew, spike_prom_mean_scaled, spike_peak_mean_scaled",5,0.895
"derivative_skew, raw_derivative_skew, spike_prom_skew, spike_prom_mean_scaled, spike_prom_skew_scaled",5,0.895
"derivative_skew, raw_derivative_skew, spike_prom_skew, spike_prom_mean_scaled, raw_derivative_skew_scaled",5,0.895
"derivative_skew, spike_prom_skew, spike_prom_mean_scaled, raw_derivative_skew_scaled, spike_peak_mean_scaled",5,0.895
"derivative_skew, spike_prom_skew, spike_prom_mean_scaled, spike_prom_skew_scaled, spike_peak_mean_scaled",5,0.895
"derivative_skew, spike_prom_skew, raw_derivative_skew_scaled, spike_prom_skew_scaled, spike_peak_mean_scaled",5,0.895
"derivative_skew, spike_peak_mean, derivative_skew_scaled, spike_prom_mean_scaled, spike_prom_skew_scaled",5,0.895
"derivative_skew, spike_prom_mean, raw_derivative_skew, spike_prom_skew, spike_prom_skew_scaled, spike_peak_mean_scaled",6,0.895
"derivative_skew, spike_prom_mean, spike_peak_mean, derivative_skew_scaled, spike_peak_mean_scaled",5,0.895
"derivative_skew, spike_prom_mean, raw_derivative_skew, spike_prom_skew, raw_derivative_skew_scaled, spike_peak_mean_scaled",6,0.895
"derivative_skew, spike_prom_mean, raw_derivative_skew, spike_prom_skew, raw_derivative_skew_scaled, spike_prom_skew_scaled",6,0.895
"derivative_skew, spike_prom_mean, raw_derivative_skew, spike_prom_skew, spike_prom_mean_scaled, spike_peak_mean_scaled",6,0.895
"derivative_skew, spike_prom_mean, raw_derivative_skew, spike_prom_skew, spike_prom_mean_scaled, raw_derivative_skew_scaled",6,0.895
"derivative_skew, spike_prom_mean, raw_derivative_skew, spike_prom_skew, derivative_skew_scaled, spike_peak_mean_scaled",6,0.895
"derivative_skew, spike_prom_mean, raw_derivative_skew, spike_prom_skew, derivative_skew_scaled, spike_prom_skew_scaled",6,0.895
"derivative_skew, spike_prom_mean, raw_derivative_skew, spike_prom_skew, derivative_skew_scaled, raw_derivative_skew_scaled",6,0.895
"derivative_skew, spike_prom_mean, raw_derivative_skew, spike_prom_skew, derivative_skew_scaled, spike_prom_mean_scaled",6,0.895
"derivative_skew, spike_prom_mean, raw_derivative_skew, spike_prom_skew, spike_peak_mean, spike_peak_mean_scaled",6,0.895
"derivative_skew, spike_prom_mean, raw_derivative_skew, spike_prom_skew, spike_peak_mean, spike_prom_skew_scaled",6,0.895
"derivative_skew, spike_prom_mean, raw_derivative_skew, spike_prom_skew, spike_peak_mean, raw_derivative_skew_scaled",6,0.895
"derivative_skew, spike_prom_mean, raw_derivative_skew, spike_prom_skew, spike_peak_mean, spike_prom_mean_scaled",6,0.895
"derivative_skew, spike_prom_mean, raw_derivative_skew, spike_prom_skew, spike_peak_mean, derivative_skew_scaled",6,0.895
"derivative_skew, spike_prom_mean, spike_peak_mean, raw_derivative_skew_scaled, spike_prom_skew_scaled",5,0.895
"spike_prom_mean, spike_peak_mean, derivative_skew_scaled, spike_prom_mean_scaled, spike_peak_mean_scaled",5,0.895
"spike_prom_mean, spike_peak_mean, derivative_skew_scaled, spike_prom_mean_scaled, raw_derivative_skew_scaled",5,0.895
"spike_prom_mean, raw_derivative_skew, derivative_skew_scaled, spike_prom_mean_scaled, spike_peak_mean_scaled",5,0.895
"spike_prom_mean, raw_derivative_skew, spike_peak_mean, derivative_skew_scaled, spike_prom_mean_scaled",5,0.895
"derivative_skew, derivative_skew_scaled, raw_derivative_skew_scaled, spike_prom_skew_scaled, spike_peak_mean_scaled",5,0.895
"derivative_skew, spike_prom_mean, spike_peak_mean, raw_derivative_skew_scaled, spike_peak_mean_scaled",5,0.895
"derivative_skew, spike_peak_mean, spike_prom_mean_scaled, spike_prom_skew_scaled, spike_peak_mean_scaled",5,0.895
"derivative_skew, spike_prom_mean, spike_peak_mean, spike_prom_skew_scaled, spike_peak_mean_scaled",5,0.895
"derivative_skew, spike_peak_mean, spike_prom_mean_scaled, raw_derivative_skew_scaled, spike_prom_skew_scaled",5,0.895
"derivative_skew, spike_prom_mean, spike_prom_skew, spike_peak_mean, derivative_skew_scaled, spike_peak_mean_scaled",6,0.895
derivative_skew,1,0.895
"derivative_skew, spike_prom_mean, spike_prom_skew, spike_peak_mean, spike_prom_mean_scaled, spike_prom_skew_scaled",6,0.895
"derivative_skew, raw_derivative_skew, spike_peak_mean, derivative_skew_scaled, spike_prom_mean_scaled, raw_derivative_skew_scaled, spike_prom_skew_scaled",7,0.895
"derivative_skew, raw_derivative_skew, spike_prom_skew, spike_peak_mean, spike_prom_mean_scaled, raw_derivative_skew_scaled, spike_prom_skew_scaled",7,0.895
"derivative_skew, raw_derivative_skew, spike_prom_skew, spike_peak_mean, spike_prom_mean_scaled, raw_derivative_skew_scaled, spike_peak_mean_scaled",7,0.895
"derivative_skew, raw_derivative_skew, spike_prom_skew, spike_peak_mean, spike_prom_mean_scaled, spike_prom_skew_scaled, spike_peak_mean_scaled",7,0.895
"derivative_skew, raw_derivative_skew, spike_prom_skew, derivative_skew_scaled, spike_prom_mean_scaled, raw_derivative_skew_scaled, spike_prom_skew_scaled",7,0.895
"derivative_skew, raw_derivative_skew, spike_prom_skew, derivative_skew_scaled, spike_prom_mean_scaled, raw_derivative_skew_scaled, spike_peak_mean_scaled",7,0.895
"derivative_skew, raw_derivative_skew, spike_prom_skew, derivative_skew_scaled, spike_prom_mean_scaled, spike_prom_skew_scaled, spike_peak_mean_scaled",7,0.895
"derivative_skew, raw_derivative_skew, spike_prom_skew, spike_prom_mean_scaled, raw_derivative_skew_scaled, spike_prom_skew_scaled, spike_peak_mean_scaled",7,0.895
"derivative_skew, raw_derivative_skew, spike_peak_mean, derivative_skew_scaled, spike_prom_mean_scaled, spike_prom_skew_scaled, spike_peak_mean_scaled",7,0.895
"derivative_skew, spike_prom_mean, spike_prom_skew, spike_peak_mean, spike_prom_mean_scaled, spike_peak_mean_scaled",6,0.895
"derivative_skew, raw_derivative_skew, spike_peak_mean, spike_prom_mean_scaled, raw_derivative_skew_scaled, spike_prom_skew_scaled, spike_peak_mean_scaled",7,0.895
"derivative_skew, spike_prom_skew, spike_peak_mean, derivative_skew_scaled, spike_prom_mean_scaled, raw_derivative_skew_scaled, spike_prom_skew_scaled",7,0.895
"derivative_skew, spike_prom_skew, spike_peak_mean, derivative_skew_scaled, spike_prom_mean_scaled, raw_derivative_skew_scaled, spike_peak_mean_scaled",7,0.895
"derivative_skew, spike_prom_skew, spike_peak_mean, derivative_skew_scaled, spike_prom_mean_scaled, spike_prom_skew_scaled, spike_peak_mean_scaled",7,0.895
"derivative_skew, spike_prom_skew, spike_peak_mean, spike_prom_mean_scaled, raw_derivative_skew_scaled, spike_prom_skew_scaled, spike_peak_mean_scaled",7,0.895
"derivative_skew, spike_prom_skew, derivative_skew_scaled, spike_prom_mean_scaled, raw_derivative_skew_scaled, spike_prom_skew_scaled, spike_peak_mean_scaled",7,0.895
"derivative_skew, spike_peak_mean, derivative_skew_scaled, spike_prom_mean_scaled, raw_derivative_skew_scaled, spike_prom_skew_scaled, spike_peak_mean_scaled",7,0.895
"derivative_skew, raw_derivative_skew, spike_prom_skew, spike_peak_mean, derivative_skew_scaled, spike_prom_mean_scaled, spike_peak_mean_scaled",7,0.895
"derivative_skew, raw_derivative_skew, spike_prom_skew, spike_peak_mean, derivative_skew_scaled, spike_prom_mean_scaled, spike_prom_skew_scaled",7,0.895
"derivative_skew, raw_derivative_skew, spike_prom_skew, spike_peak_mean, derivative_skew_scaled, spike_prom_mean_scaled, raw_derivative_skew_scaled",7,0.895
"derivative_skew, spike_prom_mean, spike_peak_mean, derivative_skew_scaled, raw_derivative_skew_scaled, spike_prom_skew_scaled, spike_peak_mean_scaled",7,0.895
"derivative_skew, spike_prom_mean, spike_prom_skew, spike_peak_mean, derivative_skew_scaled, spike_prom_mean_scaled, raw_derivative_skew_scaled",7,0.895
"derivative_skew, spike_prom_mean, spike_prom_skew, spike_peak_mean, derivative_skew_scaled, spike_prom_mean_scaled, spike_prom_skew_scaled",7,0.895
"derivative_skew, spike_prom_mean, spike_prom_skew, spike_peak_mean, derivative_skew_scaled, spike_prom_mean_scaled, spike_peak_mean_scaled",7,0.895
"derivative_skew, spike_prom_mean, spike_prom_skew, spike_peak_mean, derivative_skew_scaled, raw_derivative_skew_scaled, spike_prom_skew_scaled",7,0.895
"derivative_skew, spike_prom_mean, spike_prom_skew, spike_peak_mean, derivative_skew_scaled, raw_derivative_skew_scaled, spike_peak_mean_scaled",7,0.895
"derivative_skew, spike_prom_mean, spike_prom_skew, spike_peak_mean, derivative_skew_scaled, spike_prom_skew_scaled, spike_peak_mean_scaled",7,0.895
"derivative_skew, spike_prom_mean, spike_prom_skew, spike_peak_mean, spike_prom_mean_scaled, raw_derivative_skew_scaled, spike_prom_skew_scaled",7,0.895
"derivative_skew, spike_prom_mean, spike_prom_skew, spike_peak_mean, spike_prom_mean_scaled, raw_derivative_skew_scaled, spike_peak_mean_scaled",7,0.895
"derivative_skew, spike_prom_mean, spike_prom_skew, spike_peak_mean, spike_prom_mean_scaled, spike_prom_skew_scaled, spike_peak_mean_scaled",7,0.895
"derivative_skew, spike_prom_mean, spike_prom_skew, spike_peak_mean, raw_derivative_skew_scaled, spike_prom_skew_scaled, spike_peak_mean_scaled",7,0.895
"derivative_skew, spike_prom_mean, spike_prom_skew, derivative_skew_scaled, spike_prom_mean_scaled, raw_derivative_skew_scaled, spike_prom_skew_scaled",7,0.895
"derivative_skew, spike_prom_mean, spike_prom_skew, derivative_skew_scaled, spike_prom_mean_scaled, raw_derivative_skew_scaled, spike_peak_mean_scaled",7,0.895
"derivative_skew, spike_prom_mean, spike_prom_skew, derivative_skew_scaled, spike_prom_mean_scaled, spike_prom_skew_scaled, spike_peak_mean_scaled",7,0.895
"derivative_skew, spike_prom_mean, spike_prom_skew, derivative_skew_scaled, raw_derivative_skew_scaled, spike_prom_skew_scaled, spike_peak_mean_scaled",7,0.895
"derivative_skew, spike_prom_mean, spike_prom_skew, spike_prom_mean_scaled, raw_derivative_skew_scaled, spike_prom_skew_scaled, spike_peak_mean_scaled",7,0.895
"spike_prom_mean, raw_derivative_skew, spike_peak_mean, derivative_skew_scaled, spike_prom_mean_scaled, raw_derivative_skew_scaled, spike_peak_mean_scaled",7,0.895
"derivative_skew, spike_prom_mean, raw_derivative_skew, spike_prom_skew, spike_peak_mean, derivative_skew_scaled, spike_prom_mean_scaled, raw_derivative_skew_scaled",8,0.895
"derivative_skew, spike_prom_mean, raw_derivative_skew, spike_prom_skew, spike_peak_mean, derivative_skew_scaled, spike_prom_mean_scaled, spike_prom_skew_scaled",8,0.895
"derivative_skew, spike_prom_mean, spike_prom_skew, spike_peak_mean, spike_prom_mean_scaled, raw_derivative_skew_scaled, spike_prom_skew_scaled, spike_peak_mean_scaled",8,0.895
"derivative_skew, raw_derivative_skew, spike_prom_skew, spike_peak_mean, derivative_skew_scaled, spike_prom_mean_scaled, raw_derivative_skew_scaled, spike_prom_skew_scaled",8,0.895
"derivative_skew, raw_derivative_skew, spike_prom_skew, spike_peak_mean, derivative_skew_scaled, spike_prom_mean_scaled, raw_derivative_skew_scaled, spike_peak_mean_scaled",8,0.895
"derivative_skew, raw_derivative_skew, spike_prom_skew, spike_peak_mean, derivative_skew_scaled, spike_prom_mean_scaled, spike_prom_skew_scaled, spike_peak_mean_scaled",8,0.895
"derivative_skew, raw_derivative_skew, spike_prom_skew, spike_peak_mean, spike_prom_mean_scaled, raw_derivative_skew_scaled, spike_prom_skew_scaled, spike_peak_mean_scaled",8,0.895
"derivative_skew, raw_derivative_skew, spike_prom_skew, derivative_skew_scaled, spike_prom_mean_scaled, raw_derivative_skew_scaled, spike_prom_skew_scaled, spike_peak_mean_scaled",8,0.895
"derivative_skew, raw_derivative_skew, spike_peak_mean, derivative_skew_scaled, spike_prom_mean_scaled, raw_derivative_skew_scaled, spike_prom_skew_scaled, spike_peak_mean_scaled",8,0.895
"derivative_skew, spike_prom_skew, spike_peak_mean, derivative_skew_scaled, spike_prom_mean_scaled, raw_derivative_skew_scaled, spike_prom_skew_scaled, spike_peak_mean_scaled",8,0.895
"derivative_skew, spike_prom_mean, raw_derivative_skew, spike_prom_skew, spike_peak_mean, derivative_skew_scaled, spike_prom_mean_scaled, raw_derivative_skew_scaled, spike_prom_skew_scaled",9,0.895
"derivative_skew, spike_prom_mean, raw_derivative_skew, spike_prom_skew, spike_peak_mean, derivative_skew_scaled, spike_prom_mean_scaled, raw_derivative_skew_scaled, spike_peak_mean_scaled",9,0.895
"derivative_skew, spike_prom_mean, raw_derivative_skew, spike_prom_skew, spike_peak_mean, derivative_skew_scaled, spike_prom_mean_scaled, spike_prom_skew_scaled, spike_peak_mean_scaled",9,0.895
"derivative_skew, spike_prom_mean, raw_derivative_skew, spike_prom_skew, spike_peak_mean, derivative_skew_scaled, raw_derivative_skew_scaled, spike_prom_skew_scaled, spike_peak_mean_scaled",9,0.895
"derivative_skew, spike_prom_mean, raw_derivative_skew, spike_prom_skew, spike_peak_mean, spike_prom_mean_scaled, raw_derivative_skew_scaled, spike_prom_skew_scaled, spike_peak_mean_scaled",9,0.895
"derivative_skew, spike_prom_mean, raw_derivative_skew, spike_prom_skew, derivative_skew_scaled, spike_prom_mean_scaled, raw_derivative_skew_scaled, spike_prom_skew_scaled, spike_peak_mean_scaled",9,0.895
"derivative_skew, spike_prom_mean, spike_prom_skew, spike_peak_mean, derivative_skew_scaled, spike_prom_mean_scaled, raw_derivative_skew_scaled, spike_prom_skew_scaled, spike_peak_mean_scaled",9,0.895
"derivative_skew, raw_derivative_skew, spike_prom_skew, spike_peak_mean, derivative_skew_scaled, spike_prom_mean_scaled, raw_derivative_skew_scaled, spike_prom_skew_scaled, spike_peak_mean_scaled",9,0.895
"derivative_skew, spike_prom_mean, spike_prom_skew, derivative_skew_scaled, spike_prom_mean_scaled, raw_derivative_skew_scaled, spike_prom_skew_scaled, spike_peak_mean_scaled",8,0.895
"derivative_skew, spike_prom_mean, spike_prom_skew, spike_peak_mean, derivative_skew_scaled, raw_derivative_skew_scaled, spike_prom_skew_scaled, spike_peak_mean_scaled",8,0.895
"derivative_skew, spike_prom_mean, raw_derivative_skew, spike_prom_skew, spike_peak_mean, derivative_skew_scaled, spike_prom_mean_scaled, spike_peak_mean_scaled",8,0.895
"derivative_skew, spike_prom_mean, spike_prom_skew, spike_peak_mean, derivative_skew_scaled, spike_prom_mean_scaled, spike_prom_skew_scaled, spike_peak_mean_scaled",8,0.895
"derivative_skew, spike_prom_mean, raw_derivative_skew, spike_prom_skew, spike_peak_mean, derivative_skew_scaled, raw_derivative_skew_scaled, spike_prom_skew_scaled",8,0.895
"derivative_skew, spike_prom_mean, raw_derivative_skew, spike_prom_skew, spike_peak_mean, derivative_skew_scaled, raw_derivative_skew_scaled, spike_peak_mean_scaled",8,0.895
"derivative_skew, spike_prom_mean, raw_derivative_skew, spike_prom_skew, spike_peak_mean, derivative_skew_scaled, spike_prom_skew_scaled, spike_peak_mean_scaled",8,0.895
"derivative_skew, spike_prom_mean, raw_derivative_skew, spike_prom_skew, spike_peak_mean, spike_prom_mean_scaled, raw_derivative_skew_scaled, spike_prom_skew_scaled",8,0.895
"derivative_skew, spike_prom_mean, raw_derivative_skew, spike_prom_skew, spike_peak_mean, spike_prom_mean_scaled, raw_derivative_skew_scaled, spike_peak_mean_scaled",8,0.895
"derivative_skew, spike_prom_mean, raw_derivative_skew, spike_prom_skew, spike_peak_mean, spike_prom_mean_scaled, spike_prom_skew_scaled, spike_peak_mean_scaled",8,0.895
"derivative_skew, spike_prom_mean, raw_derivative_skew, spike_prom_skew, spike_peak_mean, raw_derivative_skew_scaled, spike_prom_skew_scaled, spike_peak_mean_scaled",8,0.895
"derivative_skew, spike_prom_mean, raw_derivative_skew, spike_prom_skew, derivative_skew_scaled, spike_prom_mean_scaled, raw_derivative_skew_scaled, spike_prom_skew_scaled",8,0.895
"derivative_skew, spike_prom_mean, raw_derivative_skew, spike_prom_skew, derivative_skew_scaled, spike_prom_mean_scaled, raw_derivative_skew_scaled, spike_peak_mean_scaled",8,0.895
"derivative_skew, spike_prom_mean, raw_derivative_skew, spike_prom_skew, derivative_skew_scaled, spike_prom_mean_scaled, spike_prom_skew_scaled, spike_peak_mean_scaled",8,0.895
"derivative_skew, spike_prom_mean, raw_derivative_skew, spike_prom_skew, derivative_skew_scaled, raw_derivative_skew_scaled, spike_prom_skew_scaled, spike_peak_mean_scaled",8,0.895
"derivative_skew, spike_prom_mean, raw_derivative_skew, spike_prom_skew, spike_prom_mean_scaled, raw_derivative_skew_scaled, spike_prom_skew_scaled, spike_peak_mean_scaled",8,0.895
"derivative_skew, spike_prom_mean, raw_derivative_skew, spike_peak_mean, derivative_skew_scaled, raw_derivative_skew_scaled, spike_prom_skew_scaled, spike_peak_mean_scaled",8,0.895
"derivative_skew, spike_prom_mean, spike_prom_skew, spike_peak_mean, derivative_skew_scaled, spike_prom_mean_scaled, raw_derivative_skew_scaled, spike_prom_skew_scaled",8,0.895
"derivative_skew, spike_prom_mean, spike_prom_skew, spike_peak_mean, derivative_skew_scaled, spike_prom_mean_scaled, raw_derivative_skew_scaled, spike_peak_mean_scaled",8,0.895
"derivative_skew, spike_prom_mean, raw_derivative_skew, derivative_skew_scaled, raw_derivative_skew_scaled, spike_prom_skew_scaled, spike_peak_mean_scaled",7,0.895
"derivative_skew, spike_prom_mean, raw_derivative_skew, spike_peak_mean, raw_derivative_skew_scaled, spike_prom_skew_scaled, spike_peak_mean_scaled",7,0.895
"derivative_skew, spike_prom_mean, raw_derivative_skew, spike_peak_mean, derivative_skew_scaled, spike_prom_skew_scaled, spike_peak_mean_scaled",7,0.895
"derivative_skew, spike_prom_mean, raw_derivative_skew, spike_prom_skew, spike_peak_mean",5,0.895
"derivative_skew, raw_derivative_skew, spike_prom_skew, spike_peak_mean, derivative_skew_scaled, spike_prom_mean_scaled",6,0.895
"derivative_skew, raw_derivative_skew, spike_prom_skew, spike_peak_mean, spike_prom_mean_scaled, raw_derivative_skew_scaled",6,0.895
"derivative_skew, raw_derivative_skew, spike_prom_skew, spike_peak_mean, spike_prom_mean_scaled, spike_prom_skew_scaled",6,0.895
"derivative_skew, raw_derivative_skew, spike_prom_skew, spike_peak_mean, spike_prom_mean_scaled, spike_peak_mean_scaled",6,0.895
"derivative_skew, raw_derivative_skew, spike_prom_skew, derivative_skew_scaled, spike_prom_mean_scaled, raw_derivative_skew_scaled",6,0.895
"derivative_skew, raw_derivative_skew, spike_prom_skew, derivative_skew_scaled, spike_prom_mean_scaled, spike_prom_skew_scaled",6,0.895
"derivative_skew, raw_derivative_skew, spike_prom_skew, derivative_skew_scaled, spike_prom_mean_scaled, spike_peak_mean_scaled",6,0.895
"derivative_skew, raw_derivative_skew, spike_prom_skew, derivative_skew_scaled, raw_derivative_skew_scaled, spike_prom_skew_scaled",6,0.895
"derivative_skew, raw_derivative_skew, spike_prom_skew, spike_prom_mean_scaled, raw_derivative_skew_scaled, spike_prom_skew_scaled",6,0.895
"derivative_skew, raw_derivative_skew, spike_prom_skew, spike_prom_mean_scaled, raw_derivative_skew_scaled, spike_peak_mean_scaled",6,0.895
"derivative_skew, raw_derivative_skew, spike_prom_skew, spike_prom_mean_scaled, spike_prom_skew_scaled, spike_peak_mean_scaled",6,0.895
"derivative_skew, raw_derivative_skew, spike_peak_mean, derivative_skew_scaled, spike_prom_mean_scaled, spike_prom_skew_scaled",6,0.895
"derivative_skew, raw_derivative_skew, spike_peak_mean, spike_prom_mean_scaled, raw_derivative_skew_scaled, spike_prom_skew_scaled",6,0.895
"derivative_skew, raw_derivative_skew, spike_peak_mean, spike_prom_mean_scaled, spike_prom_skew_scaled, spike_peak_mean_scaled",6,0.895
"derivative_skew, spike_prom_skew, spike_peak_mean, derivative_skew_scaled, spike_prom_mean_scaled, raw_derivative_skew_scaled",6,0.895
"derivative_skew, spike_prom_mean, derivative_skew_scaled, raw_derivative_skew_scaled, spike_prom_skew_scaled, spike_peak_mean_scaled",6,0.895
"derivative_skew, spike_prom_mean, spike_peak_mean, raw_derivative_skew_scaled, spike_prom_skew_scaled, spike_peak_mean_scaled",6,0.895
"derivative_skew, spike_prom_skew, spike_peak_mean, derivative_skew_scaled, spike_prom_mean_scaled, spike_peak_mean_scaled",6,0.895
"derivative_skew, spike_prom_mean, spike_peak_mean, derivative_skew_scaled, spike_prom_skew_scaled, spike_peak_mean_scaled",6,0.895
"derivative_skew, spike_prom_mean, spike_prom_skew, spike_peak_mean, raw_derivative_skew_scaled, spike_prom_skew_scaled",6,0.895
"derivative_skew, spike_prom_mean, spike_prom_skew, spike_peak_mean, raw_derivative_skew_scaled, spike_peak_mean_scaled",6,0.895
"derivative_skew, spike_prom_mean, spike_prom_skew, spike_peak_mean, spike_prom_skew_scaled, spike_peak_mean_scaled",6,0.895
"derivative_skew, spike_prom_mean, spike_prom_skew, derivative_skew_scaled, spike_prom_mean_scaled, raw_derivative_skew_scaled",6,0.895
"derivative_skew, spike_prom_mean, spike_prom_skew, derivative_skew_scaled, spike_prom_mean_scaled, spike_prom_skew_scaled",6,0.895
"derivative_skew, spike_prom_mean, spike_prom_skew, derivative_skew_scaled, spike_prom_mean_scaled, spike_peak_mean_scaled",6,0.895
"derivative_skew, spike_prom_mean, spike_prom_skew, derivative_skew_scaled, raw_derivative_skew_scaled, spike_prom_skew_scaled",6,0.895
"derivative_skew, spike_prom_mean, spike_prom_skew, derivative_skew_scaled, raw_derivative_skew_scaled, spike_peak_mean_scaled",6,0.895
"derivative_skew, spike_prom_mean, spike_prom_skew, derivative_skew_scaled, spike_prom_skew_scaled, spike_peak_mean_scaled",6,0.895
"derivative_skew, spike_prom_mean, spike_prom_skew, spike_prom_mean_scaled, raw_derivative_skew_scaled, spike_prom_skew_scaled",6,0.895
"derivative_skew, spike_prom_mean, spike_prom_skew, spike_prom_mean_scaled, raw_derivative_skew_scaled, spike_peak_mean_scaled",6,0.895
"derivative_skew, spike_prom_mean, spike_prom_skew, spike_prom_mean_scaled, spike_prom_skew_scaled, spike_peak_mean_scaled",6,0.895
"derivative_skew, spike_prom_mean, spike_prom_skew, raw_derivative_skew_scaled, spike_prom_skew_scaled, spike_peak_mean_scaled",6,0.895
"derivative_skew, spike_prom_mean, spike_peak_mean, derivative_skew_scaled, raw_derivative_skew_scaled, spike_prom_skew_scaled",6,0.895
"derivative_skew, spike_prom_mean, spike_peak_mean, derivative_skew_scaled, raw_derivative_skew_scaled, spike_peak_mean_scaled",6,0.895
"derivative_skew, spike_prom_skew, spike_peak_mean, derivative_skew_scaled, spike_prom_mean_scaled, spike_prom_skew_scaled",6,0.895
"derivative_skew, spike_prom_skew, spike_peak_mean, spike_prom_mean_scaled, raw_derivative_skew_scaled, spike_prom_skew_scaled",6,0.895
"derivative_skew, spike_prom_mean, raw_derivative_skew, spike_peak_mean, derivative_skew_scaled, raw_derivative_skew_scaled, spike_peak_mean_scaled",7,0.895
"derivative_skew, spike_prom_mean, raw_derivative_skew, spike_prom_skew, spike_peak_mean, spike_prom_mean_scaled, raw_derivative_skew_scaled",7,0.895
"derivative_skew, spike_prom_mean, raw_derivative_skew, spike_prom_skew, spike_peak_mean, spike_prom_mean_scaled, spike_peak_mean_scaled",7,0.895
"derivative_skew, spike_prom_mean, raw_derivative_skew, spike_prom_skew, spike_peak_mean, raw_derivative_skew_scaled, spike_prom_skew_scaled",7,0.895
"derivative_skew, spike_prom_mean, raw_derivative_skew, spike_prom_skew, spike_peak_mean, raw_derivative_skew_scaled, spike_peak_mean_scaled",7,0.895
"derivative_skew, spike_prom_mean, raw_derivative_skew, spike_prom_skew, spike_peak_mean, spike_prom_skew_scaled, spike_peak_mean_scaled",7,0.895
"derivative_skew, spike_prom_mean, raw_derivative_skew, spike_prom_skew, derivative_skew_scaled, spike_prom_mean_scaled, raw_derivative_skew_scaled",7,0.895
"derivative_skew, spike_prom_mean, raw_derivative_skew, spike_prom_skew, derivative_skew_scaled, spike_prom_mean_scaled, spike_prom_skew_scaled",7,0.895
"derivative_skew, spike_prom_mean, raw_derivative_skew, spike_prom_skew, derivative_skew_scaled, spike_prom_mean_scaled, spike_peak_mean_scaled",7,0.895
"derivative_skew, spike_prom_mean, raw_derivative_skew, spike_prom_skew, derivative_skew_scaled, raw_derivative_skew_scaled, spike_prom_skew_scaled",7,0.895
"derivative_skew, spike_prom_mean, raw_derivative_skew, spike_prom_skew, derivative_skew_scaled, raw_derivative_skew_scaled, spike_peak_mean_scaled",7,0.895
"derivative_skew, spike_prom_mean, raw_derivative_skew, spike_prom_skew, derivative_skew_scaled, spike_prom_skew_scaled, spike_peak_mean_scaled",7,0.895
"derivative_skew, spike_prom_mean, raw_derivative_skew, spike_prom_skew, spike_prom_mean_scaled, raw_derivative_skew_scaled, spike_prom_skew_scaled",7,0.895
"derivative_skew, spike_prom_mean, raw_derivative_skew, spike_prom_skew, spike_prom_mean_scaled, raw_derivative_skew_scaled, spike_peak_mean_scaled",7,0.895
"derivative_skew, spike_prom_mean, raw_derivative_skew, spike_prom_skew, spike_prom_mean_scaled, spike_prom_skew_scaled, spike_peak_mean_scaled",7,0.895
"derivative_skew, spike_prom_mean, raw_derivative_skew, spike_prom_skew, raw_derivative_skew_scaled, spike_prom_skew_scaled, spike_peak_mean_scaled",7,0.895
"derivative_skew, spike_prom_mean, raw_derivative_skew, spike_peak_mean, derivative_skew_scaled, raw_derivative_skew_scaled, spike_prom_skew_scaled",7,0.895
"derivative_skew, spike_prom_mean, raw_derivative_skew, spike_prom_skew, spike_peak_mean, spike_prom_mean_scaled, spike_prom_skew_scaled",7,0.895
"derivative_skew, spike_prom_mean, raw_derivative_skew, spike_prom_skew, spike_peak_mean, derivative_skew_scaled, spike_peak_mean_scaled",7,0.895
"derivative_skew, spike_prom_skew, spike_peak_mean, spike_prom_mean_scaled, raw_derivative_skew_scaled, spike_peak_mean_scaled",6,0.895
"derivative_skew, spike_prom_mean, raw_derivative_skew, spike_prom_skew, spike_peak_mean, derivative_skew_scaled, spike_prom_skew_scaled",7,0.895
"derivative_skew, spike_prom_skew, spike_peak_mean, spike_prom_mean_scaled, spike_prom_skew_scaled, spike_peak_mean_scaled",6,0.895
"derivative_skew, spike_prom_skew, derivative_skew_scaled, spike_prom_mean_scaled, raw_derivative_skew_scaled, spike_prom_skew_scaled",6,0.895
"derivative_skew, spike_prom_skew, derivative_skew_scaled, spike_prom_mean_scaled, raw_derivative_skew_scaled, spike_peak_mean_scaled",6,0.895
"derivative_skew, spike_prom_skew, derivative_skew_scaled, spike_prom_mean_scaled, spike_prom_skew_scaled, spike_peak_mean_scaled",6,0.895
"derivative_skew, spike_prom_skew, derivative_skew_scaled, raw_derivative_skew_scaled, spike_prom_skew_scaled, spike_peak_mean_scaled",6,0.895
"derivative_skew, spike_prom_skew, spike_prom_mean_scaled, raw_derivative_skew_scaled, spike_prom_skew_scaled, spike_peak_mean_scaled",6,0.895
"derivative_skew, spike_peak_mean, derivative_skew_scaled, spike_prom_mean_scaled, raw_derivative_skew_scaled, spike_prom_skew_scaled",6,0.895
"derivative_skew, spike_peak_mean, derivative_skew_scaled, spike_prom_mean_scaled, spike_prom_skew_scaled, spike_peak_mean_scaled",6,0.895
"derivative_skew, spike_peak_mean, spike_prom_mean_scaled, raw_derivative_skew_scaled, spike_prom_skew_scaled, spike_peak_mean_scaled",6,0.895
"spike_prom_mean, raw_derivative_skew, spike_peak_mean, derivative_skew_scaled, spike_prom_mean_scaled, raw_derivative_skew_scaled",6,0.895
"spike_prom_mean, raw_derivative_skew, spike_peak_mean, derivative_skew_scaled, spike_prom_mean_scaled, spike_peak_mean_scaled",6,0.895
"spike_prom_mean, raw_derivative_skew, derivative_skew_scaled, spike_prom_mean_scaled, raw_derivative_skew_scaled, spike_peak_mean_scaled",6,0.895
"spike_prom_mean, spike_peak_mean, derivative_skew_scaled, spike_prom_mean_scaled, raw_derivative_skew_scaled, spike_peak_mean_scaled",6,0.895
"derivative_skew, spike_prom_mean, raw_derivative_skew, spike_prom_skew, spike_peak_mean, derivative_skew_scaled, spike_prom_mean_scaled",7,0.895
"derivative_skew, spike_prom_mean, raw_derivative_skew, spike_prom_skew, spike_peak_mean, derivative_skew_scaled, raw_derivative_skew_scaled",7,0.895
"derivative_skew, spike_prom_mean, raw_derivative_skew, spike_prom_skew, derivative_skew_scaled",5,0.895
"derivative_skew, spike_prom_mean, raw_derivative_skew, spike_prom_skew, spike_peak_mean, derivative_skew_scaled, spike_prom_mean_scaled, raw_derivative_skew_scaled, spike_prom_skew_scaled, spike_peak_mean_scaled",10,0.895
"derivative_skew, spike_prom_mean, spike_peak_mean, spike_peak_mean_scaled",4,0.895
"derivative_skew, raw_derivative_skew_scaled, spike_peak_mean_scaled",3,0.895
"derivative_skew, raw_derivative_skew, spike_prom_skew, spike_prom_mean_scaled",4,0.895
"derivative_skew, raw_derivative_skew, spike_prom_skew, derivative_skew_scaled",4,0.895
"derivative_skew, spike_prom_mean, spike_prom_skew_scaled, spike_peak_mean_scaled",4,0.895
"derivative_skew, spike_prom_mean, raw_derivative_skew_scaled, spike_peak_mean_scaled",4,0.895
"derivative_skew, spike_prom_mean, raw_derivative_skew_scaled, spike_prom_skew_scaled",4,0.895
"derivative_skew, spike_prom_mean, derivative_skew_scaled, spike_peak_mean_scaled",4,0.895
"derivative_skew, spike_prom_mean, derivative_skew_scaled, spike_prom_skew_scaled",4,0.895
"derivative_skew, spike_prom_mean, spike_peak_mean, spike_prom_skew_scaled",4,0.895
"derivative_skew, spike_prom_mean, spike_peak_mean, raw_derivative_skew_scaled",4,0.895
"derivative_skew, spike_prom_mean, spike_peak_mean, derivative_skew_scaled",4,0.895
"derivative_skew, spike_prom_mean, spike_prom_skew, spike_peak_mean_scaled",4,0.895
"derivative_skew, spike_prom_mean, spike_prom_skew, spike_prom_skew_scaled",4,0.895
"derivative_skew, spike_prom_mean, spike_prom_skew, raw_derivative_skew_scaled",4,0.895
"derivative_skew, spike_prom_mean, spike_prom_skew, spike_prom_mean_scaled",4,0.895
"derivative_skew, spike_prom_mean, spike_prom_skew, derivative_skew_scaled",4,0.895
"derivative_skew, spike_prom_mean, spike_prom_skew, spike_peak_mean",4,0.895
"derivative_skew, spike_prom_mean, raw_derivative_skew, spike_prom_skew_scaled",4,0.895
"derivative_skew, spike_prom_mean, raw_derivative_skew, spike_prom_skew",4,0.895
"spike_peak_mean, derivative_skew_scaled, raw_derivative_skew_scaled",3,0.895
"derivative_skew, raw_derivative_skew, spike_prom_skew, raw_derivative_skew_scaled",4,0.895
"derivative_skew, raw_derivative_skew, spike_prom_skew, spike_prom_skew_scaled",4,0.895
"derivative_skew, raw_derivative_skew, derivative_skew_scaled, raw_derivative_skew_scaled",4,0.895
"derivative_skew, spike_prom_skew, spike_prom_mean_scaled, spike_peak_mean_scaled",4,0.895
"derivative_skew, raw_derivative_skew_scaled, spike_prom_skew_scaled, spike_peak_mean_scaled",4,0.895
"derivative_skew, derivative_skew_scaled, spike_prom_skew_scaled, spike_peak_mean_scaled",4,0.895
"derivative_skew, derivative_skew_scaled, raw_derivative_skew_scaled, spike_peak_mean_scaled",4,0.895
"derivative_skew, derivative_skew_scaled, raw_derivative_skew_scaled, spike_prom_skew_scaled",4,0.895
"derivative_skew, spike_peak_mean, spike_prom_mean_scaled, spike_prom_skew_scaled",4,0.895
"derivative_skew, spike_prom_skew, spike_prom_skew_scaled, spike_peak_mean_scaled",4,0.895
"derivative_skew, spike_prom_skew, raw_derivative_skew_scaled, spike_peak_mean_scaled",4,0.895
"derivative_skew, spike_prom_skew, raw_derivative_skew_scaled, spike_prom_skew_scaled",4,0.895
"derivative_skew, spike_prom_skew, spike_prom_mean_scaled, spike_prom_skew_scaled",4,0.895
"derivative_skew, raw_derivative_skew, derivative_skew_scaled, spike_prom_skew_scaled",4,0.895
"derivative_skew, spike_prom_skew, spike_prom_mean_scaled, raw_derivative_skew_scaled",4,0.895
"derivative_skew, spike_prom_skew, derivative_skew_scaled, spike_peak_mean_scaled",4,0.895
"derivative_skew, spike_prom_skew, derivative_skew_scaled, spike_prom_skew_scaled",4,0.895
"derivative_skew, spike_prom_skew, derivative_skew_scaled, raw_derivative_skew_scaled",4,0.895
"derivative_skew, spike_prom_skew, derivative_skew_scaled, spike_prom_mean_scaled",4,0.895
"spike_prom_mean, spike_peak_mean, derivative_skew_scaled, spike_prom_mean_scaled",4,0.895
"derivative_skew, spike_prom_skew, spike_peak_mean, spike_prom_mean_scaled",4,0.895
"derivative_skew, raw_derivative_skew, raw_derivative_skew_scaled, spike_prom_skew_scaled",4,0.895
"derivative_skew, spike_prom_skew_scaled, spike_peak_mean_scaled",3,0.895
"derivative_skew, spike_prom_mean, raw_derivative_skew, spike_peak_mean",4,0.895
"derivative_skew, raw_derivative_skew_scaled, spike_prom_skew_scaled",3,0.895
"derivative_skew, spike_prom_skew_scaled",2,0.895
"spike_peak_mean, derivative_skew_scaled, raw_derivative_skew_scaled, spike_peak_mean_scaled",4,0.895
"derivative_skew, derivative_skew_scaled, spike_prom_skew_scaled",3,0.895
"derivative_skew, derivative_skew_scaled, raw_derivative_skew_scaled",3,0.895
"derivative_skew, spike_prom_mean, spike_peak_mean",3,0.895
"derivative_skew, spike_prom_mean, spike_prom_skew_scaled",3,0.895
"derivative_skew, spike_prom_mean, spike_peak_mean_scaled",3,0.895
"derivative_skew, raw_derivative_skew, spike_prom_skew",3,0.895
"derivative_skew, spike_prom_skew, spike_peak_mean_scaled",3,0.895
"derivative_skew, spike_prom_skew, spike_prom_skew_scaled",3,0.895
"derivative_skew, spike_prom_skew, raw_derivative_skew_scaled",3,0.895
"derivative_skew, spike_prom_skew, spike_prom_mean_scaled",3,0.895
"derivative_skew, spike_prom_skew, derivative_skew_scaled",3,0.895
"derivative_skew, raw_derivative_skew, derivative_skew_scaled",3,0.895
"derivative_skew, raw_derivative_skew, spike_prom_skew_scaled",3,0.895
"derivative_skew, raw_derivative_skew, raw_derivative_skew_scaled",3,0.895
"derivative_skew, spike_peak_mean_scaled",2,0.895
"derivative_skew, spike_prom_mean, spike_prom_skew",3,0.895
"derivative_skew, derivative_skew_scaled",2,0.895
"derivative_skew, derivative_skew_scaled, spike_peak_mean_scaled",3,0.895
"derivative_skew, spike_prom_skew",2,0.895
"derivative_skew, raw_derivative_skew_scaled",2,0.895
"derivative_skew, raw_derivative_skew",2,0.895
"derivative_skew, raw_derivative_skew, spike_prom_skew, spike_peak_mean, derivative_skew_scaled, raw_derivative_skew_scaled, spike_prom_skew_scaled, spike_peak_mean_scaled",8,0.89
"spike_prom_mean, raw_derivative_skew, derivative_skew_scaled, raw_derivative_skew_scaled",4,0.89
"derivative_skew, spike_peak_mean",2,0.89
"derivative_skew, raw_derivative_skew, derivative_skew_scaled, spike_peak_mean_scaled",4,0.89
"derivative_skew, raw_derivative_skew, spike_peak_mean, derivative_skew_scaled, raw_derivative_skew_scaled, spike_prom_skew_scaled, spike_peak_mean_scaled",7,0.89
"derivative_skew, raw_derivative_skew, raw_derivative_skew_scaled, spike_peak_mean_scaled",4,0.89
"spike_peak_mean, derivative_skew_scaled, spike_prom_mean_scaled, raw_derivative_skew_scaled, spike_peak_mean_scaled",5,0.89
"derivative_skew, raw_derivative_skew, spike_peak_mean, spike_peak_mean_scaled",4,0.89
"derivative_skew, raw_derivative_skew, spike_peak_mean, spike_prom_skew_scaled",4,0.89
"raw_derivative_skew, derivative_skew_scaled, spike_prom_mean_scaled, raw_derivative_skew_scaled, spike_peak_mean_scaled",5,0.89
"raw_derivative_skew, spike_peak_mean, derivative_skew_scaled, spike_prom_mean_scaled, spike_peak_mean_scaled",5,0.89
"derivative_skew, raw_derivative_skew, spike_peak_mean",3,0.89
"derivative_skew, spike_prom_skew, spike_peak_mean, derivative_skew_scaled",4,0.89
"derivative_skew, raw_derivative_skew, spike_prom_skew_scaled, spike_peak_mean_scaled",4,0.89
"derivative_skew, spike_peak_mean, derivative_skew_scaled, raw_derivative_skew_scaled",4,0.89
"derivative_skew, spike_prom_skew, spike_peak_mean, raw_derivative_skew_scaled",4,0.89
"derivative_skew, spike_prom_skew, spike_peak_mean, spike_prom_skew_scaled",4,0.89
"derivative_skew, spike_peak_mean, spike_prom_skew_scaled, spike_peak_mean_scaled",4,0.89
"derivative_skew, spike_prom_skew, spike_peak_mean, spike_peak_mean_scaled",4,0.89
"derivative_skew, spike_peak_mean, raw_derivative_skew_scaled, spike_peak_mean_scaled",4,0.89
"derivative_skew, spike_peak_mean, raw_derivative_skew_scaled, spike_prom_skew_scaled",4,0.89
"derivative_skew, spike_prom_skew, spike_peak_mean, derivative_skew_scaled, raw_derivative_skew_scaled, spike_prom_skew_scaled, spike_peak_mean_scaled",7,0.89
"derivative_skew, raw_derivative_skew, spike_peak_mean, derivative_skew_scaled",4,0.89
"derivative_skew_scaled, spike_prom_mean_scaled",2,0.89
"derivative_skew, spike_peak_mean, derivative_skew_scaled, spike_peak_mean_scaled",4,0.89
"spike_peak_mean, derivative_skew_scaled",2,0.89
"derivative_skew, spike_peak_mean, derivative_skew_scaled, spike_prom_skew_scaled",4,0.89
"derivative_skew, raw_derivative_skew, spike_peak_mean, raw_derivative_skew_scaled",4,0.89
"derivative_skew, raw_derivative_skew, spike_prom_skew, derivative_skew_scaled, raw_derivative_skew_scaled, spike_prom_skew_scaled, spike_peak_mean_scaled",7,0.89
"derivative_skew, raw_derivative_skew, spike_prom_skew, spike_peak_mean_scaled",4,0.89
"derivative_skew, raw_derivative_skew, spike_prom_skew, derivative_skew_scaled, spike_prom_skew_scaled, spike_peak_mean_scaled",6,0.89
"derivative_skew, raw_derivative_skew, spike_peak_mean, derivative_skew_scaled, raw_derivative_skew_scaled, spike_prom_skew_scaled",6,0.89
"derivative_skew, raw_derivative_skew, spike_peak_mean, derivative_skew_scaled, raw_derivative_skew_scaled, spike_peak_mean_scaled",6,0.89
"derivative_skew, raw_derivative_skew, spike_peak_mean, derivative_skew_scaled, spike_prom_skew_scaled, spike_peak_mean_scaled",6,0.89
"derivative_skew_scaled, spike_prom_mean_scaled, spike_peak_mean_scaled",3,0.89
"derivative_skew_scaled, spike_prom_mean_scaled, raw_derivative_skew_scaled",3,0.89
"derivative_skew, raw_derivative_skew, spike_peak_mean, raw_derivative_skew_scaled, spike_prom_skew_scaled, spike_peak_mean_scaled",6,0.89
"derivative_skew, raw_derivative_skew, derivative_skew_scaled, raw_derivative_skew_scaled, spike_prom_skew_scaled, spike_peak_mean_scaled",6,0.89
"spike_peak_mean, derivative_skew_scaled, spike_peak_mean_scaled",3,0.89
"derivative_skew, spike_prom_skew, spike_peak_mean, derivative_skew_scaled, raw_derivative_skew_scaled, spike_prom_skew_scaled",6,0.89
"derivative_skew, spike_prom_skew, spike_peak_mean, derivative_skew_scaled, raw_derivative_skew_scaled, spike_peak_mean_scaled",6,0.89
"derivative_skew, spike_prom_skew, spike_peak_mean, derivative_skew_scaled, spike_prom_skew_scaled, spike_peak_mean_scaled",6,0.89
"spike_peak_mean, derivative_skew_scaled, spike_prom_mean_scaled",3,0.89
"derivative_skew, spike_prom_skew, spike_peak_mean, raw_derivative_skew_scaled, spike_prom_skew_scaled, spike_peak_mean_scaled",6,0.89
"derivative_skew, spike_peak_mean, derivative_skew_scaled, raw_derivative_skew_scaled, spike_prom_skew_scaled, spike_peak_mean_scaled",6,0.89
"raw_derivative_skew, spike_peak_mean, derivative_skew_scaled, spike_prom_mean_scaled, raw_derivative_skew_scaled, spike_peak_mean_scaled",6,0.89
"raw_derivative_skew, derivative_skew_scaled, spike_peak_mean_scaled",3,0.89
"raw_derivative_skew, derivative_skew_scaled, spike_prom_mean_scaled",3,0.89
"derivative_skew, raw_derivative_skew, spike_prom_skew, raw_derivative_skew_scaled, spike_prom_skew_scaled, spike_peak_mean_scaled",6,0.89
"derivative_skew, raw_derivative_skew, spike_prom_skew, derivative_skew_scaled, raw_derivative_skew_scaled, spike_peak_mean_scaled",6,0.89
"derivative_skew, raw_derivative_skew, spike_peak_mean_scaled",3,0.89
"spike_prom_mean, derivative_skew_scaled, spike_prom_mean_scaled, raw_derivative_skew_scaled, spike_peak_mean_scaled",5,0.89
"spike_prom_mean, raw_derivative_skew, derivative_skew_scaled",3,0.89
"derivative_skew, raw_derivative_skew, spike_prom_skew, spike_peak_mean",4,0.89
"derivative_skew, spike_prom_skew, spike_peak_mean",3,0.89
"derivative_skew, raw_derivative_skew, spike_prom_skew, spike_peak_mean, raw_derivative_skew_scaled, spike_prom_skew_scaled, spike_peak_mean_scaled",7,0.89
"derivative_skew, raw_derivative_skew, spike_prom_skew, spike_peak_mean, derivative_skew_scaled, spike_prom_skew_scaled, spike_peak_mean_scaled",7,0.89
"derivative_skew, raw_derivative_skew, spike_prom_skew, spike_peak_mean, derivative_skew_scaled, raw_derivative_skew_scaled, spike_peak_mean_scaled",7,0.89
"derivative_skew, raw_derivative_skew, spike_prom_skew, spike_peak_mean, derivative_skew_scaled, raw_derivative_skew_scaled, spike_prom_skew_scaled",7,0.89
"derivative_skew, raw_derivative_skew, spike_prom_skew, spike_peak_mean, derivative_skew_scaled, raw_derivative_skew_scaled",6,0.89
"derivative_skew, raw_derivative_skew, spike_prom_skew, spike_peak_mean, derivative_skew_scaled, spike_prom_skew_scaled",6,0.89
"derivative_skew, raw_derivative_skew, spike_prom_skew, spike_peak_mean, derivative_skew_scaled, spike_peak_mean_scaled",6,0.89
"derivative_skew, spike_peak_mean, derivative_skew_scaled",3,0.89
"derivative_skew, spike_peak_mean, raw_derivative_skew_scaled",3,0.89
"derivative_skew, spike_peak_mean, spike_prom_skew_scaled",3,0.89
"derivative_skew, raw_derivative_skew, spike_prom_skew, spike_peak_mean, raw_derivative_skew_scaled, spike_prom_skew_scaled",6,0.89
"derivative_skew, raw_derivative_skew, spike_prom_skew, spike_peak_mean, raw_derivative_skew_scaled, spike_peak_mean_scaled",6,0.89
"derivative_skew, raw_derivative_skew, spike_prom_skew, spike_peak_mean, spike_prom_skew_scaled, spike_peak_mean_scaled",6,0.89
"derivative_skew, spike_peak_mean, spike_peak_mean_scaled",3,0.89
"raw_derivative_skew, spike_peak_mean, derivative_skew_scaled, spike_prom_mean_scaled, raw_derivative_skew_scaled",5,0.89
"derivative_skew_scaled, spike_prom_mean_scaled, raw_derivative_skew_scaled, spike_peak_mean_scaled",4,0.89
"derivative_skew, raw_derivative_skew, spike_prom_skew, derivative_skew_scaled, spike_peak_mean_scaled",5,0.89
"derivative_skew, raw_derivative_skew, spike_prom_skew, spike_peak_mean, derivative_skew_scaled",5,0.89
"raw_derivative_skew, derivative_skew_scaled, spike_prom_mean_scaled, spike_peak_mean_scaled",4,0.89
"raw_derivative_skew, derivative_skew_scaled, raw_derivative_skew_scaled, spike_peak_mean_scaled",4,0.89
"derivative_skew, spike_prom_skew, spike_peak_mean, derivative_skew_scaled, spike_peak_mean_scaled",5,0.89
"derivative_skew, spike_prom_skew, spike_peak_mean, raw_derivative_skew_scaled, spike_prom_skew_scaled",5,0.89
"derivative_skew, spike_prom_skew, spike_peak_mean, raw_derivative_skew_scaled, spike_peak_mean_scaled",5,0.89
"derivative_skew, spike_prom_skew, spike_peak_mean, spike_prom_skew_scaled, spike_peak_mean_scaled",5,0.89
"derivative_skew, spike_peak_mean, derivative_skew_scaled, raw_derivative_skew_scaled, spike_prom_skew_scaled",5,0.89
"derivative_skew, raw_derivative_skew, raw_derivative_skew_scaled, spike_prom_skew_scaled, spike_peak_mean_scaled",5,0.89
"derivative_skew, spike_peak_mean, derivative_skew_scaled, raw_derivative_skew_scaled, spike_peak_mean_scaled",5,0.89
"derivative_skew, spike_peak_mean, derivative_skew_scaled, spike_prom_skew_scaled, spike_peak_mean_scaled",5,0.89
"raw_derivative_skew, spike_peak_mean, derivative_skew_scaled, spike_prom_mean_scaled",4,0.89
"derivative_skew, spike_peak_mean, raw_derivative_skew_scaled, spike_prom_skew_scaled, spike_peak_mean_scaled",5,0.89
"spike_peak_mean, derivative_skew_scaled, spike_prom_mean_scaled, spike_peak_mean_scaled",4,0.89
"spike_peak_mean, derivative_skew_scaled, spike_prom_mean_scaled, raw_derivative_skew_scaled",4,0.89
"derivative_skew, spike_prom_skew, spike_peak_mean, derivative_skew_scaled, raw_derivative_skew_scaled",5,0.89
"derivative_skew, spike_prom_skew, spike_peak_mean, derivative_skew_scaled, spike_prom_skew_scaled",5,0.89
"spike_prom_mean, derivative_skew_scaled, spike_prom_mean_scaled, spike_peak_mean_scaled",4,0.89
"derivative_skew, raw_derivative_skew, spike_peak_mean, spike_prom_skew_scaled, spike_peak_mean_scaled",5,0.89
"derivative_skew, raw_derivative_skew, spike_prom_skew, raw_derivative_skew_scaled, spike_peak_mean_scaled",5,0.89
"derivative_skew, raw_derivative_skew, spike_prom_skew, spike_prom_skew_scaled, spike_peak_mean_scaled",5,0.89
"derivative_skew, raw_derivative_skew, spike_peak_mean, derivative_skew_scaled, raw_derivative_skew_scaled",5,0.89
"derivative_skew, raw_derivative_skew, spike_peak_mean, derivative_skew_scaled, spike_prom_skew_scaled",5,0.89
"derivative_skew, raw_derivative_skew, spike_peak_mean, derivative_skew_scaled, spike_peak_mean_scaled",5,0.89
"derivative_skew, raw_derivative_skew, spike_prom_skew, spike_peak_mean, spike_peak_mean_scaled",5,0.89
"derivative_skew, raw_derivative_skew, spike_peak_mean, raw_derivative_skew_scaled, spike_peak_mean_scaled",5,0.89
"derivative_skew, raw_derivative_skew, spike_peak_mean, raw_derivative_skew_scaled, spike_prom_skew_scaled",5,0.89
"derivative_skew, raw_derivative_skew, spike_prom_skew, spike_peak_mean, spike_prom_skew_scaled",5,0.89
"raw_derivative_skew, derivative_skew_scaled, spike_prom_mean_scaled, raw_derivative_skew_scaled",4,0.89
"derivative_skew, raw_derivative_skew, spike_prom_skew, spike_peak_mean, raw_derivative_skew_scaled",5,0.89
"derivative_skew, raw_derivative_skew, derivative_skew_scaled, raw_derivative_skew_scaled, spike_peak_mean_scaled",5,0.89
"derivative_skew, raw_derivative_skew, derivative_skew_scaled, spike_prom_skew_scaled, spike_peak_mean_scaled",5,0.89
"spike_prom_mean, spike_peak_mean, derivative_skew_scaled, spike_peak_mean_scaled",4,0.885
"spike_prom_mean, spike_peak_mean, derivative_skew_scaled, raw_derivative_skew_scaled",4,0.885
"spike_prom_mean, derivative_skew_scaled, spike_prom_mean_scaled, raw_derivative_skew_scaled",4,0.885
"spike_prom_mean, derivative_skew_scaled, raw_derivative_skew_scaled, spike_peak_mean_scaled",4,0.885
"raw_derivative_skew, spike_peak_mean, derivative_skew_scaled, raw_derivative_skew_scaled",4,0.885
"spike_prom_mean, spike_peak_mean, derivative_skew_scaled, raw_derivative_skew_scaled, spike_peak_mean_scaled",5,0.885
"raw_derivative_skew, spike_peak_mean, derivative_skew_scaled, spike_peak_mean_scaled",4,0.885
"spike_prom_mean, raw_derivative_skew, spike_peak_mean, derivative_skew_scaled",4,0.885
"spike_prom_mean, raw_derivative_skew, derivative_skew_scaled, spike_peak_mean_scaled",4,0.885
"raw_derivative_skew, spike_peak_mean, derivative_skew_scaled, raw_derivative_skew_scaled, spike_peak_mean_scaled",5,0.885
"spike_prom_mean, derivative_skew_scaled",2,0.885
"spike_prom_mean, raw_derivative_skew, spike_peak_mean, derivative_skew_scaled, raw_derivative_skew_scaled, spike_peak_mean_scaled",6,0.885
"raw_derivative_skew, spike_peak_mean, derivative_skew_scaled",3,0.885
"spike_prom_mean, spike_peak_mean, derivative_skew_scaled",3,0.885
"spike_prom_mean, derivative_skew_scaled, spike_prom_mean_scaled",3,0.885
"spike_prom_mean, raw_derivative_skew, spike_peak_mean, derivative_skew_scaled, raw_derivative_skew_scaled",5,0.885
"spike_prom_mean, raw_derivative_skew, spike_peak_mean, derivative_skew_scaled, spike_peak_mean_scaled",5,0.885
"spike_prom_mean, derivative_skew_scaled, raw_derivative_skew_scaled",3,0.885
"spike_prom_mean, derivative_skew_scaled, spike_peak_mean_scaled",3,0.885
"spike_prom_mean, raw_derivative_skew, derivative_skew_scaled, raw_derivative_skew_scaled, spike_peak_mean_scaled",5,0.885
"spike_prom_mean, raw_derivative_skew, derivative_skew_scaled, spike_prom_mean_scaled",4,0.88
"derivative_skew_scaled, spike_prom_skew_scaled",2,0.88
"spike_prom_mean, derivative_skew_scaled, spike_prom_mean_scaled, raw_derivative_skew_scaled, spike_prom_skew_scaled, spike_peak_mean_scaled",6,0.88
"spike_prom_mean, raw_derivative_skew, derivative_skew_scaled, spike_prom_mean_scaled, raw_derivative_skew_scaled",5,0.88
"spike_prom_mean, derivative_skew_scaled, spike_prom_mean_scaled, spike_prom_skew_scaled, spike_peak_mean_scaled",5,0.88
"spike_prom_mean, raw_derivative_skew, derivative_skew_scaled, spike_prom_mean_scaled, spike_prom_skew_scaled, spike_peak_mean_scaled",6,0.88
"derivative_skew_scaled, raw_derivative_skew_scaled, spike_prom_skew_scaled",3,0.88
"spike_prom_mean, raw_derivative_skew, derivative_skew_scaled, spike_prom_mean_scaled, raw_derivative_skew_scaled, spike_prom_skew_scaled, spike_peak_mean_scaled",7,0.88
"spike_prom_mean, raw_derivative_skew, derivative_skew_scaled, spike_prom_mean_scaled, raw_derivative_skew_scaled, spike_prom_skew_scaled",6,0.875
"spike_prom_mean, raw_derivative_skew, spike_peak_mean, derivative_skew_scaled, spike_prom_mean_scaled, spike_prom_skew_scaled, spike_peak_mean_scaled",7,0.875
"spike_prom_mean, raw_derivative_skew, spike_peak_mean, derivative_skew_scaled, spike_prom_mean_scaled, spike_prom_skew_scaled",6,0.875
"spike_peak_mean, derivative_skew_scaled, spike_prom_mean_scaled, raw_derivative_skew_scaled, spike_prom_skew_scaled",5,0.875
"spike_peak_mean, derivative_skew_scaled, spike_prom_mean_scaled, spike_prom_skew_scaled, spike_peak_mean_scaled",5,0.875
"derivative_skew_scaled, spike_prom_mean_scaled, raw_derivative_skew_scaled, spike_prom_skew_scaled, spike_peak_mean_scaled",5,0.875
"spike_peak_mean, derivative_skew_scaled, spike_prom_mean_scaled, spike_prom_skew_scaled",4,0.875
"raw_derivative_skew, derivative_skew_scaled, spike_prom_mean_scaled, raw_derivative_skew_scaled, spike_prom_skew_scaled, spike_peak_mean_scaled",6,0.875
"spike_prom_mean, spike_peak_mean, derivative_skew_scaled, spike_prom_mean_scaled, spike_prom_skew_scaled",5,0.875
"spike_prom_mean, raw_derivative_skew, spike_peak_mean, derivative_skew_scaled, spike_prom_mean_scaled, raw_derivative_skew_scaled, spike_prom_skew_scaled",7,0.875
"raw_derivative_skew, spike_peak_mean, derivative_skew_scaled, spike_prom_mean_scaled, raw_derivative_skew_scaled, spike_prom_skew_scaled, spike_peak_mean_scaled",7,0.875
"spike_prom_mean, spike_peak_mean, derivative_skew_scaled, spike_prom_mean_scaled, raw_derivative_skew_scaled, spike_prom_skew_scaled, spike_peak_mean_scaled",7,0.875
"spike_peak_mean, derivative_skew_scaled, spike_prom_mean_scaled, raw_derivative_skew_scaled, spike_prom_skew_scaled, spike_peak_mean_scaled",6,0.875
"derivative_skew_scaled, spike_prom_mean_scaled, spike_prom_skew_scaled",3,0.875
"raw_derivative_skew, derivative_skew_scaled, spike_prom_mean_scaled, raw_derivative_skew_scaled, spike_prom_skew_scaled",5,0.875
"spike_prom_mean, raw_derivative_skew, spike_peak_mean, derivative_skew_scaled, spike_prom_mean_scaled, raw_derivative_skew_scaled, spike_prom_skew_scaled, spike_peak_mean_scaled",8,0.875
"spike_prom_mean, derivative_skew_scaled, spike_prom_mean_scaled, spike_prom_skew_scaled",4,0.875
"spike_prom_mean, raw_derivative_skew, derivative_skew_scaled, spike_prom_mean_scaled, spike_prom_skew_scaled",5,0.875
"raw_derivative_skew, derivative_skew_scaled, spike_prom_mean_scaled, spike_prom_skew_scaled",4,0.875
"derivative_skew_scaled, spike_prom_mean_scaled, spike_prom_skew_scaled, spike_peak_mean_scaled",4,0.875
"raw_derivative_skew, derivative_skew_scaled, spike_prom_mean_scaled, spike_prom_skew_scaled, spike_peak_mean_scaled",5,0.875
"raw_derivative_skew, spike_peak_mean, derivative_skew_scaled, spike_prom_mean_scaled, raw_derivative_skew_scaled, spike_prom_skew_scaled",6,0.875
"spike_prom_mean, spike_peak_mean, derivative_skew_scaled, spike_prom_mean_scaled, spike_prom_skew_scaled, spike_peak_mean_scaled",6,0.875
"raw_derivative_skew, spike_peak_mean, derivative_skew_scaled, spike_prom_mean_scaled, spike_prom_skew_scaled, spike_peak_mean_scaled",6,0.875
"spike_prom_mean, spike_peak_mean, derivative_skew_scaled, spike_prom_mean_scaled, raw_derivative_skew_scaled, spike_prom_skew_scaled",6,0.875
"spike_prom_mean, derivative_skew_scaled, spike_prom_mean_scaled, raw_derivative_skew_scaled, spike_prom_skew_scaled",5,0.875
"raw_derivative_skew, spike_peak_mean, derivative_skew_scaled, spike_prom_mean_scaled, spike_prom_skew_scaled",5,0.875
"derivative_skew_scaled, spike_prom_mean_scaled, raw_derivative_skew_scaled, spike_prom_skew_scaled",4,0.875
"spike_prom_mean, raw_derivative_skew, derivative_skew_scaled, raw_derivative_skew_scaled, spike_prom_skew_scaled",5,0.87
"spike_prom_mean, raw_derivative_skew, spike_peak_mean, derivative_skew_scaled, raw_derivative_skew_scaled, spike_prom_skew_scaled",6,0.87
"spike_prom_mean, raw_derivative_skew, derivative_skew_scaled, spike_prom_skew_scaled",4,0.87
"spike_prom_mean, raw_derivative_skew, spike_peak_mean, derivative_skew_scaled, spike_prom_skew_scaled, spike_peak_mean_scaled",6,0.87
"spike_prom_mean, raw_derivative_skew, spike_peak_mean, derivative_skew_scaled, spike_prom_skew_scaled",5,0.87
"spike_prom_mean, derivative_skew_scaled, raw_derivative_skew_scaled, spike_prom_skew_scaled",4,0.87
"spike_prom_mean, raw_derivative_skew, derivative_skew_scaled, spike_prom_skew_scaled, spike_peak_mean_scaled",5,0.87
"spike_prom_mean, derivative_skew_scaled, spike_prom_skew_scaled",3,0.87
"raw_derivative_skew, derivative_skew_scaled, raw_derivative_skew_scaled, spike_prom_skew_scaled",4,0.87
"raw_derivative_skew, derivative_skew_scaled, spike_prom_skew_scaled",3,0.87
"spike_prom_mean, raw_derivative_skew, spike_peak_mean, derivative_skew_scaled, raw_derivative_skew_scaled, spike_prom_skew_scaled, spike_peak_mean_scaled",7,0.87
"spike_prom_mean, raw_derivative_skew, derivative_skew_scaled, raw_derivative_skew_scaled, spike_prom_skew_scaled, spike_peak_mean_scaled",6,0.87
"spike_prom_mean, derivative_skew_scaled, spike_prom_skew_scaled, spike_peak_mean_scaled",4,0.865
"spike_prom_mean, derivative_skew_scaled, raw_derivative_skew_scaled, spike_prom_skew_scaled, spike_peak_mean_scaled",5,0.865
"spike_prom_mean, spike_peak_mean, derivative_skew_scaled, raw_derivative_skew_scaled, spike_prom_skew_scaled, spike_peak_mean_scaled",6,0.865
"spike_prom_mean, spike_peak_mean, derivative_skew_scaled, spike_prom_skew_scaled, spike_peak_mean_scaled",5,0.865
"spike_prom_mean, spike_peak_mean, derivative_skew_scaled, raw_derivative_skew_scaled, spike_prom_skew_scaled",5,0.865
"spike_prom_mean, spike_peak_mean, derivative_skew_scaled, spike_prom_skew_scaled",4,0.865
"spike_prom_mean, spike_prom_skew, spike_peak_mean, derivative_skew_scaled, spike_prom_mean_scaled, spike_prom_skew_scaled, spike_peak_mean_scaled",7,0.85
"spike_prom_mean, spike_prom_skew, spike_peak_mean, derivative_skew_scaled, spike_prom_mean_scaled",5,0.85
"raw_derivative_skew, derivative_skew_scaled, spike_prom_skew_scaled, spike_peak_mean_scaled",4,0.85
"raw_derivative_skew, spike_peak_mean, derivative_skew_scaled, spike_prom_skew_scaled",4,0.85
"spike_prom_mean, spike_prom_skew, spike_peak_mean, derivative_skew_scaled, spike_prom_mean_scaled, raw_derivative_skew_scaled, spike_prom_skew_scaled, spike_peak_mean_scaled",8,0.85
"raw_derivative_skew, spike_peak_mean, derivative_skew_scaled, raw_derivative_skew_scaled, spike_prom_skew_scaled",5,0.85
"raw_derivative_skew, derivative_skew_scaled, raw_derivative_skew_scaled, spike_prom_skew_scaled, spike_peak_mean_scaled",5,0.85
"derivative_skew_scaled, raw_derivative_skew_scaled, spike_prom_skew_scaled, spike_peak_mean_scaled",4,0.85
"raw_derivative_skew, spike_peak_mean, derivative_skew_scaled, spike_prom_skew_scaled, spike_peak_mean_scaled",5,0.85
"spike_prom_mean, spike_prom_skew, spike_peak_mean, derivative_skew_scaled, spike_prom_mean_scaled, spike_peak_mean_scaled",6,0.85
"spike_prom_mean, spike_prom_skew, spike_peak_mean, derivative_skew_scaled, spike_prom_mean_scaled, spike_prom_skew_scaled",6,0.85
"spike_prom_mean, spike_prom_skew, spike_peak_mean, derivative_skew_scaled, spike_prom_mean_scaled, raw_derivative_skew_scaled",6,0.85
"derivative_skew_scaled, spike_prom_skew_scaled, spike_peak_mean_scaled",3,0.85
"spike_prom_mean, spike_prom_skew, spike_peak_mean, derivative_skew_scaled, spike_prom_mean_scaled, raw_derivative_skew_scaled, spike_prom_skew_scaled",7,0.85
"raw_derivative_skew, spike_peak_mean, derivative_skew_scaled, raw_derivative_skew_scaled, spike_prom_skew_scaled, spike_peak_mean_scaled",6,0.85
"spike_prom_mean, spike_prom_skew, spike_peak_mean, derivative_skew_scaled, spike_prom_mean_scaled, raw_derivative_skew_scaled, spike_peak_mean_scaled",7,0.85
"raw_derivative_skew, spike_prom_skew, spike_peak_mean, derivative_skew_scaled, spike_prom_mean_scaled, spike_prom_skew_scaled",6,0.845
"spike_prom_mean, spike_prom_skew, derivative_skew_scaled, spike_prom_mean_scaled, raw_derivative_skew_scaled, spike_prom_skew_scaled, spike_peak_mean_scaled",7,0.845
"raw_derivative_skew, spike_prom_skew, spike_peak_mean, derivative_skew_scaled, spike_prom_mean_scaled",5,0.845
"spike_prom_mean, spike_prom_skew, derivative_skew_scaled, spike_prom_mean_scaled, raw_derivative_skew_scaled",5,0.845
"spike_prom_skew, spike_peak_mean, derivative_skew_scaled, spike_prom_mean_scaled, spike_prom_skew_scaled, spike_peak_mean_scaled",6,0.845
"raw_derivative_skew, spike_prom_skew, spike_peak_mean, derivative_skew_scaled, spike_prom_mean_scaled, raw_derivative_skew_scaled, spike_peak_mean_scaled",7,0.845
"raw_derivative_skew, spike_prom_skew, spike_peak_mean, derivative_skew_scaled, spike_prom_mean_scaled, raw_derivative_skew_scaled, spike_prom_skew_scaled",7,0.845
"spike_prom_mean, raw_derivative_skew, spike_prom_skew, derivative_skew_scaled, spike_prom_mean_scaled, raw_derivative_skew_scaled, spike_prom_skew_scaled",7,0.845
"raw_derivative_skew, spike_prom_skew, derivative_skew_scaled, spike_prom_mean_scaled, raw_derivative_skew_scaled, spike_peak_mean_scaled",6,0.845
"raw_derivative_skew, spike_prom_skew, spike_peak_mean, derivative_skew_scaled, spike_prom_mean_scaled, spike_peak_mean_scaled",6,0.845
"raw_derivative_skew, spike_prom_skew, spike_peak_mean, derivative_skew_scaled, spike_prom_mean_scaled, raw_derivative_skew_scaled",6,0.845
"raw_derivative_skew, spike_prom_skew, derivative_skew_scaled, spike_prom_mean_scaled, spike_prom_skew_scaled, spike_peak_mean_scaled",6,0.845
"spike_prom_mean, raw_derivative_skew, spike_prom_skew, derivative_skew_scaled, raw_derivative_skew_scaled, spike_prom_skew_scaled, spike_peak_mean_scaled",7,0.845
"spike_prom_skew, spike_peak_mean, derivative_skew_scaled, spike_prom_mean_scaled",4,0.845
"raw_derivative_skew, spike_prom_skew, spike_peak_mean, derivative_skew_scaled, spike_prom_mean_scaled, raw_derivative_skew_scaled, spike_prom_skew_scaled, spike_peak_mean_scaled",8,0.845
"spike_prom_mean, raw_derivative_skew, spike_prom_skew, spike_peak_mean, derivative_skew_scaled, spike_prom_mean_scaled, raw_derivative_skew_scaled, spike_prom_skew_scaled",8,0.845
"spike_prom_mean, raw_derivative_skew, spike_prom_skew, spike_peak_mean, derivative_skew_scaled, spike_prom_mean_scaled, raw_derivative_skew_scaled, spike_prom_skew_scaled, spike_peak_mean_scaled",9,0.845
"spike_prom_mean, raw_derivative_skew, spike_prom_skew, spike_peak_mean, derivative_skew_scaled, spike_prom_mean_scaled, raw_derivative_skew_scaled, spike_peak_mean_scaled",8,0.845
"spike_prom_mean, spike_prom_skew, derivative_skew_scaled, spike_prom_mean_scaled, spike_prom_skew_scaled",5,0.845
"raw_derivative_skew, spike_prom_skew, spike_peak_mean, derivative_skew_scaled, spike_prom_mean_scaled, spike_prom_skew_scaled, spike_peak_mean_scaled",7,0.845
"spike_prom_mean, spike_prom_skew, derivative_skew_scaled, spike_prom_mean_scaled",4,0.845
"spike_prom_skew, spike_peak_mean, derivative_skew_scaled, spike_prom_mean_scaled, raw_derivative_skew_scaled, spike_peak_mean_scaled",6,0.845
"spike_prom_mean, raw_derivative_skew, spike_prom_skew, spike_peak_mean, derivative_skew_scaled, raw_derivative_skew_scaled",6,0.845
"spike_prom_skew, spike_peak_mean, derivative_skew_scaled, spike_prom_mean_scaled, raw_derivative_skew_scaled, spike_prom_skew_scaled",6,0.845
"raw_derivative_skew, spike_prom_skew, derivative_skew_scaled, spike_prom_mean_scaled, spike_peak_mean_scaled",5,0.845
"spike_prom_mean, raw_derivative_skew, spike_prom_skew, spike_peak_mean, derivative_skew_scaled, spike_prom_mean_scaled, raw_derivative_skew_scaled",7,0.845
"spike_prom_mean, spike_prom_skew, derivative_skew_scaled, spike_prom_mean_scaled, spike_peak_mean_scaled",5,0.845
"spike_prom_mean, raw_derivative_skew, spike_prom_skew, derivative_skew_scaled, spike_prom_mean_scaled, raw_derivative_skew_scaled",6,0.845
"spike_prom_mean, spike_prom_skew, derivative_skew_scaled, spike_prom_mean_scaled, raw_derivative_skew_scaled, spike_peak_mean_scaled",6,0.845
"spike_prom_mean, raw_derivative_skew, spike_prom_skew, derivative_skew_scaled, spike_prom_mean_scaled, spike_prom_skew_scaled",6,0.845
"spike_prom_mean, spike_prom_skew, derivative_skew_scaled, spike_prom_mean_scaled, raw_derivative_skew_scaled, spike_prom_skew_scaled",6,0.845
"spike_prom_mean, raw_derivative_skew, spike_prom_skew, derivative_skew_scaled, spike_prom_mean_scaled",5,0.845
"spike_prom_mean, raw_derivative_skew, spike_prom_skew, derivative_skew_scaled, spike_prom_skew_scaled, spike_peak_mean_scaled",6,0.845
"spike_prom_mean, raw_derivative_skew, spike_prom_skew, spike_peak_mean, derivative_skew_scaled, spike_prom_mean_scaled, spike_prom_skew_scaled, spike_peak_mean_scaled",8,0.845
"spike_prom_skew, spike_peak_mean, derivative_skew_scaled, spike_prom_mean_scaled, spike_peak_mean_scaled",5,0.845
"spike_prom_skew, spike_peak_mean, derivative_skew_scaled, spike_prom_mean_scaled, spike_prom_skew_scaled",5,0.845
"spike_prom_skew, spike_peak_mean, derivative_skew_scaled, spike_prom_mean_scaled, raw_derivative_skew_scaled",5,0.845
"spike_prom_mean, raw_derivative_skew, spike_prom_skew, spike_peak_mean, derivative_skew_scaled, spike_prom_mean_scaled",6,0.845
"spike_prom_mean, spike_prom_skew, derivative_skew_scaled, spike_prom_mean_scaled, spike_prom_skew_scaled, spike_peak_mean_scaled",6,0.845
"spike_prom_mean, raw_derivative_skew, spike_prom_skew, spike_peak_mean, derivative_skew_scaled",5,0.845
"spike_prom_mean, raw_derivative_skew, spike_prom_skew, spike_peak_mean, derivative_skew_scaled, spike_prom_mean_scaled, spike_prom_skew_scaled",7,0.845
"spike_prom_mean, raw_derivative_skew, spike_prom_skew, spike_peak_mean, derivative_skew_scaled, spike_prom_mean_scaled, spike_peak_mean_scaled",7,0.845
"raw_derivative_skew, spike_prom_skew, derivative_skew_scaled, spike_prom_mean_scaled, raw_derivative_skew_scaled, spike_prom_skew_scaled, spike_peak_mean_scaled",7,0.845
"spike_prom_skew, spike_peak_mean, derivative_skew_scaled, spike_prom_mean_scaled, raw_derivative_skew_scaled, spike_prom_skew_scaled, spike_peak_mean_scaled",7,0.845
"spike_prom_mean, raw_derivative_skew, spike_prom_skew, derivative_skew_scaled, spike_prom_mean_scaled, raw_derivative_skew_scaled, spike_prom_skew_scaled, spike_peak_mean_scaled",8,0.84
"spike_prom_skew, derivative_skew_scaled, spike_prom_mean_scaled, spike_prom_skew_scaled, spike_peak_mean_scaled",5,0.84
"raw_derivative_skew, spike_prom_skew, derivative_skew_scaled, spike_prom_mean_scaled, raw_derivative_skew_scaled, spike_prom_skew_scaled",6,0.84
"spike_prom_skew, derivative_skew_scaled, spike_prom_mean_scaled, raw_derivative_skew_scaled, spike_peak_mean_scaled",5,0.84
"spike_prom_skew, derivative_skew_scaled, spike_prom_mean_scaled, raw_derivative_skew_scaled, spike_prom_skew_scaled",5,0.84
"spike_prom_skew, derivative_skew_scaled, spike_prom_mean_scaled, raw_derivative_skew_scaled, spike_prom_skew_scaled, spike_peak_mean_scaled",6,0.84
"spike_prom_mean, raw_derivative_skew, spike_prom_skew, spike_peak_mean, derivative_skew_scaled, spike_prom_skew_scaled, spike_peak_mean_scaled",7,0.84
"spike_prom_skew, derivative_skew_scaled, spike_prom_mean_scaled",3,0.84
"spike_prom_mean, raw_derivative_skew, spike_prom_skew, spike_peak_mean, derivative_skew_scaled, raw_derivative_skew_scaled, spike_prom_skew_scaled, spike_peak_mean_scaled",8,0.84
"spike_prom_mean, raw_derivative_skew, spike_prom_skew, derivative_skew_scaled, spike_peak_mean_scaled",5,0.84
"spike_prom_mean, raw_derivative_skew, spike_prom_skew, derivative_skew_scaled, raw_derivative_skew_scaled",5,0.84
"spike_prom_mean, raw_derivative_skew, spike_prom_skew, derivative_skew_scaled, spike_prom_skew_scaled",5,0.84
"raw_derivative_skew, spike_prom_skew, derivative_skew_scaled, spike_prom_mean_scaled",4,0.84
"spike_prom_mean, raw_derivative_skew, spike_prom_skew, derivative_skew_scaled, raw_derivative_skew_scaled, spike_peak_mean_scaled",6,0.84
"raw_derivative_skew, spike_prom_skew, derivative_skew_scaled, spike_prom_mean_scaled, raw_derivative_skew_scaled",5,0.84
"spike_prom_skew, derivative_skew_scaled, spike_prom_mean_scaled, raw_derivative_skew_scaled",4,0.84
"spike_prom_skew, derivative_skew_scaled, spike_prom_mean_scaled, spike_peak_mean_scaled",4,0.84
"spike_prom_mean, raw_derivative_skew, spike_prom_skew, derivative_skew_scaled, spike_prom_mean_scaled, spike_prom_skew_scaled, spike_peak_mean_scaled",7,0.84
"spike_prom_mean, raw_derivative_skew, spike_prom_skew, spike_peak_mean, derivative_skew_scaled, spike_prom_skew_scaled",6,0.84
"raw_derivative_skew, spike_prom_skew, derivative_skew_scaled, spike_prom_mean_scaled, spike_prom_skew_scaled",5,0.84
"spike_prom_mean, raw_derivative_skew, spike_prom_skew, spike_peak_mean, derivative_skew_scaled, spike_peak_mean_scaled",6,0.84
"spike_prom_mean, raw_derivative_skew, spike_prom_skew, derivative_skew_scaled",4,0.84
"spike_prom_mean, raw_derivative_skew, spike_prom_skew, derivative_skew_scaled, spike_prom_mean_scaled, raw_derivative_skew_scaled, spike_peak_mean_scaled",7,0.84
"spike_prom_mean, raw_derivative_skew, spike_prom_skew, derivative_skew_scaled, raw_derivative_skew_scaled, spike_prom_skew_scaled",6,0.84
"spike_prom_mean, raw_derivative_skew, spike_prom_skew, derivative_skew_scaled, spike_prom_mean_scaled, spike_peak_mean_scaled",6,0.84
"spike_prom_skew, derivative_skew_scaled, spike_prom_mean_scaled, spike_prom_skew_scaled",4,0.84
"spike_prom_mean, raw_derivative_skew, spike_prom_skew, spike_peak_mean, derivative_skew_scaled, raw_derivative_skew_scaled, spike_prom_skew_scaled",7,0.84
"spike_prom_mean, raw_derivative_skew, spike_prom_skew, spike_peak_mean, derivative_skew_scaled, raw_derivative_skew_scaled, spike_peak_mean_scaled",7,0.84
"spike_prom_mean, spike_prom_skew, spike_peak_mean, derivative_skew_scaled, raw_derivative_skew_scaled, spike_peak_mean_scaled",6,0.83
"spike_prom_mean, spike_prom_skew, spike_peak_mean, derivative_skew_scaled, spike_prom_skew_scaled, spike_peak_mean_scaled",6,0.83
"spike_prom_mean, spike_prom_skew, derivative_skew_scaled, raw_derivative_skew_scaled, spike_prom_skew_scaled, spike_peak_mean_scaled",6,0.83
"spike_peak_mean, derivative_skew_scaled, spike_prom_skew_scaled",3,0.83
"spike_prom_mean, spike_prom_skew, spike_peak_mean, derivative_skew_scaled, raw_derivative_skew_scaled, spike_prom_skew_scaled",6,0.83
"spike_prom_mean, spike_prom_skew, derivative_skew_scaled",3,0.83
"spike_prom_mean, spike_prom_skew, derivative_skew_scaled, raw_derivative_skew_scaled, spike_prom_skew_scaled",5,0.83
"spike_prom_mean, spike_prom_skew, spike_peak_mean, derivative_skew_scaled, raw_derivative_skew_scaled",5,0.83
"spike_prom_mean, spike_prom_skew, derivative_skew_scaled, spike_peak_mean_scaled",4,0.83
"spike_prom_mean, spike_prom_skew, derivative_skew_scaled, spike_prom_skew_scaled",4,0.83
"spike_prom_mean, spike_prom_skew, derivative_skew_scaled, raw_derivative_skew_scaled",4,0.83
"spike_prom_mean, spike_prom_skew, derivative_skew_scaled, spike_prom_skew_scaled, spike_peak_mean_scaled",5,0.83
"spike_prom_mean, spike_prom_skew, derivative_skew_scaled, raw_derivative_skew_scaled, spike_peak_mean_scaled",5,0.83
"spike_prom_mean, spike_prom_skew, spike_peak_mean, derivative_skew_scaled",4,0.83
"spike_prom_mean, spike_prom_skew, spike_peak_mean, derivative_skew_scaled, raw_derivative_skew_scaled, spike_prom_skew_scaled, spike_peak_mean_scaled",7,0.83
"spike_peak_mean, derivative_skew_scaled, spike_prom_skew_scaled, spike_peak_mean_scaled",4,0.83
"spike_prom_mean, spike_prom_skew, spike_peak_mean, derivative_skew_scaled, spike_prom_skew_scaled",5,0.83
"spike_peak_mean, derivative_skew_scaled, raw_derivative_skew_scaled, spike_prom_skew_scaled",4,0.83
"spike_peak_mean, derivative_skew_scaled, raw_derivative_skew_scaled, spike_prom_skew_scaled, spike_peak_mean_scaled",5,0.83
"spike_prom_mean, spike_prom_skew, spike_peak_mean, derivative_skew_scaled, spike_peak_mean_scaled",5,0.83
"spike_prom_skew, derivative_skew_scaled, spike_prom_skew_scaled",3,0.825
"spike_prom_skew, derivative_skew_scaled",2,0.825
"spike_prom_skew, derivative_skew_scaled, raw_derivative_skew_scaled, spike_prom_skew_scaled",4,0.825
"spike_prom_skew, derivative_skew_scaled, raw_derivative_skew_scaled",3,0.825
"raw_derivative_skew, spike_prom_skew, derivative_skew_scaled",3,0.82
"spike_prom_skew, derivative_skew_scaled, raw_derivative_skew_scaled, spike_prom_skew_scaled, spike_peak_mean_scaled",5,0.82
"spike_prom_skew, derivative_skew_scaled, spike_peak_mean_scaled",3,0.82
"raw_derivative_skew, spike_prom_skew, spike_peak_mean, derivative_skew_scaled, raw_derivative_skew_scaled, spike_prom_skew_scaled, spike_peak_mean_scaled",7,0.82
"raw_derivative_skew, spike_prom_skew, derivative_skew_scaled, spike_prom_skew_scaled",4,0.82
"raw_derivative_skew, spike_prom_skew, derivative_skew_scaled, raw_derivative_skew_scaled, spike_prom_skew_scaled, spike_peak_mean_scaled",6,0.82
"spike_prom_skew, derivative_skew_scaled, spike_prom_skew_scaled, spike_peak_mean_scaled",4,0.82
"raw_derivative_skew, spike_prom_skew, spike_peak_mean, derivative_skew_scaled, raw_derivative_skew_scaled",5,0.82
"raw_derivative_skew, spike_prom_skew, spike_peak_mean, derivative_skew_scaled, spike_peak_mean_scaled",5,0.82
"raw_derivative_skew, spike_prom_skew, spike_peak_mean, derivative_skew_scaled, spike_prom_skew_scaled",5,0.82
"raw_derivative_skew, spike_prom_skew, derivative_skew_scaled, spike_peak_mean_scaled",4,0.82
"raw_derivative_skew, spike_prom_skew, derivative_skew_scaled, raw_derivative_skew_scaled, spike_prom_skew_scaled",5,0.82
"raw_derivative_skew, spike_prom_skew, derivative_skew_scaled, raw_derivative_skew_scaled, spike_peak_mean_scaled",5,0.82
"raw_derivative_skew, spike_prom_skew, spike_peak_mean, derivative_skew_scaled",4,0.82
"raw_derivative_skew, spike_prom_skew, derivative_skew_scaled, spike_prom_skew_scaled, spike_peak_mean_scaled",5,0.82
"raw_derivative_skew, spike_prom_skew, spike_peak_mean, derivative_skew_scaled, raw_derivative_skew_scaled, spike_prom_skew_scaled",6,0.82
"raw_derivative_skew, spike_prom_skew, derivative_skew_scaled, raw_derivative_skew_scaled",4,0.82
"raw_derivative_skew, spike_prom_skew, spike_peak_mean, derivative_skew_scaled, raw_derivative_skew_scaled, spike_peak_mean_scaled",6,0.82
"raw_derivative_skew, spike_prom_skew, spike_peak_mean, derivative_skew_scaled, spike_prom_skew_scaled, spike_peak_mean_scaled",6,0.82
"spike_prom_skew, derivative_skew_scaled, raw_derivative_skew_scaled, spike_peak_mean_scaled",4,0.82
"spike_prom_skew, spike_peak_mean, derivative_skew_scaled, spike_prom_skew_scaled, spike_peak_mean_scaled",5,0.815
"spike_prom_skew, spike_peak_mean, derivative_skew_scaled, raw_derivative_skew_scaled, spike_prom_skew_scaled, spike_peak_mean_scaled",6,0.815
"spike_prom_skew, spike_peak_mean, derivative_skew_scaled, raw_derivative_skew_scaled, spike_prom_skew_scaled",5,0.815
"spike_prom_skew, spike_peak_mean, derivative_skew_scaled",3,0.815
"spike_prom_skew, spike_peak_mean, derivative_skew_scaled, raw_derivative_skew_scaled, spike_peak_mean_scaled",5,0.815
"spike_prom_skew, spike_peak_mean, derivative_skew_scaled, spike_peak_mean_scaled",4,0.815
"spike_prom_skew, spike_peak_mean, derivative_skew_scaled, spike_prom_skew_scaled",4,0.815
"spike_prom_skew, spike_peak_mean, derivative_skew_scaled, raw_derivative_skew_scaled",4,0.815
"spike_prom_mean, raw_derivative_skew, spike_peak_mean, spike_prom_mean_scaled, spike_prom_skew_scaled, spike_peak_mean_scaled",6,0.81
"spike_prom_mean, raw_derivative_skew, spike_peak_mean, spike_prom_mean_scaled, raw_derivative_skew_scaled, spike_prom_skew_scaled",6,0.81
"spike_prom_mean, raw_derivative_skew, spike_peak_mean, spike_prom_mean_scaled, raw_derivative_skew_scaled, spike_prom_skew_scaled, spike_peak_mean_scaled",7,0.81
"spike_prom_mean, raw_derivative_skew, spike_peak_mean, spike_prom_mean_scaled, spike_prom_skew_scaled",5,0.81
"spike_prom_mean, spike_prom_mean_scaled, spike_prom_skew_scaled, spike_peak_mean_scaled",4,0.805
"spike_prom_mean, spike_peak_mean, spike_prom_mean_scaled, spike_prom_skew_scaled",4,0.805
"spike_prom_mean, spike_prom_mean_scaled, raw_derivative_skew_scaled, spike_prom_skew_scaled, spike_peak_mean_scaled",5,0.805
"spike_prom_mean, spike_peak_mean, spike_prom_mean_scaled, spike_prom_skew_scaled, spike_peak_mean_scaled",5,0.805
"spike_prom_mean, spike_peak_mean, spike_prom_mean_scaled, raw_derivative_skew_scaled, spike_prom_skew_scaled",5,0.805
"spike_prom_mean, spike_peak_mean, spike_prom_mean_scaled, raw_derivative_skew_scaled, spike_prom_skew_scaled, spike_peak_mean_scaled",6,0.805
"spike_prom_mean, raw_derivative_skew, spike_prom_mean_scaled, spike_prom_skew_scaled, spike_peak_mean_scaled",5,0.795
"spike_prom_mean, raw_derivative_skew, spike_prom_mean_scaled, raw_derivative_skew_scaled, spike_prom_skew_scaled, spike_peak_mean_scaled",6,0.795
"spike_prom_mean, spike_prom_mean_scaled, raw_derivative_skew_scaled",3,0.795
"spike_prom_mean, spike_prom_mean_scaled",2,0.79
"spike_prom_mean, spike_prom_mean_scaled, spike_prom_skew_scaled",3,0.785
"raw_derivative_skew, spike_prom_mean_scaled, raw_derivative_skew_scaled",3,0.785
"spike_prom_mean, raw_derivative_skew, spike_prom_mean_scaled, spike_peak_mean_scaled",4,0.785
"raw_derivative_skew, spike_prom_mean_scaled",2,0.785
"spike_prom_mean, raw_derivative_skew, spike_prom_mean_scaled",3,0.785
"spike_prom_mean, spike_prom_mean_scaled, raw_derivative_skew_scaled, spike_prom_skew_scaled",4,0.785
"spike_prom_mean, raw_derivative_skew, spike_prom_mean_scaled, raw_derivative_skew_scaled",4,0.785
"spike_prom_mean_scaled, raw_derivative_skew_scaled, spike_peak_mean_scaled",3,0.785
"spike_prom_mean, raw_derivative_skew, spike_prom_mean_scaled, raw_derivative_skew_scaled, spike_peak_mean_scaled",5,0.785
"spike_prom_mean, raw_derivative_skew, spike_peak_mean, spike_prom_mean_scaled, raw_derivative_skew_scaled",5,0.78
spike_prom_mean_scaled,1,0.78
"spike_prom_mean, raw_derivative_skew, spike_prom_mean_scaled, spike_prom_skew_scaled",4,0.78
"spike_prom_mean, raw_derivative_skew, spike_peak_mean, spike_prom_mean_scaled",4,0.78
"raw_derivative_skew, spike_peak_mean, spike_prom_mean_scaled, spike_prom_skew_scaled, spike_peak_mean_scaled",5,0.78
"spike_prom_mean_scaled, spike_peak_mean_scaled",2,0.78
"spike_prom_mean_scaled, raw_derivative_skew_scaled",2,0.78
"spike_prom_mean, raw_derivative_skew, spike_peak_mean, spike_prom_mean_scaled, raw_derivative_skew_scaled, spike_peak_mean_scaled",6,0.78
"spike_prom_mean, raw_derivative_skew, spike_prom_mean_scaled, raw_derivative_skew_scaled, spike_prom_skew_scaled",5,0.78
"raw_derivative_skew, spike_peak_mean, spike_prom_mean_scaled, raw_derivative_skew_scaled, spike_prom_skew_scaled, spike_peak_mean_scaled",6,0.78
"spike_prom_mean, raw_derivative_skew, spike_peak_mean, spike_prom_mean_scaled, spike_peak_mean_scaled",5,0.78
"raw_derivative_skew, spike_prom_mean_scaled, raw_derivative_skew_scaled, spike_peak_mean_scaled",4,0.775
"raw_derivative_skew, spike_peak_mean, spike_prom_mean_scaled, spike_prom_skew_scaled",4,0.775
"spike_peak_mean, spike_prom_mean_scaled, raw_derivative_skew_scaled, spike_peak_mean_scaled",4,0.775
"spike_prom_mean, raw_derivative_skew, spike_peak_mean_scaled",3,0.775
"spike_prom_mean, raw_derivative_skew, raw_derivative_skew_scaled",3,0.775
"spike_prom_mean, raw_derivative_skew, spike_peak_mean, raw_derivative_skew_scaled, spike_peak_mean_scaled",5,0.775
"spike_prom_mean, raw_derivative_skew, raw_derivative_skew_scaled, spike_peak_mean_scaled",4,0.775
"spike_prom_mean, raw_derivative_skew_scaled, spike_peak_mean_scaled",3,0.775
"spike_prom_mean, raw_derivative_skew, spike_peak_mean",3,0.775
"spike_prom_mean, spike_prom_mean_scaled, spike_peak_mean_scaled",3,0.775
"raw_derivative_skew, spike_peak_mean, spike_prom_mean_scaled, spike_peak_mean_scaled",4,0.775
"raw_derivative_skew, spike_peak_mean, spike_prom_mean_scaled",3,0.775
"raw_derivative_skew, spike_prom_mean_scaled, spike_peak_mean_scaled",3,0.775
"spike_prom_mean, spike_prom_mean_scaled, raw_derivative_skew_scaled, spike_peak_mean_scaled",4,0.775
"spike_peak_mean, spike_prom_mean_scaled",2,0.775
"spike_prom_mean, raw_derivative_skew_scaled",2,0.775
"spike_peak_mean, spike_prom_mean_scaled, raw_derivative_skew_scaled",3,0.775
"raw_derivative_skew, spike_peak_mean, spike_prom_mean_scaled, raw_derivative_skew_scaled, spike_peak_mean_scaled",5,0.775
spike_prom_mean,1,0.775
"raw_derivative_skew, spike_peak_mean, spike_prom_mean_scaled, raw_derivative_skew_scaled, spike_prom_skew_scaled",5,0.775
"spike_prom_mean, spike_peak_mean_scaled",2,0.775
"raw_derivative_skew, spike_peak_mean, spike_prom_mean_scaled, raw_derivative_skew_scaled",4,0.775
"spike_prom_mean, raw_derivative_skew, spike_peak_mean, raw_derivative_skew_scaled",4,0.775
"spike_prom_mean, raw_derivative_skew, spike_peak_mean, spike_peak_mean_scaled",4,0.775
"spike_prom_mean, raw_derivative_skew",2,0.775
"spike_peak_mean, spike_prom_mean_scaled, spike_peak_mean_scaled",3,0.775
"spike_prom_mean, spike_peak_mean, spike_prom_mean_scaled, spike_peak_mean_scaled",4,0.77
"spike_peak_mean, spike_prom_mean_scaled, raw_derivative_skew_scaled, spike_prom_skew_scaled, spike_peak_mean_scaled",5,0.77
"spike_prom_mean_scaled, spike_prom_skew_scaled",2,0.77
"spike_prom_mean_scaled, raw_derivative_skew_scaled, spike_prom_skew_scaled, spike_peak_mean_scaled",4,0.77
"spike_peak_mean, spike_prom_mean_scaled, spike_prom_skew_scaled",3,0.77
"spike_peak_mean, spike_prom_mean_scaled, raw_derivative_skew_scaled, spike_prom_skew_scaled",4,0.77
"spike_peak_mean, spike_prom_mean_scaled, spike_prom_skew_scaled, spike_peak_mean_scaled",4,0.77
"spike_prom_mean, spike_peak_mean, spike_prom_mean_scaled",3,0.77
"spike_prom_mean_scaled, spike_prom_skew_scaled, spike_peak_mean_scaled",3,0.77
"spike_prom_mean_scaled, raw_derivative_skew_scaled, spike_prom_skew_scaled",3,0.77
"spike_prom_mean, spike_peak_mean, spike_prom_mean_scaled, raw_derivative_skew_scaled",4,0.77
"spike_prom_mean, spike_peak_mean, spike_prom_mean_scaled, raw_derivative_skew_scaled, spike_peak_mean_scaled",5,0.77
"spike_prom_mean, spike_peak_mean, raw_derivative_skew_scaled, spike_peak_mean_scaled",4,0.765
"spike_prom_mean, spike_peak_mean, raw_derivative_skew_scaled",3,0.765
"raw_derivative_skew, spike_prom_mean_scaled, raw_derivative_skew_scaled, spike_prom_skew_scaled",4,0.765
"raw_derivative_skew, spike_prom_mean_scaled, spike_prom_skew_scaled, spike_peak_mean_scaled",4,0.765
"raw_derivative_skew, spike_prom_mean_scaled, raw_derivative_skew_scaled, spike_prom_skew_scaled, spike_peak_mean_scaled",5,0.765
"spike_prom_mean, spike_peak_mean",2,0.765
"raw_derivative_skew, spike_prom_mean_scaled, spike_prom_skew_scaled",3,0.765
"spike_prom_mean, spike_peak_mean, spike_peak_mean_scaled",3,0.76
"spike_prom_mean, spike_prom_skew, spike_peak_mean, spike_prom_mean_scaled",4,0.755
"spike_prom_skew, spike_prom_mean_scaled, spike_peak_mean_scaled",3,0.755
"spike_prom_mean, spike_prom_skew, spike_peak_mean, spike_prom_mean_scaled, raw_derivative_skew_scaled, spike_prom_skew_scaled, spike_peak_mean_scaled",7,0.755
"spike_prom_mean, spike_prom_skew, spike_peak_mean, spike_prom_mean_scaled, raw_derivative_skew_scaled",5,0.755
"spike_prom_mean, spike_prom_skew, spike_peak_mean, spike_prom_mean_scaled, raw_derivative_skew_scaled, spike_prom_skew_scaled",6,0.755
"spike_prom_skew, spike_prom_mean_scaled, spike_prom_skew_scaled, spike_peak_mean_scaled",4,0.755
"spike_prom_mean, spike_prom_skew, spike_peak_mean, spike_prom_mean_scaled, spike_prom_skew_scaled, spike_peak_mean_scaled",6,0.755
"spike_prom_mean, spike_prom_skew, spike_peak_mean, spike_prom_mean_scaled, spike_prom_skew_scaled",5,0.755
"spike_prom_mean, spike_prom_skew, spike_peak_mean, spike_prom_mean_scaled, spike_peak_mean_scaled",5,0.755
"spike_prom_mean, spike_prom_skew, spike_peak_mean, spike_prom_mean_scaled, raw_derivative_skew_scaled, spike_peak_mean_scaled",6,0.755
"spike_prom_skew, spike_prom_mean_scaled, raw_derivative_skew_scaled, spike_prom_skew_scaled, spike_peak_mean_scaled",5,0.755
"spike_prom_skew, spike_prom_mean_scaled, raw_derivative_skew_scaled, spike_peak_mean_scaled",4,0.755
"spike_prom_mean, raw_derivative_skew, spike_prom_skew, spike_prom_mean_scaled, raw_derivative_skew_scaled, spike_prom_skew_scaled, spike_peak_mean_scaled",7,0.75
"spike_prom_mean, spike_prom_skew, spike_prom_mean_scaled, spike_prom_skew_scaled, spike_peak_mean_scaled",5,0.75
"spike_prom_mean, spike_prom_skew, spike_prom_mean_scaled, spike_peak_mean_scaled",4,0.75
"spike_prom_skew, spike_peak_mean, spike_prom_mean_scaled, raw_derivative_skew_scaled, spike_peak_mean_scaled",5,0.75
"spike_prom_skew, spike_peak_mean, spike_prom_mean_scaled",3,0.75
"spike_prom_skew, spike_peak_mean, spike_prom_mean_scaled, raw_derivative_skew_scaled",4,0.75
"spike_prom_skew, spike_peak_mean, spike_prom_mean_scaled, raw_derivative_skew_scaled, spike_prom_skew_scaled",5,0.75
"spike_prom_mean, spike_prom_skew, spike_prom_mean_scaled, raw_derivative_skew_scaled, spike_peak_mean_scaled",5,0.75
"spike_prom_skew, spike_peak_mean, spike_prom_mean_scaled, spike_peak_mean_scaled",4,0.75
"spike_prom_mean, spike_prom_skew, spike_prom_mean_scaled, raw_derivative_skew_scaled, spike_prom_skew_scaled, spike_peak_mean_scaled",6,0.75
"spike_prom_skew, spike_peak_mean, spike_prom_mean_scaled, spike_prom_skew_scaled",4,0.75
"spike_prom_mean, raw_derivative_skew, spike_prom_skew, spike_peak_mean, spike_prom_mean_scaled, spike_prom_skew_scaled, spike_peak_mean_scaled",7,0.75
"spike_prom_mean, raw_derivative_skew, spike_prom_skew, spike_peak_mean, spike_prom_mean_scaled, spike_prom_skew_scaled",6,0.75
"spike_prom_mean, raw_derivative_skew, spike_prom_skew, spike_prom_mean_scaled, spike_prom_skew_scaled, spike_peak_mean_scaled",6,0.75
"spike_prom_mean, raw_derivative_skew, spike_prom_skew, spike_peak_mean, spike_prom_mean_scaled, raw_derivative_skew_scaled, spike_peak_mean_scaled",7,0.75
"spike_prom_mean, raw_derivative_skew, spike_prom_skew, spike_peak_mean, spike_prom_mean_scaled, raw_derivative_skew_scaled, spike_prom_skew_scaled",7,0.75
"spike_prom_mean, raw_derivative_skew, spike_prom_skew, spike_prom_mean_scaled, raw_derivative_skew_scaled, spike_peak_mean_scaled",6,0.75
"spike_prom_skew, spike_peak_mean, spike_prom_mean_scaled, spike_prom_skew_scaled, spike_peak_mean_scaled",5,0.75
"spike_prom_mean, raw_derivative_skew, spike_prom_skew, spike_peak_mean, spike_prom_mean_scaled",5,0.75
"spike_prom_mean, raw_derivative_skew, spike_prom_skew, spike_peak_mean, spike_prom_mean_scaled, raw_derivative_skew_scaled, spike_prom_skew_scaled, spike_peak_mean_scaled",8,0.75
"spike_prom_skew, spike_peak_mean, spike_prom_mean_scaled, raw_derivative_skew_scaled, spike_prom_skew_scaled, spike_peak_mean_scaled",6,0.75
"spike_prom_mean, raw_derivative_skew, spike_prom_skew, spike_prom_mean_scaled, spike_peak_mean_scaled",5,0.75
"spike_prom_mean, raw_derivative_skew, spike_prom_skew, spike_peak_mean, spike_prom_mean_scaled, spike_peak_mean_scaled",6,0.75
"spike_prom_mean, raw_derivative_skew, spike_prom_skew, spike_peak_mean, spike_prom_mean_scaled, raw_derivative_skew_scaled",6,0.75
"raw_derivative_skew, spike_prom_skew, spike_peak_mean, spike_prom_mean_scaled, raw_derivative_skew_scaled, spike_prom_skew_scaled, spike_peak_mean_scaled",7,0.745
"spike_prom_mean, spike_prom_skew, spike_prom_mean_scaled",3,0.745
"spike_prom_mean, raw_derivative_skew, spike_prom_skew, spike_prom_mean_scaled, spike_prom_skew_scaled",5,0.745
"raw_derivative_skew, spike_prom_skew, spike_peak_mean, spike_prom_mean_scaled, spike_prom_skew_scaled, spike_peak_mean_scaled",6,0.745
"spike_prom_mean, raw_derivative_skew, spike_prom_skew, spike_prom_mean_scaled",4,0.745
"raw_derivative_skew, spike_prom_skew, spike_peak_mean, spike_prom_mean_scaled, spike_prom_skew_scaled",5,0.745
"spike_prom_mean, spike_prom_skew, spike_prom_mean_scaled, raw_derivative_skew_scaled, spike_prom_skew_scaled",5,0.745
"raw_derivative_skew, spike_prom_skew, spike_peak_mean, spike_prom_mean_scaled, spike_peak_mean_scaled",5,0.745
"raw_derivative_skew, spike_prom_skew, spike_peak_mean, spike_prom_mean_scaled, raw_derivative_skew_scaled, spike_peak_mean_scaled",6,0.745
"spike_prom_mean, raw_derivative_skew, spike_prom_skew, spike_prom_mean_scaled, raw_derivative_skew_scaled",5,0.745
"raw_derivative_skew, spike_prom_skew, spike_peak_mean, spike_prom_mean_scaled, raw_derivative_skew_scaled, spike_prom_skew_scaled",6,0.745
"spike_prom_mean, raw_derivative_skew, spike_prom_skew, spike_prom_mean_scaled, raw_derivative_skew_scaled, spike_prom_skew_scaled",6,0.745
"spike_prom_mean, spike_prom_skew, spike_prom_mean_scaled, raw_derivative_skew_scaled",4,0.745
"spike_prom_mean, spike_prom_skew, spike_prom_mean_scaled, spike_prom_skew_scaled",4,0.745
"raw_derivative_skew, spike_prom_skew, spike_peak_mean, spike_prom_mean_scaled",4,0.745
"raw_derivative_skew, spike_prom_skew, spike_peak_mean, spike_prom_mean_scaled, raw_derivative_skew_scaled",5,0.745
"raw_derivative_skew, spike_prom_skew, spike_prom_mean_scaled, spike_prom_skew_scaled, spike_peak_mean_scaled",5,0.74
"raw_derivative_skew, spike_prom_skew, spike_prom_mean_scaled, raw_derivative_skew_scaled, spike_prom_skew_scaled, spike_peak_mean_scaled",6,0.74
"raw_derivative_skew, spike_prom_skew, spike_prom_mean_scaled, raw_derivative_skew_scaled, spike_peak_mean_scaled",5,0.74
"spike_prom_mean, raw_derivative_skew_scaled, spike_prom_skew_scaled, spike_peak_mean_scaled",4,0.74
"raw_derivative_skew, spike_prom_skew, spike_prom_mean_scaled, spike_peak_mean_scaled",4,0.74
"spike_prom_mean, spike_prom_skew_scaled, spike_peak_mean_scaled",3,0.74
"spike_prom_mean, spike_peak_mean, raw_derivative_skew_scaled, spike_prom_skew_scaled, spike_peak_mean_scaled",5,0.735
"spike_prom_mean, raw_derivative_skew, spike_peak_mean, raw_derivative_skew_scaled, spike_prom_skew_scaled, spike_peak_mean_scaled",6,0.735
"raw_derivative_skew, spike_prom_skew, spike_prom_mean_scaled, spike_prom_skew_scaled",4,0.735
"raw_derivative_skew, spike_prom_skew, spike_prom_mean_scaled, raw_derivative_skew_scaled",4,0.735
"spike_prom_mean, raw_derivative_skew, spike_prom_skew_scaled",3,0.735
"spike_prom_skew, spike_prom_mean_scaled, spike_prom_skew_scaled",3,0.735
"spike_prom_skew, spike_prom_mean_scaled, raw_derivative_skew_scaled",3,0.735
"spike_prom_mean, spike_peak_mean, spike_prom_skew_scaled, spike_peak_mean_scaled",4,0.735
"spike_prom_mean, spike_peak_mean, spike_prom_skew_scaled",3,0.735
"spike_prom_mean, raw_derivative_skew_scaled, spike_prom_skew_scaled",3,0.735
"spike_prom_skew, spike_prom_mean_scaled, raw_derivative_skew_scaled, spike_prom_skew_scaled",4,0.735
"spike_prom_mean, raw_derivative_skew, raw_derivative_skew_scaled, spike_prom_skew_scaled",4,0.735
"spike_prom_mean, spike_peak_mean, raw_derivative_skew_scaled, spike_prom_skew_scaled",4,0.735
"spike_prom_skew, spike_prom_mean_scaled",2,0.735
"spike_prom_mean, raw_derivative_skew, spike_peak_mean, raw_derivative_skew_scaled, spike_prom_skew_scaled",5,0.735
"spike_prom_mean, raw_derivative_skew, spike_peak_mean, spike_prom_skew_scaled, spike_peak_mean_scaled",5,0.735
"spike_prom_mean, raw_derivative_skew, spike_peak_mean, spike_prom_skew_scaled",4,0.735
"raw_derivative_skew, spike_prom_skew, spike_prom_mean_scaled, raw_derivative_skew_scaled, spike_prom_skew_scaled",5,0.735
"raw_derivative_skew, spike_prom_skew, spike_prom_mean_scaled",3,0.735
"spike_prom_mean, spike_prom_skew_scaled",2,0.735
"spike_prom_mean, raw_derivative_skew, raw_derivative_skew_scaled, spike_prom_skew_scaled, spike_peak_mean_scaled",5,0.73
"spike_prom_mean, raw_derivative_skew, spike_prom_skew_scaled, spike_peak_mean_scaled",4,0.73
"spike_prom_mean, raw_derivative_skew, spike_prom_skew, spike_peak_mean, raw_derivative_skew_scaled, spike_prom_skew_scaled, spike_peak_mean_scaled",7,0.715
"spike_prom_mean, raw_derivative_skew, spike_prom_skew, raw_derivative_skew_scaled, spike_prom_skew_scaled",5,0.715
"spike_prom_mean, raw_derivative_skew, spike_prom_skew, spike_peak_mean_scaled",4,0.715
"spike_prom_mean, raw_derivative_skew, spike_prom_skew, raw_derivative_skew_scaled, spike_peak_mean_scaled",5,0.715
"spike_prom_mean, raw_derivative_skew, spike_prom_skew, spike_prom_skew_scaled",4,0.715
"spike_prom_mean, raw_derivative_skew, spike_prom_skew, spike_peak_mean, raw_derivative_skew_scaled",5,0.715
"spike_prom_mean, raw_derivative_skew, spike_prom_skew, spike_prom_skew_scaled, spike_peak_mean_scaled",5,0.715
"spike_prom_mean, raw_derivative_skew, spike_prom_skew, spike_peak_mean, spike_prom_skew_scaled",5,0.715
"spike_prom_mean, raw_derivative_skew, spike_prom_skew, spike_peak_mean",4,0.715
"spike_prom_mean, raw_derivative_skew, spike_prom_skew, spike_peak_mean, spike_peak_mean_scaled",5,0.715
"spike_prom_mean, raw_derivative_skew, spike_prom_skew, raw_derivative_skew_scaled",4,0.715
"spike_prom_mean, raw_derivative_skew, spike_prom_skew, spike_peak_mean, spike_prom_skew_scaled, spike_peak_mean_scaled",6,0.715
"spike_prom_mean, raw_derivative_skew, spike_prom_skew, raw_derivative_skew_scaled, spike_prom_skew_scaled, spike_peak_mean_scaled",6,0.715
"spike_prom_mean, raw_derivative_skew, spike_prom_skew, spike_peak_mean, raw_derivative_skew_scaled, spike_peak_mean_scaled",6,0.715
"spike_prom_mean, raw_derivative_skew, spike_prom_skew",3,0.715
"spike_prom_mean, raw_derivative_skew, spike_prom_skew, spike_peak_mean, raw_derivative_skew_scaled, spike_prom_skew_scaled",6,0.715
"spike_prom_mean, spike_prom_skew, raw_derivative_skew_scaled",3,0.71
"spike_prom_mean, spike_prom_skew, spike_peak_mean, raw_derivative_skew_scaled",4,0.71
"spike_prom_mean, spike_prom_skew, spike_peak_mean, spike_prom_skew_scaled",4,0.71
"spike_prom_mean, spike_prom_skew, spike_peak_mean, spike_peak_mean_scaled",4,0.71
"spike_prom_mean, spike_prom_skew, raw_derivative_skew_scaled, spike_prom_skew_scaled",4,0.71
"spike_prom_mean, spike_prom_skew, raw_derivative_skew_scaled, spike_peak_mean_scaled",4,0.71
"spike_prom_mean, spike_prom_skew, spike_prom_skew_scaled, spike_peak_mean_scaled",4,0.71
"spike_prom_mean, spike_prom_skew, spike_peak_mean",3,0.71
"spike_prom_mean, spike_prom_skew, spike_peak_mean, raw_derivative_skew_scaled, spike_prom_skew_scaled, spike_peak_mean_scaled",6,0.71
"spike_prom_mean, spike_prom_skew",2,0.71
"spike_prom_mean, spike_prom_skew, raw_derivative_skew_scaled, spike_prom_skew_scaled, spike_peak_mean_scaled",5,0.71
"spike_prom_mean, spike_prom_skew, spike_peak_mean, spike_prom_skew_scaled, spike_peak_mean_scaled",5,0.71
"spike_prom_mean, spike_prom_skew, spike_peak_mean, raw_derivative_skew_scaled, spike_peak_mean_scaled",5,0.71
"spike_prom_mean, spike_prom_skew, spike_peak_mean, raw_derivative_skew_scaled, spike_prom_skew_scaled",5,0.71
"spike_prom_mean, spike_prom_skew, spike_peak_mean_scaled",3,0.71
"spike_prom_mean, spike_prom_skew, spike_prom_skew_scaled",3,0.71
"raw_derivative_skew, spike_prom_skew, spike_prom_skew_scaled",3,0.585
"raw_derivative_skew, spike_prom_skew",2,0.585
"raw_derivative_skew, spike_prom_skew_scaled",2,0.585
"raw_derivative_skew, spike_prom_skew, raw_derivative_skew_scaled",3,0.585
spike_prom_skew_scaled,1,0.585
"raw_derivative_skew, raw_derivative_skew_scaled, spike_prom_skew_scaled",3,0.585
"raw_derivative_skew, spike_prom_skew, raw_derivative_skew_scaled, spike_prom_skew_scaled",4,0.585
"raw_derivative_skew_scaled, spike_prom_skew_scaled",2,0.585
raw_derivative_skew,1,0.58
"raw_derivative_skew, raw_derivative_skew_scaled",2,0.58
"spike_prom_skew, spike_peak_mean, spike_peak_mean_scaled",3,0.57
"spike_prom_skew, spike_peak_mean",2,0.57
"raw_derivative_skew, spike_prom_skew, spike_peak_mean, raw_derivative_skew_scaled, spike_peak_mean_scaled",5,0.57
"raw_derivative_skew, spike_prom_skew, spike_peak_mean, spike_prom_skew_scaled, spike_peak_mean_scaled",5,0.57
"spike_prom_skew, raw_derivative_skew_scaled, spike_prom_skew_scaled",3,0.57
"raw_derivative_skew, raw_derivative_skew_scaled, spike_prom_skew_scaled, spike_peak_mean_scaled",4,0.57
"raw_derivative_skew, spike_prom_skew_scaled, spike_peak_mean_scaled",3,0.57
"raw_derivative_skew, spike_prom_skew, spike_peak_mean, raw_derivative_skew_scaled, spike_prom_skew_scaled, spike_peak_mean_scaled",6,0.57
"raw_derivative_skew, spike_prom_skew, spike_peak_mean, raw_derivative_skew_scaled",4,0.57
"raw_derivative_skew, spike_prom_skew, spike_peak_mean, spike_prom_skew_scaled",4,0.57
"raw_derivative_skew, spike_prom_skew, spike_peak_mean, spike_peak_mean_scaled",4,0.57
"spike_prom_skew, spike_peak_mean, spike_prom_skew_scaled",3,0.57
"raw_derivative_skew, spike_prom_skew, spike_peak_mean, raw_derivative_skew_scaled, spike_prom_skew_scaled",5,0.57
"spike_prom_skew, spike_peak_mean, raw_derivative_skew_scaled, spike_prom_skew_scaled",4,0.57
"spike_prom_skew, raw_derivative_skew_scaled",2,0.57
"spike_prom_skew, spike_prom_skew_scaled",2,0.57
"spike_prom_skew, spike_peak_mean, raw_derivative_skew_scaled, spike_prom_skew_scaled, spike_peak_mean_scaled",5,0.57
"spike_prom_skew, spike_peak_mean, raw_derivative_skew_scaled, spike_peak_mean_scaled",4,0.57
"raw_derivative_skew, spike_prom_skew, spike_peak_mean",3,0.57
spike_prom_skew,1,0.57
"spike_prom_skew, spike_peak_mean, spike_prom_skew_scaled, spike_peak_mean_scaled",4,0.57
"spike_prom_skew, spike_peak_mean, raw_derivative_skew_scaled",3,0.57
"raw_derivative_skew, spike_prom_skew, raw_derivative_skew_scaled, spike_prom_skew_scaled, spike_peak_mean_scaled",5,0.565
"raw_derivative_skew, spike_prom_skew, spike_peak_mean_scaled",3,0.565
"raw_derivative_skew, spike_prom_skew, spike_prom_skew_scaled, spike_peak_mean_scaled",4,0.565
"raw_derivative_skew, spike_prom_skew, raw_derivative_skew_scaled, spike_peak_mean_scaled",4,0.565
"spike_prom_skew, raw_derivative_skew_scaled, spike_peak_mean_scaled",3,0.56
"spike_prom_skew, raw_derivative_skew_scaled, spike_prom_skew_scaled, spike_peak_mean_scaled",4,0.56
"raw_derivative_skew, spike_peak_mean, raw_derivative_skew_scaled, spike_prom_skew_scaled",4,0.555
"spike_prom_skew_scaled, spike_peak_mean_scaled",2,0.555
"raw_derivative_skew, spike_peak_mean, spike_prom_skew_scaled",3,0.555
"spike_prom_skew, spike_prom_skew_scaled, spike_peak_mean_scaled",3,0.555
"spike_prom_skew, spike_peak_mean_scaled",2,0.555
"raw_derivative_skew_scaled, spike_prom_skew_scaled, spike_peak_mean_scaled",3,0.555
"raw_derivative_skew, spike_peak_mean, spike_prom_skew_scaled, spike_peak_mean_scaled",4,0.55
"raw_derivative_skew, spike_peak_mean, raw_derivative_skew_scaled, spike_prom_skew_scaled, spike_peak_mean_scaled",5,0.55
"spike_peak_mean, raw_derivative_skew_scaled, spike_prom_skew_scaled",3,0.54
"spike_peak_mean, raw_derivative_skew_scaled, spike_prom_skew_scaled, spike_peak_mean_scaled",4,0.54
"spike_peak_mean, spike_prom_skew_scaled",2,0.54
"spike_peak_mean, spike_prom_skew_scaled, spike_peak_mean_scaled",3,0.54
"raw_derivative_skew, spike_peak_mean_scaled",2,0.52
"raw_derivative_skew, raw_derivative_skew_scaled, spike_peak_mean_scaled",3,0.52
raw_derivative_skew_scaled,1,0.52
"raw_derivative_skew, spike_peak_mean, spike_peak_mean_scaled",3,0.495
"raw_derivative_skew, spike_peak_mean, raw_derivative_skew_scaled",3,0.495
"raw_derivative_skew, spike_peak_mean, raw_derivative_skew_scaled, spike_peak_mean_scaled",4,0.495
"raw_derivative_skew, spike_peak_mean",2,0.495
spike_peak_mean_scaled,1,0.47
spike_peak_mean,1,0.465
"spike_peak_mean, spike_peak_mean_scaled",2,0.465
"spike_peak_mean, raw_derivative_skew_scaled, spike_peak_mean_scaled",3,0.465
"raw_derivative_skew_scaled, spike_peak_mean_scaled",2,0.465
"spike_peak_mean, raw_derivative_skew_scaled",2,0.465
