spike_key,label
0_28-68,-1
0_28-87,-1
0_28-110,-1
0_28-131,-1
0_28-153,-1
0_28-177,-1
0_28-206,-1
0_28-223,1
0_28-251,-1
0_28-266,-1
0_28-291,0
0_28-319,-1
0_28-351,-1
0_28-367,-1
0_28-379,-1
0_28-399,-1
0_28-421,-1
0_28-451,-1
0_28-469,-1
0_28-497,-1
0_28-539,-1
0_28-547,-1
0_28-579,-1
0_28-598,-1
0_28-612,-1
0_28-629,-1
0_28-649,-1
0_28-674,-1
0_28-688,-1
0_28-703,-1
0_28-738,-1
0_28-756,-1
0_28-791,-1
0_28-811,-1
0_28-850,-1
0_47-60,-1
0_47-85,-1
0_47-113,-1
0_47-127,-1
0_47-147,-1
0_47-176,-1
0_47-220,-1
0_47-240,-1
0_47-258,-1
0_47-286,-1
0_47-302,-1
0_47-345,-1
0_47-366,-1
0_47-394,-1
0_47-421,-1
0_47-445,-1
0_47-468,-1
0_47-507,-1
0_47-543,-1
0_47-568,-1
0_47-589,-1
0_47-623,-1
0_47-649,-1
0_47-674,-1
0_47-690,-1
0_47-724,-1
0_47-741,-1
0_47-765,-1
0_47-789,-1
0_47-805,-1
0_47-837,-1
0_68-62,-1
0_68-94,-1
0_68-129,-1
0_68-147,-1
0_68-175,-1
0_68-231,-1
0_68-248,-1
0_68-288,-1
0_68-329,-1
0_68-357,-1
0_68-382,-1
0_68-407,-1
0_68-431,0
0_68-451,-1
0_68-466,0
0_68-494,-1
0_68-507,-1
0_68-526,-1
0_68-548,-1
0_68-563,-1
0_68-578,-1
0_68-594,-1
0_68-613,-1
0_68-631,-1
0_68-652,-1
0_68-683,-1
0_68-702,-1
0_68-727,-1
0_68-765,-1
0_68-779,-1
0_68-800,-1
0_68-812,-1
0_68-833,-1
0_123-66,-1
0_123-97,-1
0_123-130,-1
0_123-160,-1
0_123-177,-1
0_123-195,-1
0_123-227,-1
0_123-248,-1
0_123-267,-1
0_123-281,-1
0_123-314,-1
0_123-361,-1
0_123-380,-1
0_123-396,-1
0_123-437,-1
0_123-466,-1
0_123-481,-1
0_123-504,-1
0_123-523,-1
0_123-538,-1
0_123-554,-1
0_123-583,-1
0_123-607,-1
0_123-627,-1
0_123-658,-1
0_123-701,-1
0_123-738,-1
0_123-758,-1
0_123-795,-1
0_123-830,0
0_130-74,-1
0_130-92,-1
0_130-134,-1
0_130-147,-1
0_130-165,-1
0_130-181,-1
0_130-212,-1
0_130-249,-1
0_130-264,-1
0_130-298,-1
0_130-314,-1
0_130-330,-1
0_130-346,-1
0_130-366,-1
0_130-390,-1
0_130-409,-1
0_130-431,-1
0_130-475,-1
0_130-508,-1
0_130-529,-1
0_130-545,0
0_130-564,-1
0_130-583,-1
0_130-618,-1
0_130-647,-1
0_130-683,-1
0_130-751,-1
0_130-787,-1
0_134-60,-1
0_134-86,-1
0_134-109,-1
0_134-138,-1
0_134-163,-1
0_134-187,-1
0_134-224,-1
0_134-242,-1
0_134-260,-1
0_134-299,-1
0_134-317,-1
0_134-360,-1
0_134-397,-1
0_134-408,-1
0_134-433,-1
0_134-448,-1
0_134-463,-1
0_134-487,-1
0_134-508,-1
0_134-519,-1
0_134-542,-1
0_134-576,-1
0_134-594,-1
0_134-608,-1
0_134-625,-1
0_134-638,-1
0_134-667,-1
0_134-689,-1
0_134-717,-1
0_134-739,-1
0_134-761,-1
0_134-776,-1
0_134-801,-1
0_134-818,-1
0_146-51,-1
0_146-81,-1
0_146-98,-1
0_146-132,-1
0_146-150,-1
0_146-175,-1
0_146-196,-1
0_146-218,-1
0_146-233,-1
0_146-253,-1
0_146-276,-1
0_146-295,-1
0_146-310,-1
0_146-322,-1
0_146-358,-1
0_146-375,-1
0_146-396,-1
0_146-418,1
0_146-444,-1
0_146-457,-1
0_146-487,-1
0_146-512,-1
0_146-536,-1
0_146-554,-1
0_146-568,-1
0_146-580,-1
0_146-613,-1
0_146-626,-1
0_146-644,-1
0_146-671,-1
0_146-697,-1
0_146-726,-1
0_146-748,-1
0_146-759,-1
0_146-781,-1
0_146-806,-1
0_146-835,-1
0_154-61,-1
0_154-86,-1
0_154-123,-1
0_154-151,-1
0_154-159,-1
0_154-180,-1
0_154-202,-1
0_154-226,-1
0_154-248,-1
0_154-271,-1
0_154-283,-1
0_154-299,-1
0_154-330,-1
0_154-359,-1
0_154-381,-1
0_154-414,-1
0_154-431,-1
0_154-453,-1
0_154-471,-1
0_154-494,-1
0_154-512,-1
0_154-538,-1
0_154-577,-1
0_154-607,-1
0_154-652,-1
0_154-687,-1
0_154-728,-1
0_154-749,-1
0_154-779,-1
0_154-795,-1
0_154-824,-1
0_154-846,-1
0_159-60,-1
0_159-83,-1
0_159-98,-1
0_159-113,-1
0_159-132,-1
0_159-158,-1
0_159-200,-1
0_159-218,-1
0_159-234,-1
0_159-262,-1
0_159-286,1
0_159-313,-1
0_159-325,-1
0_159-364,-1
0_159-388,-1
0_159-410,-1
0_159-438,-1
0_159-466,-1
0_159-508,-1
0_159-528,-1
0_159-549,-1
0_159-566,-1
0_159-602,-1
0_159-636,-1
0_159-658,-1
0_159-686,-1
0_159-710,-1
0_159-732,-1
0_159-751,-1
0_159-768,-1
0_159-814,-1
0_159-843,-1
0_176-78,-1
0_176-110,-1
0_176-129,-1
0_176-179,-1
0_176-205,-1
0_176-241,-1
0_176-257,-1
0_176-277,-1
0_176-312,-1
0_176-370,-1
0_176-414,-1
0_176-425,-1
0_176-442,-1
0_176-466,-1
0_176-485,-1
0_176-502,-1
0_176-525,-1
0_176-545,-1
0_176-581,-1
0_176-599,-1
0_176-642,-1
0_176-687,-1
0_176-709,-1
0_176-733,-1
0_176-751,-1
0_176-777,-1
0_176-794,-1
0_176-811,-1
0_176-831,-1
0_178-70,-1
0_178-97,-1
0_178-127,-1
0_178-171,-1
0_178-203,-1
0_178-211,-1
0_178-238,-1
0_178-267,-1
0_178-289,-1
0_178-315,-1
0_178-334,-1
0_178-349,-1
0_178-372,-1
0_178-399,-1
0_178-422,-1
0_178-466,-1
0_178-478,-1
0_178-503,-1
0_178-537,-1
0_178-557,-1
0_178-581,-1
0_178-607,0
0_178-640,-1
0_178-668,-1
0_178-701,-1
0_178-721,-1
0_178-753,-1
0_178-769,-1
0_178-789,-1
0_178-809,-1
0_201-55,-1
0_201-94,-1
0_201-118,-1
0_201-168,-1
0_201-208,-1
0_201-238,-1
0_201-263,-1
0_201-300,-1
0_201-336,-1
0_201-352,-1
0_201-379,-1
0_201-393,-1
0_201-410,-1
0_201-456,-1
0_201-480,-1
0_201-519,-1
0_201-541,-1
0_201-561,-1
0_201-579,-1
0_201-595,-1
0_201-614,-1
0_201-631,-1
0_201-652,-1
0_201-670,-1
0_201-700,-1
0_201-718,-1
0_201-740,-1
0_201-771,-1
0_201-791,-1
0_201-806,-1
0_201-829,-1
0_211-54,-1
0_211-89,-1
0_211-126,-1
0_211-167,-1
0_211-194,-1
0_211-212,1
0_211-240,-1
0_211-271,-1
0_211-309,-1
0_211-351,-1
0_211-377,-1
0_211-413,-1
0_211-459,-1
0_211-508,-1
0_211-522,-1
0_211-541,-1
0_211-556,-1
0_211-587,-1
0_211-603,-1
0_211-624,-1
0_211-648,-1
0_211-694,-1
0_211-729,-1
0_211-774,-1
0_211-796,-1
0_211-835,-1
0_218-99,-1
0_218-126,-1
0_218-144,-1
0_218-181,-1
0_218-204,-1
0_218-234,-1
0_218-255,-1
0_218-309,-1
0_218-339,-1
0_218-362,-1
0_218-386,-1
0_218-401,-1
0_218-421,-1
0_218-459,-1
0_218-470,-1
0_218-486,-1
0_218-505,-1
0_218-526,-1
0_218-539,-1
0_218-555,-1
0_218-573,-1
0_218-592,-1
0_218-612,-1
0_218-628,-1
0_218-650,0
0_218-670,1
0_218-694,-1
0_218-723,-1
0_218-759,-1
0_218-789,-1
0_218-810,-1
0_218-825,-1
0_223-53,-1
0_223-86,-1
0_223-119,-1
0_223-143,-1
0_223-163,-1
0_223-182,-1
0_223-209,-1
0_223-233,-1
0_223-258,0
0_223-277,-1
0_223-297,-1
0_223-319,-1
0_223-357,-1
0_223-386,-1
0_223-405,-1
0_223-428,-1
0_223-455,-1
0_223-512,-1
0_223-544,-1
0_223-565,-1
0_223-594,-1
0_223-610,-1
0_223-639,-1
0_223-690,-1
0_223-720,-1
0_223-749,-1
0_223-772,-1
0_223-800,-1
0_223-822,-1
0_225-60,-1
0_225-85,-1
0_225-111,-1
0_225-140,-1
0_225-184,-1
0_225-204,-1
0_225-230,-1
0_225-249,-1
0_225-274,-1
0_225-297,-1
0_225-323,-1
0_225-349,-1
0_225-376,-1
0_225-410,-1
0_225-436,-1
0_225-450,-1
0_225-470,-1
0_225-500,-1
0_225-531,-1
0_225-551,-1
0_225-576,-1
0_225-608,-1
0_225-631,-1
0_225-651,-1
0_225-667,-1
0_225-691,-1
0_225-717,-1
0_225-746,-1
0_225-765,-1
0_225-785,-1
0_225-797,-1
0_225-816,-1
0_225-835,-1
0_243-52,-1
0_243-80,-1
0_243-94,-1
0_243-123,-1
0_243-143,-1
0_243-182,-1
0_243-200,-1
0_243-210,-1
0_243-229,-1
0_243-257,-1
0_243-281,-1
0_243-309,-1
0_243-326,-1
0_243-353,-1
0_243-373,-1
0_243-404,-1
0_243-422,-1
0_243-436,0
0_243-450,-1
0_243-474,-1
0_243-484,-1
0_243-519,-1
0_243-548,-1
0_243-559,-1
0_243-572,-1
0_243-595,-1
0_243-627,-1
0_243-650,-1
0_243-673,-1
0_243-695,-1
0_243-708,0
0_243-724,-1
0_243-739,-1
0_243-751,-1
0_243-786,-1
0_243-814,-1
0_243-830,-1
0_243-842,-1
0_252-51,-1
0_252-76,-1
0_252-132,-1
0_252-153,-1
0_252-170,-1
0_252-192,-1
0_252-213,-1
0_252-242,-1
0_252-257,-1
0_252-282,-1
0_252-308,-1
0_252-332,-1
0_252-356,-1
0_252-368,-1
0_252-391,-1
0_252-416,-1
0_252-434,-1
0_252-449,-1
0_252-469,-1
0_252-488,-1
0_252-519,-1
0_252-549,-1
0_252-584,-1
0_252-601,-1
0_252-619,-1
0_252-639,-1
0_252-687,-1
0_252-714,-1
0_252-741,-1
0_252-765,-1
0_252-788,-1
0_252-815,-1
0_252-837,-1
0_256-72,-1
0_256-89,0
0_256-112,-1
0_256-145,-1
0_256-169,-1
0_256-191,-1
0_256-208,-1
0_256-242,-1
0_256-256,-1
0_256-297,-1
0_256-337,-1
0_256-348,-1
0_256-367,-1
0_256-409,-1
0_256-433,-1
0_256-456,-1
0_256-500,-1
0_256-536,-1
0_256-569,-1
0_256-589,-1
0_256-609,-1
0_256-628,-1
0_256-643,-1
0_256-659,-1
0_256-726,-1
0_256-789,-1
0_256-815,-1
0_256-833,-1
0_270-51,-1
0_270-72,-1
0_270-93,-1
0_270-137,-1
0_270-158,-1
0_270-177,-1
0_270-193,-1
0_270-218,-1
0_270-236,-1
0_270-257,-1
0_270-276,-1
0_270-304,-1
0_270-319,-1
0_270-345,-1
0_270-374,-1
0_270-395,-1
0_270-409,-1
0_270-419,-1
0_270-454,-1
0_270-474,-1
0_270-494,-1
0_270-510,-1
0_270-528,-1
0_270-555,-1
0_270-572,-1
0_270-580,-1
0_270-650,-1
0_270-671,-1
0_270-701,-1
0_270-720,-1
0_270-751,-1
0_270-768,-1
0_270-797,-1
0_270-830,-1
0_270-848,-1
0_273-59,-1
0_273-74,-1
0_273-97,-1
0_273-113,-1
0_273-130,-1
0_273-153,-1
0_273-165,-1
0_273-214,-1
0_273-225,-1
0_273-246,-1
0_273-270,-1
0_273-294,-1
0_273-337,-1
0_273-368,-1
0_273-388,-1
0_273-405,-1
0_273-457,-1
0_273-476,-1
0_273-498,-1
0_273-513,-1
0_273-527,-1
0_273-569,-1
0_273-593,-1
0_273-617,-1
0_273-648,-1
0_273-674,-1
0_273-700,-1
0_273-731,-1
0_273-769,-1
0_273-782,-1
0_273-802,-1
0_273-819,-1
0_273-848,-1
0_277-62,-1
0_277-79,0
0_277-95,-1
0_277-113,-1
0_277-132,-1
0_277-155,-1
0_277-179,-1
0_277-211,1
0_277-252,-1
0_277-297,-1
0_277-315,-1
0_277-328,-1
0_277-364,-1
0_277-398,-1
0_277-418,-1
0_277-449,-1
0_277-478,-1
0_277-512,-1
0_277-536,-1
0_277-559,-1
0_277-578,-1
0_277-604,-1
0_277-623,-1
0_277-638,-1
0_277-671,-1
0_277-693,-1
0_277-723,-1
0_277-750,0
0_277-778,-1
0_277-822,-1
0_277-846,-1
0_289-52,-1
0_289-66,-1
0_289-86,-1
0_289-108,-1
0_289-125,-1
0_289-147,-1
0_289-163,-1
0_289-186,-1
0_289-208,-1
0_289-220,-1
0_289-242,-1
0_289-265,-1
0_289-278,-1
0_289-304,-1
0_289-327,-1
0_289-362,-1
0_289-375,-1
0_289-395,-1
0_289-414,-1
0_289-431,-1
0_289-460,-1
0_289-483,-1
0_289-499,-1
0_289-530,-1
0_289-553,-1
0_289-585,-1
0_289-622,-1
0_289-637,-1
0_289-650,-1
0_289-665,-1
0_289-684,-1
0_289-705,0
0_289-736,-1
0_289-755,-1
0_289-782,-1
0_289-813,-1
0_289-839,-1
0_291-65,-1
0_291-80,-1
0_291-99,0
0_291-117,-1
0_291-140,-1
0_291-155,-1
0_291-180,-1
0_291-197,-1
0_291-218,-1
0_291-238,-1
0_291-266,-1
0_291-298,-1
0_291-321,-1
0_291-340,-1
0_291-375,-1
0_291-401,-1
0_291-412,-1
0_291-442,-1
0_291-473,-1
0_291-488,-1
0_291-507,-1
0_291-518,-1
0_291-537,-1
0_291-555,-1
0_291-581,-1
0_291-611,-1
0_291-634,-1
0_291-661,-1
0_291-682,-1
0_291-705,-1
0_291-720,-1
0_291-754,-1
0_291-776,-1
0_291-800,-1
0_291-821,-1
0_291-833,-1
0_313-58,-1
0_313-80,-1
0_313-99,-1
0_313-131,-1
0_313-146,-1
0_313-184,-1
0_313-224,-1
0_313-254,-1
0_313-291,-1
0_313-345,-1
0_313-360,-1
0_313-380,-1
0_313-397,-1
0_313-412,-1
0_313-429,-1
0_313-452,0
0_313-478,-1
0_313-498,-1
0_313-511,-1
0_313-538,-1
0_313-572,-1
0_313-583,-1
0_313-594,-1
0_313-621,-1
0_313-640,-1
0_313-666,-1
0_313-689,-1
0_313-705,-1
0_313-729,-1
0_313-756,-1
0_313-779,-1
0_313-805,-1
0_313-846,-1
0_317-86,-1
0_317-126,-1
0_317-140,-1
0_317-163,-1
0_317-203,-1
0_317-228,-1
0_317-253,-1
0_317-296,-1
0_317-319,-1
0_317-340,-1
0_317-359,-1
0_317-385,-1
0_317-397,-1
0_317-421,-1
0_317-442,-1
0_317-464,1
0_317-476,-1
0_317-492,-1
0_317-518,-1
0_317-542,-1
0_317-570,-1
0_317-605,-1
0_317-633,0
0_317-663,-1
0_317-696,-1
0_317-715,-1
0_317-740,-1
0_317-766,-1
0_317-785,-1
0_317-818,-1
0_317-839,-1
0_318-65,-1
0_318-84,-1
0_318-115,-1
0_318-132,-1
0_318-162,-1
0_318-193,-1
0_318-213,-1
0_318-254,-1
0_318-293,-1
0_318-309,-1
0_318-341,-1
0_318-377,-1
0_318-396,-1
0_318-416,-1
0_318-433,-1
0_318-481,-1
0_318-508,-1
0_318-525,-1
0_318-545,-1
0_318-573,-1
0_318-599,-1
0_318-631,-1
0_318-671,-1
0_318-698,-1
0_318-715,-1
0_318-756,-1
0_318-787,-1
0_318-805,-1
0_318-818,-1
0_318-839,-1
0_338-57,-1
0_338-88,-1
0_338-104,-1
0_338-125,-1
0_338-155,-1
0_338-172,-1
0_338-200,-1
0_338-224,-1
0_338-256,-1
0_338-299,-1
0_338-317,-1
0_338-343,-1
0_338-378,-1
0_338-399,-1
0_338-407,-1
0_338-434,-1
0_338-456,-1
0_338-491,-1
0_338-519,-1
0_338-538,-1
0_338-562,-1
0_338-585,-1
0_338-616,-1
0_338-631,-1
0_338-648,-1
0_338-702,-1
0_338-742,-1
0_338-767,-1
0_338-782,-1
0_338-794,-1
0_338-814,-1
0_338-840,-1
0_341-74,-1
0_341-102,-1
0_341-124,-1
0_341-137,-1
0_341-156,-1
0_341-177,-1
0_341-193,-1
0_341-208,-1
0_341-227,-1
0_341-246,-1
0_341-271,-1
0_341-300,-1
0_341-318,-1
0_341-336,-1
0_341-360,-1
0_341-378,-1
0_341-401,-1
0_341-444,-1
0_341-475,-1
0_341-490,-1
0_341-499,-1
0_341-530,-1
0_341-551,-1
0_341-569,-1
0_341-589,-1
0_341-606,-1
0_341-626,-1
0_341-643,-1
0_341-660,-1
0_341-685,-1
0_341-705,-1
0_341-720,-1
0_341-736,-1
0_341-752,-1
0_341-778,-1
0_341-815,-1
0_341-838,-1
0_345-87,-1
0_345-110,-1
0_345-127,-1
0_345-155,-1
0_345-183,1
0_345-212,-1
0_345-238,-1
0_345-253,-1
0_345-282,-1
0_345-296,-1
0_345-315,-1
0_345-356,-1
0_345-384,-1
0_345-409,-1
0_345-422,-1
0_345-440,-1
0_345-459,-1
0_345-470,-1
0_345-511,-1
0_345-536,-1
0_345-578,-1
0_345-600,-1
0_345-619,-1
0_345-644,-1
0_345-667,-1
0_345-689,-1
0_345-709,-1
0_345-729,-1
0_345-764,-1
0_345-816,-1
0_345-839,0
0_354-71,-1
0_354-96,-1
0_354-117,-1
0_354-141,-1
0_354-178,-1
0_354-190,-1
0_354-220,-1
0_354-247,-1
0_354-272,-1
0_354-303,-1
0_354-328,-1
0_354-348,-1
0_354-371,-1
0_354-387,-1
0_354-408,-1
0_354-445,-1
0_354-462,-1
0_354-483,-1
0_354-500,-1
0_354-523,-1
0_354-543,-1
0_354-581,-1
0_354-605,-1
0_354-632,-1
0_354-650,-1
0_354-673,-1
0_354-688,-1
0_354-713,-1
0_354-732,-1
0_354-749,-1
0_354-772,-1
0_354-796,-1
0_354-810,-1
0_354-828,-1
0_357-94,-1
0_357-108,-1
0_357-136,-1
0_357-154,-1
0_357-167,-1
0_357-183,-1
0_357-202,-1
0_357-221,-1
0_357-233,-1
0_357-253,-1
0_357-277,-1
0_357-311,-1
0_357-357,-1
0_357-379,-1
0_357-387,-1
0_357-410,-1
0_357-433,-1
0_357-449,-1
0_357-470,-1
0_357-505,-1
0_357-524,-1
0_357-535,-1
0_357-571,-1
0_357-588,-1
0_357-610,-1
0_357-639,-1
0_357-662,-1
0_357-689,-1
0_357-723,-1
0_357-736,-1
0_357-757,-1
0_357-790,-1
0_357-813,-1
0_369-87,-1
0_369-135,-1
0_369-162,-1
0_369-178,-1
0_369-191,-1
0_369-205,-1
0_369-218,-1
0_369-252,-1
0_369-284,-1
0_369-302,-1
0_369-330,-1
0_369-365,-1
0_369-385,-1
0_369-412,-1
0_369-441,-1
0_369-472,-1
0_369-505,-1
0_369-527,-1
0_369-552,-1
0_369-585,-1
0_369-605,-1
0_369-634,-1
0_369-648,-1
0_369-665,-1
0_369-683,-1
0_369-721,-1
0_369-748,-1
0_369-791,-1
0_369-816,-1
0_369-836,-1
0_375-76,-1
0_375-99,-1
0_375-109,-1
0_375-126,-1
0_375-147,-1
0_375-172,-1
0_375-185,-1
0_375-212,-1
0_375-226,-1
0_375-256,-1
0_375-288,-1
0_375-336,-1
0_375-360,-1
0_375-388,-1
0_375-406,-1
0_375-425,-1
0_375-443,-1
0_375-455,-1
0_375-464,-1
0_375-485,-1
0_375-508,-1
0_375-522,-1
0_375-541,-1
0_375-573,-1
0_375-593,-1
0_375-609,-1
0_375-622,-1
0_375-631,-1
0_375-660,-1
0_375-691,-1
0_375-722,-1
0_375-736,-1
0_375-758,-1
0_375-779,-1
0_375-791,-1
0_375-804,-1
0_375-830,-1
0_384-71,-1
0_384-86,-1
0_384-104,-1
0_384-139,-1
0_384-164,-1
0_384-180,-1
0_384-205,-1
0_384-239,-1
0_384-265,-1
0_384-279,-1
0_384-296,0
0_384-319,-1
0_384-356,-1
0_384-374,-1
0_384-400,-1
0_384-431,-1
0_384-495,-1
0_384-506,-1
0_384-535,-1
0_384-558,-1
0_384-573,-1
0_384-605,-1
0_384-630,-1
0_384-664,-1
0_384-686,-1
0_384-713,-1
0_384-738,-1
0_384-766,-1
0_384-784,-1
0_384-797,-1
0_384-829,-1
0_386-59,-1
0_386-80,-1
0_386-132,-1
0_386-173,-1
0_386-192,-1
0_386-216,-1
0_386-254,-1
0_386-275,-1
0_386-312,-1
0_386-340,-1
0_386-367,-1
0_386-381,-1
0_386-410,-1
0_386-426,-1
0_386-454,-1
0_386-485,-1
0_386-524,-1
0_386-546,-1
0_386-569,-1
0_386-593,-1
0_386-669,-1
0_386-700,-1
0_386-716,-1
0_386-730,-1
0_386-755,-1
0_386-770,0
0_386-790,-1
0_386-829,-1
0_386-849,-1
0_399-70,-1
0_399-89,-1
0_399-118,-1
0_399-162,-1
0_399-211,-1
0_399-220,-1
0_399-245,-1
0_399-268,1
0_399-283,-1
0_399-298,-1
0_399-332,0
0_399-360,-1
0_399-392,-1
0_399-411,-1
0_399-428,-1
0_399-473,-1
0_399-493,-1
0_399-536,0
0_399-556,-1
0_399-591,-1
0_399-611,-1
0_399-634,-1
0_399-665,-1
0_399-685,-1
0_399-711,0
0_399-729,-1
0_399-754,-1
0_399-774,-1
0_399-797,-1
0_399-829,-1
0_402-52,-1
0_402-67,-1
0_402-96,-1
0_402-116,-1
0_402-132,-1
0_402-150,-1
0_402-171,-1
0_402-209,-1
0_402-254,-1
0_402-303,-1
0_402-327,-1
0_402-370,-1
0_402-389,0
0_402-453,-1
0_402-488,-1
0_402-516,-1
0_402-536,-1
0_402-557,-1
0_402-579,-1
0_402-595,-1
0_402-616,-1
0_402-641,-1
0_402-661,-1
0_402-674,-1
0_402-696,-1
0_402-725,0
0_402-738,-1
0_402-759,-1
0_402-785,-1
0_402-812,-1
0_409-62,-1
0_409-92,-1
0_409-140,-1
0_409-166,-1
0_409-212,-1
0_409-241,-1
0_409-256,0
0_409-266,-1
0_409-287,-1
0_409-305,-1
0_409-327,-1
0_409-342,-1
0_409-371,-1
0_409-387,-1
0_409-419,-1
0_409-437,-1
0_409-462,-1
0_409-474,-1
0_409-527,-1
0_409-545,-1
0_409-574,-1
0_409-597,-1
0_409-636,-1
0_409-663,-1
0_409-688,-1
0_409-719,-1
0_409-733,-1
0_409-750,0
0_409-768,-1
0_409-797,-1
0_409-814,-1
0_409-826,-1
0_409-835,-1
0_417-81,-1
0_417-133,-1
0_417-152,-1
0_417-172,-1
0_417-194,-1
0_417-218,-1
0_417-255,-1
0_417-268,-1
0_417-310,-1
0_417-342,-1
0_417-369,-1
0_417-385,-1
0_417-399,-1
0_417-432,-1
0_417-453,-1
0_417-507,-1
0_417-537,-1
0_417-571,-1
0_417-588,-1
0_417-624,-1
0_417-643,-1
0_417-683,-1
0_417-694,-1
0_417-715,-1
0_417-742,-1
0_417-751,-1
0_417-775,-1
0_417-800,-1
0_417-827,-1
0_417-845,-1
0_423-55,-1
0_423-74,-1
0_423-92,-1
0_423-102,-1
0_423-122,-1
0_423-144,-1
0_423-167,-1
0_423-182,-1
0_423-201,-1
0_423-215,-1
0_423-246,-1
0_423-298,1
0_423-314,0
0_423-333,-1
0_423-352,-1
0_423-370,-1
0_423-389,-1
0_423-403,-1
0_423-445,-1
0_423-460,-1
0_423-474,-1
0_423-495,-1
0_423-514,-1
0_423-532,-1
0_423-554,1
0_423-589,-1
0_423-604,-1
0_423-632,-1
0_423-653,-1
0_423-676,-1
0_423-695,-1
0_423-706,-1
0_423-715,-1
0_423-736,-1
0_423-753,-1
0_423-780,-1
0_423-797,-1
0_423-810,-1
0_423-822,-1
0_450-54,-1
0_450-81,-1
0_450-120,0
0_450-151,-1
0_450-172,-1
0_450-204,-1
0_450-235,-1
0_450-254,-1
0_450-279,-1
0_450-312,-1
0_450-333,-1
0_450-351,-1
0_450-367,-1
0_450-397,-1
0_450-419,-1
0_450-441,-1
0_450-475,-1
0_450-496,-1
0_450-517,-1
0_450-534,-1
0_450-546,-1
0_450-565,-1
0_450-603,-1
0_450-634,-1
0_450-647,-1
0_450-683,-1
0_450-709,-1
0_450-745,-1
0_450-778,-1
0_450-799,-1
0_450-821,-1
0_450-844,-1
0_462-49,-1
0_462-78,-1
0_462-103,-1
0_462-119,-1
0_462-135,-1
0_462-156,-1
0_462-173,-1
0_462-201,-1
0_462-217,-1
0_462-264,-1
0_462-281,-1
0_462-294,-1
0_462-331,-1
0_462-365,-1
0_462-395,-1
0_462-422,-1
0_462-437,-1
0_462-464,-1
0_462-483,-1
0_462-501,-1
0_462-519,-1
0_462-539,-1
0_462-570,-1
0_462-592,-1
0_462-605,-1
0_462-618,-1
0_462-634,-1
0_462-648,-1
0_462-703,-1
0_462-735,-1
0_462-755,-1
0_462-771,-1
0_462-800,-1
0_462-828,-1
0_473-53,-1
0_473-72,-1
0_473-100,-1
0_473-133,-1
0_473-161,-1
0_473-174,1
0_473-195,-1
0_473-225,-1
0_473-247,-1
0_473-268,-1
0_473-284,-1
0_473-298,-1
0_473-339,-1
0_473-362,-1
0_473-375,-1
0_473-391,-1
0_473-426,-1
0_473-470,-1
0_473-493,-1
0_473-507,-1
0_473-529,-1
0_473-555,-1
0_473-572,-1
0_473-599,-1
0_473-632,-1
0_473-648,-1
0_473-663,-1
0_473-689,-1
0_473-711,-1
0_473-744,-1
0_473-789,-1
0_473-826,-1
0_485-55,-1
0_485-113,-1
0_485-139,-1
0_485-164,-1
0_485-177,-1
0_485-220,-1
0_485-246,-1
0_485-260,-1
0_485-291,-1
0_485-301,-1
0_485-325,-1
0_485-347,-1
0_485-365,-1
0_485-407,-1
0_485-442,-1
0_485-492,-1
0_485-515,-1
0_485-538,-1
0_485-552,-1
0_485-567,-1
0_485-587,-1
0_485-650,-1
0_485-680,-1
0_485-705,-1
0_485-730,-1
0_485-770,-1
0_485-805,-1
0_485-825,-1
0_496-52,-1
0_496-73,-1
0_496-94,-1
0_496-112,-1
0_496-132,-1
0_496-158,-1
0_496-178,-1
0_496-222,-1
0_496-234,-1
0_496-247,-1
0_496-263,1
0_496-292,-1
0_496-315,-1
0_496-339,-1
0_496-359,-1
0_496-379,-1
0_496-402,-1
0_496-423,-1
0_496-441,-1
0_496-462,-1
0_496-477,-1
0_496-499,-1
0_496-521,-1
0_496-539,-1
0_496-556,-1
0_496-577,0
0_496-599,-1
0_496-614,-1
0_496-627,-1
0_496-639,-1
0_496-658,-1
0_496-703,-1
0_496-717,-1
0_496-735,-1
0_496-753,-1
0_496-763,-1
0_496-789,-1
0_496-808,-1
0_496-824,-1
0_496-843,-1
0_500-61,-1
0_500-77,-1
0_500-97,-1
0_500-119,-1
0_500-153,-1
0_500-182,-1
0_500-207,-1
0_500-228,-1
0_500-242,-1
0_500-258,-1
0_500-281,-1
0_500-318,-1
0_500-346,-1
0_500-373,-1
0_500-401,-1
0_500-438,-1
0_500-457,-1
0_500-476,-1
0_500-492,-1
0_500-514,-1
0_500-529,-1
0_500-549,-1
0_500-565,-1
0_500-584,-1
0_500-607,-1
0_500-641,-1
0_500-664,0
0_500-685,-1
0_500-729,-1
0_500-756,-1
0_500-790,-1
0_500-823,-1
0_504-59,-1
0_504-77,-1
0_504-113,-1
0_504-134,-1
0_504-167,-1
0_504-174,-1
0_504-205,-1
0_504-239,-1
0_504-277,-1
0_504-296,-1
0_504-322,-1
0_504-341,-1
0_504-372,-1
0_504-401,-1
0_504-426,-1
0_504-468,-1
0_504-522,-1
0_504-568,-1
0_504-618,-1
0_504-644,-1
0_504-653,-1
0_504-679,-1
0_504-724,0
0_504-745,-1
0_504-772,-1
0_504-795,-1
0_504-826,-1
0_511-54,-1
0_511-77,-1
0_511-104,-1
0_511-126,-1
0_511-168,-1
0_511-186,-1
0_511-202,-1
0_511-232,-1
0_511-256,-1
0_511-313,-1
0_511-340,-1
0_511-377,-1
0_511-388,-1
0_511-404,-1
0_511-428,-1
0_511-445,-1
0_511-462,-1
0_511-507,-1
0_511-533,-1
0_511-549,-1
0_511-575,-1
0_511-595,-1
0_511-601,-1
0_511-633,-1
0_511-652,-1
0_511-677,-1
0_511-696,-1
0_511-729,-1
0_511-750,-1
0_511-779,-1
0_511-795,-1
0_511-817,-1
0_511-829,-1
0_511-846,-1
0_512-75,-1
0_512-93,-1
0_512-115,-1
0_512-152,-1
0_512-173,-1
0_512-209,-1
0_512-232,-1
0_512-255,-1
0_512-279,-1
0_512-301,0
0_512-330,-1
0_512-362,-1
0_512-382,-1
0_512-414,-1
0_512-433,-1
0_512-455,-1
0_512-475,-1
0_512-491,-1
0_512-528,-1
0_512-547,-1
0_512-566,-1
0_512-585,-1
0_512-606,-1
0_512-626,0
0_512-657,-1
0_512-688,-1
0_512-710,-1
0_512-726,-1
0_512-746,-1
0_512-762,-1
0_512-788,-1
0_512-817,-1
0_512-835,-1
0_512-849,-1
0_522-66,-1
0_522-87,-1
0_522-115,-1
0_522-158,-1
0_522-181,-1
0_522-205,-1
0_522-221,-1
0_522-242,-1
0_522-268,-1
0_522-282,-1
0_522-316,-1
0_522-346,-1
0_522-367,-1
0_522-384,-1
0_522-420,-1
0_522-433,-1
0_522-465,-1
0_522-483,-1
0_522-521,-1
0_522-547,-1
0_522-560,-1
0_522-580,-1
0_522-611,-1
0_522-638,-1
0_522-672,-1
0_522-690,-1
0_522-723,-1
0_522-742,-1
0_522-761,-1
0_522-790,-1
0_522-811,-1
0_522-838,-1
0_531-66,-1
0_531-97,-1
0_531-140,-1
0_531-184,-1
0_531-208,-1
0_531-227,-1
0_531-249,-1
0_531-265,-1
0_531-288,-1
0_531-309,-1
0_531-351,-1
0_531-369,-1
0_531-388,-1
0_531-412,-1
0_531-430,-1
0_531-458,-1
0_531-485,-1
0_531-541,-1
0_531-555,-1
0_531-571,-1
0_531-592,-1
0_531-609,-1
0_531-636,-1
0_531-655,-1
0_531-676,-1
0_531-686,-1
0_531-721,-1
0_531-774,-1
0_531-787,-1
0_531-836,-1
0_535-58,-1
0_535-86,-1
0_535-124,-1
0_535-141,-1
0_535-160,-1
0_535-197,1
0_535-227,-1
0_535-247,-1
0_535-270,-1
0_535-291,-1
0_535-310,-1
0_535-340,-1
0_535-369,-1
0_535-394,-1
0_535-425,-1
0_535-441,-1
0_535-462,-1
0_535-480,-1
0_535-500,-1
0_535-522,-1
0_535-544,-1
0_535-571,-1
0_535-582,-1
0_535-607,-1
0_535-638,-1
0_535-662,-1
0_535-683,-1
0_535-710,-1
0_535-738,-1
0_535-765,-1
0_535-798,-1
0_535-825,-1
0_552-54,-1
0_552-86,-1
0_552-112,-1
0_552-128,-1
0_552-148,-1
0_552-173,-1
0_552-190,-1
0_552-213,-1
0_552-227,-1
0_552-267,-1
0_552-276,-1
0_552-294,-1
0_552-315,-1
0_552-346,-1
0_552-368,-1
0_552-403,-1
0_552-440,-1
0_552-459,-1
0_552-476,-1
0_552-499,-1
0_552-520,-1
0_552-554,-1
0_552-583,-1
0_552-617,-1
0_552-629,-1
0_552-654,-1
0_552-692,-1
0_552-739,-1
0_552-758,-1
0_552-780,-1
0_552-798,-1
0_552-813,-1
0_552-832,1
0_562-56,-1
0_562-86,-1
0_562-109,-1
0_562-144,-1
0_562-167,-1
0_562-189,-1
0_562-214,-1
0_562-227,-1
0_562-242,0
0_562-260,-1
0_562-267,-1
0_562-292,-1
0_562-319,-1
0_562-339,-1
0_562-367,-1
0_562-385,-1
0_562-403,-1
0_562-417,-1
0_562-443,-1
0_562-463,-1
0_562-474,-1
0_562-486,-1
0_562-507,-1
0_562-546,-1
0_562-564,-1
0_562-592,-1
0_562-608,-1
0_562-630,-1
0_562-642,-1
0_562-662,-1
0_562-675,-1
0_562-713,1
0_562-754,-1
0_562-769,-1
0_562-828,-1
0_568-50,-1
0_568-73,-1
0_568-123,-1
0_568-142,-1
0_568-166,-1
0_568-188,-1
0_568-210,-1
0_568-222,-1
0_568-240,-1
0_568-263,-1
0_568-296,-1
0_568-318,-1
0_568-341,-1
0_568-365,-1
0_568-391,-1
0_568-409,-1
0_568-427,-1
0_568-440,-1
0_568-463,-1
0_568-481,-1
0_568-508,-1
0_568-528,-1
0_568-547,-1
0_568-569,-1
0_568-591,-1
0_568-640,-1
0_568-665,-1
0_568-679,-1
0_568-706,-1
0_568-722,-1
0_568-743,-1
0_568-768,-1
0_568-793,-1
0_568-823,-1
0_584-58,-1
0_584-88,-1
0_584-105,-1
0_584-125,0
0_584-142,-1
0_584-159,-1
0_584-182,-1
0_584-208,-1
0_584-235,-1
0_584-283,-1
0_584-307,-1
0_584-324,-1
0_584-362,0
0_584-383,-1
0_584-405,-1
0_584-424,-1
0_584-446,0
0_584-474,-1
0_584-514,-1
0_584-524,-1
0_584-557,-1
0_584-597,-1
0_584-627,-1
0_584-653,-1
0_584-689,-1
0_584-720,-1
0_584-740,-1
0_584-758,-1
0_584-773,-1
0_584-792,-1
0_584-820,-1
0_584-849,-1
0_608-57,-1
0_608-87,-1
0_608-128,-1
0_608-141,-1
0_608-160,-1
0_608-193,-1
0_608-212,-1
0_608-259,-1
0_608-288,-1
0_608-325,-1
0_608-354,-1
0_608-366,-1
0_608-390,-1
0_608-416,-1
0_608-451,-1
0_608-491,-1
0_608-519,-1
0_608-533,-1
0_608-557,-1
0_608-595,-1
0_608-630,-1
0_608-656,-1
0_608-700,-1
0_608-722,0
0_608-748,-1
0_608-772,-1
0_608-795,-1
0_608-830,-1
0_608-850,-1
0_625-50,-1
0_625-87,-1
0_625-105,-1
0_625-126,-1
0_625-146,-1
0_625-166,-1
0_625-188,-1
0_625-201,-1
0_625-220,-1
0_625-235,-1
0_625-276,-1
0_625-315,-1
0_625-333,-1
0_625-375,-1
0_625-389,-1
0_625-404,-1
0_625-416,-1
0_625-437,-1
0_625-466,-1
0_625-483,-1
0_625-498,0
0_625-513,1
0_625-528,-1
0_625-557,-1
0_625-566,-1
0_625-624,-1
0_625-645,-1
0_625-666,-1
0_625-707,-1
0_625-754,-1
0_625-770,-1
0_625-799,-1
0_625-825,-1
0_628-50,-1
0_628-89,-1
0_628-107,-1
0_628-130,-1
0_628-164,-1
0_628-177,-1
0_628-212,-1
0_628-236,-1
0_628-248,-1
0_628-269,-1
0_628-288,-1
0_628-313,-1
0_628-352,-1
0_628-374,-1
0_628-405,-1
0_628-436,-1
0_628-452,-1
0_628-466,-1
0_628-493,-1
0_628-534,-1
0_628-558,-1
0_628-572,-1
0_628-599,-1
0_628-640,-1
0_628-670,-1
0_628-707,-1
0_628-734,-1
0_628-750,-1
0_628-773,-1
0_628-799,-1
0_628-812,-1
0_628-827,-1
0_644-66,-1
0_644-106,-1
0_644-134,-1
0_644-158,-1
0_644-175,-1
0_644-187,-1
0_644-206,-1
0_644-238,-1
0_644-266,-1
0_644-302,-1
0_644-320,-1
0_644-340,-1
0_644-379,-1
0_644-431,-1
0_644-469,-1
0_644-486,-1
0_644-522,-1
0_644-549,-1
0_644-569,-1
0_644-611,-1
0_644-632,-1
0_644-654,-1
0_644-670,-1
0_644-697,-1
0_644-723,-1
0_644-746,-1
0_644-762,-1
0_644-799,-1
0_644-816,-1
0_644-839,-1
0_656-69,-1
0_656-93,-1
0_656-111,-1
0_656-126,-1
0_656-140,-1
0_656-152,-1
0_656-166,-1
0_656-191,-1
0_656-219,-1
0_656-241,-1
0_656-271,-1
0_656-297,-1
0_656-316,-1
0_656-345,-1
0_656-360,-1
0_656-385,-1
0_656-410,-1
0_656-433,-1
0_656-456,-1
0_656-483,-1
0_656-539,-1
0_656-562,-1
0_656-599,-1
0_656-614,-1
0_656-642,-1
0_656-666,-1
0_656-687,-1
0_656-704,-1
0_656-740,-1
0_656-752,-1
0_656-765,-1
0_656-787,-1
0_656-810,-1
0_672-66,-1
0_672-88,-1
0_672-114,-1
0_672-141,-1
0_672-165,-1
0_672-187,-1
0_672-200,-1
0_672-210,-1
0_672-228,-1
0_672-257,-1
0_672-282,-1
0_672-307,-1
0_672-326,-1
0_672-348,-1
0_672-363,-1
0_672-388,-1
0_672-412,-1
0_672-442,-1
0_672-465,-1
0_672-477,-1
0_672-498,-1
0_672-519,-1
0_672-543,-1
0_672-577,-1
0_672-602,-1
0_672-631,-1
0_672-651,-1
0_672-663,-1
0_672-690,-1
0_672-706,-1
0_672-717,-1
0_672-742,-1
0_672-760,-1
0_672-775,-1
0_672-787,-1
0_672-812,-1
0_672-826,-1
0_672-847,-1
0_688-50,1
0_688-66,-1
0_688-97,-1
0_688-114,-1
0_688-135,-1
0_688-148,-1
0_688-162,-1
0_688-177,-1
0_688-198,-1
0_688-218,-1
0_688-244,-1
0_688-259,-1
0_688-279,-1
0_688-296,-1
0_688-310,-1
0_688-330,-1
0_688-354,-1
0_688-367,-1
0_688-400,-1
0_688-443,-1
0_688-459,-1
0_688-482,-1
0_688-515,-1
0_688-536,-1
0_688-561,-1
0_688-603,-1
0_688-637,-1
0_688-663,-1
0_688-693,-1
0_688-711,-1
0_688-738,0
0_688-764,-1
0_688-780,-1
0_688-799,-1
0_688-822,-1
0_689-55,-1
0_689-85,-1
0_689-121,-1
0_689-144,-1
0_689-172,-1
0_689-207,-1
0_689-228,-1
0_689-256,-1
0_689-281,-1
0_689-318,-1
0_689-354,-1
0_689-382,-1
0_689-424,-1
0_689-442,-1
0_689-468,-1
0_689-487,-1
0_689-505,-1
0_689-540,-1
0_689-572,-1
0_689-588,-1
0_689-604,-1
0_689-627,-1
0_689-662,-1
0_689-685,-1
0_689-718,-1
0_689-746,-1
0_689-765,-1
0_689-786,-1
0_689-804,-1
0_689-823,-1
0_689-835,-1
0_695-84,0
0_695-117,-1
0_695-154,-1
0_695-182,-1
0_695-208,-1
0_695-221,-1
0_695-245,-1
0_695-269,-1
0_695-307,-1
0_695-331,-1
0_695-364,-1
0_695-379,-1
0_695-400,-1
0_695-426,-1
0_695-449,-1
0_695-465,-1
0_695-493,-1
0_695-520,-1
0_695-541,-1
0_695-557,0
0_695-593,-1
0_695-610,-1
0_695-634,-1
0_695-680,-1
0_695-697,-1
0_695-722,-1
0_695-753,-1
0_695-771,-1
0_695-788,-1
0_695-814,-1
0_695-839,-1
0_707-76,-1
0_707-108,-1
0_707-137,-1
0_707-166,-1
0_707-194,-1
0_707-220,-1
0_707-234,-1
0_707-271,0
0_707-295,-1
0_707-309,-1
0_707-348,-1
0_707-376,-1
0_707-400,-1
0_707-424,-1
0_707-445,-1
0_707-467,-1
0_707-486,-1
0_707-512,-1
0_707-541,-1
0_707-565,-1
0_707-590,-1
0_707-616,-1
0_707-634,-1
0_707-650,-1
0_707-678,-1
0_707-692,-1
0_707-726,-1
0_707-748,-1
0_707-786,-1
0_707-803,-1
0_707-819,-1
0_707-835,-1
0_709-79,-1
0_709-99,-1
0_709-120,-1
0_709-132,-1
0_709-157,-1
0_709-179,-1
0_709-238,-1
0_709-264,-1
0_709-279,-1
0_709-309,-1
0_709-333,-1
0_709-351,-1
0_709-384,-1
0_709-435,-1
0_709-464,-1
0_709-486,-1
0_709-510,-1
0_709-534,-1
0_709-560,-1
0_709-590,-1
0_709-603,-1
0_709-635,-1
0_709-654,-1
0_709-678,-1
0_709-699,-1
0_709-719,-1
0_709-748,-1
0_709-779,-1
0_709-814,-1
0_709-836,-1
0_712-68,-1
0_712-104,-1
0_712-125,-1
0_712-143,-1
0_712-162,-1
0_712-179,-1
0_712-191,-1
0_712-217,-1
0_712-236,-1
0_712-251,-1
0_712-287,-1
0_712-326,-1
0_712-362,-1
0_712-384,-1
0_712-415,-1
0_712-436,-1
0_712-457,-1
0_712-472,-1
0_712-498,-1
0_712-518,-1
0_712-553,-1
0_712-568,-1
0_712-586,-1
0_712-619,-1
0_712-640,-1
0_712-664,-1
0_712-683,-1
0_712-714,-1
0_712-750,-1
0_712-767,-1
0_712-786,-1
0_712-804,-1
0_712-847,-1
0_741-50,-1
0_741-83,-1
0_741-112,0
0_741-139,-1
0_741-173,-1
0_741-203,-1
0_741-229,-1
0_741-245,-1
0_741-270,-1
0_741-295,-1
0_741-314,-1
0_741-359,-1
0_741-379,-1
0_741-427,-1
0_741-449,-1
0_741-477,-1
0_741-516,-1
0_741-532,-1
0_741-551,-1
0_741-570,-1
0_741-589,-1
0_741-613,-1
0_741-636,-1
0_741-662,-1
0_741-681,-1
0_741-700,-1
0_741-713,-1
0_741-727,-1
0_741-753,-1
0_741-785,-1
0_741-815,-1
0_741-831,-1
0_742-67,-1
0_742-104,-1
0_742-138,-1
0_742-168,-1
0_742-187,-1
0_742-233,-1
0_742-259,-1
0_742-282,-1
0_742-306,-1
0_742-345,-1
0_742-365,-1
0_742-400,-1
0_742-421,-1
0_742-446,-1
0_742-500,-1
0_742-516,-1
0_742-535,-1
0_742-552,-1
0_742-580,-1
0_742-607,-1
0_742-646,-1
0_742-698,-1
0_742-719,-1
0_742-738,-1
0_742-758,-1
0_742-783,-1
0_742-800,-1
0_742-823,-1
0_742-847,-1
0_795-52,-1
0_795-79,-1
0_795-103,0
0_795-114,-1
0_795-133,-1
0_795-152,-1
0_795-174,-1
0_795-191,-1
0_795-208,-1
0_795-249,-1
0_795-267,-1
0_795-293,-1
0_795-314,-1
0_795-351,-1
0_795-370,-1
0_795-403,-1
0_795-418,-1
0_795-435,-1
0_795-465,-1
0_795-489,-1
0_795-511,-1
0_795-536,-1
0_795-559,-1
0_795-601,-1
0_795-617,-1
0_795-629,-1
0_795-649,-1
0_795-695,-1
0_795-726,-1
0_795-751,-1
0_795-775,-1
0_795-805,-1
0_795-836,-1
0_800-52,-1
0_800-62,-1
0_800-83,-1
0_800-143,-1
0_800-161,-1
0_800-190,-1
0_800-234,-1
0_800-249,-1
0_800-266,-1
0_800-300,-1
0_800-323,-1
0_800-351,-1
0_800-385,-1
0_800-404,-1
0_800-443,-1
0_800-464,-1
0_800-491,-1
0_800-514,-1
0_800-536,-1
0_800-558,-1
0_800-601,-1
0_800-631,-1
0_800-660,-1
0_800-680,-1
0_800-692,-1
0_800-707,-1
0_800-726,-1
0_800-769,-1
0_800-794,-1
0_800-826,-1
0_800-849,-1
0_827-63,-1
0_827-78,-1
0_827-97,-1
0_827-118,0
0_827-147,-1
0_827-160,-1
0_827-185,-1
0_827-225,-1
0_827-241,-1
0_827-277,-1
0_827-292,-1
0_827-305,-1
0_827-325,-1
0_827-345,-1
0_827-364,-1
0_827-391,-1
0_827-440,-1
0_827-460,-1
0_827-486,-1
0_827-506,-1
0_827-521,-1
0_827-538,-1
0_827-557,-1
0_827-586,-1
0_827-611,-1
0_827-623,-1
0_827-650,-1
0_827-675,-1
0_827-709,-1
0_827-728,-1
0_827-755,-1
0_827-784,-1
0_827-835,-1
0_843-51,-1
0_843-71,-1
0_843-102,-1
0_843-115,-1
0_843-133,0
0_843-159,-1
0_843-174,-1
0_843-212,-1
0_843-251,-1
0_843-277,-1
0_843-306,-1
0_843-323,-1
0_843-371,-1
0_843-391,-1
0_843-419,-1
0_843-446,-1
0_843-487,0
0_843-508,-1
0_843-549,-1
0_843-573,-1
0_843-606,-1
0_843-625,-1
0_843-651,-1
0_843-679,0
0_843-714,-1
0_843-739,-1
0_843-756,-1
0_843-776,-1
0_843-789,-1
0_843-808,-1
0_843-829,-1
0_858-55,-1
0_858-75,-1
0_858-97,-1
0_858-112,-1
0_858-134,-1
0_858-154,-1
0_858-176,-1
0_858-200,-1
0_858-224,-1
0_858-251,-1
0_858-274,-1
0_858-303,-1
0_858-339,-1
0_858-389,-1
0_858-412,-1
0_858-431,-1
0_858-452,-1
0_858-474,-1
0_858-484,-1
0_858-501,-1
0_858-520,-1
0_858-554,-1
0_858-587,-1
0_858-601,-1
0_858-626,-1
0_858-665,-1
0_858-680,-1
0_858-703,-1
0_858-727,-1
0_858-747,-1
0_858-762,-1
0_858-788,-1
0_858-824,-1
0_858-840,-1
0_879-72,-1
0_879-94,-1
0_879-121,-1
0_879-141,-1
0_879-163,-1
0_879-204,-1
0_879-257,-1
0_879-290,-1
0_879-327,-1
0_879-354,-1
0_879-381,-1
0_879-395,-1
0_879-416,-1
0_879-431,-1
0_879-452,-1
0_879-475,-1
0_879-490,-1
0_879-522,-1
0_879-538,-1
0_879-563,-1
0_879-588,-1
0_879-642,-1
0_879-679,-1
0_879-706,-1
0_879-727,-1
0_879-746,0
0_879-771,-1
0_879-792,-1
0_879-815,-1
0_879-830,-1
0_882-51,-1
0_882-64,-1
0_882-100,-1
0_882-143,-1
0_882-160,-1
0_882-194,-1
0_882-217,-1
0_882-263,-1
0_882-299,-1
0_882-326,-1
0_882-355,-1
0_882-396,-1
0_882-424,-1
0_882-441,-1
0_882-464,-1
0_882-476,-1
0_882-494,-1
0_882-535,-1
0_882-566,-1
0_882-618,-1
0_882-649,-1
0_882-666,-1
0_882-687,-1
0_882-719,-1
0_882-754,-1
0_882-772,-1
0_882-794,-1
0_882-820,-1
0_905-58,-1
0_905-79,-1
0_905-93,-1
0_905-118,-1
0_905-135,-1
0_905-156,-1
0_905-184,-1
0_905-207,-1
0_905-244,-1
0_905-265,-1
0_905-297,-1
0_905-315,-1
0_905-341,-1
0_905-356,-1
0_905-380,-1
0_905-401,-1
0_905-413,-1
0_905-434,-1
0_905-452,-1
0_905-489,-1
0_905-508,-1
0_905-537,-1
0_905-561,-1
0_905-566,-1
0_905-591,-1
0_905-610,-1
0_905-641,-1
0_905-679,-1
0_905-700,-1
0_905-717,-1
0_905-742,-1
0_905-770,-1
0_905-799,-1
0_905-825,-1
0_905-844,-1
0_919-58,-1
0_919-78,-1
0_919-98,-1
0_919-117,-1
0_919-134,-1
0_919-163,-1
0_919-182,-1
0_919-201,-1
0_919-232,-1
0_919-254,-1
0_919-278,-1
0_919-302,-1
0_919-324,-1
0_919-348,-1
0_919-377,-1
0_919-396,-1
0_919-422,-1
0_919-461,-1
0_919-504,-1
0_919-543,0
0_919-568,-1
0_919-602,-1
0_919-624,-1
0_919-646,-1
0_919-662,-1
0_919-702,-1
0_919-723,-1
0_919-763,-1
0_919-783,-1
0_919-808,-1
0_919-845,-1
0_921-95,-1
0_921-114,-1
0_921-155,-1
0_921-168,-1
0_921-186,-1
0_921-207,-1
0_921-246,-1
0_921-271,-1
0_921-294,-1
0_921-327,-1
0_921-366,-1
0_921-385,-1
0_921-415,-1
0_921-442,-1
0_921-470,0
0_921-492,-1
0_921-530,-1
0_921-552,-1
0_921-588,-1
0_921-628,-1
0_921-648,0
0_921-668,0
0_921-683,-1
0_921-702,-1
0_921-726,1
0_921-762,-1
0_921-785,-1
0_921-805,-1
0_921-821,-1
1_1-55,-1
1_1-68,-1
1_1-90,-1
1_1-112,-1
1_1-139,0
1_1-166,-1
1_1-177,-1
1_1-197,-1
1_1-220,-1
1_1-238,-1
1_1-265,-1
1_1-277,-1
1_1-305,-1
1_1-319,-1
1_1-337,-1
1_1-367,-1
1_1-401,-1
1_1-412,-1
1_1-448,-1
1_1-459,-1
1_1-488,-1
1_1-501,-1
1_1-545,-1
1_1-569,-1
1_1-590,-1
1_1-616,-1
1_1-644,-1
1_1-668,-1
1_1-685,-1
1_1-713,-1
1_1-739,-1
1_1-752,0
1_1-768,-1
1_1-786,0
1_1-795,-1
1_1-815,-1
1_1-837,-1
1_5-64,-1
1_5-103,-1
1_5-131,-1
1_5-157,1
1_5-182,-1
1_5-199,-1
1_5-214,0
1_5-234,-1
1_5-249,-1
1_5-271,-1
1_5-294,-1
1_5-353,-1
1_5-380,-1
1_5-388,-1
1_5-405,-1
1_5-422,-1
1_5-453,-1
1_5-477,-1
1_5-493,-1
1_5-534,-1
1_5-556,-1
1_5-572,-1
1_5-593,-1
1_5-619,-1
1_5-664,-1
1_5-700,-1
1_5-726,-1
1_5-756,-1
1_5-792,-1
1_5-819,-1
1_5-845,-1
1_7-59,-1
1_7-71,-1
1_7-97,-1
1_7-119,-1
1_7-168,-1
1_7-182,-1
1_7-204,-1
1_7-222,-1
1_7-245,0
1_7-275,-1
1_7-324,-1
1_7-350,-1
1_7-372,-1
1_7-409,-1
1_7-429,-1
1_7-446,-1
1_7-464,-1
1_7-488,-1
1_7-509,-1
1_7-530,-1
1_7-541,0
1_7-567,-1
1_7-589,-1
1_7-614,-1
1_7-644,-1
1_7-672,-1
1_7-694,-1
1_7-716,-1
1_7-741,-1
1_7-756,-1
1_7-791,-1
1_7-807,-1
1_7-839,-1
1_9-60,-1
1_9-82,-1
1_9-100,-1
1_9-109,-1
1_9-130,-1
1_9-150,-1
1_9-164,-1
1_9-203,-1
1_9-237,-1
1_9-260,-1
1_9-282,-1
1_9-310,-1
1_9-341,-1
1_9-366,-1
1_9-389,-1
1_9-437,-1
1_9-467,-1
1_9-490,-1
1_9-507,-1
1_9-524,-1
1_9-550,-1
1_9-570,-1
1_9-587,-1
1_9-610,-1
1_9-622,-1
1_9-648,-1
1_9-686,-1
1_9-712,-1
1_9-730,-1
1_9-760,-1
1_9-781,-1
1_9-820,-1
1_11-54,-1
1_11-63,-1
1_11-85,-1
1_11-120,-1
1_11-147,-1
1_11-165,-1
1_11-184,-1
1_11-215,-1
1_11-228,-1
1_11-255,-1
1_11-282,-1
1_11-305,-1
1_11-341,-1
1_11-362,-1
1_11-374,-1
1_11-420,-1
1_11-452,-1
1_11-470,-1
1_11-496,-1
1_11-514,-1
1_11-542,-1
1_11-581,-1
1_11-627,-1
1_11-659,-1
1_11-711,-1
1_11-744,-1
1_11-766,-1
1_11-786,-1
1_11-815,-1
1_11-837,-1
1_13-85,-1
1_13-109,-1
1_13-147,-1
1_13-169,-1
1_13-193,-1
1_13-213,-1
1_13-237,-1
1_13-269,-1
1_13-297,-1
1_13-326,-1
1_13-344,-1
1_13-377,-1
1_13-427,-1
1_13-437,-1
1_13-451,-1
1_13-483,-1
1_13-526,-1
1_13-556,-1
1_13-612,-1
1_13-628,-1
1_13-649,-1
1_13-684,-1
1_13-714,-1
1_13-752,-1
1_13-772,-1
1_13-806,-1
1_13-827,-1
1_14-74,-1
1_14-97,-1
1_14-116,-1
1_14-135,-1
1_14-156,-1
1_14-170,-1
1_14-219,-1
1_14-244,-1
1_14-267,-1
1_14-292,-1
1_14-301,-1
1_14-334,-1
1_14-355,-1
1_14-372,-1
1_14-385,-1
1_14-407,-1
1_14-461,-1
1_14-484,-1
1_14-507,-1
1_14-526,-1
1_14-552,-1
1_14-572,-1
1_14-589,-1
1_14-596,-1
1_14-618,-1
1_14-640,-1
1_14-672,1
1_14-710,-1
1_14-740,-1
1_14-773,-1
1_14-818,-1
1_14-837,-1
1_17-78,-1
1_17-104,-1
1_17-131,-1
1_17-166,-1
1_17-186,-1
1_17-207,-1
1_17-222,-1
1_17-242,-1
1_17-258,-1
1_17-303,-1
1_17-326,-1
1_17-344,-1
1_17-375,-1
1_17-403,-1
1_17-420,-1
1_17-456,-1
1_17-477,-1
1_17-503,-1
1_17-529,-1
1_17-548,-1
1_17-565,-1
1_17-593,-1
1_17-607,-1
1_17-642,-1
1_17-661,-1
1_17-681,-1
1_17-700,-1
1_17-726,-1
1_17-752,-1
1_17-792,-1
1_17-838,-1
1_19-59,-1
1_19-74,-1
1_19-105,-1
1_19-140,-1
1_19-161,-1
1_19-189,-1
1_19-241,-1
1_19-258,-1
1_19-293,-1
1_19-305,-1
1_19-321,-1
1_19-340,-1
1_19-359,-1
1_19-372,-1
1_19-391,-1
1_19-411,-1
1_19-431,-1
1_19-447,-1
1_19-491,-1
1_19-512,-1
1_19-531,-1
1_19-570,-1
1_19-609,-1
1_19-627,-1
1_19-640,-1
1_19-657,-1
1_19-692,-1
1_19-716,-1
1_19-729,-1
1_19-747,-1
1_19-786,-1
1_19-801,-1
1_19-819,-1
1_19-845,-1
1_20-57,-1
1_20-74,-1
1_20-101,-1
1_20-115,-1
1_20-146,-1
1_20-160,-1
1_20-204,-1
1_20-236,-1
1_20-263,-1
1_20-284,-1
1_20-304,-1
1_20-324,0
1_20-358,-1
1_20-396,-1
1_20-415,0
1_20-453,-1
1_20-475,-1
1_20-495,-1
1_20-549,-1
1_20-567,-1
1_20-590,-1
1_20-615,-1
1_20-653,-1
1_20-693,-1
1_20-737,-1
1_20-757,-1
1_20-769,-1
1_20-789,-1
1_20-806,-1
1_20-830,-1
1_22-57,-1
1_22-71,-1
1_22-107,-1
1_22-130,-1
1_22-154,-1
1_22-171,-1
1_22-189,-1
1_22-229,-1
1_22-283,-1
1_22-297,-1
1_22-311,-1
1_22-326,-1
1_22-352,-1
1_22-369,-1
1_22-397,-1
1_22-425,-1
1_22-442,0
1_22-458,-1
1_22-484,-1
1_22-505,-1
1_22-539,-1
1_22-572,-1
1_22-610,-1
1_22-647,-1
1_22-679,-1
1_22-726,-1
1_22-748,-1
1_22-789,-1
1_22-838,-1
1_24-56,-1
1_24-89,-1
1_24-121,-1
1_24-162,-1
1_24-184,-1
1_24-210,-1
1_24-238,-1
1_24-281,-1
1_24-319,0
1_24-345,-1
1_24-386,-1
1_24-407,-1
1_24-422,-1
1_24-439,-1
1_24-461,-1
1_24-490,-1
1_24-538,-1
1_24-558,-1
1_24-590,-1
1_24-625,-1
1_24-658,-1
1_24-682,-1
1_24-706,-1
1_24-738,-1
1_24-763,-1
1_24-777,-1
1_24-806,-1
1_24-821,-1
1_24-843,-1
1_26-57,-1
1_26-77,-1
1_26-117,-1
1_26-177,-1
1_26-193,-1
1_26-214,-1
1_26-257,-1
1_26-276,-1
1_26-297,-1
1_26-334,-1
1_26-374,-1
1_26-398,-1
1_26-427,-1
1_26-463,-1
1_26-485,-1
1_26-507,-1
1_26-521,-1
1_26-532,-1
1_26-553,-1
1_26-587,-1
1_26-608,-1
1_26-629,-1
1_26-656,-1
1_26-670,-1
1_26-685,-1
1_26-711,-1
1_26-741,-1
1_26-751,-1
1_26-767,-1
1_26-786,-1
1_26-807,-1
1_26-848,-1
1_27-49,-1
1_27-86,-1
1_27-105,-1
1_27-123,-1
1_27-145,-1
1_27-159,-1
1_27-170,-1
1_27-194,-1
1_27-218,-1
1_27-235,-1
1_27-257,-1
1_27-288,-1
1_27-307,-1
1_27-329,-1
1_27-350,-1
1_27-366,-1
1_27-383,-1
1_27-407,-1
1_27-426,-1
1_27-451,-1
1_27-475,-1
1_27-505,-1
1_27-532,-1
1_27-557,-1
1_27-580,-1
1_27-599,-1
1_27-621,-1
1_27-648,-1
1_27-680,-1
1_27-702,-1
1_27-726,-1
1_27-742,0
1_27-754,-1
1_27-775,-1
1_27-803,-1
1_27-822,-1
1_27-831,-1
1_28-81,-1
1_28-111,-1
1_28-124,-1
1_28-157,-1
1_28-203,-1
1_28-229,-1
1_28-251,-1
1_28-280,-1
1_28-302,-1
1_28-342,-1
1_28-363,-1
1_28-401,-1
1_28-412,-1
1_28-444,-1
1_28-467,-1
1_28-501,-1
1_28-516,-1
1_28-559,-1
1_28-582,-1
1_28-621,-1
1_28-676,-1
1_28-700,-1
1_28-752,-1
1_28-768,-1
1_28-781,-1
1_28-810,-1
1_28-849,-1
1_29-59,-1
1_29-77,-1
1_29-108,-1
1_29-141,-1
1_29-165,-1
1_29-195,-1
1_29-233,-1
1_29-250,-1
1_29-276,-1
1_29-297,-1
1_29-343,-1
1_29-366,-1
1_29-420,-1
1_29-437,-1
1_29-471,-1
1_29-486,-1
1_29-500,-1
1_29-511,-1
1_29-528,-1
1_29-579,-1
1_29-602,1
1_29-634,-1
1_29-691,-1
1_29-707,1
1_29-723,-1
1_29-744,-1
1_29-764,-1
1_29-785,-1
1_29-812,-1
1_29-830,-1
1_29-845,-1
1_30-74,-1
1_30-113,-1
1_30-139,-1
1_30-157,-1
1_30-183,-1
1_30-203,-1
1_30-229,-1
1_30-249,-1
1_30-267,-1
1_30-303,-1
1_30-330,-1
1_30-357,-1
1_30-379,-1
1_30-397,-1
1_30-407,-1
1_30-426,-1
1_30-448,-1
1_30-500,-1
1_30-531,-1
1_30-565,-1
1_30-583,0
1_30-623,-1
1_30-644,-1
1_30-655,-1
1_30-673,-1
1_30-705,-1
1_30-732,0
1_30-770,-1
1_30-794,-1
1_30-807,-1
1_30-835,-1
1_31-62,-1
1_31-81,-1
1_31-102,-1
1_31-123,0
1_31-156,-1
1_31-171,-1
1_31-190,-1
1_31-212,0
1_31-244,-1
1_31-266,-1
1_31-286,-1
1_31-311,-1
1_31-350,-1
1_31-397,-1
1_31-419,0
1_31-457,-1
1_31-487,-1
1_31-514,-1
1_31-535,-1
1_31-552,-1
1_31-576,-1
1_31-608,-1
1_31-625,-1
1_31-642,0
1_31-652,-1
1_31-670,-1
1_31-679,-1
1_31-708,-1
1_31-735,-1
1_31-753,-1
1_31-784,-1
1_31-806,-1
1_31-827,-1
1_34-62,-1
1_34-95,-1
1_34-110,-1
1_34-139,-1
1_34-160,-1
1_34-192,-1
1_34-218,-1
1_34-242,-1
1_34-257,-1
1_34-277,-1
1_34-295,-1
1_34-309,-1
1_34-345,-1
1_34-367,-1
1_34-395,-1
1_34-410,-1
1_34-426,-1
1_34-446,-1
1_34-474,-1
1_34-530,-1
1_34-554,-1
1_34-593,-1
1_34-617,-1
1_34-643,-1
1_34-672,-1
1_34-710,-1
1_34-727,-1
1_34-752,-1
1_34-776,-1
1_34-798,-1
1_34-808,-1
1_34-833,-1
1_35-70,-1
1_35-107,-1
1_35-128,-1
1_35-143,-1
1_35-171,-1
1_35-196,-1
1_35-241,-1
1_35-276,1
1_35-293,-1
1_35-314,-1
1_35-339,-1
1_35-367,-1
1_35-407,-1
1_35-421,-1
1_35-443,-1
1_35-456,-1
1_35-488,-1
1_35-513,-1
1_35-538,-1
1_35-583,-1
1_35-604,-1
1_35-630,-1
1_35-655,-1
1_35-684,-1
1_35-712,-1
1_35-740,-1
1_35-762,-1
1_35-780,0
1_35-813,-1
1_35-832,-1
1_36-64,-1
1_36-102,-1
1_36-139,-1
1_36-176,-1
1_36-214,-1
1_36-235,-1
1_36-263,-1
1_36-284,-1
1_36-311,-1
1_36-345,-1
1_36-374,-1
1_36-397,1
1_36-412,-1
1_36-441,-1
1_36-461,-1
1_36-470,-1
1_36-493,-1
1_36-507,-1
1_36-527,-1
1_36-540,-1
1_36-569,-1
1_36-588,-1
1_36-610,-1
1_36-634,-1
1_36-641,-1
1_36-665,-1
1_36-686,0
1_36-712,-1
1_36-753,-1
1_36-773,-1
1_36-795,-1
1_36-839,-1
1_38-72,-1
1_38-112,-1
1_38-152,-1
1_38-177,-1
1_38-204,-1
1_38-228,-1
1_38-248,-1
1_38-266,-1
1_38-285,-1
1_38-311,-1
1_38-328,-1
1_38-354,-1
1_38-367,-1
1_38-389,-1
1_38-408,-1
1_38-421,-1
1_38-437,-1
1_38-460,-1
1_38-477,-1
1_38-493,-1
1_38-515,-1
1_38-538,-1
1_38-562,0
1_38-581,-1
1_38-601,-1
1_38-618,-1
1_38-661,-1
1_38-686,-1
1_38-710,-1
1_38-754,-1
1_38-777,-1
1_38-801,-1
1_38-830,-1
1_38-842,-1
1_40-52,-1
1_40-89,-1
1_40-115,-1
1_40-151,-1
1_40-186,-1
1_40-205,-1
1_40-252,-1
1_40-297,-1
1_40-322,-1
1_40-363,-1
1_40-378,-1
1_40-399,-1
1_40-417,-1
1_40-437,-1
1_40-455,-1
1_40-484,-1
1_40-500,-1
1_40-520,-1
1_40-562,-1
1_40-584,-1
1_40-608,-1
1_40-644,-1
1_40-659,-1
1_40-679,-1
1_40-717,-1
1_40-739,-1
1_40-752,-1
1_40-772,-1
1_40-796,-1
1_40-826,-1
1_40-844,-1
1_41-76,-1
1_41-104,-1
1_41-141,-1
1_41-161,-1
1_41-192,-1
1_41-224,-1
1_41-244,-1
1_41-271,-1
1_41-308,-1
1_41-330,-1
1_41-347,-1
1_41-374,-1
1_41-412,-1
1_41-433,-1
1_41-448,-1
1_41-469,-1
1_41-502,-1
1_41-524,-1
1_41-543,-1
1_41-577,-1
1_41-601,-1
1_41-620,-1
1_41-654,-1
1_41-673,-1
1_41-704,-1
1_41-737,-1
1_41-758,-1
1_41-777,-1
1_41-805,-1
1_41-825,-1
1_41-850,-1
1_44-58,-1
1_44-96,-1
1_44-118,-1
1_44-134,-1
1_44-148,-1
1_44-163,-1
1_44-183,-1
1_44-213,-1
1_44-232,-1
1_44-248,-1
1_44-272,-1
1_44-327,-1
1_44-355,-1
1_44-371,-1
1_44-387,-1
1_44-401,-1
1_44-421,-1
1_44-450,-1
1_44-486,-1
1_44-504,-1
1_44-528,-1
1_44-569,-1
1_44-579,-1
1_44-600,-1
1_44-637,-1
1_44-656,-1
1_44-671,-1
1_44-702,-1
1_44-726,-1
1_44-754,-1
1_44-768,-1
1_44-811,-1
1_44-834,-1
1_46-53,-1
1_46-79,1
1_46-119,-1
1_46-143,-1
1_46-185,-1
1_46-212,-1
1_46-253,-1
1_46-272,-1
1_46-291,-1
1_46-309,-1
1_46-342,-1
1_46-395,-1
1_46-442,-1
1_46-469,-1
1_46-509,-1
1_46-525,-1
1_46-563,-1
1_46-590,-1
1_46-645,-1
1_46-660,-1
1_46-687,1
1_46-718,-1
1_46-736,-1
1_46-752,-1
1_46-772,-1
1_46-801,-1
1_46-847,-1
1_48-75,-1
1_48-106,-1
1_48-126,-1
1_48-142,-1
1_48-178,-1
1_48-203,-1
1_48-234,-1
1_48-279,-1
1_48-321,-1
1_48-359,-1
1_48-377,-1
1_48-416,0
1_48-428,-1
1_48-450,-1
1_48-469,-1
1_48-492,-1
1_48-523,1
1_48-553,-1
1_48-581,-1
1_48-604,-1
1_48-624,-1
1_48-653,-1
1_48-694,-1
1_48-718,-1
1_48-758,-1
1_48-770,-1
1_48-802,-1
1_48-842,-1
1_50-67,-1
1_50-96,-1
1_50-107,-1
1_50-140,-1
1_50-156,-1
1_50-171,-1
1_50-189,-1
1_50-203,-1
1_50-221,-1
1_50-246,-1
1_50-264,-1
1_50-292,-1
1_50-318,-1
1_50-346,-1
1_50-374,-1
1_50-390,-1
1_50-407,-1
1_50-429,-1
1_50-478,-1
1_50-502,-1
1_50-535,-1
1_50-580,-1
1_50-603,-1
1_50-623,-1
1_50-642,-1
1_50-674,-1
1_50-723,-1
1_50-748,-1
1_50-789,-1
1_50-809,-1
1_50-826,-1
1_50-846,-1
1_51-50,-1
1_51-72,-1
1_51-96,-1
1_51-109,-1
1_51-139,-1
1_51-180,-1
1_51-200,-1
1_51-222,-1
1_51-238,-1
1_51-294,-1
1_51-315,-1
1_51-337,0
1_51-354,-1
1_51-375,-1
1_51-406,-1
1_51-426,-1
1_51-470,-1
1_51-499,-1
1_51-527,-1
1_51-536,-1
1_51-552,-1
1_51-581,1
1_51-623,-1
1_51-654,-1
1_51-681,-1
1_51-714,-1
1_51-736,-1
1_51-772,-1
1_51-804,-1
1_51-846,-1
1_52-55,-1
1_52-103,-1
1_52-116,-1
1_52-138,-1
1_52-178,-1
1_52-200,-1
1_52-229,-1
1_52-253,-1
1_52-273,-1
1_52-289,-1
1_52-305,-1
1_52-332,-1
1_52-363,-1
1_52-387,-1
1_52-402,-1
1_52-431,-1
1_52-451,-1
1_52-475,-1
1_52-502,-1
1_52-524,-1
1_52-563,-1
1_52-580,-1
1_52-591,-1
1_52-604,-1
1_52-625,-1
1_52-649,-1
1_52-671,-1
1_52-690,-1
1_52-712,-1
1_52-735,-1
1_52-760,-1
1_52-779,-1
1_52-801,-1
1_52-827,-1
1_53-52,-1
1_53-74,-1
1_53-95,-1
1_53-130,-1
1_53-153,-1
1_53-179,-1
1_53-219,-1
1_53-250,-1
1_53-272,-1
1_53-298,-1
1_53-316,-1
1_53-332,-1
1_53-346,-1
1_53-360,-1
1_53-392,-1
1_53-410,-1
1_53-419,-1
1_53-436,-1
1_53-477,-1
1_53-488,-1
1_53-514,-1
1_53-526,-1
1_53-550,-1
1_53-570,-1
1_53-584,-1
1_53-607,-1
1_53-620,-1
1_53-653,-1
1_53-693,-1
1_53-724,-1
1_53-756,-1
1_53-777,-1
1_53-810,-1
1_53-835,-1
1_59-54,-1
1_59-70,-1
1_59-102,-1
1_59-124,-1
1_59-139,-1
1_59-157,-1
1_59-198,-1
1_59-224,-1
1_59-258,-1
1_59-281,-1
1_59-294,-1
1_59-312,-1
1_59-326,-1
1_59-361,-1
1_59-375,-1
1_59-396,-1
1_59-441,-1
1_59-464,-1
1_59-501,-1
1_59-522,-1
1_59-542,-1
1_59-574,-1
1_59-603,-1
1_59-612,-1
1_59-632,-1
1_59-653,-1
1_59-671,-1
1_59-711,-1
1_59-743,-1
1_59-773,-1
1_59-789,0
1_59-813,-1
1_59-836,-1
1_61-62,-1
1_61-95,-1
1_61-125,-1
1_61-169,-1
1_61-202,-1
1_61-226,-1
1_61-249,-1
1_61-281,-1
1_61-317,-1
1_61-332,-1
1_61-348,-1
1_61-363,-1
1_61-371,1
1_61-406,-1
1_61-451,-1
1_61-488,-1
1_61-499,-1
1_61-549,-1
1_61-568,-1
1_61-587,-1
1_61-604,-1
1_61-630,-1
1_61-645,-1
1_61-675,-1
1_61-699,-1
1_61-717,-1
1_61-754,-1
1_61-774,-1
1_61-806,-1
1_61-831,-1
1_63-62,-1
1_63-105,-1
1_63-135,-1
1_63-153,-1
1_63-182,-1
1_63-215,-1
1_63-245,-1
1_63-260,-1
1_63-301,-1
1_63-321,-1
1_63-344,-1
1_63-369,-1
1_63-430,-1
1_63-461,-1
1_63-479,-1
1_63-507,-1
1_63-534,-1
1_63-575,-1
1_63-625,-1
1_63-676,-1
1_63-709,-1
1_63-732,-1
1_63-756,-1
1_63-791,-1
1_63-806,1
1_63-823,-1
1_63-848,-1
1_64-54,-1
1_64-95,-1
1_64-121,-1
1_64-153,-1
1_64-169,0
1_64-184,-1
1_64-223,-1
1_64-251,-1
1_64-280,-1
1_64-305,-1
1_64-339,1
1_64-373,-1
1_64-385,-1
1_64-433,-1
1_64-463,-1
1_64-481,-1
1_64-522,-1
1_64-558,-1
1_64-576,-1
1_64-614,-1
1_64-637,-1
1_64-658,-1
1_64-680,-1
1_64-724,-1
1_64-741,0
1_64-753,-1
1_64-778,-1
1_64-796,-1
1_64-814,-1
1_64-841,-1
1_66-50,-1
1_66-75,-1
1_66-103,-1
1_66-121,-1
1_66-144,-1
1_66-163,-1
1_66-191,-1
1_66-226,-1
1_66-245,-1
1_66-259,-1
1_66-275,-1
1_66-299,-1
1_66-315,-1
1_66-333,-1
1_66-361,-1
1_66-385,-1
1_66-411,-1
1_66-434,-1
1_66-456,-1
1_66-471,-1
1_66-490,-1
1_66-503,-1
1_66-526,-1
1_66-539,-1
1_66-556,-1
1_66-583,-1
1_66-606,-1
1_66-624,-1
1_66-653,-1
1_66-671,-1
1_66-694,-1
1_66-721,-1
1_66-748,-1
1_66-770,-1
1_66-807,-1
1_66-825,-1
1_71-50,0
1_71-67,-1
1_71-89,-1
1_71-124,-1
1_71-164,-1
1_71-186,-1
1_71-200,-1
1_71-232,-1
1_71-268,-1
1_71-291,-1
1_71-318,-1
1_71-348,-1
1_71-356,-1
1_71-379,-1
1_71-400,-1
1_71-420,0
1_71-434,-1
1_71-470,1
1_71-502,-1
1_71-543,1
1_71-567,-1
1_71-584,-1
1_71-617,-1
1_71-649,-1
1_71-679,-1
1_71-721,-1
1_71-747,-1
1_71-773,-1
1_71-801,-1
1_71-844,-1
1_72-53,-1
1_72-68,-1
1_72-85,-1
1_72-106,-1
1_72-129,0
1_72-154,-1
1_72-169,-1
1_72-186,-1
1_72-211,-1
1_72-221,-1
1_72-233,-1
1_72-250,-1
1_72-276,-1
1_72-302,-1
1_72-318,-1
1_72-338,-1
1_72-360,-1
1_72-386,-1
1_72-441,-1
1_72-472,-1
1_72-496,-1
1_72-529,-1
1_72-548,-1
1_72-588,-1
1_72-604,-1
1_72-620,-1
1_72-654,-1
1_72-686,-1
1_72-715,-1
1_72-736,-1
1_72-753,-1
1_72-782,-1
1_72-811,0
1_72-844,-1
1_76-59,-1
1_76-82,-1
1_76-120,-1
1_76-142,-1
1_76-166,-1
1_76-179,-1
1_76-209,-1
1_76-231,-1
1_76-243,-1
1_76-262,-1
1_76-286,-1
1_76-326,-1
1_76-348,-1
1_76-369,-1
1_76-390,-1
1_76-411,-1
1_76-422,-1
1_76-455,-1
1_76-473,-1
1_76-482,-1
1_76-524,-1
1_76-558,-1
1_76-579,-1
1_76-598,-1
1_76-627,-1
1_76-659,-1
1_76-686,-1
1_76-715,-1
1_76-731,-1
1_76-762,-1
1_76-781,-1
1_76-803,-1
1_76-840,-1
1_78-65,-1
1_78-88,-1
1_78-110,-1
1_78-131,-1
1_78-153,-1
1_78-179,-1
1_78-196,-1
1_78-219,-1
1_78-241,-1
1_78-257,-1
1_78-273,-1
1_78-300,-1
1_78-333,-1
1_78-351,0
1_78-375,-1
1_78-404,-1
1_78-427,-1
1_78-435,-1
1_78-455,-1
1_78-480,-1
1_78-512,-1
1_78-527,-1
1_78-550,-1
1_78-575,-1
1_78-599,-1
1_78-618,-1
1_78-653,-1
1_78-683,-1
1_78-710,-1
1_78-724,0
1_78-754,-1
1_78-781,-1
1_78-801,-1
1_78-827,-1
1_78-843,-1
1_81-56,-1
1_81-80,-1
1_81-103,-1
1_81-115,-1
1_81-136,-1
1_81-166,-1
1_81-192,-1
1_81-225,-1
1_81-263,-1
1_81-282,-1
1_81-318,-1
1_81-352,-1
1_81-373,-1
1_81-400,-1
1_81-441,-1
1_81-490,-1
1_81-521,-1
1_81-585,-1
1_81-608,-1
1_81-627,0
1_81-664,-1
1_81-680,-1
1_81-698,-1
1_81-711,-1
1_81-735,-1
1_81-775,-1
1_81-834,-1
1_82-77,-1
1_82-105,-1
1_82-127,-1
1_82-147,-1
1_82-166,-1
1_82-196,-1
1_82-214,-1
1_82-243,-1
1_82-272,-1
1_82-309,-1
1_82-322,-1
1_82-345,-1
1_82-383,-1
1_82-409,-1
1_82-446,-1
1_82-464,-1
1_82-487,-1
1_82-512,-1
1_82-538,-1
1_82-611,-1
1_82-669,-1
1_82-692,-1
1_82-720,-1
1_82-740,1
1_82-758,-1
1_82-785,-1
1_82-797,-1
1_82-836,1
1_85-63,-1
1_85-103,-1
1_85-122,-1
1_85-135,-1
1_85-143,-1
1_85-153,-1
1_85-175,-1
1_85-198,-1
1_85-218,-1
1_85-245,-1
1_85-303,-1
1_85-330,-1
1_85-341,-1
1_85-360,-1
1_85-381,-1
1_85-423,-1
1_85-457,-1
1_85-483,-1
1_85-502,-1
1_85-536,-1
1_85-581,-1
1_85-592,-1
1_85-622,-1
1_85-648,-1
1_85-676,-1
1_85-690,-1
1_85-715,-1
1_85-737,-1
1_85-751,-1
1_85-772,-1
1_85-790,-1
1_85-818,-1
1_85-832,-1
1_87-59,-1
1_87-90,-1
1_87-112,-1
1_87-145,-1
1_87-168,-1
1_87-199,-1
1_87-228,-1
1_87-257,-1
1_87-279,-1
1_87-308,-1
1_87-328,-1
1_87-366,-1
1_87-385,-1
1_87-408,-1
1_87-425,-1
1_87-465,-1
1_87-481,-1
1_87-513,-1
1_87-566,-1
1_87-587,-1
1_87-620,-1
1_87-659,-1
1_87-687,-1
1_87-713,-1
1_87-742,-1
1_87-779,-1
1_87-811,-1
1_87-839,-1
1_89-56,-1
1_89-68,-1
1_89-95,-1
1_89-128,-1
1_89-154,-1
1_89-186,-1
1_89-218,-1
1_89-233,-1
1_89-260,-1
1_89-294,-1
1_89-327,-1
1_89-337,-1
1_89-357,-1
1_89-373,-1
1_89-403,-1
1_89-433,-1
1_89-483,-1
1_89-531,-1
1_89-561,-1
1_89-584,-1
1_89-608,-1
1_89-626,-1
1_89-634,-1
1_89-647,-1
1_89-667,-1
1_89-683,-1
1_89-743,-1
1_89-765,-1
1_89-790,-1
1_89-824,-1
1_89-850,-1
1_90-74,-1
1_90-105,0
1_90-135,0
1_90-160,-1
1_90-196,-1
1_90-227,-1
1_90-263,-1
1_90-298,-1
1_90-319,-1
1_90-356,-1
1_90-389,-1
1_90-430,-1
1_90-472,-1
1_90-490,-1
1_90-526,-1
1_90-549,-1
1_90-555,0
1_90-568,-1
1_90-586,-1
1_90-613,-1
1_90-642,-1
1_90-659,-1
1_90-672,-1
1_90-684,0
1_90-696,-1
1_90-720,-1
1_90-742,-1
1_90-768,-1
1_90-794,-1
1_90-813,-1
1_90-831,-1
1_91-58,-1
1_91-87,-1
1_91-102,-1
1_91-149,-1
1_91-180,-1
1_91-199,-1
1_91-221,-1
1_91-245,-1
1_91-261,-1
1_91-288,-1
1_91-306,-1
1_91-335,-1
1_91-354,-1
1_91-395,-1
1_91-409,-1
1_91-440,-1
1_91-480,-1
1_91-503,-1
1_91-528,-1
1_91-567,-1
1_91-579,-1
1_91-604,-1
1_91-650,-1
1_91-673,-1
1_91-695,-1
1_91-707,-1
1_91-729,-1
1_91-753,-1
1_91-767,-1
1_91-799,-1
1_91-820,-1
1_91-846,-1
1_93-62,-1
1_93-88,-1
1_93-107,-1
1_93-129,-1
1_93-145,-1
1_93-180,-1
1_93-213,-1
1_93-232,-1
1_93-250,-1
1_93-262,-1
1_93-276,-1
1_93-299,-1
1_93-318,-1
1_93-340,-1
1_93-369,-1
1_93-385,-1
1_93-422,-1
1_93-456,-1
1_93-473,-1
1_93-496,-1
1_93-536,-1
1_93-559,-1
1_93-587,-1
1_93-609,-1
1_93-635,-1
1_93-661,-1
1_93-673,-1
1_93-689,-1
1_93-711,-1
1_93-724,-1
1_93-748,-1
1_93-782,-1
1_93-815,-1
1_93-836,-1
1_94-104,-1
1_94-124,-1
1_94-155,-1
1_94-164,-1
1_94-192,-1
1_94-226,-1
1_94-243,-1
1_94-261,-1
1_94-286,-1
1_94-299,-1
1_94-342,-1
1_94-370,-1
1_94-394,-1
1_94-410,-1
1_94-446,-1
1_94-476,-1
1_94-498,-1
1_94-515,-1
1_94-548,-1
1_94-566,-1
1_94-583,-1
1_94-600,-1
1_94-640,-1
1_94-664,-1
1_94-680,-1
1_94-701,-1
1_94-722,-1
1_94-751,-1
1_94-774,-1
1_94-808,-1
1_94-832,-1
1_96-69,-1
1_96-94,-1
1_96-111,-1
1_96-131,-1
1_96-152,-1
1_96-176,-1
1_96-201,-1
1_96-219,-1
1_96-240,-1
1_96-261,-1
1_96-281,-1
1_96-324,-1
1_96-352,-1
1_96-388,-1
1_96-418,-1
1_96-455,-1
1_96-471,-1
1_96-509,-1
1_96-533,-1
1_96-566,-1
1_96-586,-1
1_96-593,-1
1_96-611,-1
1_96-634,-1
1_96-651,-1
1_96-673,-1
1_96-712,-1
1_96-727,-1
1_96-740,-1
1_96-761,-1
1_96-778,-1
1_96-799,-1
1_96-817,-1
1_99-54,-1
1_99-125,-1
1_99-171,-1
1_99-196,-1
1_99-222,-1
1_99-244,-1
1_99-266,-1
1_99-283,-1
1_99-305,-1
1_99-332,-1
1_99-366,-1
1_99-393,-1
1_99-414,-1
1_99-447,-1
1_99-467,-1
1_99-483,-1
1_99-525,-1
1_99-552,-1
1_99-576,-1
1_99-598,0
1_99-624,-1
1_99-657,-1
1_99-671,-1
1_99-693,-1
1_99-746,-1
1_99-773,-1
1_99-845,-1
1_100-62,-1
1_100-102,-1
1_100-142,-1
1_100-171,-1
1_100-194,-1
1_100-236,-1
1_100-250,-1
1_100-285,-1
1_100-311,-1
1_100-344,-1
1_100-368,-1
1_100-388,-1
1_100-413,-1
1_100-440,-1
1_100-459,-1
1_100-472,-1
1_100-503,-1
1_100-529,-1
1_100-554,-1
1_100-568,-1
1_100-583,-1
1_100-598,-1
1_100-620,-1
1_100-636,-1
1_100-668,-1
1_100-713,-1
1_100-729,-1
1_100-757,-1
1_100-796,-1
1_100-819,-1
1_101-52,-1
1_101-74,-1
1_101-97,-1
1_101-131,-1
1_101-145,-1
1_101-168,-1
1_101-184,-1
1_101-200,-1
1_101-220,-1
1_101-245,-1
1_101-260,-1
1_101-283,-1
1_101-300,-1
1_101-312,-1
1_101-329,-1
1_101-351,-1
1_101-368,-1
1_101-386,-1
1_101-408,-1
1_101-420,-1
1_101-440,-1
1_101-463,-1
1_101-494,-1
1_101-516,-1
1_101-537,-1
1_101-570,-1
1_101-594,-1
1_101-621,-1
1_101-640,-1
1_101-669,-1
1_101-693,-1
1_101-715,-1
1_101-739,-1
1_101-761,-1
1_101-775,-1
1_101-807,-1
1_101-839,-1
1_104-68,-1
1_104-84,-1
1_104-96,-1
1_104-133,0
1_104-178,-1
1_104-192,-1
1_104-224,-1
1_104-264,-1
1_104-303,-1
1_104-322,-1
1_104-345,-1
1_104-366,-1
1_104-381,-1
1_104-408,-1
1_104-436,-1
1_104-450,-1
1_104-465,-1
1_104-499,-1
1_104-522,-1
1_104-543,-1
1_104-558,-1
1_104-599,-1
1_104-619,-1
1_104-638,0
1_104-658,-1
1_104-677,-1
1_104-695,-1
1_104-715,-1
1_104-733,-1
1_104-754,-1
1_104-781,-1
1_104-800,-1
1_104-848,-1
1_110-55,-1
1_110-68,-1
1_110-85,-1
1_110-100,-1
1_110-127,-1
1_110-144,-1
1_110-177,-1
1_110-196,-1
1_110-215,-1
1_110-246,-1
1_110-267,-1
1_110-283,-1
1_110-313,-1
1_110-340,-1
1_110-360,-1
1_110-384,-1
1_110-433,-1
1_110-454,-1
1_110-469,-1
1_110-497,-1
1_110-527,-1
1_110-555,-1
1_110-571,-1
1_110-614,-1
1_110-646,-1
1_110-690,-1
1_110-720,-1
1_110-744,-1
1_110-759,-1
1_110-778,-1
1_110-804,-1
1_110-830,-1
1_112-93,-1
1_112-143,-1
1_112-168,-1
1_112-181,-1
1_112-210,-1
1_112-222,-1
1_112-246,-1
1_112-275,-1
1_112-297,-1
1_112-317,-1
1_112-363,-1
1_112-390,-1
1_112-417,-1
1_112-438,-1
1_112-479,-1
1_112-517,-1
1_112-534,-1
1_112-558,0
1_112-571,-1
1_112-589,-1
1_112-618,-1
1_112-653,-1
1_112-681,-1
1_112-712,-1
1_112-760,-1
1_112-784,-1
1_112-804,-1
1_112-849,-1
1_113-83,-1
1_113-100,0
1_113-129,-1
1_113-157,-1
1_113-173,-1
1_113-195,-1
1_113-207,-1
1_113-228,-1
1_113-248,-1
1_113-260,-1
1_113-283,-1
1_113-312,-1
1_113-344,-1
1_113-359,-1
1_113-374,-1
1_113-407,-1
1_113-441,-1
1_113-493,-1
1_113-514,-1
1_113-530,-1
1_113-553,-1
1_113-584,-1
1_113-616,-1
1_113-632,-1
1_113-663,-1
1_113-680,-1
1_113-695,-1
1_113-740,-1
1_113-770,-1
1_113-809,-1
1_113-826,-1
1_114-49,-1
1_114-73,-1
1_114-97,-1
1_114-120,-1
1_114-134,-1
1_114-177,-1
1_114-197,-1
1_114-225,-1
1_114-249,-1
1_114-325,-1
1_114-348,-1
1_114-369,-1
1_114-396,-1
1_114-421,-1
1_114-442,-1
1_114-498,-1
1_114-564,-1
1_114-580,-1
1_114-599,-1
1_114-618,0
1_114-647,-1
1_114-711,-1
1_114-729,-1
1_114-757,-1
1_114-777,-1
1_114-814,-1
1_114-844,-1
1_115-74,-1
1_115-94,-1
1_115-124,-1
1_115-155,-1
1_115-189,-1
1_115-208,-1
1_115-222,-1
1_115-256,-1
1_115-305,-1
1_115-316,-1
1_115-347,-1
1_115-372,-1
1_115-404,-1
1_115-420,-1
1_115-458,-1
1_115-478,-1
1_115-499,-1
1_115-514,-1
1_115-538,-1
1_115-561,-1
1_115-587,-1
1_115-613,-1
1_115-637,-1
1_115-688,-1
1_115-707,-1
1_115-732,-1
1_115-754,-1
1_115-776,-1
1_115-795,-1
1_115-810,-1
1_115-825,-1
1_115-847,-1
1_118-63,-1
1_118-80,-1
1_118-95,-1
1_118-116,-1
1_118-173,1
1_118-186,-1
1_118-206,-1
1_118-223,-1
1_118-245,-1
1_118-268,-1
1_118-281,-1
1_118-301,-1
1_118-333,-1
1_118-366,-1
1_118-396,-1
1_118-438,-1
1_118-461,-1
1_118-487,-1
1_118-509,-1
1_118-523,-1
1_118-570,-1
1_118-626,-1
1_118-647,-1
1_118-664,-1
1_118-683,-1
1_118-692,-1
1_118-715,-1
1_118-738,0
1_118-755,-1
1_118-797,-1
1_118-815,-1
1_119-70,-1
1_119-110,-1
1_119-136,-1
1_119-164,-1
1_119-192,-1
1_119-207,-1
1_119-221,-1
1_119-250,-1
1_119-267,-1
1_119-278,-1
1_119-299,-1
1_119-314,-1
1_119-333,-1
1_119-360,-1
1_119-382,-1
1_119-410,-1
1_119-425,-1
1_119-444,-1
1_119-477,-1
1_119-493,-1
1_119-507,-1
1_119-542,-1
1_119-560,-1
1_119-577,-1
1_119-594,-1
1_119-618,-1
1_119-635,-1
1_119-655,-1
1_119-677,-1
1_119-705,-1
1_119-723,-1
1_119-744,-1
1_119-759,-1
1_119-789,-1
1_119-810,-1
1_119-835,-1
1_120-57,-1
1_120-75,-1
1_120-96,-1
1_120-112,-1
1_120-135,-1
1_120-156,-1
1_120-195,-1
1_120-213,-1
1_120-234,-1
1_120-254,-1
1_120-278,-1
1_120-304,-1
1_120-330,-1
1_120-360,-1
1_120-382,-1
1_120-405,-1
1_120-426,-1
1_120-450,-1
1_120-472,-1
1_120-493,-1
1_120-522,-1
1_120-541,-1
1_120-560,-1
1_120-579,0
1_120-598,-1
1_120-635,-1
1_120-654,-1
1_120-672,-1
1_120-696,-1
1_120-727,0
1_120-751,-1
1_120-772,-1
1_120-796,0
1_120-841,-1
1_123-62,-1
1_123-96,-1
1_123-130,-1
1_123-149,-1
1_123-172,-1
1_123-197,-1
1_123-230,-1
1_123-286,-1
1_123-328,-1
1_123-345,-1
1_123-365,-1
1_123-388,-1
1_123-407,-1
1_123-461,-1
1_123-492,-1
1_123-515,-1
1_123-526,-1
1_123-556,-1
1_123-587,-1
1_123-615,-1
1_123-641,-1
1_123-688,-1
1_123-707,-1
1_123-722,-1
1_123-747,-1
1_123-767,-1
1_123-808,-1
1_123-819,-1
1_123-842,-1
1_125-51,-1
1_125-78,-1
1_125-122,-1
1_125-154,-1
1_125-161,-1
1_125-197,-1
1_125-239,-1
1_125-277,-1
1_125-330,-1
1_125-341,-1
1_125-360,-1
1_125-406,-1
1_125-431,-1
1_125-455,-1
1_125-470,-1
1_125-484,-1
1_125-545,-1
1_125-560,-1
1_125-587,-1
1_125-605,-1
1_125-663,-1
1_125-685,-1
1_125-716,-1
1_125-735,-1
1_125-773,-1
1_125-806,-1
1_126-54,-1
1_126-95,-1
1_126-109,-1
1_126-127,-1
1_126-139,-1
1_126-188,-1
1_126-230,-1
1_126-253,-1
1_126-275,-1
1_126-300,-1
1_126-329,-1
1_126-365,-1
1_126-386,-1
1_126-417,-1
1_126-438,-1
1_126-471,-1
1_126-490,-1
1_126-516,-1
1_126-555,-1
1_126-579,-1
1_126-600,-1
1_126-629,-1
1_126-648,-1
1_126-674,-1
1_126-700,-1
1_126-711,-1
1_126-727,-1
1_126-764,-1
1_126-785,-1
1_126-809,-1
1_126-842,-1
1_128-59,-1
1_128-82,-1
1_128-123,-1
1_128-141,-1
1_128-164,-1
1_128-182,-1
1_128-214,-1
1_128-240,-1
1_128-280,-1
1_128-292,-1
1_128-308,-1
1_128-371,-1
1_128-392,-1
1_128-413,-1
1_128-443,-1
1_128-468,0
1_128-504,-1
1_128-532,-1
1_128-550,-1
1_128-579,-1
1_128-613,-1
1_128-634,-1
1_128-665,-1
1_128-680,-1
1_128-693,-1
1_128-715,-1
1_128-728,-1
1_128-766,-1
1_128-808,-1
1_128-845,-1
1_129-52,-1
1_129-92,-1
1_129-131,-1
1_129-164,-1
1_129-190,-1
1_129-240,-1
1_129-258,-1
1_129-296,-1
1_129-319,-1
1_129-336,-1
1_129-385,-1
1_129-422,-1
1_129-435,-1
1_129-478,-1
1_129-504,-1
1_129-522,-1
1_129-545,-1
1_129-604,-1
1_129-632,-1
1_129-654,-1
1_129-701,-1
1_129-719,-1
1_129-739,-1
1_129-768,-1
1_129-804,-1
1_129-844,-1
1_130-52,-1
1_130-72,-1
1_130-118,-1
1_130-138,-1
1_130-164,-1
1_130-181,-1
1_130-202,-1
1_130-250,-1
1_130-289,-1
1_130-323,-1
1_130-340,-1
1_130-366,-1
1_130-390,-1
1_130-429,-1
1_130-448,-1
1_130-460,-1
1_130-482,-1
1_130-511,-1
1_130-531,-1
1_130-560,-1
1_130-591,-1
1_130-606,-1
1_130-626,-1
1_130-644,-1
1_130-702,-1
1_130-724,-1
1_130-743,-1
1_130-765,1
1_130-777,-1
1_130-789,-1
1_130-809,-1
1_136-82,-1
1_136-113,-1
1_136-127,-1
1_136-150,-1
1_136-162,-1
1_136-191,1
1_136-205,-1
1_136-234,-1
1_136-247,-1
1_136-272,-1
1_136-305,-1
1_136-321,0
1_136-352,-1
1_136-396,0
1_136-405,-1
1_136-429,-1
1_136-444,-1
1_136-458,-1
1_136-480,-1
1_136-506,-1
1_136-526,-1
1_136-548,-1
1_136-565,-1
1_136-589,-1
1_136-615,-1
1_136-636,-1
1_136-652,-1
1_136-671,-1
1_136-679,-1
1_136-703,-1
1_136-735,-1
1_136-754,-1
1_136-773,-1
1_136-789,-1
1_136-799,-1
1_136-813,-1
1_136-834,-1
1_139-62,-1
1_139-72,-1
1_139-107,-1
1_139-131,-1
1_139-157,-1
1_139-174,-1
1_139-191,0
1_139-206,-1
1_139-235,-1
1_139-254,-1
1_139-273,-1
1_139-287,-1
1_139-301,-1
1_139-321,-1
1_139-345,-1
1_139-372,-1
1_139-391,-1
1_139-424,-1
1_139-444,-1
1_139-473,-1
1_139-494,-1
1_139-508,-1
1_139-532,-1
1_139-547,-1
1_139-572,-1
1_139-596,-1
1_139-609,-1
1_139-638,-1
1_139-666,-1
1_139-703,-1
1_139-731,-1
1_139-743,-1
1_139-769,-1
1_139-785,-1
1_139-813,-1
1_139-832,-1
1_139-848,-1
1_140-65,-1
1_140-98,-1
1_140-126,-1
1_140-149,-1
1_140-187,-1
1_140-221,-1
1_140-242,-1
1_140-266,-1
1_140-281,-1
1_140-305,-1
1_140-336,-1
1_140-350,-1
1_140-398,-1
1_140-424,-1
1_140-438,-1
1_140-455,-1
1_140-489,-1
1_140-502,-1
1_140-530,-1
1_140-549,-1
1_140-576,-1
1_140-604,-1
1_140-631,-1
1_140-657,-1
1_140-679,1
1_140-700,-1
1_140-733,-1
1_140-768,-1
1_140-792,-1
1_140-813,-1
1_140-847,-1
1_141-59,-1
1_141-71,-1
1_141-89,-1
1_141-105,-1
1_141-125,-1
1_141-149,-1
1_141-179,-1
1_141-192,-1
1_141-221,-1
1_141-241,-1
1_141-269,-1
1_141-295,-1
1_141-351,-1
1_141-365,-1
1_141-396,-1
1_141-430,-1
1_141-444,-1
1_141-464,-1
1_141-496,-1
1_141-507,-1
1_141-543,-1
1_141-559,-1
1_141-580,-1
1_141-614,-1
1_141-645,-1
1_141-661,-1
1_141-696,-1
1_141-727,-1
1_141-742,-1
1_141-755,-1
1_141-770,-1
1_141-809,-1
1_141-830,-1
1_141-843,-1
1_142-102,-1
1_142-154,-1
1_142-194,-1
1_142-204,-1
1_142-226,-1
1_142-250,-1
1_142-294,-1
1_142-323,1
1_142-351,-1
1_142-365,-1
1_142-398,-1
1_142-408,-1
1_142-462,-1
1_142-493,-1
1_142-512,-1
1_142-533,-1
1_142-550,-1
1_142-584,-1
1_142-651,-1
1_142-681,-1
1_142-719,-1
1_142-749,-1
1_142-768,-1
1_142-779,-1
1_142-802,-1
1_142-829,-1
1_142-848,-1
1_144-67,-1
1_144-92,-1
1_144-122,-1
1_144-165,-1
1_144-183,-1
1_144-219,-1
1_144-239,-1
1_144-264,-1
1_144-292,-1
1_144-311,-1
1_144-335,-1
1_144-378,-1
1_144-407,-1
1_144-427,-1
1_144-435,-1
1_144-472,-1
1_144-495,-1
1_144-519,-1
1_144-536,-1
1_144-571,-1
1_144-594,-1
1_144-624,-1
1_144-668,-1
1_144-690,-1
1_144-715,-1
1_144-752,-1
1_144-778,-1
1_144-824,-1
1_144-846,-1
1_145-70,-1
1_145-89,-1
1_145-114,-1
1_145-140,-1
1_145-152,-1
1_145-168,-1
1_145-194,-1
1_145-235,-1
1_145-255,-1
1_145-279,-1
1_145-293,-1
1_145-320,-1
1_145-333,-1
1_145-351,-1
1_145-371,-1
1_145-391,-1
1_145-410,-1
1_145-436,-1
1_145-462,-1
1_145-480,-1
1_145-501,-1
1_145-546,-1
1_145-558,-1
1_145-578,-1
1_145-609,-1
1_145-628,-1
1_145-646,-1
1_145-679,-1
1_145-701,-1
1_145-739,-1
1_145-765,-1
1_145-785,-1
1_145-799,-1
1_145-816,-1
1_145-849,-1
1_147-63,-1
1_147-106,-1
1_147-122,-1
1_147-135,-1
1_147-154,-1
1_147-173,-1
1_147-186,1
1_147-203,-1
1_147-215,-1
1_147-245,-1
1_147-267,-1
1_147-300,-1
1_147-317,-1
1_147-351,-1
1_147-381,-1
1_147-394,-1
1_147-422,-1
1_147-441,-1
1_147-498,-1
1_147-531,-1
1_147-544,-1
1_147-567,-1
1_147-592,-1
1_147-615,-1
1_147-636,-1
1_147-649,-1
1_147-676,-1
1_147-696,-1
1_147-707,-1
1_147-737,-1
1_147-760,-1
1_147-785,-1
1_147-804,-1
1_147-812,-1
1_147-838,-1
1_149-56,-1
1_149-86,-1
1_149-105,-1
1_149-135,-1
1_149-168,-1
1_149-195,-1
1_149-236,-1
1_149-258,-1
1_149-279,-1
1_149-304,-1
1_149-345,-1
1_149-366,-1
1_149-375,-1
1_149-388,-1
1_149-426,-1
1_149-462,-1
1_149-518,-1
1_149-546,-1
1_149-553,-1
1_149-586,-1
1_149-615,-1
1_149-635,-1
1_149-677,-1
1_149-713,-1
1_149-749,-1
1_149-779,-1
1_149-808,-1
1_150-60,-1
1_150-82,-1
1_150-97,-1
1_150-132,-1
1_150-146,-1
1_150-173,-1
1_150-199,-1
1_150-225,-1
1_150-261,-1
1_150-279,-1
1_150-304,-1
1_150-316,-1
1_150-339,-1
1_150-370,-1
1_150-389,-1
1_150-407,-1
1_150-421,-1
1_150-448,-1
1_150-483,-1
1_150-502,-1
1_150-523,-1
1_150-551,-1
1_150-563,-1
1_150-594,-1
1_150-616,-1
1_150-632,-1
1_150-650,-1
1_150-671,-1
1_150-693,-1
1_150-700,-1
1_150-716,-1
1_150-741,0
1_150-767,-1
1_150-802,-1
1_150-837,-1
1_151-55,1
1_151-107,-1
1_151-152,-1
1_151-167,-1
1_151-193,-1
1_151-218,-1
1_151-258,-1
1_151-283,-1
1_151-317,-1
1_151-356,-1
1_151-414,-1
1_151-443,-1
1_151-462,-1
1_151-482,-1
1_151-496,-1
1_151-531,-1
1_151-551,-1
1_151-576,-1
1_151-599,-1
1_151-622,-1
1_151-653,-1
1_151-685,-1
1_151-705,-1
1_151-734,-1
1_151-800,-1
1_151-830,-1
1_152-50,-1
1_152-70,-1
1_152-96,-1
1_152-115,-1
1_152-133,0
1_152-143,1
1_152-160,-1
1_152-184,-1
1_152-230,-1
1_152-251,-1
1_152-264,-1
1_152-288,-1
1_152-306,-1
1_152-336,-1
1_152-356,-1
1_152-374,-1
1_152-393,-1
1_152-406,-1
1_152-431,-1
1_152-460,-1
1_152-483,-1
1_152-501,-1
1_152-522,-1
1_152-543,-1
1_152-570,-1
1_152-598,-1
1_152-619,-1
1_152-640,-1
1_152-688,-1
1_152-717,-1
1_152-741,-1
1_152-768,-1
1_152-793,-1
1_152-812,-1
1_152-831,-1
1_153-60,-1
1_153-81,-1
1_153-120,-1
1_153-141,0
1_153-172,-1
1_153-194,1
1_153-214,-1
1_153-229,-1
1_153-244,-1
1_153-274,-1
1_153-305,-1
1_153-343,-1
1_153-361,-1
1_153-377,-1
1_153-404,-1
1_153-422,-1
1_153-433,-1
1_153-468,-1
1_153-478,-1
1_153-506,-1
1_153-540,-1
1_153-578,-1
1_153-607,-1
1_153-620,-1
1_153-645,-1
1_153-689,-1
1_153-708,-1
1_153-726,-1
1_153-745,-1
1_153-765,-1
1_153-779,-1
1_153-799,-1
1_153-825,-1
1_156-62,-1
1_156-89,-1
1_156-106,0
1_156-124,-1
1_156-144,-1
1_156-170,-1
1_156-184,-1
1_156-211,-1
1_156-240,-1
1_156-258,-1
1_156-279,-1
1_156-299,-1
1_156-311,-1
1_156-319,-1
1_156-336,-1
1_156-363,-1
1_156-383,-1
1_156-413,-1
1_156-435,-1
1_156-452,-1
1_156-465,-1
1_156-508,-1
1_156-524,-1
1_156-566,-1
1_156-589,-1
1_156-604,-1
1_156-614,-1
1_156-646,-1
1_156-675,-1
1_156-698,-1
1_156-720,-1
1_156-760,-1
1_156-772,-1
1_156-789,-1
1_156-808,-1
1_156-823,-1
1_156-848,-1
1_157-54,-1
1_157-71,-1
1_157-92,0
1_157-101,-1
1_157-139,-1
1_157-161,-1
1_157-178,0
1_157-205,-1
1_157-233,-1
1_157-257,-1
1_157-286,-1
1_157-316,-1
1_157-339,-1
1_157-359,-1
1_157-384,-1
1_157-422,-1
1_157-442,1
1_157-478,-1
1_157-495,-1
1_157-512,-1
1_157-531,-1
1_157-557,-1
1_157-579,-1
1_157-606,-1
1_157-626,-1
1_157-649,-1
1_157-683,-1
1_157-717,-1
1_157-740,-1
1_157-763,-1
1_157-785,-1
1_157-802,-1
1_157-818,-1
1_157-845,-1
1_160-50,-1
1_160-76,-1
1_160-99,-1
1_160-114,-1
1_160-132,-1
1_160-190,-1
1_160-213,-1
1_160-243,-1
1_160-253,-1
1_160-265,-1
1_160-290,-1
1_160-326,-1
1_160-357,-1
1_160-380,-1
1_160-414,-1
1_160-436,-1
1_160-484,-1
1_160-560,-1
1_160-574,-1
1_160-597,-1
1_160-622,-1
1_160-638,-1
1_160-662,0
1_160-707,-1
1_160-720,-1
1_160-770,-1
1_160-803,-1
1_160-815,-1
1_162-52,-1
1_162-65,-1
1_162-90,-1
1_162-142,-1
1_162-161,-1
1_162-177,-1
1_162-202,-1
1_162-217,-1
1_162-247,-1
1_162-259,-1
1_162-284,-1
1_162-302,-1
1_162-324,-1
1_162-362,-1
1_162-374,-1
1_162-394,-1
1_162-418,-1
1_162-448,-1
1_162-465,-1
1_162-507,-1
1_162-516,-1
1_162-536,-1
1_162-595,-1
1_162-626,-1
1_162-647,-1
1_162-685,-1
1_162-715,-1
1_162-745,-1
1_162-769,-1
1_162-787,-1
1_162-811,-1
1_165-75,-1
1_165-95,-1
1_165-105,-1
1_165-119,-1
1_165-144,-1
1_165-176,-1
1_165-212,-1
1_165-249,-1
1_165-284,-1
1_165-313,-1
1_165-327,-1
1_165-345,-1
1_165-367,-1
1_165-417,-1
1_165-436,-1
1_165-456,-1
1_165-481,-1
1_165-493,-1
1_165-532,-1
1_165-549,-1
1_165-569,-1
1_165-588,-1
1_165-631,-1
1_165-655,1
1_165-678,-1
1_165-693,-1
1_165-717,-1
1_165-748,-1
1_165-789,-1
1_165-834,-1
1_167-59,-1
1_167-80,-1
1_167-94,-1
1_167-107,-1
1_167-132,-1
1_167-151,-1
1_167-168,-1
1_167-185,-1
1_167-205,-1
1_167-245,-1
1_167-269,-1
1_167-285,-1
1_167-308,-1
1_167-326,-1
1_167-352,-1
1_167-376,-1
1_167-399,-1
1_167-413,0
1_167-427,-1
1_167-445,-1
1_167-468,-1
1_167-484,-1
1_167-501,-1
1_167-528,-1
1_167-557,-1
1_167-572,-1
1_167-599,-1
1_167-623,-1
1_167-645,-1
1_167-664,-1
1_167-683,-1
1_167-697,-1
1_167-716,-1
1_167-750,-1
1_167-799,-1
1_167-817,0
1_167-845,-1
1_168-64,-1
1_168-92,-1
1_168-116,-1
1_168-146,-1
1_168-170,-1
1_168-186,-1
1_168-217,-1
1_168-241,-1
1_168-256,-1
1_168-286,-1
1_168-310,-1
1_168-372,-1
1_168-397,-1
1_168-408,-1
1_168-427,-1
1_168-440,-1
1_168-451,-1
1_168-480,-1
1_168-507,-1
1_168-529,-1
1_168-548,-1
1_168-579,-1
1_168-600,-1
1_168-628,1
1_168-649,-1
1_168-666,1
1_168-686,-1
1_168-722,-1
1_168-738,-1
1_168-779,-1
1_168-811,-1
1_168-834,-1
1_168-849,-1
1_169-78,-1
1_169-96,-1
1_169-121,-1
1_169-152,-1
1_169-194,-1
1_169-219,-1
1_169-249,-1
1_169-262,-1
1_169-287,-1
1_169-311,-1
1_169-333,-1
1_169-357,-1
1_169-378,-1
1_169-393,-1
1_169-421,-1
1_169-442,-1
1_169-475,-1
1_169-511,0
1_169-534,-1
1_169-564,-1
1_169-579,-1
1_169-610,-1
1_169-629,-1
1_169-661,-1
1_169-688,-1
1_169-700,-1
1_169-730,-1
1_169-742,-1
1_169-769,-1
1_169-784,-1
1_169-804,-1
1_169-836,-1
1_170-56,-1
1_170-85,-1
1_170-114,-1
1_170-146,-1
1_170-174,-1
1_170-199,-1
1_170-235,-1
1_170-254,-1
1_170-276,-1
1_170-304,-1
1_170-333,0
1_170-358,-1
1_170-366,-1
1_170-395,-1
1_170-437,-1
1_170-451,-1
1_170-469,-1
1_170-515,-1
1_170-540,-1
1_170-564,-1
1_170-594,-1
1_170-619,-1
1_170-638,-1
1_170-655,-1
1_170-670,-1
1_170-704,-1
1_170-736,-1
1_170-753,-1
1_170-782,-1
1_170-812,-1
1_170-829,1
1_172-66,-1
1_172-87,-1
1_172-118,-1
1_172-141,-1
1_172-177,-1
1_172-196,-1
1_172-222,0
1_172-253,-1
1_172-284,-1
1_172-306,-1
1_172-328,-1
1_172-376,-1
1_172-412,-1
1_172-429,-1
1_172-437,-1
1_172-498,-1
1_172-529,-1
1_172-543,-1
1_172-578,-1
1_172-623,-1
1_172-650,-1
1_172-673,-1
1_172-703,-1
1_172-734,-1
1_172-756,-1
1_172-808,-1
1_172-825,-1
1_172-849,-1
1_177-63,-1
1_177-84,-1
1_177-91,-1
1_177-117,-1
1_177-136,-1
1_177-155,-1
1_177-171,-1
1_177-195,-1
1_177-212,-1
1_177-240,-1
1_177-258,-1
1_177-291,-1
1_177-310,-1
1_177-324,-1
1_177-340,-1
1_177-352,-1
1_177-377,-1
1_177-405,-1
1_177-424,-1
1_177-443,-1
1_177-478,-1
1_177-521,-1
1_177-544,-1
1_177-566,-1
1_177-582,-1
1_177-596,-1
1_177-612,-1
1_177-626,-1
1_177-644,-1
1_177-667,-1
1_177-683,-1
1_177-709,-1
1_177-724,-1
1_177-749,-1
1_177-778,-1
1_177-822,-1
1_177-849,-1
1_179-55,-1
1_179-78,-1
1_179-103,-1
1_179-130,-1
1_179-146,-1
1_179-170,-1
1_179-191,-1
1_179-206,-1
1_179-240,-1
1_179-274,-1
1_179-292,-1
1_179-326,-1
1_179-347,-1
1_179-387,-1
1_179-430,0
1_179-453,-1
1_179-472,-1
1_179-490,-1
1_179-502,-1
1_179-530,-1
1_179-556,-1
1_179-588,-1
1_179-608,-1
1_179-658,-1
1_179-690,-1
1_179-712,-1
1_179-726,-1
1_179-747,-1
1_179-772,-1
1_179-796,-1
1_179-818,-1
1_179-831,-1
1_179-847,-1
1_184-83,-1
1_184-107,-1
1_184-158,-1
1_184-186,-1
1_184-227,-1
1_184-242,-1
1_184-249,-1
1_184-277,-1
1_184-293,-1
1_184-315,-1
1_184-354,-1
1_184-375,-1
1_184-419,-1
1_184-473,-1
1_184-499,-1
1_184-543,-1
1_184-571,-1
1_184-597,-1
1_184-636,-1
1_184-657,-1
1_184-720,-1
1_184-746,-1
1_184-768,-1
1_184-786,-1
1_184-806,-1
1_184-830,-1
1_185-56,-1
1_185-71,-1
1_185-100,-1
1_185-127,-1
1_185-151,-1
1_185-185,-1
1_185-211,-1
1_185-255,-1
1_185-276,-1
1_185-293,-1
1_185-331,-1
1_185-343,-1
1_185-356,-1
1_185-378,-1
1_185-396,0
1_185-420,-1
1_185-442,-1
1_185-462,-1
1_185-488,-1
1_185-516,-1
1_185-539,-1
1_185-557,-1
1_185-586,-1
1_185-603,-1
1_185-615,-1
1_185-643,-1
1_185-657,-1
1_185-677,-1
1_185-694,-1
1_185-719,-1
1_185-728,0
1_185-746,-1
1_185-771,-1
1_185-792,-1
1_185-820,-1
1_185-849,0
1_186-71,-1
1_186-85,-1
1_186-154,-1
1_186-213,-1
1_186-255,-1
1_186-267,-1
1_186-290,-1
1_186-309,-1
1_186-353,-1
1_186-386,-1
1_186-416,-1
1_186-435,-1
1_186-477,-1
1_186-494,-1
1_186-524,-1
1_186-552,-1
1_186-571,-1
1_186-598,-1
1_186-612,-1
1_186-670,-1
1_186-711,-1
1_186-730,-1
1_186-767,-1
1_186-818,-1
1_186-846,-1
1_188-60,-1
1_188-91,-1
1_188-116,-1
1_188-133,-1
1_188-168,-1
1_188-206,-1
1_188-243,-1
1_188-254,-1
1_188-275,-1
1_188-308,-1
1_188-332,-1
1_188-362,-1
1_188-382,-1
1_188-412,-1
1_188-423,-1
1_188-449,-1
1_188-475,-1
1_188-493,-1
1_188-539,-1
1_188-562,-1
1_188-589,-1
1_188-617,-1
1_188-636,-1
1_188-665,-1
1_188-682,-1
1_188-756,-1
1_188-805,-1
1_188-818,-1
1_188-832,-1
1_189-61,-1
1_189-123,-1
1_189-150,-1
1_189-189,-1
1_189-207,-1
1_189-224,-1
1_189-243,-1
1_189-256,-1
1_189-275,-1
1_189-302,-1
1_189-323,-1
1_189-344,-1
1_189-362,-1
1_189-376,-1
1_189-424,-1
1_189-443,-1
1_189-481,-1
1_189-493,-1
1_189-514,-1
1_189-525,-1
1_189-545,-1
1_189-593,-1
1_189-618,-1
1_189-651,-1
1_189-685,-1
1_189-703,-1
1_189-720,-1
1_189-759,-1
1_189-773,-1
1_189-814,-1
1_189-848,-1
1_190-64,-1
1_190-89,-1
1_190-141,-1
1_190-159,-1
1_190-182,-1
1_190-216,-1
1_190-251,-1
1_190-279,-1
1_190-319,-1
1_190-343,-1
1_190-370,-1
1_190-437,-1
1_190-468,-1
1_190-536,-1
1_190-556,-1
1_190-587,-1
1_190-640,-1
1_190-661,-1
1_190-688,-1
1_190-723,-1
1_190-768,-1
1_190-799,-1
1_192-53,-1
1_192-66,-1
1_192-110,-1
1_192-127,-1
1_192-139,-1
1_192-157,-1
1_192-206,-1
1_192-223,-1
1_192-261,-1
1_192-315,-1
1_192-350,-1
1_192-366,-1
1_192-384,0
1_192-408,-1
1_192-435,-1
1_192-493,-1
1_192-521,-1
1_192-536,-1
1_192-565,-1
1_192-600,-1
1_192-617,-1
1_192-639,-1
1_192-663,-1
1_192-691,0
1_192-718,-1
1_192-739,-1
1_192-758,-1
1_192-775,-1
1_192-805,-1
1_194-66,-1
1_194-96,-1
1_194-119,-1
1_194-162,-1
1_194-176,-1
1_194-205,-1
1_194-236,-1
1_194-276,-1
1_194-298,-1
1_194-312,-1
1_194-347,-1
1_194-374,-1
1_194-392,-1
1_194-410,-1
1_194-434,-1
1_194-461,-1
1_194-482,0
1_194-509,-1
1_194-564,-1
1_194-583,-1
1_194-605,-1
1_194-640,-1
1_194-674,-1
1_194-706,-1
1_194-728,-1
1_194-757,1
1_194-789,-1
1_194-803,-1
1_194-840,-1
1_195-51,-1
1_195-66,-1
1_195-94,-1
1_195-111,-1
1_195-134,-1
1_195-148,-1
1_195-175,-1
1_195-199,-1
1_195-221,-1
1_195-246,-1
1_195-274,-1
1_195-294,-1
1_195-309,-1
1_195-337,-1
1_195-357,-1
1_195-400,-1
1_195-433,-1
1_195-449,-1
1_195-471,-1
1_195-489,-1
1_195-508,-1
1_195-533,-1
1_195-554,-1
1_195-583,-1
1_195-604,-1
1_195-628,-1
1_195-651,-1
1_195-676,-1
1_195-691,-1
1_195-709,-1
1_195-729,-1
1_195-749,-1
1_195-781,-1
1_195-803,-1
1_195-826,-1
1_195-849,0
1_196-59,-1
1_196-80,-1
1_196-98,-1
1_196-127,-1
1_196-158,-1
1_196-173,-1
1_196-191,-1
1_196-225,-1
1_196-243,-1
1_196-258,-1
1_196-280,-1
1_196-300,-1
1_196-316,-1
1_196-336,-1
1_196-369,-1
1_196-383,-1
1_196-415,-1
1_196-435,-1
1_196-448,-1
1_196-473,-1
1_196-489,-1
1_196-519,-1
1_196-547,-1
1_196-567,-1
1_196-588,-1
1_196-607,-1
1_196-633,-1
1_196-650,-1
1_196-665,-1
1_196-685,-1
1_196-700,-1
1_196-714,-1
1_196-748,-1
1_196-785,-1
1_196-815,-1
1_196-848,-1
1_197-73,-1
1_197-93,-1
1_197-113,-1
1_197-134,-1
1_197-161,-1
1_197-187,-1
1_197-203,-1
1_197-221,-1
1_197-247,-1
1_197-275,-1
1_197-291,-1
1_197-313,-1
1_197-343,-1
1_197-370,-1
1_197-393,-1
1_197-404,-1
1_197-424,-1
1_197-445,-1
1_197-461,-1
1_197-475,-1
1_197-494,-1
1_197-532,-1
1_197-563,-1
1_197-585,-1
1_197-614,-1
1_197-630,-1
1_197-659,-1
1_197-672,0
1_197-695,-1
1_197-714,-1
1_197-739,1
1_197-756,-1
1_197-785,-1
1_197-806,-1
1_197-820,-1
1_197-836,-1
1_199-50,-1
1_199-68,-1
1_199-87,-1
1_199-96,-1
1_199-157,-1
1_199-186,-1
1_199-202,-1
1_199-224,-1
1_199-249,-1
1_199-268,-1
1_199-289,-1
1_199-329,-1
1_199-346,-1
1_199-357,-1
1_199-382,-1
1_199-403,-1
1_199-425,-1
1_199-467,-1
1_199-501,-1
1_199-522,-1
1_199-536,-1
1_199-558,-1
1_199-628,-1
1_199-664,-1
1_199-688,-1
1_199-716,-1
1_199-771,-1
1_199-818,-1
1_199-844,-1
1_205-53,-1
1_205-82,-1
1_205-101,-1
1_205-124,-1
1_205-170,-1
1_205-189,-1
1_205-204,-1
1_205-255,-1
1_205-279,-1
1_205-316,-1
1_205-333,0
1_205-352,-1
1_205-382,-1
1_205-418,-1
1_205-431,-1
1_205-454,-1
1_205-465,-1
1_205-492,-1
1_205-552,-1
1_205-585,-1
1_205-617,-1
1_205-643,-1
1_205-667,-1
1_205-681,-1
1_205-706,-1
1_205-724,-1
1_205-748,-1
1_205-772,-1
1_205-837,-1
1_210-67,-1
1_210-81,-1
1_210-113,-1
1_210-148,-1
1_210-168,-1
1_210-202,-1
1_210-248,-1
1_210-266,-1
1_210-330,-1
1_210-375,-1
1_210-395,-1
1_210-427,-1
1_210-458,-1
1_210-484,-1
1_210-507,-1
1_210-522,-1
1_210-549,-1
1_210-582,-1
1_210-613,-1
1_210-644,-1
1_210-673,-1
1_210-701,-1
1_210-728,-1
1_210-756,-1
1_210-770,-1
1_210-783,-1
1_210-813,-1
1_210-830,-1
1_214-54,-1
1_214-85,-1
1_214-116,-1
1_214-128,-1
1_214-145,-1
1_214-171,-1
1_214-209,-1
1_214-240,-1
1_214-267,-1
1_214-285,-1
1_214-303,-1
1_214-318,0
1_214-348,-1
1_214-386,-1
1_214-442,-1
1_214-466,-1
1_214-512,-1
1_214-561,-1
1_214-587,-1
1_214-600,-1
1_214-625,-1
1_214-654,-1
1_214-676,-1
1_214-700,-1
1_214-724,-1
1_214-741,-1
1_214-761,-1
1_214-779,-1
1_214-804,-1
1_214-829,-1
1_214-844,-1
1_216-71,-1
1_216-88,-1
1_216-110,-1
1_216-141,-1
1_216-193,-1
1_216-267,-1
1_216-295,-1
1_216-318,-1
1_216-343,-1
1_216-374,-1
1_216-392,-1
1_216-416,-1
1_216-448,-1
1_216-473,-1
1_216-502,-1
1_216-531,-1
1_216-553,-1
1_216-589,-1
1_216-605,-1
1_216-630,-1
1_216-653,-1
1_216-683,-1
1_216-734,-1
1_216-768,-1
1_216-795,-1
1_216-814,-1
1_217-83,-1
1_217-109,-1
1_217-128,-1
1_217-147,-1
1_217-213,-1
1_217-226,-1
1_217-256,-1
1_217-277,-1
1_217-320,-1
1_217-357,-1
1_217-408,-1
1_217-433,-1
1_217-457,-1
1_217-476,-1
1_217-499,-1
1_217-548,-1
1_217-580,-1
1_217-595,-1
1_217-650,-1
1_217-703,-1
1_217-741,-1
1_217-763,-1
1_217-789,-1
1_217-810,-1
1_217-829,-1
1_219-52,-1
1_219-75,-1
1_219-93,-1
1_219-109,-1
1_219-127,-1
1_219-148,-1
1_219-197,-1
1_219-225,-1
1_219-255,-1
1_219-278,-1
1_219-294,-1
1_219-313,-1
1_219-346,-1
1_219-395,-1
1_219-419,-1
1_219-452,-1
1_219-461,-1
1_219-480,-1
1_219-515,1
1_219-575,-1
1_219-601,-1
1_219-630,-1
1_219-653,-1
1_219-677,-1
1_219-699,-1
1_219-725,-1
1_219-748,-1
1_219-794,-1
1_219-814,0
1_219-845,-1
1_220-64,-1
1_220-82,-1
1_220-103,-1
1_220-129,-1
1_220-150,-1
1_220-161,-1
1_220-182,-1
1_220-198,-1
1_220-242,-1
1_220-253,-1
1_220-277,-1
1_220-300,-1
1_220-336,-1
1_220-355,-1
1_220-389,-1
1_220-428,-1
1_220-465,-1
1_220-490,-1
1_220-520,0
1_220-540,-1
1_220-577,-1
1_220-621,-1
1_220-638,-1
1_220-660,-1
1_220-679,-1
1_220-701,-1
1_220-714,-1
1_220-725,-1
1_220-754,-1
1_220-790,-1
1_220-818,-1
1_220-842,-1
1_221-68,-1
1_221-90,-1
1_221-151,-1
1_221-175,-1
1_221-190,-1
1_221-210,-1
1_221-238,0
1_221-258,-1
1_221-276,-1
1_221-314,-1
1_221-337,-1
1_221-356,-1
1_221-371,-1
1_221-391,-1
1_221-423,-1
1_221-457,-1
1_221-470,-1
1_221-509,-1
1_221-528,-1
1_221-546,-1
1_221-561,-1
1_221-586,-1
1_221-607,-1
1_221-657,-1
1_221-670,-1
1_221-712,-1
1_221-726,-1
1_221-755,-1
1_221-807,-1
1_221-831,0
1_221-847,-1
1_224-82,-1
1_224-124,-1
1_224-147,-1
1_224-159,-1
1_224-199,-1
1_224-230,-1
1_224-255,-1
1_224-310,-1
1_224-332,-1
1_224-349,-1
1_224-372,-1
1_224-398,-1
1_224-424,-1
1_224-449,-1
1_224-468,-1
1_224-485,-1
1_224-501,-1
1_224-531,-1
1_224-566,-1
1_224-589,-1
1_224-599,-1
1_224-619,-1
1_224-639,-1
1_224-654,-1
1_224-684,-1
1_224-722,-1
1_224-741,-1
1_224-750,-1
1_224-775,-1
1_224-800,-1
1_224-820,-1
1_224-835,-1
1_226-56,-1
1_226-80,-1
1_226-92,-1
1_226-110,-1
1_226-124,-1
1_226-156,-1
1_226-170,-1
1_226-201,-1
1_226-218,-1
1_226-247,-1
1_226-259,-1
1_226-293,-1
1_226-324,-1
1_226-341,-1
1_226-364,-1
1_226-397,-1
1_226-419,-1
1_226-441,-1
1_226-453,-1
1_226-486,-1
1_226-559,-1
1_226-581,-1
1_226-614,-1
1_226-637,-1
1_226-654,-1
1_226-687,-1
1_226-718,-1
1_226-739,-1
1_226-761,-1
1_226-788,-1
1_226-804,-1
1_226-824,0
1_226-845,-1
1_230-72,-1
1_230-94,-1
1_230-137,-1
1_230-153,-1
1_230-169,0
1_230-189,-1
1_230-231,-1
1_230-255,-1
1_230-284,-1
1_230-308,-1
1_230-333,-1
1_230-350,-1
1_230-365,-1
1_230-389,-1
1_230-429,-1
1_230-459,-1
1_230-485,-1
1_230-512,-1
1_230-535,-1
1_230-553,-1
1_230-577,-1
1_230-597,-1
1_230-614,-1
1_230-652,-1
1_230-689,-1
1_230-708,-1
1_230-731,-1
1_230-753,-1
1_230-773,-1
1_230-822,-1
1_230-848,-1
1_231-58,-1
1_231-83,-1
1_231-101,-1
1_231-121,-1
1_231-158,-1
1_231-176,-1
1_231-209,-1
1_231-239,-1
1_231-258,-1
1_231-275,-1
1_231-288,-1
1_231-312,-1
1_231-322,-1
1_231-347,-1
1_231-371,-1
1_231-401,-1
1_231-425,-1
1_231-454,-1
1_231-487,-1
1_231-526,-1
1_231-546,-1
1_231-574,-1
1_231-588,-1
1_231-640,-1
1_231-675,-1
1_231-694,-1
1_231-710,-1
1_231-769,-1
1_231-784,-1
1_231-810,-1
1_233-62,-1
1_233-92,-1
1_233-111,-1
1_233-132,-1
1_233-158,-1
1_233-175,-1
1_233-197,-1
1_233-225,-1
1_233-250,-1
1_233-274,-1
1_233-300,-1
1_233-313,-1
1_233-329,-1
1_233-365,-1
1_233-391,-1
1_233-457,-1
1_233-479,-1
1_233-497,-1
1_233-524,-1
1_233-543,-1
1_233-564,-1
1_233-589,-1
1_233-617,-1
1_233-631,-1
1_233-649,-1
1_233-667,-1
1_233-679,-1
1_233-698,-1
1_233-719,-1
1_233-755,-1
1_233-773,-1
1_233-797,-1
1_233-832,-1
1_234-63,-1
1_234-82,-1
1_234-104,-1
1_234-125,-1
1_234-139,-1
1_234-159,-1
1_234-176,-1
1_234-195,-1
1_234-216,-1
1_234-228,-1
1_234-241,-1
1_234-270,-1
1_234-294,-1
1_234-313,-1
1_234-330,-1
1_234-343,-1
1_234-376,-1
1_234-393,-1
1_234-411,-1
1_234-434,-1
1_234-453,-1
1_234-479,-1
1_234-520,-1
1_234-550,-1
1_234-569,-1
1_234-586,-1
1_234-616,-1
1_234-638,0
1_234-691,-1
1_234-697,-1
1_234-718,-1
1_234-754,-1
1_234-779,-1
1_234-796,-1
1_234-810,-1
1_234-829,-1
1_235-59,-1
1_235-108,-1
1_235-140,-1
1_235-158,-1
1_235-187,-1
1_235-209,-1
1_235-240,-1
1_235-262,-1
1_235-281,-1
1_235-299,-1
1_235-329,-1
1_235-350,-1
1_235-374,-1
1_235-386,-1
1_235-406,-1
1_235-434,-1
1_235-463,-1
1_235-483,-1
1_235-520,-1
1_235-535,-1
1_235-567,-1
1_235-589,-1
1_235-617,-1
1_235-630,-1
1_235-659,-1
1_235-691,-1
1_235-724,-1
1_235-756,-1
1_235-787,-1
1_235-796,-1
1_237-59,-1
1_237-85,-1
1_237-109,-1
1_237-131,-1
1_237-153,-1
1_237-176,-1
1_237-201,-1
1_237-214,-1
1_237-236,-1
1_237-254,-1
1_237-270,-1
1_237-298,-1
1_237-315,-1
1_237-331,-1
1_237-342,-1
1_237-357,-1
1_237-371,-1
1_237-385,-1
1_237-402,-1
1_237-414,-1
1_237-441,-1
1_237-457,-1
1_237-468,-1
1_237-484,-1
1_237-492,-1
1_237-512,-1
1_237-535,-1
1_237-553,-1
1_237-569,-1
1_237-588,-1
1_237-603,-1
1_237-628,-1
1_237-662,-1
1_237-683,-1
1_237-700,-1
1_237-724,-1
1_237-738,-1
1_237-752,-1
1_237-771,-1
1_237-795,-1
1_237-821,-1
1_239-54,-1
1_239-71,-1
1_239-104,-1
1_239-127,-1
1_239-180,-1
1_239-222,-1
1_239-243,-1
1_239-272,-1
1_239-293,-1
1_239-310,-1
1_239-340,-1
1_239-387,-1
1_239-404,-1
1_239-438,-1
1_239-457,-1
1_239-480,-1
1_239-498,-1
1_239-511,-1
1_239-551,-1
1_239-574,-1
1_239-584,-1
1_239-617,-1
1_239-634,-1
1_239-647,-1
1_239-669,-1
1_239-687,-1
1_239-727,-1
1_239-745,-1
1_239-774,-1
1_239-798,-1
1_239-818,-1
1_240-59,-1
1_240-83,-1
1_240-103,-1
1_240-128,-1
1_240-143,-1
1_240-181,-1
1_240-192,-1
1_240-218,-1
1_240-243,-1
1_240-271,-1
1_240-294,-1
1_240-329,-1
1_240-373,-1
1_240-400,-1
1_240-439,-1
1_240-457,-1
1_240-474,-1
1_240-497,-1
1_240-523,-1
1_240-541,-1
1_240-555,-1
1_240-565,-1
1_240-588,-1
1_240-609,-1
1_240-626,-1
1_240-646,-1
1_240-687,-1
1_240-712,-1
1_240-736,-1
1_240-772,-1
1_240-798,-1
1_240-825,-1
1_240-850,-1
1_241-53,-1
1_241-80,-1
1_241-105,-1
1_241-138,-1
1_241-168,-1
1_241-203,-1
1_241-230,-1
1_241-267,-1
1_241-292,-1
1_241-318,-1
1_241-347,-1
1_241-377,-1
1_241-415,-1
1_241-441,-1
1_241-459,-1
1_241-488,-1
1_241-519,-1
1_241-533,-1
1_241-582,-1
1_241-612,-1
1_241-640,-1
1_241-682,-1
1_241-714,-1
1_241-730,-1
1_241-767,-1
1_241-797,-1
1_241-821,-1
1_241-841,-1
1_245-51,-1
1_245-73,-1
1_245-91,-1
1_245-111,-1
1_245-145,-1
1_245-163,-1
1_245-212,-1
1_245-241,-1
1_245-288,-1
1_245-304,-1
1_245-320,-1
1_245-332,-1
1_245-352,-1
1_245-373,-1
1_245-394,-1
1_245-415,-1
1_245-446,-1
1_245-463,-1
1_245-483,-1
1_245-507,-1
1_245-527,-1
1_245-545,-1
1_245-568,-1
1_245-584,-1
1_245-605,-1
1_245-639,-1
1_245-653,-1
1_245-682,-1
1_245-706,-1
1_245-736,-1
1_245-750,-1
1_245-770,-1
1_245-790,-1
1_245-808,-1
1_245-831,-1
1_246-54,-1
1_246-70,-1
1_246-93,-1
1_246-121,-1
1_246-137,-1
1_246-149,-1
1_246-175,-1
1_246-192,-1
1_246-224,-1
1_246-248,-1
1_246-260,-1
1_246-285,-1
1_246-331,-1
1_246-350,-1
1_246-368,-1
1_246-386,-1
1_246-417,-1
1_246-425,-1
1_246-451,-1
1_246-479,-1
1_246-492,-1
1_246-507,-1
1_246-525,-1
1_246-551,-1
1_246-565,-1
1_246-583,-1
1_246-605,-1
1_246-624,-1
1_246-640,-1
1_246-677,-1
1_246-714,-1
1_246-740,-1
1_246-776,-1
1_246-817,-1
1_246-840,-1
1_251-51,-1
1_251-76,-1
1_251-91,-1
1_251-120,-1
1_251-147,-1
1_251-161,-1
1_251-199,-1
1_251-232,-1
1_251-260,-1
1_251-287,-1
1_251-307,-1
1_251-344,-1
1_251-365,-1
1_251-396,-1
1_251-417,-1
1_251-447,-1
1_251-466,-1
1_251-491,-1
1_251-517,-1
1_251-546,-1
1_251-565,-1
1_251-605,-1
1_251-622,-1
1_251-640,-1
1_251-674,-1
1_251-707,-1
1_251-720,-1
1_251-732,-1
1_251-749,-1
1_251-774,-1
1_251-803,-1
1_251-840,-1
1_252-56,-1
1_252-74,-1
1_252-91,-1
1_252-119,-1
1_252-145,-1
1_252-162,1
1_252-195,-1
1_252-215,-1
1_252-230,-1
1_252-267,-1
1_252-293,-1
1_252-325,-1
1_252-350,-1
1_252-383,-1
1_252-420,-1
1_252-433,-1
1_252-449,0
1_252-477,-1
1_252-518,-1
1_252-539,-1
1_252-573,-1
1_252-597,-1
1_252-613,-1
1_252-638,-1
1_252-651,-1
1_252-678,-1
1_252-694,-1
1_252-722,-1
1_252-746,-1
1_252-783,-1
1_252-806,1
1_252-820,-1
1_252-835,-1
1_253-65,-1
1_253-93,-1
1_253-119,-1
1_253-137,-1
1_253-152,-1
1_253-186,-1
1_253-209,-1
1_253-245,-1
1_253-259,-1
1_253-277,-1
1_253-299,-1
1_253-322,-1
1_253-344,-1
1_253-365,-1
1_253-427,-1
1_253-442,-1
1_253-457,-1
1_253-470,-1
1_253-503,-1
1_253-514,-1
1_253-543,-1
1_253-572,-1
1_253-587,-1
1_253-602,-1
1_253-617,-1
1_253-630,-1
1_253-645,-1
1_253-675,-1
1_253-693,-1
1_253-713,-1
1_253-737,-1
1_253-768,-1
1_253-790,-1
1_253-811,-1
1_253-828,-1
1_254-70,0
1_254-87,-1
1_254-109,-1
1_254-134,-1
1_254-159,-1
1_254-189,-1
1_254-209,-1
1_254-219,-1
1_254-246,-1
1_254-269,-1
1_254-304,-1
1_254-332,-1
1_254-356,-1
1_254-394,-1
1_254-411,-1
1_254-439,-1
1_254-454,-1
1_254-480,-1
1_254-504,0
1_254-522,-1
1_254-564,-1
1_254-576,-1
1_254-594,-1
1_254-606,0
1_254-615,-1
1_254-640,-1
1_254-658,-1
1_254-677,-1
1_254-696,-1
1_254-714,-1
1_254-736,-1
1_254-765,-1
1_254-782,-1
1_254-821,-1
1_254-836,-1
1_255-61,-1
1_255-89,-1
1_255-110,-1
1_255-122,-1
1_255-140,-1
1_255-163,-1
1_255-178,-1
1_255-214,-1
1_255-241,-1
1_255-258,-1
1_255-280,-1
1_255-297,-1
1_255-317,-1
1_255-335,-1
1_255-349,-1
1_255-360,-1
1_255-389,-1
1_255-414,-1
1_255-433,-1
1_255-448,-1
1_255-489,-1
1_255-531,-1
1_255-550,-1
1_255-568,-1
1_255-593,-1
1_255-616,-1
1_255-628,-1
1_255-646,-1
1_255-675,-1
1_255-713,-1
1_255-734,-1
1_255-764,-1
1_255-785,-1
1_255-801,-1
1_255-814,-1
1_255-829,-1
1_255-842,-1
1_256-75,-1
1_256-97,-1
1_256-117,-1
1_256-139,-1
1_256-158,-1
1_256-174,-1
1_256-184,-1
1_256-223,-1
1_256-247,-1
1_256-268,-1
1_256-283,-1
1_256-313,-1
1_256-331,-1
1_256-367,-1
1_256-392,-1
1_256-414,-1
1_256-431,-1
1_256-453,-1
1_256-485,-1
1_256-505,-1
1_256-530,-1
1_256-549,-1
1_256-566,-1
1_256-585,-1
1_256-612,-1
1_256-644,1
1_256-668,-1
1_256-700,-1
1_256-720,-1
1_256-744,-1
1_256-774,-1
1_256-792,-1
1_256-816,-1
1_256-827,-1
1_256-845,-1
1_257-88,-1
1_257-124,-1
1_257-144,-1
1_257-160,-1
1_257-179,-1
1_257-209,-1
1_257-234,-1
1_257-256,-1
1_257-289,-1
1_257-344,-1
1_257-356,-1
1_257-381,-1
1_257-403,-1
1_257-434,-1
1_257-449,-1
1_257-476,-1
1_257-488,-1
1_257-506,-1
1_257-526,-1
1_257-542,-1
1_257-570,-1
1_257-584,-1
1_257-602,-1
1_257-616,-1
1_257-637,-1
1_257-659,-1
1_257-676,-1
1_257-707,-1
1_257-736,-1
1_257-758,0
1_257-788,-1
1_257-809,-1
1_257-825,-1
1_257-840,-1
1_258-73,-1
1_258-111,-1
1_258-155,-1
1_258-177,-1
1_258-197,-1
1_258-240,-1
1_258-273,-1
1_258-305,-1
1_258-320,-1
1_258-336,-1
1_258-360,-1
1_258-394,-1
1_258-406,-1
1_258-423,-1
1_258-459,-1
1_258-483,-1
1_258-503,-1
1_258-532,-1
1_258-568,-1
1_258-597,-1
1_258-631,-1
1_258-647,-1
1_258-678,-1
1_258-716,-1
1_258-743,-1
1_258-796,-1
1_258-830,-1
1_259-51,-1
1_259-75,-1
1_259-102,-1
1_259-119,-1
1_259-138,-1
1_259-169,-1
1_259-225,-1
1_259-260,-1
1_259-297,-1
1_259-316,-1
1_259-337,0
1_259-369,-1
1_259-417,-1
1_259-459,-1
1_259-479,-1
1_259-508,-1
1_259-532,-1
1_259-580,-1
1_259-617,-1
1_259-639,-1
1_259-669,-1
1_259-692,-1
1_259-705,-1
1_259-729,-1
1_259-752,-1
1_259-779,-1
1_259-790,-1
1_259-816,-1
1_259-834,-1
1_261-93,-1
1_261-110,-1
1_261-136,-1
1_261-152,-1
1_261-182,-1
1_261-232,-1
1_261-261,-1
1_261-318,-1
1_261-360,-1
1_261-384,-1
1_261-406,-1
1_261-437,-1
1_261-481,-1
1_261-513,-1
1_261-553,-1
1_261-572,-1
1_261-622,-1
1_261-639,-1
1_261-657,-1
1_261-684,-1
1_261-700,-1
1_261-725,-1
1_261-752,-1
1_261-769,-1
1_261-789,-1
1_261-822,-1
1_261-849,-1
1_263-71,-1
1_263-107,-1
1_263-137,-1
1_263-145,-1
1_263-177,-1
1_263-194,0
1_263-240,-1
1_263-261,-1
1_263-281,-1
1_263-310,-1
1_263-329,-1
1_263-358,-1
1_263-376,-1
1_263-394,-1
1_263-409,-1
1_263-428,-1
1_263-447,-1
1_263-469,-1
1_263-492,-1
1_263-524,-1
1_263-546,-1
1_263-575,-1
1_263-588,-1
1_263-639,-1
1_263-664,-1
1_263-684,-1
1_263-716,-1
1_263-746,-1
1_263-780,-1
1_263-797,-1
1_264-67,-1
1_264-88,-1
1_264-108,-1
1_264-132,-1
1_264-155,-1
1_264-172,-1
1_264-207,-1
1_264-231,-1
1_264-257,-1
1_264-285,-1
1_264-323,0
1_264-350,-1
1_264-369,-1
1_264-390,-1
1_264-402,-1
1_264-424,-1
1_264-444,-1
1_264-462,-1
1_264-483,-1
1_264-499,-1
1_264-522,-1
1_264-533,-1
1_264-548,-1
1_264-595,-1
1_264-629,-1
1_264-638,-1
1_264-666,-1
1_264-685,-1
1_264-698,-1
1_264-724,-1
1_264-746,-1
1_264-761,-1
1_264-786,-1
1_264-813,-1
1_264-845,-1
1_266-50,1
1_266-85,-1
1_266-130,-1
1_266-148,-1
1_266-194,-1
1_266-218,-1
1_266-240,-1
1_266-253,-1
1_266-289,-1
1_266-322,-1
1_266-332,-1
1_266-345,-1
1_266-375,0
1_266-399,-1
1_266-434,-1
1_266-454,-1
1_266-478,-1
1_266-494,-1
1_266-507,-1
1_266-582,-1
1_266-610,-1
1_266-623,-1
1_266-650,-1
1_266-672,-1
1_266-693,-1
1_266-739,-1
1_266-761,-1
1_266-805,-1
1_266-826,-1
1_266-845,-1
1_268-68,-1
1_268-94,-1
1_268-143,-1
1_268-155,-1
1_268-201,-1
1_268-226,-1
1_268-248,-1
1_268-273,-1
1_268-304,-1
1_268-332,-1
1_268-352,-1
1_268-377,-1
1_268-401,-1
1_268-418,-1
1_268-432,-1
1_268-445,-1
1_268-475,-1
1_268-502,-1
1_268-531,-1
1_268-566,-1
1_268-596,1
1_268-617,-1
1_268-676,-1
1_268-701,-1
1_268-720,-1
1_268-767,-1
1_268-792,-1
1_268-824,-1
1_269-58,-1
1_269-87,-1
1_269-115,-1
1_269-145,-1
1_269-162,-1
1_269-177,-1
1_269-201,-1
1_269-242,-1
1_269-271,-1
1_269-297,-1
1_269-318,-1
1_269-348,-1
1_269-367,-1
1_269-384,-1
1_269-399,-1
1_269-423,-1
1_269-433,-1
1_269-451,-1
1_269-471,-1
1_269-492,-1
1_269-512,-1
1_269-539,-1
1_269-561,-1
1_269-590,-1
1_269-613,-1
1_269-636,-1
1_269-669,-1
1_269-681,-1
1_269-707,-1
1_269-759,-1
1_269-773,-1
1_269-787,-1
1_269-803,-1
1_269-823,-1
1_269-846,-1
1_272-54,-1
1_272-77,-1
1_272-112,-1
1_272-128,-1
1_272-158,-1
1_272-196,-1
1_272-219,-1
1_272-230,-1
1_272-245,-1
1_272-276,-1
1_272-302,-1
1_272-319,-1
1_272-346,-1
1_272-371,-1
1_272-395,-1
1_272-421,-1
1_272-445,-1
1_272-493,-1
1_272-508,-1
1_272-531,-1
1_272-545,-1
1_272-568,0
1_272-594,-1
1_272-624,-1
1_272-666,-1
1_272-759,-1
1_272-792,-1
1_272-806,-1
1_272-835,-1
1_273-91,-1
1_273-110,-1
1_273-149,-1
1_273-164,-1
1_273-192,-1
1_273-219,-1
1_273-254,-1
1_273-276,-1
1_273-310,-1
1_273-318,-1
1_273-341,-1
1_273-368,-1
1_273-418,-1
1_273-439,-1
1_273-452,-1
1_273-466,-1
1_273-491,-1
1_273-513,-1
1_273-536,-1
1_273-572,-1
1_273-590,-1
1_273-605,-1
1_273-618,1
1_273-635,-1
1_273-660,-1
1_273-724,-1
1_273-738,-1
1_273-771,-1
1_273-788,-1
1_273-810,-1
1_273-825,-1
1_273-840,-1
1_274-76,-1
1_274-106,-1
1_274-152,-1
1_274-197,-1
1_274-211,-1
1_274-227,-1
1_274-292,-1
1_274-317,-1
1_274-342,-1
1_274-374,-1
1_274-430,-1
1_274-447,-1
1_274-504,-1
1_274-527,-1
1_274-562,-1
1_274-586,-1
1_274-617,-1
1_274-635,-1
1_274-653,-1
1_274-690,-1
1_274-712,-1
1_274-741,-1
1_274-770,-1
1_274-797,-1
1_274-824,-1
1_280-64,-1
1_280-98,-1
1_280-130,-1
1_280-158,-1
1_280-182,-1
1_280-218,-1
1_280-243,-1
1_280-260,-1
1_280-276,-1
1_280-305,-1
1_280-327,-1
1_280-361,-1
1_280-383,-1
1_280-417,-1
1_280-437,-1
1_280-449,-1
1_280-472,-1
1_280-501,-1
1_280-522,-1
1_280-557,-1
1_280-581,-1
1_280-595,-1
1_280-621,-1
1_280-638,-1
1_280-650,-1
1_280-665,-1
1_280-675,-1
1_280-691,-1
1_280-714,-1
1_280-746,-1
1_280-764,-1
1_280-792,-1
1_280-811,-1
1_280-827,-1
1_280-840,-1
1_281-49,-1
1_281-69,-1
1_281-103,-1
1_281-142,-1
1_281-158,-1
1_281-177,-1
1_281-197,-1
1_281-211,-1
1_281-257,-1
1_281-294,-1
1_281-325,-1
1_281-355,-1
1_281-379,-1
1_281-388,-1
1_281-411,-1
1_281-436,-1
1_281-457,-1
1_281-480,-1
1_281-495,-1
1_281-509,-1
1_281-538,-1
1_281-546,-1
1_281-586,-1
1_281-598,-1
1_281-616,-1
1_281-642,-1
1_281-670,-1
1_281-694,-1
1_281-714,1
1_281-734,-1
1_281-756,-1
1_281-775,-1
1_281-803,-1
1_281-821,-1
1_283-98,0
1_283-131,-1
1_283-169,-1
1_283-196,-1
1_283-244,-1
1_283-278,-1
1_283-298,-1
1_283-322,-1
1_283-342,-1
1_283-367,-1
1_283-380,-1
1_283-423,-1
1_283-447,-1
1_283-466,-1
1_283-506,-1
1_283-524,-1
1_283-561,-1
1_283-577,-1
1_283-653,-1
1_283-697,-1
1_283-713,-1
1_283-738,-1
1_283-784,-1
1_283-825,-1
1_284-56,-1
1_284-80,-1
1_284-112,-1
1_284-127,-1
1_284-146,-1
1_284-168,-1
1_284-189,-1
1_284-205,0
1_284-233,-1
1_284-267,-1
1_284-298,-1
1_284-327,-1
1_284-366,-1
1_284-403,-1
1_284-423,-1
1_284-450,-1
1_284-465,-1
1_284-476,-1
1_284-500,-1
1_284-519,-1
1_284-537,0
1_284-554,-1
1_284-577,-1
1_284-597,-1
1_284-618,-1
1_284-638,-1
1_284-656,-1
1_284-676,0
1_284-694,0
1_284-712,-1
1_284-753,-1
1_284-770,-1
1_284-787,-1
1_284-817,-1
1_284-835,-1
1_289-65,-1
1_289-70,-1
1_289-97,-1
1_289-130,-1
1_289-152,-1
1_289-186,-1
1_289-215,-1
1_289-233,-1
1_289-274,-1
1_289-297,0
1_289-310,-1
1_289-337,-1
1_289-383,-1
1_289-399,-1
1_289-409,-1
1_289-430,-1
1_289-453,-1
1_289-477,-1
1_289-491,-1
1_289-516,-1
1_289-525,-1
1_289-543,-1
1_289-568,-1
1_289-596,-1
1_289-636,-1
1_289-670,-1
1_289-706,-1
1_289-722,-1
1_289-736,0
1_289-770,-1
1_289-777,-1
1_289-818,-1
1_289-840,-1
1_291-56,-1
1_291-80,-1
1_291-105,-1
1_291-126,-1
1_291-154,-1
1_291-178,-1
1_291-203,-1
1_291-238,-1
1_291-288,-1
1_291-309,-1
1_291-332,-1
1_291-363,-1
1_291-415,-1
1_291-441,-1
1_291-474,-1
1_291-520,-1
1_291-578,-1
1_291-598,-1
1_291-634,-1
1_291-669,-1
1_291-696,-1
1_291-714,-1
1_291-733,-1
1_291-762,-1
1_291-790,-1
1_291-827,-1
1_291-846,-1
1_294-66,-1
1_294-96,-1
1_294-118,-1
1_294-143,-1
1_294-155,-1
1_294-191,-1
1_294-206,-1
1_294-223,-1
1_294-264,-1
1_294-301,-1
1_294-320,-1
1_294-336,-1
1_294-363,-1
1_294-390,-1
1_294-413,-1
1_294-449,-1
1_294-461,-1
1_294-481,-1
1_294-511,-1
1_294-533,-1
1_294-563,-1
1_294-584,-1
1_294-614,-1
1_294-649,-1
1_294-680,-1
1_294-706,-1
1_294-725,-1
1_294-773,-1
1_294-784,-1
1_294-808,-1
1_294-838,-1
1_295-49,-1
1_295-71,-1
1_295-92,-1
1_295-103,-1
1_295-126,-1
1_295-148,-1
1_295-168,-1
1_295-183,-1
1_295-199,-1
1_295-225,-1
1_295-239,-1
1_295-252,-1
1_295-279,-1
1_295-295,-1
1_295-312,-1
1_295-331,-1
1_295-343,-1
1_295-363,-1
1_295-382,-1
1_295-411,-1
1_295-429,-1
1_295-454,-1
1_295-472,-1
1_295-481,-1
1_295-504,-1
1_295-532,-1
1_295-546,-1
1_295-572,-1
1_295-587,-1
1_295-613,-1
1_295-631,-1
1_295-647,-1
1_295-676,-1
1_295-709,-1
1_295-745,-1
1_295-780,-1
1_295-807,-1
1_295-837,-1
1_296-67,-1
1_296-89,-1
1_296-105,-1
1_296-127,-1
1_296-170,-1
1_296-194,-1
1_296-213,-1
1_296-223,-1
1_296-242,-1
1_296-258,-1
1_296-289,-1
1_296-306,-1
1_296-315,-1
1_296-330,-1
1_296-347,-1
1_296-363,-1
1_296-381,-1
1_296-391,-1
1_296-409,-1
1_296-430,-1
1_296-461,-1
1_296-479,-1
1_296-503,-1
1_296-527,-1
1_296-557,-1
1_296-575,-1
1_296-608,-1
1_296-635,-1
1_296-654,-1
1_296-677,-1
1_296-696,-1
1_296-716,-1
1_296-742,-1
1_296-768,-1
1_296-794,-1
1_296-816,-1
1_296-844,-1
1_298-53,0
1_298-74,-1
1_298-87,-1
1_298-115,-1
1_298-128,-1
1_298-146,-1
1_298-187,-1
1_298-241,-1
1_298-281,-1
1_298-313,-1
1_298-336,-1
1_298-350,-1
1_298-363,-1
1_298-374,-1
1_298-400,-1
1_298-422,-1
1_298-439,-1
1_298-449,-1
1_298-473,-1
1_298-490,-1
1_298-516,-1
1_298-548,-1
1_298-567,-1
1_298-605,-1
1_298-643,-1
1_298-670,-1
1_298-688,-1
1_298-708,-1
1_298-736,-1
1_298-758,-1
1_298-780,-1
1_298-795,-1
1_298-814,-1
1_298-835,-1
1_301-64,-1
1_301-80,-1
1_301-106,-1
1_301-135,-1
1_301-162,-1
1_301-200,-1
1_301-237,-1
1_301-275,-1
1_301-295,-1
1_301-323,-1
1_301-378,-1
1_301-409,-1
1_301-442,-1
1_301-473,-1
1_301-492,-1
1_301-510,-1
1_301-531,-1
1_301-549,-1
1_301-579,-1
1_301-605,-1
1_301-618,-1
1_301-630,-1
1_301-655,-1
1_301-677,-1
1_301-718,-1
1_301-744,-1
1_301-763,-1
1_301-801,-1
1_302-60,-1
1_302-105,-1
1_302-125,-1
1_302-139,-1
1_302-155,-1
1_302-192,-1
1_302-223,-1
1_302-247,-1
1_302-288,-1
1_302-315,-1
1_302-336,-1
1_302-365,-1
1_302-378,-1
1_302-402,0
1_302-429,-1
1_302-455,-1
1_302-486,-1
1_302-504,-1
1_302-536,-1
1_302-566,-1
1_302-598,-1
1_302-618,-1
1_302-641,-1
1_302-671,-1
1_302-689,-1
1_302-716,-1
1_302-740,-1
1_302-770,-1
1_302-796,-1
1_302-805,-1
1_302-828,-1
1_305-58,-1
1_305-74,-1
1_305-97,-1
1_305-107,-1
1_305-126,-1
1_305-144,-1
1_305-170,-1
1_305-194,-1
1_305-236,-1
1_305-261,-1
1_305-281,-1
1_305-301,-1
1_305-326,-1
1_305-358,-1
1_305-378,-1
1_305-392,-1
1_305-410,-1
1_305-423,-1
1_305-437,-1
1_305-462,-1
1_305-477,-1
1_305-499,-1
1_305-529,-1
1_305-552,-1
1_305-571,-1
1_305-605,-1
1_305-634,-1
1_305-652,-1
1_305-674,-1
1_305-699,-1
1_305-721,-1
1_305-746,-1
1_305-756,-1
1_305-772,-1
1_305-786,-1
1_305-800,-1
1_305-816,-1
1_305-846,-1
1_306-49,-1
1_306-67,-1
1_306-110,-1
1_306-136,-1
1_306-170,-1
1_306-212,-1
1_306-234,-1
1_306-251,-1
1_306-299,-1
1_306-325,-1
1_306-351,-1
1_306-376,-1
1_306-400,-1
1_306-418,-1
1_306-435,-1
1_306-450,0
1_306-481,-1
1_306-493,-1
1_306-517,-1
1_306-534,-1
1_306-559,-1
1_306-573,-1
1_306-592,-1
1_306-618,-1
1_306-638,-1
1_306-664,-1
1_306-693,-1
1_306-709,-1
1_306-722,-1
1_306-737,-1
1_306-762,-1
1_306-780,-1
1_306-826,-1
1_306-846,-1
1_307-55,-1
1_307-71,0
1_307-94,-1
1_307-108,-1
1_307-120,-1
1_307-134,-1
1_307-156,-1
1_307-201,-1
1_307-217,-1
1_307-234,-1
1_307-249,-1
1_307-276,-1
1_307-324,-1
1_307-338,-1
1_307-350,-1
1_307-384,-1
1_307-408,-1
1_307-426,-1
1_307-444,-1
1_307-478,-1
1_307-490,-1
1_307-523,-1
1_307-547,-1
1_307-584,1
1_307-633,-1
1_307-663,-1
1_307-686,-1
1_307-713,-1
1_307-738,-1
1_307-763,-1
1_307-780,-1
1_307-806,-1
1_307-820,-1
1_307-848,-1
1_308-74,1
1_308-100,-1
1_308-122,-1
1_308-139,-1
1_308-159,-1
1_308-180,-1
1_308-198,-1
1_308-235,-1
1_308-263,-1
1_308-280,-1
1_308-293,-1
1_308-308,-1
1_308-342,-1
1_308-356,-1
1_308-377,-1
1_308-388,-1
1_308-404,-1
1_308-430,-1
1_308-453,-1
1_308-471,-1
1_308-504,-1
1_308-519,-1
1_308-537,-1
1_308-561,-1
1_308-585,-1
1_308-614,-1
1_308-660,-1
1_308-690,-1
1_308-712,-1
1_308-737,-1
1_308-764,-1
1_308-779,1
1_308-806,-1
1_308-831,-1
1_310-72,-1
1_310-98,-1
1_310-125,-1
1_310-142,0
1_310-165,-1
1_310-188,-1
1_310-209,-1
1_310-225,-1
1_310-239,-1
1_310-259,-1
1_310-279,-1
1_310-296,-1
1_310-338,-1
1_310-356,-1
1_310-389,-1
1_310-406,-1
1_310-433,-1
1_310-445,-1
1_310-475,-1
1_310-500,-1
1_310-516,-1
1_310-537,-1
1_310-557,-1
1_310-582,-1
1_310-600,-1
1_310-624,-1
1_310-648,-1
1_310-661,-1
1_310-666,-1
1_310-691,-1
1_310-714,-1
1_310-739,-1
1_310-766,-1
1_310-780,-1
1_310-805,-1
1_310-832,-1
1_312-67,-1
1_312-83,-1
1_312-110,-1
1_312-128,-1
1_312-149,-1
1_312-166,-1
1_312-183,-1
1_312-201,-1
1_312-251,-1
1_312-273,-1
1_312-293,-1
1_312-314,-1
1_312-341,-1
1_312-356,-1
1_312-374,-1
1_312-399,-1
1_312-423,-1
1_312-480,-1
1_312-494,-1
1_312-534,-1
1_312-570,-1
1_312-621,-1
1_312-632,-1
1_312-660,-1
1_312-673,-1
1_312-691,-1
1_312-707,-1
1_312-748,-1
1_312-773,-1
1_312-825,-1
1_312-840,-1
1_321-71,0
1_321-97,-1
1_321-126,-1
1_321-161,-1
1_321-168,-1
1_321-188,-1
1_321-200,-1
1_321-214,-1
1_321-252,-1
1_321-266,-1
1_321-286,-1
1_321-302,-1
1_321-328,-1
1_321-353,-1
1_321-379,-1
1_321-391,-1
1_321-407,-1
1_321-435,-1
1_321-465,-1
1_321-496,-1
1_321-526,-1
1_321-559,-1
1_321-580,-1
1_321-608,-1
1_321-643,-1
1_321-658,-1
1_321-686,-1
1_321-739,-1
1_321-752,-1
1_321-779,-1
1_321-797,-1
1_321-815,-1
1_321-844,-1
1_324-67,-1
1_324-82,-1
1_324-110,-1
1_324-125,-1
1_324-142,-1
1_324-178,-1
1_324-208,-1
1_324-224,-1
1_324-254,-1
1_324-286,-1
1_324-306,-1
1_324-331,-1
1_324-352,-1
1_324-367,-1
1_324-383,0
1_324-409,-1
1_324-434,-1
1_324-462,-1
1_324-509,-1
1_324-528,-1
1_324-562,-1
1_324-582,-1
1_324-619,-1
1_324-645,-1
1_324-659,-1
1_324-690,-1
1_324-715,0
1_324-747,-1
1_324-761,-1
1_324-780,-1
1_324-823,-1
1_324-833,-1
1_324-848,-1
1_325-68,-1
1_325-93,-1
1_325-110,-1
1_325-123,1
1_325-146,-1
1_325-178,-1
1_325-202,-1
1_325-217,-1
1_325-230,-1
1_325-246,-1
1_325-289,-1
1_325-302,-1
1_325-320,-1
1_325-352,-1
1_325-379,-1
1_325-402,-1
1_325-437,-1
1_325-493,-1
1_325-516,-1
1_325-534,-1
1_325-563,-1
1_325-586,-1
1_325-602,-1
1_325-623,-1
1_325-656,-1
1_325-681,-1
1_325-723,-1
1_325-747,-1
1_325-765,-1
1_325-806,-1
1_326-64,-1
1_326-108,-1
1_326-172,-1
1_326-211,-1
1_326-231,-1
1_326-270,-1
1_326-282,-1
1_326-311,-1
1_326-330,-1
1_326-350,0
1_326-391,-1
1_326-409,-1
1_326-429,-1
1_326-478,-1
1_326-500,-1
1_326-512,-1
1_326-553,-1
1_326-574,-1
1_326-591,-1
1_326-612,-1
1_326-636,-1
1_326-662,0
1_326-679,-1
1_326-696,-1
1_326-718,-1
1_326-738,-1
1_326-756,-1
1_326-788,-1
1_326-813,-1
1_326-847,-1
1_327-52,-1
1_327-79,-1
1_327-92,0
1_327-149,-1
1_327-163,-1
1_327-179,-1
1_327-201,-1
1_327-234,-1
1_327-257,-1
1_327-285,-1
1_327-297,-1
1_327-313,0
1_327-345,-1
1_327-373,-1
1_327-409,-1
1_327-438,-1
1_327-453,-1
1_327-475,-1
1_327-504,-1
1_327-526,-1
1_327-554,-1
1_327-574,-1
1_327-598,-1
1_327-627,-1
1_327-648,-1
1_327-666,-1
1_327-688,-1
1_327-703,-1
1_327-724,-1
1_327-735,-1
1_327-755,-1
1_327-788,-1
1_327-797,-1
1_327-818,-1
1_327-843,-1
1_328-49,-1
1_328-67,-1
1_328-87,-1
1_328-108,-1
1_328-134,-1
1_328-163,-1
1_328-191,-1
1_328-200,-1
1_328-235,-1
1_328-273,-1
1_328-294,-1
1_328-316,-1
1_328-337,-1
1_328-375,-1
1_328-407,-1
1_328-429,-1
1_328-441,-1
1_328-456,-1
1_328-481,-1
1_328-515,-1
1_328-569,-1
1_328-610,-1
1_328-642,-1
1_328-661,-1
1_328-703,-1
1_328-722,-1
1_328-783,-1
1_328-841,-1
1_329-58,-1
1_329-79,-1
1_329-111,-1
1_329-132,-1
1_329-153,-1
1_329-183,-1
1_329-208,-1
1_329-237,-1
1_329-262,-1
1_329-281,-1
1_329-316,-1
1_329-336,-1
1_329-349,-1
1_329-371,-1
1_329-424,-1
1_329-445,-1
1_329-487,-1
1_329-513,-1
1_329-549,-1
1_329-574,-1
1_329-619,-1
1_329-668,-1
1_329-711,-1
1_329-745,-1
1_329-774,-1
1_329-789,-1
1_329-809,-1
1_329-831,-1
1_329-850,0
1_330-54,-1
1_330-75,-1
1_330-103,-1
1_330-134,-1
1_330-151,-1
1_330-173,-1
1_330-189,-1
1_330-214,-1
1_330-231,-1
1_330-242,-1
1_330-264,-1
1_330-278,-1
1_330-294,-1
1_330-309,-1
1_330-346,-1
1_330-362,-1
1_330-378,-1
1_330-410,-1
1_330-440,-1
1_330-465,-1
1_330-505,-1
1_330-533,-1
1_330-566,-1
1_330-592,-1
1_330-623,-1
1_330-644,-1
1_330-678,-1
1_330-697,-1
1_330-716,-1
1_330-752,-1
1_330-778,1
1_330-802,-1
1_330-811,-1
1_330-829,-1
1_330-850,-1
1_331-50,-1
1_331-77,-1
1_331-111,-1
1_331-145,-1
1_331-176,-1
1_331-199,-1
1_331-216,-1
1_331-231,-1
1_331-249,-1
1_331-275,-1
1_331-289,-1
1_331-321,-1
1_331-349,-1
1_331-367,-1
1_331-389,-1
1_331-414,-1
1_331-427,-1
1_331-443,-1
1_331-481,-1
1_331-506,-1
1_331-519,-1
1_331-536,-1
1_331-563,-1
1_331-605,-1
1_331-629,-1
1_331-665,-1
1_331-686,-1
1_331-704,-1
1_331-717,-1
1_331-745,-1
1_331-780,-1
1_331-808,-1
1_334-53,-1
1_334-70,-1
1_334-91,-1
1_334-116,-1
1_334-131,-1
1_334-141,-1
1_334-194,-1
1_334-211,-1
1_334-245,-1
1_334-284,-1
1_334-298,-1
1_334-315,-1
1_334-351,-1
1_334-371,-1
1_334-390,-1
1_334-415,-1
1_334-431,-1
1_334-463,-1
1_334-478,-1
1_334-495,-1
1_334-511,-1
1_334-567,-1
1_334-585,-1
1_334-617,-1
1_334-642,-1
1_334-673,-1
1_334-722,-1
1_334-748,-1
1_334-767,-1
1_334-790,-1
1_334-825,-1
1_334-849,-1
1_336-58,-1
1_336-92,-1
1_336-122,-1
1_336-137,-1
1_336-157,-1
1_336-191,-1
1_336-212,1
1_336-252,-1
1_336-270,-1
1_336-289,-1
1_336-310,-1
1_336-322,-1
1_336-338,-1
1_336-365,0
1_336-385,-1
1_336-409,-1
1_336-435,-1
1_336-478,-1
1_336-500,-1
1_336-516,-1
1_336-539,-1
1_336-581,-1
1_336-605,-1
1_336-624,-1
1_336-640,-1
1_336-657,-1
1_336-677,-1
1_336-702,-1
1_336-723,-1
1_336-747,-1
1_336-774,-1
1_336-805,-1
1_336-831,-1
1_337-76,-1
1_337-102,-1
1_337-116,-1
1_337-144,-1
1_337-181,-1
1_337-198,-1
1_337-219,-1
1_337-242,-1
1_337-280,-1
1_337-305,-1
1_337-329,-1
1_337-357,-1
1_337-376,-1
1_337-389,-1
1_337-417,-1
1_337-464,-1
1_337-476,-1
1_337-497,-1
1_337-526,-1
1_337-553,-1
1_337-590,-1
1_337-608,-1
1_337-622,-1
1_337-641,-1
1_337-667,-1
1_337-711,-1
1_337-727,-1
1_337-751,-1
1_337-781,-1
1_337-829,-1
1_337-850,-1
1_339-67,-1
1_339-82,-1
1_339-117,-1
1_339-156,-1
1_339-193,-1
1_339-215,-1
1_339-256,-1
1_339-275,-1
1_339-290,-1
1_339-333,-1
1_339-379,-1
1_339-405,-1
1_339-430,-1
1_339-460,-1
1_339-490,-1
1_339-508,-1
1_339-541,-1
1_339-578,-1
1_339-599,-1
1_339-647,1
1_339-714,-1
1_339-731,-1
1_339-754,-1
1_339-793,-1
1_339-806,-1
1_339-824,-1
1_340-59,-1
1_340-77,-1
1_340-101,-1
1_340-125,-1
1_340-146,-1
1_340-173,-1
1_340-249,-1
1_340-288,-1
1_340-304,-1
1_340-333,-1
1_340-355,-1
1_340-375,-1
1_340-400,-1
1_340-425,-1
1_340-447,-1
1_340-481,-1
1_340-502,-1
1_340-566,-1
1_340-605,-1
1_340-618,-1
1_340-633,-1
1_340-674,-1
1_340-682,-1
1_340-699,-1
1_340-732,-1
1_340-755,-1
1_340-782,-1
1_340-801,-1
1_340-826,-1
1_341-66,-1
1_341-95,-1
1_341-134,-1
1_341-162,-1
1_341-176,-1
1_341-208,-1
1_341-218,-1
1_341-249,-1
1_341-293,-1
1_341-309,-1
1_341-339,-1
1_341-356,-1
1_341-386,-1
1_341-404,-1
1_341-422,-1
1_341-445,-1
1_341-483,-1
1_341-503,-1
1_341-515,-1
1_341-537,-1
1_341-549,-1
1_341-573,-1
1_341-601,-1
1_341-634,-1
1_341-658,-1
1_341-677,0
1_341-720,-1
1_341-741,-1
1_341-757,-1
1_341-820,-1
1_341-840,-1
1_343-49,-1
1_343-83,-1
1_343-107,-1
1_343-131,-1
1_343-157,-1
1_343-170,-1
1_343-186,-1
1_343-204,-1
1_343-244,-1
1_343-279,-1
1_343-304,-1
1_343-334,-1
1_343-370,-1
1_343-396,-1
1_343-408,-1
1_343-435,-1
1_343-465,-1
1_343-488,-1
1_343-505,-1
1_343-524,-1
1_343-541,-1
1_343-571,-1
1_343-584,-1
1_343-622,-1
1_343-630,-1
1_343-655,-1
1_343-680,-1
1_343-705,-1
1_343-729,-1
1_343-760,-1
1_343-798,-1
1_343-829,-1
1_346-68,-1
1_346-87,-1
1_346-111,-1
1_346-144,-1
1_346-227,-1
1_346-257,-1
1_346-287,-1
1_346-316,-1
1_346-343,-1
1_346-373,-1
1_346-412,-1
1_346-428,-1
1_346-479,-1
1_346-511,-1
1_346-575,-1
1_346-590,-1
1_346-610,-1
1_346-631,-1
1_346-657,-1
1_346-673,-1
1_346-704,-1
1_346-745,-1
1_346-768,-1
1_346-794,-1
1_346-824,-1
1_346-838,-1
1_347-65,-1
1_347-80,-1
1_347-113,-1
1_347-146,-1
1_347-170,-1
1_347-182,-1
1_347-218,-1
1_347-248,-1
1_347-261,-1
1_347-275,-1
1_347-308,-1
1_347-337,-1
1_347-354,-1
1_347-382,-1
1_347-413,-1
1_347-432,-1
1_347-460,-1
1_347-477,-1
1_347-489,-1
1_347-506,-1
1_347-521,-1
1_347-532,-1
1_347-550,-1
1_347-571,-1
1_347-600,-1
1_347-617,-1
1_347-632,-1
1_347-670,-1
1_347-690,-1
1_347-724,-1
1_347-762,-1
1_347-776,-1
1_347-804,-1
1_347-823,-1
1_347-834,-1
1_348-64,-1
1_348-84,-1
1_348-106,-1
1_348-129,-1
1_348-149,-1
1_348-183,-1
1_348-217,-1
1_348-235,-1
1_348-267,-1
1_348-286,-1
1_348-305,-1
1_348-323,-1
1_348-341,-1
1_348-365,-1
1_348-386,-1
1_348-403,-1
1_348-426,-1
1_348-483,-1
1_348-515,-1
1_348-528,-1
1_348-552,-1
1_348-571,-1
1_348-603,-1
1_348-629,-1
1_348-685,-1
1_348-699,-1
1_348-717,-1
1_348-747,-1
1_348-774,-1
1_348-794,-1
1_348-821,-1
1_348-837,0
1_349-56,-1
1_349-66,-1
1_349-105,-1
1_349-151,-1
1_349-172,-1
1_349-209,-1
1_349-232,-1
1_349-269,-1
1_349-330,-1
1_349-357,-1
1_349-393,-1
1_349-411,-1
1_349-438,-1
1_349-456,-1
1_349-483,-1
1_349-507,-1
1_349-520,-1
1_349-563,-1
1_349-613,-1
1_349-630,-1
1_349-649,-1
1_349-666,-1
1_349-688,-1
1_349-699,-1
1_349-719,-1
1_349-741,-1
1_349-765,-1
1_349-797,-1
1_349-815,-1
1_349-839,-1
1_350-71,-1
1_350-84,-1
1_350-113,-1
1_350-129,-1
1_350-142,-1
1_350-158,-1
1_350-187,-1
1_350-250,-1
1_350-268,-1
1_350-305,-1
1_350-324,-1
1_350-344,-1
1_350-371,-1
1_350-396,-1
1_350-432,-1
1_350-466,-1
1_350-489,-1
1_350-512,-1
1_350-540,-1
1_350-585,-1
1_350-614,-1
1_350-637,-1
1_350-671,-1
1_350-689,-1
1_350-726,-1
1_350-739,-1
1_350-777,-1
1_350-818,-1
1_350-844,-1
1_353-70,-1
1_353-99,-1
1_353-119,-1
1_353-136,-1
1_353-158,-1
1_353-171,-1
1_353-198,-1
1_353-234,-1
1_353-261,-1
1_353-291,-1
1_353-320,-1
1_353-358,-1
1_353-375,-1
1_353-401,-1
1_353-415,-1
1_353-463,-1
1_353-482,-1
1_353-519,-1
1_353-548,-1
1_353-557,-1
1_353-587,-1
1_353-605,-1
1_353-638,-1
1_353-658,-1
1_353-719,-1
1_353-734,-1
1_353-763,-1
1_353-781,-1
1_353-809,-1
1_353-829,-1
1_353-850,-1
1_357-63,-1
1_357-91,-1
1_357-111,-1
1_357-125,-1
1_357-150,-1
1_357-184,-1
1_357-206,-1
1_357-242,-1
1_357-268,-1
1_357-287,-1
1_357-311,-1
1_357-333,-1
1_357-357,-1
1_357-370,-1
1_357-414,-1
1_357-436,-1
1_357-460,-1
1_357-480,-1
1_357-511,-1
1_357-543,-1
1_357-580,-1
1_357-605,-1
1_357-623,-1
1_357-653,-1
1_357-672,-1
1_357-724,-1
1_357-742,-1
1_357-755,-1
1_357-794,-1
1_357-817,-1
1_357-835,-1
1_359-78,-1
1_359-95,-1
1_359-133,-1
1_359-214,-1
1_359-227,-1
1_359-242,-1
1_359-269,-1
1_359-289,-1
1_359-331,-1
1_359-346,-1
1_359-356,-1
1_359-385,-1
1_359-406,-1
1_359-424,-1
1_359-442,-1
1_359-476,-1
1_359-509,-1
1_359-524,-1
1_359-574,-1
1_359-603,-1
1_359-622,-1
1_359-646,-1
1_359-675,-1
1_359-690,-1
1_359-727,-1
1_359-755,-1
1_359-769,-1
1_359-795,-1
1_359-813,-1
1_370-68,-1
1_370-116,-1
1_370-145,-1
1_370-166,-1
1_370-191,-1
1_370-211,-1
1_370-229,-1
1_370-251,-1
1_370-291,-1
1_370-321,-1
1_370-364,-1
1_370-385,-1
1_370-410,-1
1_370-435,-1
1_370-465,-1
1_370-484,-1
1_370-510,-1
1_370-541,-1
1_370-561,-1
1_370-577,-1
1_370-612,0
1_370-639,-1
1_370-677,-1
1_370-697,-1
1_370-740,-1
1_370-760,-1
1_370-771,-1
1_370-805,-1
1_370-836,-1
1_371-49,-1
1_371-69,-1
1_371-96,-1
1_371-111,-1
1_371-139,0
1_371-159,-1
1_371-202,-1
1_371-215,-1
1_371-241,-1
1_371-276,-1
1_371-301,-1
1_371-335,-1
1_371-353,-1
1_371-376,-1
1_371-395,-1
1_371-426,-1
1_371-454,-1
1_371-483,0
1_371-528,-1
1_371-562,-1
1_371-599,-1
1_371-620,-1
1_371-631,-1
1_371-654,-1
1_371-671,-1
1_371-700,-1
1_371-725,-1
1_371-755,-1
1_371-784,-1
1_371-817,-1
1_371-840,-1
1_374-67,-1
1_374-107,-1
1_374-126,-1
1_374-139,-1
1_374-151,-1
1_374-173,-1
1_374-190,-1
1_374-208,-1
1_374-244,-1
1_374-262,-1
1_374-294,-1
1_374-354,0
1_374-374,-1
1_374-399,-1
1_374-423,-1
1_374-440,-1
1_374-461,-1
1_374-494,-1
1_374-524,0
1_374-538,-1
1_374-565,-1
1_374-593,-1
1_374-617,-1
1_374-638,-1
1_374-671,-1
1_374-696,-1
1_374-727,-1
1_374-742,-1
1_374-782,-1
1_374-813,-1
1_374-831,-1
1_376-73,-1
1_376-93,-1
1_376-113,-1
1_376-130,-1
1_376-149,-1
1_376-180,-1
1_376-202,-1
1_376-226,-1
1_376-257,-1
1_376-277,-1
1_376-305,-1
1_376-340,-1
1_376-373,-1
1_376-392,-1
1_376-441,-1
1_376-458,-1
1_376-476,-1
1_376-502,-1
1_376-520,-1
1_376-545,-1
1_376-564,-1
1_376-585,-1
1_376-614,-1
1_376-632,0
1_376-661,-1
1_376-680,-1
1_376-694,-1
1_376-746,-1
1_376-767,-1
1_376-780,-1
1_376-800,-1
1_376-821,-1
1_376-840,-1
1_378-57,-1
1_378-72,-1
1_378-106,-1
1_378-127,-1
1_378-149,0
1_378-166,-1
1_378-182,-1
1_378-202,-1
1_378-241,-1
1_378-259,-1
1_378-274,-1
1_378-288,1
1_378-303,-1
1_378-325,-1
1_378-343,-1
1_378-364,-1
1_378-399,-1
1_378-417,-1
1_378-445,-1
1_378-492,-1
1_378-523,-1
1_378-546,-1
1_378-564,-1
1_378-577,-1
1_378-592,-1
1_378-615,-1
1_378-634,-1
1_378-693,-1
1_378-729,-1
1_378-778,-1
1_378-792,-1
1_378-806,-1
1_378-842,-1
1_383-51,-1
1_383-91,-1
1_383-109,-1
1_383-124,-1
1_383-145,-1
1_383-178,-1
1_383-209,-1
1_383-223,-1
1_383-241,-1
1_383-262,-1
1_383-281,-1
1_383-316,-1
1_383-339,-1
1_383-361,-1
1_383-379,-1
1_383-391,-1
1_383-423,-1
1_383-436,-1
1_383-465,-1
1_383-479,-1
1_383-505,-1
1_383-529,-1
1_383-545,-1
1_383-555,-1
1_383-568,-1
1_383-580,-1
1_383-607,-1
1_383-629,-1
1_383-648,0
1_383-660,-1
1_383-688,-1
1_383-719,-1
1_383-734,-1
1_383-751,-1
1_383-777,-1
1_383-816,-1
1_383-844,-1
1_385-56,-1
1_385-82,-1
1_385-107,-1
1_385-150,-1
1_385-172,-1
1_385-201,-1
1_385-223,-1
1_385-263,-1
1_385-286,-1
1_385-308,-1
1_385-331,-1
1_385-370,-1
1_385-398,-1
1_385-422,-1
1_385-434,-1
1_385-460,-1
1_385-494,-1
1_385-508,-1
1_385-526,-1
1_385-550,-1
1_385-564,-1
1_385-593,-1
1_385-612,-1
1_385-635,-1
1_385-660,-1
1_385-682,-1
1_385-703,-1
1_385-721,-1
1_385-730,-1
1_385-754,-1
1_385-772,-1
1_385-799,-1
1_385-837,-1
1_387-55,-1
1_387-73,-1
1_387-102,-1
1_387-143,-1
1_387-184,-1
1_387-199,-1
1_387-228,-1
1_387-277,-1
1_387-318,-1
1_387-335,-1
1_387-362,-1
1_387-405,-1
1_387-446,-1
1_387-482,-1
1_387-505,-1
1_387-515,-1
1_387-547,-1
1_387-574,-1
1_387-605,-1
1_387-618,-1
1_387-634,-1
1_387-671,-1
1_387-687,-1
1_387-714,-1
1_387-744,-1
1_387-780,-1
1_387-799,-1
1_387-815,-1
1_387-838,-1
1_388-61,-1
1_388-88,-1
1_388-106,-1
1_388-134,-1
1_388-160,-1
1_388-180,-1
1_388-200,-1
1_388-222,-1
1_388-241,-1
1_388-282,-1
1_388-303,-1
1_388-338,-1
1_388-365,-1
1_388-390,-1
1_388-422,-1
1_388-437,-1
1_388-477,-1
1_388-512,-1
1_388-527,-1
1_388-544,-1
1_388-568,-1
1_388-586,-1
1_388-611,-1
1_388-623,-1
1_388-647,-1
1_388-674,-1
1_388-699,-1
1_388-724,-1
1_388-738,-1
1_388-772,-1
1_388-786,-1
1_388-802,-1
1_388-827,-1
1_392-62,-1
1_392-72,-1
1_392-89,-1
1_392-109,-1
1_392-129,-1
1_392-150,-1
1_392-171,-1
1_392-196,-1
1_392-217,-1
1_392-241,-1
1_392-258,-1
1_392-280,-1
1_392-300,-1
1_392-324,-1
1_392-333,-1
1_392-361,-1
1_392-391,-1
1_392-408,-1
1_392-424,-1
1_392-446,-1
1_392-472,-1
1_392-504,-1
1_392-529,-1
1_392-566,-1
1_392-582,0
1_392-610,-1
1_392-628,-1
1_392-640,-1
1_392-707,-1
1_392-733,-1
1_392-753,-1
1_392-775,-1
1_392-796,-1
1_392-829,-1
1_392-848,-1
1_395-59,-1
1_395-75,-1
1_395-95,-1
1_395-128,-1
1_395-139,-1
1_395-165,-1
1_395-180,-1
1_395-206,-1
1_395-224,1
1_395-263,-1
1_395-302,-1
1_395-319,0
1_395-336,-1
1_395-373,-1
1_395-398,-1
1_395-416,-1
1_395-446,-1
1_395-467,-1
1_395-503,-1
1_395-524,-1
1_395-538,0
1_395-568,-1
1_395-583,-1
1_395-614,-1
1_395-634,-1
1_395-665,-1
1_395-689,1
1_395-712,-1
1_395-760,-1
1_395-786,-1
1_395-810,-1
1_395-819,-1
1_395-842,-1
1_396-62,-1
1_396-85,-1
1_396-95,-1
1_396-118,-1
1_396-140,-1
1_396-161,-1
1_396-179,-1
1_396-209,-1
1_396-230,-1
1_396-272,-1
1_396-287,-1
1_396-321,-1
1_396-360,-1
1_396-389,-1
1_396-419,-1
1_396-444,-1
1_396-459,-1
1_396-520,-1
1_396-551,-1
1_396-575,-1
1_396-593,-1
1_396-627,-1
1_396-662,-1
1_396-681,-1
1_396-717,-1
1_396-729,-1
1_396-757,-1
1_396-782,-1
1_396-799,-1
1_396-821,-1
1_396-840,-1
1_397-78,-1
1_397-97,-1
1_397-116,-1
1_397-131,-1
1_397-161,-1
1_397-179,-1
1_397-198,-1
1_397-215,-1
1_397-247,1
1_397-281,-1
1_397-317,-1
1_397-347,-1
1_397-365,-1
1_397-391,-1
1_397-426,-1
1_397-446,-1
1_397-489,-1
1_397-514,-1
1_397-541,-1
1_397-567,-1
1_397-605,-1
1_397-646,-1
1_397-667,-1
1_397-704,-1
1_397-737,-1
1_397-755,-1
1_397-777,-1
1_397-790,-1
1_397-809,-1
1_397-838,-1
1_398-55,-1
1_398-100,-1
1_398-117,-1
1_398-135,-1
1_398-155,-1
1_398-176,-1
1_398-189,-1
1_398-209,-1
1_398-238,-1
1_398-270,-1
1_398-288,-1
1_398-316,-1
1_398-330,-1
1_398-346,-1
1_398-368,-1
1_398-391,-1
1_398-427,-1
1_398-456,-1
1_398-477,-1
1_398-494,-1
1_398-539,-1
1_398-556,-1
1_398-575,-1
1_398-600,-1
1_398-627,-1
1_398-657,-1
1_398-682,-1
1_398-720,-1
1_398-734,-1
1_398-755,-1
1_398-772,-1
1_398-797,-1
1_398-828,-1
1_399-54,-1
1_399-89,0
1_399-118,-1
1_399-142,-1
1_399-172,-1
1_399-193,-1
1_399-212,-1
1_399-237,-1
1_399-264,-1
1_399-290,-1
1_399-310,-1
1_399-332,-1
1_399-351,-1
1_399-362,-1
1_399-383,-1
1_399-417,-1
1_399-435,-1
1_399-456,-1
1_399-485,-1
1_399-494,1
1_399-518,0
1_399-535,-1
1_399-561,-1
1_399-579,-1
1_399-589,-1
1_399-625,-1
1_399-647,-1
1_399-676,-1
1_399-723,-1
1_399-743,-1
1_399-769,-1
1_399-805,-1
1_399-829,-1
1_402-62,-1
1_402-89,-1
1_402-113,-1
1_402-134,-1
1_402-164,-1
1_402-203,-1
1_402-224,-1
1_402-246,-1
1_402-260,-1
1_402-279,-1
1_402-330,-1
1_402-339,-1
1_402-362,-1
1_402-378,-1
1_402-401,-1
1_402-425,-1
1_402-476,-1
1_402-489,-1
1_402-505,-1
1_402-546,-1
1_402-564,-1
1_402-583,-1
1_402-622,-1
1_402-634,-1
1_402-652,-1
1_402-665,-1
1_402-675,-1
1_402-688,-1
1_402-701,-1
1_402-727,-1
1_402-746,-1
1_402-766,-1
1_402-785,-1
1_402-805,-1
1_402-822,-1
1_402-846,-1
1_404-68,-1
1_404-92,-1
1_404-122,-1
1_404-137,-1
1_404-190,-1
1_404-213,-1
1_404-224,-1
1_404-250,-1
1_404-273,-1
1_404-311,-1
1_404-347,-1
1_404-387,-1
1_404-436,-1
1_404-460,-1
1_404-483,-1
1_404-510,-1
1_404-526,-1
1_404-552,-1
1_404-572,-1
1_404-589,-1
1_404-623,0
1_404-646,-1
1_404-678,-1
1_404-696,-1
1_404-716,-1
1_404-735,-1
1_404-758,-1
1_404-786,-1
1_404-831,-1
1_406-50,-1
1_406-68,-1
1_406-83,-1
1_406-108,-1
1_406-119,-1
1_406-171,-1
1_406-186,-1
1_406-199,-1
1_406-226,-1
1_406-264,-1
1_406-277,-1
1_406-312,-1
1_406-333,-1
1_406-360,-1
1_406-381,-1
1_406-402,-1
1_406-421,-1
1_406-465,-1
1_406-490,-1
1_406-522,-1
1_406-538,-1
1_406-555,-1
1_406-574,-1
1_406-588,-1
1_406-605,-1
1_406-649,-1
1_406-713,-1
1_406-754,-1
1_406-779,-1
1_406-839,-1
1_408-58,-1
1_408-87,-1
1_408-104,-1
1_408-125,0
1_408-161,-1
1_408-189,-1
1_408-225,-1
1_408-247,-1
1_408-273,-1
1_408-317,-1
1_408-349,-1
1_408-385,-1
1_408-408,0
1_408-437,-1
1_408-475,-1
1_408-507,-1
1_408-547,-1
1_408-566,-1
1_408-611,-1
1_408-648,-1
1_408-691,-1
1_408-715,-1
1_408-735,-1
1_408-773,-1
1_408-822,-1
1_410-49,-1
1_410-70,-1
1_410-104,-1
1_410-123,-1
1_410-149,-1
1_410-170,-1
1_410-196,-1
1_410-213,-1
1_410-228,-1
1_410-257,-1
1_410-272,-1
1_410-306,-1
1_410-319,-1
1_410-338,-1
1_410-361,-1
1_410-382,-1
1_410-402,-1
1_410-411,-1
1_410-439,-1
1_410-464,-1
1_410-474,-1
1_410-493,-1
1_410-502,-1
1_410-520,-1
1_410-533,-1
1_410-561,-1
1_410-588,-1
1_410-614,-1
1_410-632,-1
1_410-659,-1
1_410-693,-1
1_410-716,-1
1_410-742,-1
1_410-765,-1
1_410-801,-1
1_410-838,-1
1_412-80,-1
1_412-97,-1
1_412-106,-1
1_412-122,-1
1_412-140,-1
1_412-163,-1
1_412-188,-1
1_412-207,-1
1_412-232,-1
1_412-266,-1
1_412-288,-1
1_412-309,-1
1_412-344,-1
1_412-353,-1
1_412-368,-1
1_412-399,-1
1_412-410,-1
1_412-427,-1
1_412-450,-1
1_412-481,-1
1_412-500,-1
1_412-518,-1
1_412-533,-1
1_412-542,-1
1_412-561,-1
1_412-593,-1
1_412-630,-1
1_412-648,-1
1_412-669,-1
1_412-681,-1
1_412-699,-1
1_412-734,-1
1_412-761,-1
1_412-774,-1
1_412-804,-1
1_412-826,-1
1_412-846,-1
1_413-59,-1
1_413-75,-1
1_413-100,-1
1_413-141,-1
1_413-152,-1
1_413-168,-1
1_413-188,-1
1_413-251,-1
1_413-277,-1
1_413-321,-1
1_413-340,-1
1_413-357,-1
1_413-380,-1
1_413-418,-1
1_413-444,-1
1_413-458,-1
1_413-482,-1
1_413-513,-1
1_413-547,-1
1_413-571,-1
1_413-604,-1
1_413-627,-1
1_413-638,-1
1_413-666,-1
1_413-694,-1
1_413-709,-1
1_413-719,-1
1_413-760,-1
1_413-774,-1
1_413-798,-1
1_413-825,-1
1_416-83,-1
1_416-106,-1
1_416-132,-1
1_416-161,-1
1_416-180,-1
1_416-203,-1
1_416-222,-1
1_416-249,-1
1_416-283,-1
1_416-314,-1
1_416-334,-1
1_416-361,-1
1_416-393,-1
1_416-428,-1
1_416-468,-1
1_416-494,-1
1_416-519,-1
1_416-546,-1
1_416-579,-1
1_416-606,0
1_416-638,-1
1_416-668,-1
1_416-707,-1
1_416-722,-1
1_416-776,-1
1_416-796,-1
1_416-828,-1
1_421-64,-1
1_421-87,-1
1_421-109,-1
1_421-139,-1
1_421-195,-1
1_421-214,-1
1_421-236,-1
1_421-259,-1
1_421-282,-1
1_421-313,-1
1_421-368,-1
1_421-392,-1
1_421-415,-1
1_421-475,-1
1_421-493,-1
1_421-535,-1
1_421-581,-1
1_421-613,-1
1_421-637,-1
1_421-664,-1
1_421-676,-1
1_421-734,-1
1_421-767,-1
1_421-771,-1
1_421-794,-1
1_421-831,-1
1_423-61,-1
1_423-82,-1
1_423-93,-1
1_423-112,-1
1_423-146,-1
1_423-179,-1
1_423-212,-1
1_423-237,-1
1_423-249,-1
1_423-270,-1
1_423-285,-1
1_423-315,-1
1_423-334,-1
1_423-355,-1
1_423-372,-1
1_423-390,-1
1_423-408,-1
1_423-439,-1
1_423-459,-1
1_423-477,0
1_423-513,-1
1_423-542,-1
1_423-558,-1
1_423-583,-1
1_423-606,-1
1_423-632,-1
1_423-648,-1
1_423-681,-1
1_423-698,-1
1_423-714,-1
1_423-727,-1
1_423-754,-1
1_423-771,-1
1_423-789,-1
1_423-807,-1
1_423-817,-1
1_423-836,-1
1_424-69,-1
1_424-92,-1
1_424-118,-1
1_424-148,-1
1_424-162,-1
1_424-179,-1
1_424-218,-1
1_424-246,-1
1_424-272,-1
1_424-294,-1
1_424-325,-1
1_424-351,-1
1_424-367,-1
1_424-390,-1
1_424-414,-1
1_424-432,-1
1_424-456,-1
1_424-501,-1
1_424-525,-1
1_424-543,-1
1_424-567,-1
1_424-593,-1
1_424-611,-1
1_424-625,-1
1_424-650,-1
1_424-671,-1
1_424-687,-1
1_424-710,-1
1_424-735,-1
1_424-768,-1
1_424-798,-1
1_424-818,-1
1_424-831,-1
1_425-51,-1
1_425-78,-1
1_425-123,-1
1_425-156,-1
1_425-169,-1
1_425-192,-1
1_425-212,0
1_425-240,-1
1_425-286,-1
1_425-315,-1
1_425-342,-1
1_425-364,-1
1_425-397,-1
1_425-420,-1
1_425-438,-1
1_425-453,-1
1_425-475,-1
1_425-511,-1
1_425-532,-1
1_425-542,-1
1_425-553,-1
1_425-571,-1
1_425-585,-1
1_425-605,-1
1_425-641,-1
1_425-663,-1
1_425-672,-1
1_425-701,-1
1_425-725,-1
1_425-739,-1
1_425-758,-1
1_425-800,-1
1_425-836,-1
1_427-65,-1
1_427-87,-1
1_427-113,-1
1_427-139,-1
1_427-154,-1
1_427-183,-1
1_427-219,-1
1_427-233,-1
1_427-274,-1
1_427-297,-1
1_427-322,-1
1_427-349,-1
1_427-371,-1
1_427-418,-1
1_427-453,-1
1_427-467,-1
1_427-491,-1
1_427-513,-1
1_427-527,-1
1_427-550,-1
1_427-574,-1
1_427-588,-1
1_427-643,-1
1_427-696,-1
1_427-723,-1
1_427-746,-1
1_427-779,-1
1_427-793,-1
1_427-809,-1
1_427-824,-1
1_427-844,-1
1_428-50,-1
1_428-69,-1
1_428-96,-1
1_428-149,-1
1_428-188,-1
1_428-221,-1
1_428-239,-1
1_428-261,-1
1_428-279,-1
1_428-288,-1
1_428-309,-1
1_428-332,-1
1_428-353,0
1_428-372,-1
1_428-401,-1
1_428-429,-1
1_428-458,1
1_428-488,-1
1_428-514,-1
1_428-531,-1
1_428-554,-1
1_428-584,-1
1_428-610,-1
1_428-633,-1
1_428-655,-1
1_428-665,-1
1_428-680,-1
1_428-707,-1
1_428-738,-1
1_428-783,-1
1_428-816,-1
1_428-842,-1
1_431-51,-1
1_431-72,-1
1_431-83,-1
1_431-103,-1
1_431-120,-1
1_431-142,-1
1_431-165,-1
1_431-182,-1
1_431-202,-1
1_431-233,-1
1_431-247,-1
1_431-269,-1
1_431-294,0
1_431-323,-1
1_431-340,-1
1_431-352,-1
1_431-362,-1
1_431-386,-1
1_431-411,-1
1_431-433,-1
1_431-480,-1
1_431-506,-1
1_431-532,0
1_431-549,-1
1_431-569,-1
1_431-585,-1
1_431-600,-1
1_431-633,-1
1_431-655,-1
1_431-670,-1
1_431-684,-1
1_431-706,-1
1_431-739,-1
1_431-764,-1
1_431-780,-1
1_431-798,-1
1_431-821,-1
1_431-839,-1
1_433-70,-1
1_433-93,-1
1_433-131,-1
1_433-146,-1
1_433-170,-1
1_433-216,-1
1_433-242,-1
1_433-262,-1
1_433-278,-1
1_433-304,-1
1_433-333,-1
1_433-347,-1
1_433-372,-1
1_433-392,-1
1_433-427,-1
1_433-442,-1
1_433-460,-1
1_433-476,-1
1_433-492,-1
1_433-519,-1
1_433-541,-1
1_433-563,-1
1_433-579,-1
1_433-593,-1
1_433-618,-1
1_433-643,-1
1_433-656,-1
1_433-676,-1
1_433-708,-1
1_433-721,-1
1_433-742,-1
1_433-761,-1
1_433-782,-1
1_433-802,-1
1_434-73,-1
1_434-112,-1
1_434-142,-1
1_434-169,-1
1_434-181,1
1_434-211,-1
1_434-236,-1
1_434-257,-1
1_434-270,-1
1_434-293,-1
1_434-322,-1
1_434-344,-1
1_434-370,-1
1_434-380,-1
1_434-402,-1
1_434-422,-1
1_434-443,-1
1_434-469,-1
1_434-493,-1
1_434-511,-1
1_434-534,-1
1_434-553,-1
1_434-611,-1
1_434-633,-1
1_434-649,-1
1_434-686,-1
1_434-717,0
1_434-734,-1
1_434-760,-1
1_434-781,-1
1_434-799,-1
1_434-832,-1
1_434-846,-1
1_435-87,-1
1_435-109,-1
1_435-134,-1
1_435-164,-1
1_435-179,-1
1_435-193,-1
1_435-233,-1
1_435-264,-1
1_435-302,-1
1_435-319,-1
1_435-346,-1
1_435-367,-1
1_435-425,-1
1_435-473,-1
1_435-488,-1
1_435-525,-1
1_435-543,-1
1_435-577,-1
1_435-602,-1
1_435-634,-1
1_435-654,-1
1_435-684,-1
1_435-731,-1
1_435-752,-1
1_435-772,-1
1_435-802,-1
1_435-831,-1
1_443-66,-1
1_443-101,-1
1_443-114,-1
1_443-134,-1
1_443-154,0
1_443-178,-1
1_443-189,-1
1_443-240,-1
1_443-253,-1
1_443-283,-1
1_443-310,-1
1_443-333,-1
1_443-354,-1
1_443-373,-1
1_443-398,-1
1_443-427,-1
1_443-448,-1
1_443-473,-1
1_443-509,-1
1_443-534,-1
1_443-552,-1
1_443-589,-1
1_443-614,-1
1_443-642,-1
1_443-677,-1
1_443-705,-1
1_443-737,-1
1_443-752,-1
1_443-782,-1
1_443-803,-1
1_443-823,-1
1_443-845,-1
1_445-60,-1
1_445-79,-1
1_445-107,-1
1_445-138,-1
1_445-163,-1
1_445-204,-1
1_445-231,-1
1_445-255,-1
1_445-299,-1
1_445-312,-1
1_445-346,-1
1_445-368,-1
1_445-403,-1
1_445-416,-1
1_445-452,-1
1_445-513,-1
1_445-535,-1
1_445-560,-1
1_445-584,-1
1_445-601,-1
1_445-631,-1
1_445-655,-1
1_445-688,-1
1_445-739,-1
1_445-765,-1
1_445-784,-1
1_445-797,1
1_447-52,-1
1_447-71,-1
1_447-85,-1
1_447-102,-1
1_447-122,-1
1_447-141,-1
1_447-196,-1
1_447-236,-1
1_447-253,-1
1_447-295,-1
1_447-315,-1
1_447-330,-1
1_447-343,-1
1_447-380,-1
1_447-407,-1
1_447-440,-1
1_447-457,-1
1_447-479,-1
1_447-504,-1
1_447-525,-1
1_447-552,-1
1_447-580,-1
1_447-595,-1
1_447-643,-1
1_447-660,-1
1_447-697,-1
1_447-713,-1
1_447-727,-1
1_447-740,-1
1_447-782,-1
1_447-802,-1
1_447-810,-1
1_447-845,-1
1_448-53,-1
1_448-98,-1
1_448-118,-1
1_448-140,-1
1_448-197,-1
1_448-208,-1
1_448-228,-1
1_448-288,-1
1_448-340,-1
1_448-381,-1
1_448-402,-1
1_448-415,-1
1_448-441,-1
1_448-469,-1
1_448-501,-1
1_448-523,-1
1_448-537,-1
1_448-552,-1
1_448-613,-1
1_448-631,-1
1_448-655,-1
1_448-677,-1
1_448-695,-1
1_448-728,-1
1_448-750,-1
1_448-772,-1
1_448-791,-1
1_448-812,-1
1_448-842,-1
1_450-51,-1
1_450-76,-1
1_450-105,0
1_450-122,-1
1_450-148,-1
1_450-176,-1
1_450-204,-1
1_450-216,-1
1_450-255,-1
1_450-266,-1
1_450-288,-1
1_450-319,-1
1_450-343,-1
1_450-372,-1
1_450-392,-1
1_450-408,-1
1_450-443,-1
1_450-458,-1
1_450-472,-1
1_450-485,-1
1_450-512,-1
1_450-525,-1
1_450-548,-1
1_450-566,-1
1_450-585,-1
1_450-608,-1
1_450-634,-1
1_450-664,-1
1_450-700,-1
1_450-713,-1
1_450-739,-1
1_450-767,-1
1_450-796,-1
1_450-812,-1
1_450-827,-1
1_450-850,-1
1_451-52,-1
1_451-67,-1
1_451-96,-1
1_451-129,-1
1_451-151,-1
1_451-172,-1
1_451-211,0
1_451-225,-1
1_451-266,-1
1_451-291,-1
1_451-318,-1
1_451-336,-1
1_451-358,-1
1_451-389,-1
1_451-418,-1
1_451-439,-1
1_451-487,-1
1_451-502,-1
1_451-521,-1
1_451-546,-1
1_451-573,-1
1_451-584,-1
1_451-609,-1
1_451-635,-1
1_451-676,-1
1_451-690,-1
1_451-711,-1
1_451-735,-1
1_451-756,-1
1_451-773,-1
1_451-796,-1
1_451-818,-1
1_452-78,-1
1_452-108,-1
1_452-127,-1
1_452-135,-1
1_452-148,-1
1_452-166,-1
1_452-184,-1
1_452-203,-1
1_452-230,-1
1_452-246,1
1_452-258,-1
1_452-273,-1
1_452-309,-1
1_452-329,-1
1_452-374,-1
1_452-400,-1
1_452-421,-1
1_452-434,-1
1_452-446,-1
1_452-458,0
1_452-477,-1
1_452-492,-1
1_452-524,-1
1_452-546,-1
1_452-565,-1
1_452-588,-1
1_452-616,-1
1_452-640,-1
1_452-669,-1
1_452-691,-1
1_452-725,-1
1_452-755,-1
1_452-776,-1
1_452-804,-1
1_452-825,-1
1_452-846,-1
1_453-58,-1
1_453-78,-1
1_453-100,-1
1_453-122,-1
1_453-150,-1
1_453-207,-1
1_453-226,-1
1_453-256,-1
1_453-276,-1
1_453-298,-1
1_453-324,-1
1_453-343,-1
1_453-387,-1
1_453-413,-1
1_453-452,-1
1_453-467,-1
1_453-502,0
1_453-519,-1
1_453-537,-1
1_453-560,-1
1_453-582,-1
1_453-605,-1
1_453-631,-1
1_453-663,-1
1_453-698,-1
1_453-734,-1
1_453-783,-1
1_453-804,-1
1_453-832,-1
1_456-66,-1
1_456-101,-1
1_456-118,-1
1_456-150,-1
1_456-179,-1
1_456-194,-1
1_456-218,-1
1_456-233,-1
1_456-247,-1
1_456-271,-1
1_456-295,-1
1_456-319,-1
1_456-348,-1
1_456-366,-1
1_456-382,0
1_456-394,-1
1_456-422,-1
1_456-441,-1
1_456-449,-1
1_456-483,-1
1_456-505,-1
1_456-548,-1
1_456-563,-1
1_456-583,-1
1_456-599,-1
1_456-621,-1
1_456-637,-1
1_456-657,-1
1_456-690,-1
1_456-723,-1
1_456-741,-1
1_456-760,-1
1_456-773,-1
1_456-802,-1
1_456-814,-1
1_456-830,-1
1_457-62,-1
1_457-81,1
1_457-101,-1
1_457-109,-1
1_457-139,1
1_457-164,-1
1_457-205,-1
1_457-231,-1
1_457-256,-1
1_457-281,-1
1_457-316,-1
1_457-352,-1
1_457-375,-1
1_457-401,-1
1_457-426,-1
1_457-465,-1
1_457-478,-1
1_457-507,-1
1_457-534,-1
1_457-560,-1
1_457-575,-1
1_457-592,-1
1_457-627,0
1_457-657,-1
1_457-673,-1
1_457-685,-1
1_457-741,0
1_457-758,-1
1_457-773,-1
1_457-800,-1
1_457-826,-1
1_457-837,-1
1_459-63,1
1_459-98,-1
1_459-118,-1
1_459-141,-1
1_459-158,-1
1_459-172,-1
1_459-190,0
1_459-200,-1
1_459-225,-1
1_459-238,-1
1_459-266,-1
1_459-286,-1
1_459-301,-1
1_459-315,-1
1_459-337,-1
1_459-345,-1
1_459-363,-1
1_459-379,-1
1_459-419,-1
1_459-440,-1
1_459-445,-1
1_459-466,-1
1_459-482,-1
1_459-518,-1
1_459-547,-1
1_459-561,-1
1_459-580,-1
1_459-612,-1
1_459-645,-1
1_459-658,-1
1_459-669,-1
1_459-690,-1
1_459-714,-1
1_459-736,-1
1_459-749,-1
1_459-762,-1
1_459-777,-1
1_459-794,-1
1_459-825,-1
1_459-842,-1
1_460-66,-1
1_460-85,-1
1_460-106,-1
1_460-126,-1
1_460-145,-1
1_460-167,-1
1_460-192,-1
1_460-249,-1
1_460-278,-1
1_460-304,-1
1_460-338,-1
1_460-378,-1
1_460-408,-1
1_460-433,-1
1_460-454,-1
1_460-469,-1
1_460-499,-1
1_460-518,-1
1_460-540,-1
1_460-564,-1
1_460-581,-1
1_460-594,-1
1_460-610,-1
1_460-641,-1
1_460-669,-1
1_460-693,-1
1_460-711,-1
1_460-726,-1
1_460-754,-1
1_460-769,-1
1_460-788,-1
1_460-813,-1
1_460-823,-1
1_460-850,-1
1_461-52,-1
1_461-70,-1
1_461-99,-1
1_461-121,-1
1_461-139,0
1_461-164,-1
1_461-194,-1
1_461-219,-1
1_461-241,-1
1_461-294,-1
1_461-322,-1
1_461-337,-1
1_461-374,-1
1_461-390,-1
1_461-411,-1
1_461-437,-1
1_461-448,-1
1_461-479,-1
1_461-514,-1
1_461-537,-1
1_461-557,-1
1_461-582,-1
1_461-595,-1
1_461-625,-1
1_461-644,-1
1_461-667,-1
1_461-689,-1
1_461-716,-1
1_461-743,0
1_461-761,-1
1_461-777,-1
1_461-800,-1
1_461-826,-1
1_461-847,-1
1_462-56,0
1_462-71,-1
1_462-86,-1
1_462-105,-1
1_462-128,-1
1_462-149,1
1_462-160,-1
1_462-181,-1
1_462-205,-1
1_462-218,0
1_462-232,-1
1_462-246,-1
1_462-264,-1
1_462-272,-1
1_462-296,-1
1_462-324,-1
1_462-342,-1
1_462-373,-1
1_462-393,-1
1_462-410,-1
1_462-429,-1
1_462-445,-1
1_462-479,-1
1_462-506,-1
1_462-524,-1
1_462-544,-1
1_462-575,-1
1_462-602,-1
1_462-622,-1
1_462-634,-1
1_462-653,-1
1_462-670,-1
1_462-693,-1
1_462-711,-1
1_462-731,-1
1_462-768,-1
1_462-793,-1
1_462-806,-1
1_462-822,-1
1_464-67,-1
1_464-97,-1
1_464-117,-1
1_464-145,-1
1_464-152,-1
1_464-194,-1
1_464-255,-1
1_464-273,-1
1_464-294,-1
1_464-335,-1
1_464-356,-1
1_464-368,-1
1_464-388,-1
1_464-413,-1
1_464-439,-1
1_464-471,-1
1_464-493,-1
1_464-525,-1
1_464-541,-1
1_464-579,-1
1_464-608,-1
1_464-632,-1
1_464-657,0
1_464-690,-1
1_464-720,-1
1_464-744,-1
1_464-811,-1
1_464-831,-1
1_466-63,-1
1_466-114,-1
1_466-137,-1
1_466-156,-1
1_466-194,-1
1_466-212,-1
1_466-245,-1
1_466-269,-1
1_466-287,-1
1_466-304,-1
1_466-339,-1
1_466-382,-1
1_466-407,-1
1_466-440,-1
1_466-467,-1
1_466-505,-1
1_466-532,-1
1_466-553,-1
1_466-569,-1
1_466-578,-1
1_466-633,-1
1_466-652,-1
1_466-674,-1
1_466-693,-1
1_466-713,-1
1_466-735,-1
1_466-761,1
1_466-798,-1
1_466-817,-1
1_466-830,-1
1_466-850,-1
1_471-71,-1
1_471-94,1
1_471-129,-1
1_471-152,-1
1_471-171,-1
1_471-220,-1
1_471-250,-1
1_471-283,-1
1_471-307,-1
1_471-323,-1
1_471-337,-1
1_471-360,-1
1_471-381,-1
1_471-391,-1
1_471-437,-1
1_471-444,-1
1_471-468,-1
1_471-483,-1
1_471-501,-1
1_471-555,-1
1_471-572,-1
1_471-615,-1
1_471-658,-1
1_471-689,0
1_471-717,-1
1_471-746,-1
1_471-766,1
1_471-786,-1
1_471-809,-1
1_472-50,-1
1_472-74,-1
1_472-101,-1
1_472-119,-1
1_472-145,-1
1_472-172,-1
1_472-188,-1
1_472-207,-1
1_472-231,-1
1_472-245,-1
1_472-262,-1
1_472-276,-1
1_472-317,-1
1_472-353,-1
1_472-367,-1
1_472-402,-1
1_472-419,-1
1_472-436,-1
1_472-462,-1
1_472-475,-1
1_472-504,-1
1_472-551,-1
1_472-571,-1
1_472-594,-1
1_472-617,-1
1_472-637,-1
1_472-656,0
1_472-682,-1
1_472-709,-1
1_472-728,-1
1_472-744,-1
1_472-796,-1
1_472-813,-1
1_472-837,-1
1_475-57,-1
1_475-87,-1
1_475-119,-1
1_475-146,-1
1_475-184,-1
1_475-229,-1
1_475-259,-1
1_475-285,-1
1_475-308,-1
1_475-348,-1
1_475-376,-1
1_475-399,-1
1_475-419,-1
1_475-440,-1
1_475-457,-1
1_475-484,-1
1_475-535,-1
1_475-563,-1
1_475-594,-1
1_475-621,-1
1_475-672,-1
1_475-691,1
1_475-714,-1
1_475-772,-1
1_475-818,-1
1_475-840,-1
1_484-56,-1
1_484-76,-1
1_484-101,-1
1_484-144,-1
1_484-161,-1
1_484-201,-1
1_484-235,-1
1_484-249,-1
1_484-258,-1
1_484-281,-1
1_484-289,-1
1_484-341,-1
1_484-360,-1
1_484-390,-1
1_484-412,-1
1_484-444,-1
1_484-460,-1
1_484-475,-1
1_484-495,-1
1_484-526,-1
1_484-546,-1
1_484-570,-1
1_484-593,-1
1_484-616,-1
1_484-637,-1
1_484-667,-1
1_484-708,-1
1_484-720,-1
1_484-734,-1
1_484-778,-1
1_484-797,-1
1_484-818,-1
1_484-844,-1
1_487-55,-1
1_487-68,-1
1_487-85,-1
1_487-132,-1
1_487-158,-1
1_487-180,-1
1_487-201,-1
1_487-226,-1
1_487-242,-1
1_487-268,-1
1_487-292,-1
1_487-316,-1
1_487-336,-1
1_487-369,-1
1_487-405,-1
1_487-428,-1
1_487-465,-1
1_487-509,-1
1_487-553,-1
1_487-576,-1
1_487-616,-1
1_487-660,-1
1_487-674,-1
1_487-696,-1
1_487-720,-1
1_487-741,-1
1_487-755,-1
1_487-781,-1
1_487-830,-1
1_487-845,-1
1_490-62,-1
1_490-83,0
1_490-120,-1
1_490-160,-1
1_490-181,-1
1_490-204,-1
1_490-248,-1
1_490-273,-1
1_490-303,-1
1_490-317,-1
1_490-349,-1
1_490-370,-1
1_490-389,-1
1_490-445,-1
1_490-494,-1
1_490-523,-1
1_490-542,-1
1_490-571,-1
1_490-597,-1
1_490-629,-1
1_490-707,-1
1_490-741,-1
1_490-777,-1
1_490-811,-1
1_491-53,-1
1_491-69,-1
1_491-102,-1
1_491-122,-1
1_491-156,1
1_491-209,-1
1_491-235,-1
1_491-255,-1
1_491-285,-1
1_491-306,-1
1_491-325,-1
1_491-351,-1
1_491-363,-1
1_491-386,-1
1_491-403,-1
1_491-421,-1
1_491-438,-1
1_491-456,-1
1_491-484,-1
1_491-502,-1
1_491-526,-1
1_491-549,-1
1_491-571,-1
1_491-600,0
1_491-638,-1
1_491-660,-1
1_491-692,-1
1_491-719,-1
1_491-730,-1
1_491-757,-1
1_491-774,-1
1_491-798,-1
1_491-819,-1
1_492-50,-1
1_492-72,-1
1_492-108,-1
1_492-127,-1
1_492-144,-1
1_492-159,-1
1_492-181,-1
1_492-196,-1
1_492-230,-1
1_492-275,-1
1_492-293,-1
1_492-326,-1
1_492-364,-1
1_492-406,-1
1_492-424,-1
1_492-445,-1
1_492-459,-1
1_492-476,-1
1_492-494,-1
1_492-514,0
1_492-534,-1
1_492-562,-1
1_492-574,-1
1_492-587,-1
1_492-603,-1
1_492-622,-1
1_492-640,-1
1_492-667,-1
1_492-681,-1
1_492-701,-1
1_492-736,-1
1_492-760,-1
1_492-783,-1
1_492-805,-1
1_492-828,-1
1_492-846,-1
1_494-52,-1
1_494-77,-1
1_494-104,-1
1_494-122,-1
1_494-165,-1
1_494-185,-1
1_494-200,-1
1_494-212,-1
1_494-254,-1
1_494-279,-1
1_494-296,0
1_494-339,-1
1_494-353,-1
1_494-408,-1
1_494-420,-1
1_494-456,-1
1_494-495,-1
1_494-527,-1
1_494-546,-1
1_494-583,-1
1_494-602,-1
1_494-646,-1
1_494-686,-1
1_494-709,-1
1_494-727,-1
1_494-749,-1
1_494-767,-1
1_494-788,-1
1_494-811,-1
1_494-849,-1
1_496-50,-1
1_496-74,-1
1_496-105,-1
1_496-124,-1
1_496-142,1
1_496-194,-1
1_496-207,-1
1_496-241,-1
1_496-257,-1
1_496-279,-1
1_496-303,-1
1_496-328,-1
1_496-340,-1
1_496-362,-1
1_496-378,-1
1_496-402,-1
1_496-433,-1
1_496-469,-1
1_496-509,-1
1_496-524,-1
1_496-551,-1
1_496-562,-1
1_496-584,-1
1_496-607,-1
1_496-637,-1
1_496-675,-1
1_496-706,-1
1_496-723,-1
1_496-763,-1
1_496-779,-1
1_496-793,-1
1_496-811,-1
1_496-833,-1
1_497-52,-1
1_497-70,-1
1_497-103,-1
1_497-116,-1
1_497-133,-1
1_497-160,-1
1_497-173,-1
1_497-195,-1
1_497-213,-1
1_497-236,-1
1_497-261,-1
1_497-283,-1
1_497-299,-1
1_497-324,-1
1_497-342,-1
1_497-371,-1
1_497-385,-1
1_497-401,-1
1_497-429,-1
1_497-453,-1
1_497-474,-1
1_497-501,-1
1_497-534,-1
1_497-572,-1
1_497-597,-1
1_497-621,-1
1_497-634,-1
1_497-648,-1
1_497-672,-1
1_497-733,-1
1_497-756,-1
1_497-785,-1
1_497-807,-1
1_497-850,-1
1_500-70,-1
1_500-104,-1
1_500-121,-1
1_500-150,-1
1_500-186,-1
1_500-210,-1
1_500-238,-1
1_500-267,-1
1_500-317,-1
1_500-339,-1
1_500-361,-1
1_500-386,1
1_500-408,-1
1_500-433,-1
1_500-466,-1
1_500-493,-1
1_500-513,-1
1_500-532,-1
1_500-577,-1
1_500-593,-1
1_500-617,-1
1_500-644,-1
1_500-677,-1
1_500-704,-1
1_500-719,-1
1_500-739,-1
1_500-783,-1
1_500-809,-1
1_500-827,-1
1_500-841,-1
1_501-91,-1
1_501-107,-1
1_501-137,-1
1_501-156,-1
1_501-175,-1
1_501-194,-1
1_501-238,-1
1_501-266,-1
1_501-287,-1
1_501-300,-1
1_501-352,-1
1_501-377,-1
1_501-391,-1
1_501-422,-1
1_501-437,-1
1_501-467,-1
1_501-493,-1
1_501-502,-1
1_501-521,-1
1_501-544,-1
1_501-564,-1
1_501-626,-1
1_501-671,-1
1_501-697,-1
1_501-725,-1
1_501-752,-1
1_501-773,-1
1_501-807,-1
1_501-845,-1
1_503-70,0
1_503-102,-1
1_503-114,-1
1_503-131,-1
1_503-160,0
1_503-180,-1
1_503-204,-1
1_503-232,-1
1_503-260,-1
1_503-279,-1
1_503-309,-1
1_503-329,-1
1_503-355,-1
1_503-423,-1
1_503-437,0
1_503-476,-1
1_503-519,-1
1_503-538,-1
1_503-558,-1
1_503-576,-1
1_503-595,-1
1_503-618,-1
1_503-634,-1
1_503-653,-1
1_503-671,-1
1_503-689,-1
1_503-708,-1
1_503-731,-1
1_503-745,-1
1_503-761,-1
1_503-772,-1
1_503-800,-1
1_503-821,-1
1_504-60,-1
1_504-83,-1
1_504-107,-1
1_504-127,-1
1_504-193,-1
1_504-231,-1
1_504-276,-1
1_504-303,-1
1_504-331,-1
1_504-359,-1
1_504-421,-1
1_504-447,-1
1_504-466,-1
1_504-512,-1
1_504-537,-1
1_504-562,-1
1_504-585,-1
1_504-629,-1
1_504-643,-1
1_504-667,-1
1_504-693,-1
1_504-725,-1
1_504-739,-1
1_504-756,-1
1_504-775,-1
1_504-806,-1
1_504-817,-1
1_504-839,-1
1_507-71,-1
1_507-82,-1
1_507-98,-1
1_507-126,-1
1_507-139,-1
1_507-169,-1
1_507-187,-1
1_507-210,-1
1_507-225,-1
1_507-242,-1
1_507-261,-1
1_507-281,-1
1_507-302,-1
1_507-322,-1
1_507-339,-1
1_507-363,-1
1_507-419,-1
1_507-457,-1
1_507-482,-1
1_507-502,-1
1_507-522,-1
1_507-541,-1
1_507-560,-1
1_507-582,-1
1_507-605,-1
1_507-626,-1
1_507-645,-1
1_507-665,-1
1_507-674,-1
1_507-706,-1
1_507-719,-1
1_507-742,-1
1_507-774,-1
1_507-808,-1
1_507-843,-1
1_508-60,-1
1_508-74,-1
1_508-98,-1
1_508-114,-1
1_508-131,-1
1_508-148,-1
1_508-179,-1
1_508-193,-1
1_508-243,-1
1_508-250,-1
1_508-273,-1
1_508-288,-1
1_508-306,-1
1_508-331,-1
1_508-343,-1
1_508-361,-1
1_508-370,-1
1_508-397,-1
1_508-417,-1
1_508-462,0
1_508-484,-1
1_508-506,-1
1_508-525,-1
1_508-540,-1
1_508-577,-1
1_508-594,-1
1_508-613,-1
1_508-631,-1
1_508-648,-1
1_508-674,-1
1_508-693,-1
1_508-710,-1
1_508-730,-1
1_508-747,-1
1_508-762,-1
1_508-780,-1
1_508-799,0
1_508-821,-1
1_509-51,-1
1_509-93,-1
1_509-117,-1
1_509-147,-1
1_509-195,-1
1_509-209,-1
1_509-233,-1
1_509-253,-1
1_509-271,-1
1_509-301,-1
1_509-317,-1
1_509-353,-1
1_509-365,-1
1_509-396,-1
1_509-416,-1
1_509-450,-1
1_509-465,-1
1_509-517,-1
1_509-548,-1
1_509-574,-1
1_509-627,-1
1_509-645,-1
1_509-673,-1
1_509-690,-1
1_509-704,-1
1_509-717,-1
1_509-734,-1
1_509-760,-1
1_509-798,-1
1_509-824,-1
1_509-834,-1
1_514-51,-1
1_514-70,-1
1_514-90,-1
1_514-103,-1
1_514-133,-1
1_514-150,-1
1_514-170,-1
1_514-197,-1
1_514-223,-1
1_514-240,-1
1_514-263,-1
1_514-298,-1
1_514-325,-1
1_514-343,-1
1_514-358,-1
1_514-379,-1
1_514-401,-1
1_514-420,-1
1_514-428,-1
1_514-444,-1
1_514-464,-1
1_514-490,-1
1_514-515,-1
1_514-527,0
1_514-539,-1
1_514-562,-1
1_514-577,-1
1_514-591,-1
1_514-605,-1
1_514-625,-1
1_514-653,-1
1_514-681,-1
1_514-693,-1
1_514-710,-1
1_514-738,-1
1_514-757,-1
1_514-791,-1
1_514-808,-1
1_514-836,-1
1_519-56,-1
1_519-70,-1
1_519-88,-1
1_519-109,-1
1_519-129,-1
1_519-157,-1
1_519-215,-1
1_519-242,-1
1_519-256,-1
1_519-276,-1
1_519-304,-1
1_519-316,-1
1_519-337,-1
1_519-352,-1
1_519-415,-1
1_519-462,-1
1_519-497,-1
1_519-519,-1
1_519-535,-1
1_519-562,-1
1_519-566,-1
1_519-585,-1
1_519-613,-1
1_519-647,-1
1_519-701,-1
1_519-730,-1
1_519-769,-1
1_519-807,-1
1_519-826,-1
1_519-848,-1
1_524-63,-1
1_524-76,-1
1_524-99,-1
1_524-115,-1
1_524-136,-1
1_524-153,0
1_524-166,-1
1_524-179,-1
1_524-209,-1
1_524-236,-1
1_524-254,-1
1_524-268,-1
1_524-289,-1
1_524-301,-1
1_524-324,-1
1_524-341,-1
1_524-366,-1
1_524-388,-1
1_524-414,-1
1_524-438,-1
1_524-457,-1
1_524-467,-1
1_524-495,-1
1_524-504,-1
1_524-527,-1
1_524-553,-1
1_524-581,-1
1_524-597,-1
1_524-613,-1
1_524-642,-1
1_524-668,-1
1_524-682,-1
1_524-700,-1
1_524-720,-1
1_524-736,-1
1_524-755,-1
1_524-775,-1
1_524-795,-1
1_524-813,-1
1_524-836,-1
1_526-60,-1
1_526-83,-1
1_526-114,-1
1_526-147,0
1_526-177,-1
1_526-199,-1
1_526-222,-1
1_526-247,-1
1_526-279,-1
1_526-302,-1
1_526-330,-1
1_526-368,-1
1_526-412,-1
1_526-449,-1
1_526-470,0
1_526-501,-1
1_526-528,-1
1_526-550,-1
1_526-567,-1
1_526-588,-1
1_526-634,-1
1_526-649,-1
1_526-670,-1
1_526-706,0
1_526-721,-1
1_526-742,-1
1_526-766,-1
1_526-782,-1
1_526-802,-1
1_526-832,-1
1_526-840,0
1_529-67,-1
1_529-94,-1
1_529-110,-1
1_529-133,-1
1_529-173,-1
1_529-202,-1
1_529-244,-1
1_529-268,-1
1_529-311,-1
1_529-342,-1
1_529-359,-1
1_529-390,-1
1_529-410,-1
1_529-432,-1
1_529-459,-1
1_529-492,-1
1_529-528,-1
1_529-581,-1
1_529-617,-1
1_529-663,-1
1_529-691,-1
1_529-714,-1
1_529-737,-1
1_529-763,-1
1_529-779,-1
1_529-823,-1
1_530-51,-1
1_530-86,-1
1_530-106,-1
1_530-131,-1
1_530-156,-1
1_530-174,-1
1_530-191,-1
1_530-221,-1
1_530-244,0
1_530-277,-1
1_530-293,-1
1_530-312,-1
1_530-330,-1
1_530-367,-1
1_530-402,-1
1_530-415,-1
1_530-465,-1
1_530-501,-1
1_530-524,-1
1_530-569,-1
1_530-585,-1
1_530-603,-1
1_530-632,-1
1_530-655,-1
1_530-685,-1
1_530-717,-1
1_530-740,-1
1_530-764,-1
1_530-789,-1
1_530-812,-1
1_530-849,-1
1_531-63,-1
1_531-98,-1
1_531-114,-1
1_531-146,-1
1_531-170,-1
1_531-198,0
1_531-225,-1
1_531-271,-1
1_531-291,-1
1_531-317,-1
1_531-338,-1
1_531-375,-1
1_531-388,-1
1_531-415,-1
1_531-452,-1
1_531-478,-1
1_531-507,-1
1_531-523,-1
1_531-543,-1
1_531-562,-1
1_531-580,-1
1_531-609,-1
1_531-627,-1
1_531-647,-1
1_531-664,-1
1_531-690,-1
1_531-706,-1
1_531-726,-1
1_531-746,-1
1_531-769,-1
1_531-795,-1
1_531-814,-1
1_531-830,-1
1_536-61,-1
1_536-96,-1
1_536-112,-1
1_536-124,-1
1_536-140,-1
1_536-172,-1
1_536-184,-1
1_536-215,-1
1_536-238,-1
1_536-286,-1
1_536-311,-1
1_536-335,-1
1_536-353,-1
1_536-378,-1
1_536-397,-1
1_536-431,-1
1_536-453,-1
1_536-473,-1
1_536-502,-1
1_536-515,-1
1_536-547,-1
1_536-576,-1
1_536-588,-1
1_536-616,-1
1_536-637,-1
1_536-659,-1
1_536-687,-1
1_536-713,-1
1_536-735,-1
1_536-760,-1
1_536-776,-1
1_536-795,-1
1_536-820,-1
1_536-839,-1
1_539-58,1
1_539-86,-1
1_539-114,-1
1_539-153,-1
1_539-173,-1
1_539-194,-1
1_539-222,-1
1_539-232,-1
1_539-249,-1
1_539-278,-1
1_539-306,1
1_539-333,-1
1_539-359,-1
1_539-375,-1
1_539-401,-1
1_539-436,-1
1_539-455,-1
1_539-491,-1
1_539-520,-1
1_539-539,-1
1_539-577,-1
1_539-602,-1
1_539-617,-1
1_539-637,-1
1_539-656,-1
1_539-688,-1
1_539-710,-1
1_539-735,-1
1_539-746,-1
1_539-765,-1
1_539-777,-1
1_539-798,-1
1_539-819,-1
1_539-839,-1
1_544-52,-1
1_544-80,-1
1_544-100,-1
1_544-114,-1
1_544-130,-1
1_544-151,-1
1_544-173,-1
1_544-197,-1
1_544-223,-1
1_544-251,-1
1_544-284,-1
1_544-301,-1
1_544-331,-1
1_544-349,-1
1_544-363,-1
1_544-380,-1
1_544-410,-1
1_544-421,-1
1_544-440,-1
1_544-463,-1
1_544-480,-1
1_544-504,-1
1_544-519,-1
1_544-547,-1
1_544-586,-1
1_544-605,-1
1_544-628,-1
1_544-637,-1
1_544-667,-1
1_544-698,-1
1_544-717,-1
1_544-762,-1
1_544-782,-1
1_544-818,-1
1_544-828,-1
1_544-847,-1
1_545-72,-1
1_545-85,-1
1_545-101,-1
1_545-112,-1
1_545-133,-1
1_545-170,-1
1_545-208,-1
1_545-247,-1
1_545-264,-1
1_545-280,-1
1_545-296,-1
1_545-311,-1
1_545-327,-1
1_545-352,-1
1_545-370,-1
1_545-399,-1
1_545-417,-1
1_545-453,-1
1_545-466,-1
1_545-483,-1
1_545-511,-1
1_545-536,-1
1_545-558,-1
1_545-568,-1
1_545-587,-1
1_545-611,-1
1_545-640,-1
1_545-682,-1
1_545-693,-1
1_545-709,-1
1_545-724,-1
1_545-745,-1
1_545-757,-1
1_545-784,-1
1_545-806,-1
1_545-824,-1
1_545-850,-1
1_548-50,-1
1_548-67,-1
1_548-96,-1
1_548-138,-1
1_548-176,-1
1_548-198,-1
1_548-222,-1
1_548-266,-1
1_548-294,-1
1_548-304,-1
1_548-325,-1
1_548-352,-1
1_548-379,-1
1_548-411,-1
1_548-430,-1
1_548-444,-1
1_548-484,-1
1_548-497,-1
1_548-521,-1
1_548-548,-1
1_548-561,-1
1_548-579,-1
1_548-595,-1
1_548-628,-1
1_548-679,-1
1_548-698,-1
1_548-716,-1
1_548-726,-1
1_548-748,-1
1_548-788,-1
1_548-808,-1
1_548-826,-1
1_554-52,-1
1_554-66,-1
1_554-88,-1
1_554-119,-1
1_554-131,-1
1_554-163,-1
1_554-199,-1
1_554-209,-1
1_554-240,-1
1_554-262,-1
1_554-300,-1
1_554-313,-1
1_554-332,-1
1_554-350,-1
1_554-366,-1
1_554-389,-1
1_554-409,-1
1_554-434,-1
1_554-460,-1
1_554-477,-1
1_554-507,-1
1_554-525,-1
1_554-552,-1
1_554-567,-1
1_554-591,-1
1_554-611,-1
1_554-625,-1
1_554-658,-1
1_554-697,0
1_554-731,-1
1_554-752,-1
1_554-767,-1
1_554-785,-1
1_554-800,-1
1_554-824,-1
1_554-844,-1
1_555-79,-1
1_555-97,-1
1_555-106,-1
1_555-130,-1
1_555-159,-1
1_555-182,-1
1_555-197,-1
1_555-228,-1
1_555-255,-1
1_555-265,-1
1_555-299,-1
1_555-334,-1
1_555-369,-1
1_555-401,-1
1_555-423,0
1_555-454,-1
1_555-481,-1
1_555-500,-1
1_555-519,-1
1_555-536,-1
1_555-550,-1
1_555-571,-1
1_555-604,-1
1_555-638,-1
1_555-663,0
1_555-690,-1
1_555-712,-1
1_555-753,-1
1_555-770,-1
1_555-807,-1
1_555-840,-1
1_557-50,-1
1_557-67,-1
1_557-99,-1
1_557-119,-1
1_557-138,-1
1_557-155,-1
1_557-181,-1
1_557-206,-1
1_557-238,-1
1_557-277,-1
1_557-303,-1
1_557-344,-1
1_557-356,-1
1_557-395,-1
1_557-416,-1
1_557-438,-1
1_557-462,-1
1_557-479,-1
1_557-510,-1
1_557-540,-1
1_557-556,-1
1_557-578,-1
1_557-590,-1
1_557-609,-1
1_557-631,-1
1_557-649,-1
1_557-672,-1
1_557-696,-1
1_557-726,-1
1_557-743,-1
1_557-761,-1
1_557-780,-1
1_557-796,-1
1_557-823,-1
1_557-845,-1
1_558-50,-1
1_558-77,-1
1_558-119,-1
1_558-146,-1
1_558-178,-1
1_558-203,-1
1_558-221,-1
1_558-255,-1
1_558-275,-1
1_558-313,-1
1_558-329,-1
1_558-375,-1
1_558-403,-1
1_558-439,-1
1_558-470,-1
1_558-495,-1
1_558-522,-1
1_558-541,-1
1_558-564,-1
1_558-592,-1
1_558-624,-1
1_558-647,1
1_558-681,-1
1_558-710,-1
1_558-726,0
1_558-741,-1
1_558-798,-1
1_558-819,-1
1_558-839,-1
1_562-51,-1
1_562-60,-1
1_562-71,-1
1_562-103,-1
1_562-144,-1
1_562-170,-1
1_562-193,-1
1_562-217,-1
1_562-233,-1
1_562-273,-1
1_562-284,0
1_562-309,-1
1_562-320,-1
1_562-334,-1
1_562-349,-1
1_562-371,-1
1_562-393,-1
1_562-427,-1
1_562-452,-1
1_562-480,-1
1_562-509,-1
1_562-542,-1
1_562-563,-1
1_562-578,-1
1_562-598,-1
1_562-645,-1
1_562-665,-1
1_562-689,-1
1_562-712,-1
1_562-731,-1
1_562-746,-1
1_562-756,-1
1_562-794,-1
1_562-811,-1
1_562-848,-1
1_563-60,-1
1_563-96,-1
1_563-118,-1
1_563-143,-1
1_563-159,-1
1_563-180,-1
1_563-203,-1
1_563-229,0
1_563-275,-1
1_563-310,-1
1_563-329,-1
1_563-358,-1
1_563-374,-1
1_563-407,-1
1_563-441,-1
1_563-457,-1
1_563-479,-1
1_563-508,-1
1_563-532,-1
1_563-573,-1
1_563-584,-1
1_563-608,-1
1_563-637,-1
1_563-667,-1
1_563-721,-1
1_563-740,-1
1_563-765,-1
1_563-795,-1
1_563-824,-1
1_563-848,-1
1_573-58,-1
1_573-86,-1
1_573-105,-1
1_573-119,-1
1_573-136,-1
1_573-165,-1
1_573-187,-1
1_573-217,-1
1_573-239,-1
1_573-264,-1
1_573-286,-1
1_573-304,-1
1_573-334,-1
1_573-364,-1
1_573-421,-1
1_573-446,-1
1_573-471,-1
1_573-515,-1
1_573-530,-1
1_573-549,-1
1_573-583,-1
1_573-609,-1
1_573-634,-1
1_573-655,-1
1_573-681,-1
1_573-710,-1
1_573-723,-1
1_573-756,-1
1_573-787,-1
1_573-811,-1
1_573-844,1
1_574-69,-1
1_574-105,-1
1_574-133,-1
1_574-149,-1
1_574-170,-1
1_574-220,-1
1_574-257,-1
1_574-272,-1
1_574-317,-1
1_574-338,-1
1_574-365,-1
1_574-394,-1
1_574-406,-1
1_574-420,-1
1_574-451,-1
1_574-492,-1
1_574-514,-1
1_574-541,-1
1_574-567,-1
1_574-594,-1
1_574-610,-1
1_574-644,-1
1_574-684,-1
1_574-708,-1
1_574-729,-1
1_574-760,-1
1_574-781,-1
1_574-805,-1
1_574-821,-1
1_574-845,-1
1_575-61,-1
1_575-112,-1
1_575-138,-1
1_575-155,-1
1_575-181,0
1_575-208,-1
1_575-231,-1
1_575-247,-1
1_575-275,-1
1_575-293,-1
1_575-305,-1
1_575-320,-1
1_575-381,-1
1_575-430,-1
1_575-450,-1
1_575-477,-1
1_575-515,-1
1_575-544,-1
1_575-565,-1
1_575-599,-1
1_575-639,-1
1_575-665,-1
1_575-731,-1
1_575-752,-1
1_575-781,-1
1_575-825,-1
1_575-850,-1
1_576-85,-1
1_576-104,-1
1_576-118,-1
1_576-141,-1
1_576-164,-1
1_576-173,-1
1_576-213,-1
1_576-252,-1
1_576-278,-1
1_576-295,-1
1_576-315,-1
1_576-338,-1
1_576-355,-1
1_576-369,-1
1_576-389,-1
1_576-401,-1
1_576-416,-1
1_576-450,-1
1_576-468,-1
1_576-487,0
1_576-514,-1
1_576-531,-1
1_576-552,-1
1_576-579,-1
1_576-597,-1
1_576-618,-1
1_576-639,-1
1_576-671,-1
1_576-698,-1
1_576-716,-1
1_576-736,-1
1_576-756,-1
1_576-776,-1
1_576-804,-1
1_576-838,-1
1_578-60,-1
1_578-81,-1
1_578-100,-1
1_578-115,-1
1_578-136,-1
1_578-156,-1
1_578-176,-1
1_578-195,-1
1_578-215,0
1_578-238,-1
1_578-260,-1
1_578-283,-1
1_578-316,-1
1_578-345,-1
1_578-383,-1
1_578-400,-1
1_578-422,-1
1_578-440,-1
1_578-457,-1
1_578-480,-1
1_578-521,-1
1_578-555,-1
1_578-581,-1
1_578-621,-1
1_578-632,-1
1_578-654,-1
1_578-675,-1
1_578-698,-1
1_578-715,-1
1_578-731,-1
1_578-749,-1
1_578-763,-1
1_578-776,-1
1_578-788,-1
1_578-807,-1
1_578-833,-1
1_579-74,-1
1_579-90,-1
1_579-112,-1
1_579-135,-1
1_579-149,-1
1_579-178,-1
1_579-219,-1
1_579-268,-1
1_579-294,-1
1_579-319,-1
1_579-342,-1
1_579-366,-1
1_579-399,-1
1_579-415,-1
1_579-439,-1
1_579-460,-1
1_579-486,-1
1_579-522,-1
1_579-566,-1
1_579-603,-1
1_579-642,-1
1_579-667,-1
1_579-690,-1
1_579-710,-1
1_579-744,-1
1_579-768,-1
1_579-805,-1
1_579-820,1
1_579-842,-1
1_580-63,-1
1_580-120,-1
1_580-169,-1
1_580-225,-1
1_580-242,-1
1_580-266,-1
1_580-286,-1
1_580-319,-1
1_580-360,-1
1_580-368,-1
1_580-391,-1
1_580-456,-1
1_580-488,-1
1_580-506,-1
1_580-525,-1
1_580-551,-1
1_580-572,-1
1_580-598,-1
1_580-626,-1
1_580-644,-1
1_580-662,-1
1_580-692,-1
1_580-719,-1
1_580-734,-1
1_580-786,-1
1_580-803,-1
1_580-850,-1
1_581-69,-1
1_581-90,-1
1_581-108,-1
1_581-138,-1
1_581-169,-1
1_581-193,-1
1_581-206,0
1_581-233,-1
1_581-264,-1
1_581-317,-1
1_581-343,-1
1_581-370,-1
1_581-389,-1
1_581-415,-1
1_581-440,-1
1_581-472,-1
1_581-494,-1
1_581-542,-1
1_581-566,-1
1_581-592,-1
1_581-612,-1
1_581-642,-1
1_581-676,-1
1_581-693,-1
1_581-719,-1
1_581-736,-1
1_581-748,-1
1_581-766,-1
1_581-794,-1
1_581-814,-1
1_581-841,-1
1_584-57,-1
1_584-105,-1
1_584-126,-1
1_584-160,-1
1_584-186,-1
1_584-200,-1
1_584-232,-1
1_584-262,-1
1_584-283,-1
1_584-310,-1
1_584-338,-1
1_584-371,-1
1_584-394,-1
1_584-424,-1
1_584-438,-1
1_584-455,-1
1_584-464,-1
1_584-496,-1
1_584-527,-1
1_584-566,-1
1_584-590,-1
1_584-605,-1
1_584-631,-1
1_584-655,-1
1_584-668,-1
1_584-693,-1
1_584-721,-1
1_584-739,-1
1_584-766,-1
1_584-794,-1
1_584-812,-1
1_584-832,-1
1_585-52,-1
1_585-84,-1
1_585-104,-1
1_585-131,-1
1_585-145,-1
1_585-160,-1
1_585-184,-1
1_585-204,-1
1_585-226,-1
1_585-249,-1
1_585-277,-1
1_585-287,-1
1_585-311,-1
1_585-322,-1
1_585-344,-1
1_585-359,0
1_585-378,-1
1_585-391,-1
1_585-410,-1
1_585-435,-1
1_585-481,-1
1_585-498,-1
1_585-525,-1
1_585-552,-1
1_585-573,-1
1_585-602,-1
1_585-621,-1
1_585-646,-1
1_585-675,-1
1_585-693,-1
1_585-708,-1
1_585-729,-1
1_585-763,-1
1_585-798,-1
1_585-813,-1
1_585-831,-1
1_585-848,-1
1_590-51,-1
1_590-81,-1
1_590-108,-1
1_590-132,-1
1_590-162,-1
1_590-208,-1
1_590-227,-1
1_590-266,-1
1_590-333,-1
1_590-364,-1
1_590-390,-1
1_590-398,-1
1_590-447,-1
1_590-454,-1
1_590-476,-1
1_590-498,-1
1_590-535,0
1_590-567,-1
1_590-603,-1
1_590-626,-1
1_590-663,-1
1_590-688,-1
1_590-720,-1
1_590-737,-1
1_590-761,-1
1_590-782,-1
1_590-791,-1
1_590-834,-1
1_592-88,-1
1_592-104,0
1_592-130,-1
1_592-137,-1
1_592-160,-1
1_592-187,-1
1_592-199,-1
1_592-220,-1
1_592-244,-1
1_592-257,-1
1_592-274,-1
1_592-293,-1
1_592-311,-1
1_592-336,-1
1_592-350,-1
1_592-363,-1
1_592-404,-1
1_592-431,-1
1_592-463,-1
1_592-482,-1
1_592-503,-1
1_592-531,-1
1_592-550,-1
1_592-571,-1
1_592-583,-1
1_592-603,-1
1_592-619,0
1_592-638,-1
1_592-661,-1
1_592-682,-1
1_592-698,-1
1_592-718,-1
1_592-744,-1
1_592-762,-1
1_592-781,-1
1_592-817,-1
1_592-842,-1
1_594-59,-1
1_594-83,-1
1_594-114,-1
1_594-146,-1
1_594-180,-1
1_594-204,-1
1_594-222,-1
1_594-240,-1
1_594-280,-1
1_594-305,-1
1_594-328,-1
1_594-354,-1
1_594-369,-1
1_594-390,-1
1_594-413,-1
1_594-429,-1
1_594-443,-1
1_594-456,-1
1_594-497,-1
1_594-530,-1
1_594-559,-1
1_594-576,-1
1_594-585,-1
1_594-600,-1
1_594-613,-1
1_594-631,-1
1_594-641,-1
1_594-660,-1
1_594-674,-1
1_594-710,-1
1_594-735,-1
1_594-760,-1
1_594-771,-1
1_594-802,-1
1_594-828,-1
1_594-850,-1
1_597-58,-1
1_597-80,-1
1_597-109,-1
1_597-129,-1
1_597-147,-1
1_597-167,-1
1_597-185,-1
1_597-208,-1
1_597-216,-1
1_597-245,-1
1_597-262,-1
1_597-305,-1
1_597-333,0
1_597-349,-1
1_597-371,-1
1_597-412,-1
1_597-438,-1
1_597-468,-1
1_597-489,-1
1_597-506,-1
1_597-522,-1
1_597-544,-1
1_597-563,-1
1_597-587,-1
1_597-610,-1
1_597-633,-1
1_597-654,-1
1_597-676,-1
1_597-702,-1
1_597-726,-1
1_597-752,-1
1_597-783,-1
1_597-799,-1
1_597-825,-1
1_597-847,-1
1_599-52,-1
1_599-73,-1
1_599-100,-1
1_599-129,-1
1_599-151,-1
1_599-176,-1
1_599-198,-1
1_599-217,-1
1_599-249,-1
1_599-263,-1
1_599-277,-1
1_599-288,-1
1_599-310,-1
1_599-334,-1
1_599-360,-1
1_599-390,-1
1_599-421,-1
1_599-437,-1
1_599-475,-1
1_599-488,-1
1_599-511,-1
1_599-534,-1
1_599-564,-1
1_599-581,-1
1_599-591,-1
1_599-635,-1
1_599-651,-1
1_599-677,-1
1_599-693,-1
1_599-703,-1
1_599-721,-1
1_599-736,-1
1_599-758,-1
1_599-789,-1
1_599-801,-1
1_599-824,-1
1_599-846,-1
1_602-77,-1
1_602-94,-1
1_602-110,-1
1_602-123,-1
1_602-153,-1
1_602-198,-1
1_602-263,-1
1_602-294,-1
1_602-321,-1
1_602-347,-1
1_602-370,-1
1_602-384,-1
1_602-409,-1
1_602-424,-1
1_602-449,-1
1_602-460,-1
1_602-493,-1
1_602-529,-1
1_602-577,-1
1_602-619,-1
1_602-636,0
1_602-661,-1
1_602-690,-1
1_602-704,-1
1_602-742,-1
1_602-751,-1
1_602-769,-1
1_602-801,-1
1_602-815,-1
1_602-843,-1
1_604-53,-1
1_604-68,-1
1_604-82,-1
1_604-102,-1
1_604-117,-1
1_604-152,-1
1_604-193,-1
1_604-224,-1
1_604-253,-1
1_604-279,-1
1_604-321,-1
1_604-365,-1
1_604-378,-1
1_604-424,-1
1_604-442,-1
1_604-472,-1
1_604-488,-1
1_604-526,-1
1_604-548,-1
1_604-569,-1
1_604-590,-1
1_604-606,-1
1_604-643,-1
1_604-671,-1
1_604-716,-1
1_604-734,-1
1_604-809,-1
1_604-833,-1
1_605-64,-1
1_605-106,-1
1_605-121,-1
1_605-142,-1
1_605-168,-1
1_605-191,-1
1_605-219,-1
1_605-259,-1
1_605-309,-1
1_605-322,-1
1_605-338,-1
1_605-349,-1
1_605-371,-1
1_605-397,-1
1_605-417,-1
1_605-436,-1
1_605-482,-1
1_605-526,-1
1_605-546,0
1_605-569,-1
1_605-600,-1
1_605-630,-1
1_605-656,-1
1_605-701,-1
1_605-716,-1
1_605-732,-1
1_605-743,-1
1_605-764,-1
1_605-786,-1
1_605-808,-1
1_605-849,-1
1_607-54,-1
1_607-77,-1
1_607-101,-1
1_607-132,-1
1_607-168,-1
1_607-197,-1
1_607-227,-1
1_607-252,-1
1_607-274,-1
1_607-299,-1
1_607-317,-1
1_607-340,-1
1_607-363,-1
1_607-381,-1
1_607-406,-1
1_607-434,-1
1_607-450,-1
1_607-516,-1
1_607-538,-1
1_607-569,-1
1_607-612,-1
1_607-645,-1
1_607-671,-1
1_607-689,-1
1_607-712,1
1_607-758,-1
1_607-780,-1
1_607-803,-1
1_607-829,-1
1_607-843,-1
1_611-50,-1
1_611-79,-1
1_611-117,-1
1_611-130,-1
1_611-165,-1
1_611-194,-1
1_611-225,-1
1_611-233,-1
1_611-251,-1
1_611-264,-1
1_611-294,-1
1_611-314,-1
1_611-336,-1
1_611-359,-1
1_611-379,-1
1_611-427,-1
1_611-441,-1
1_611-489,-1
1_611-517,-1
1_611-540,-1
1_611-588,-1
1_611-652,-1
1_611-672,-1
1_611-712,-1
1_611-728,-1
1_611-746,-1
1_611-760,-1
1_611-786,-1
1_611-803,-1
1_611-827,-1
1_611-846,-1
1_612-56,0
1_612-90,-1
1_612-116,-1
1_612-145,-1
1_612-172,-1
1_612-195,-1
1_612-216,-1
1_612-231,-1
1_612-252,-1
1_612-269,-1
1_612-277,-1
1_612-301,-1
1_612-327,0
1_612-352,-1
1_612-374,-1
1_612-388,-1
1_612-411,-1
1_612-437,-1
1_612-461,-1
1_612-482,-1
1_612-502,-1
1_612-525,-1
1_612-565,-1
1_612-577,-1
1_612-597,-1
1_612-631,-1
1_612-670,-1
1_612-704,-1
1_612-727,-1
1_612-759,-1
1_612-772,-1
1_612-808,-1
1_612-831,-1
1_612-848,-1
1_616-51,-1
1_616-85,-1
1_616-105,-1
1_616-130,-1
1_616-144,-1
1_616-181,-1
1_616-205,-1
1_616-234,-1
1_616-253,-1
1_616-270,-1
1_616-290,-1
1_616-311,-1
1_616-334,-1
1_616-356,-1
1_616-382,-1
1_616-406,-1
1_616-431,-1
1_616-449,-1
1_616-465,-1
1_616-487,-1
1_616-507,-1
1_616-528,-1
1_616-541,-1
1_616-560,-1
1_616-582,-1
1_616-609,-1
1_616-637,-1
1_616-675,-1
1_616-708,-1
1_616-733,-1
1_616-762,-1
1_616-778,-1
1_616-798,-1
1_616-814,-1
1_616-835,-1
1_617-49,-1
1_617-77,-1
1_617-106,-1
1_617-133,1
1_617-153,-1
1_617-176,-1
1_617-217,-1
1_617-231,-1
1_617-255,-1
1_617-323,-1
1_617-347,-1
1_617-360,-1
1_617-383,-1
1_617-429,-1
1_617-456,-1
1_617-488,-1
1_617-509,-1
1_617-538,-1
1_617-588,-1
1_617-629,-1
1_617-648,-1
1_617-684,-1
1_617-718,-1
1_617-741,-1
1_617-757,-1
1_617-781,-1
1_617-806,-1
1_617-822,-1
1_617-842,-1
1_621-49,-1
1_621-61,-1
1_621-90,-1
1_621-120,-1
1_621-143,-1
1_621-159,0
1_621-189,-1
1_621-221,-1
1_621-262,-1
1_621-287,1
1_621-304,-1
1_621-318,-1
1_621-345,-1
1_621-361,-1
1_621-385,-1
1_621-404,-1
1_621-435,-1
1_621-483,-1
1_621-513,-1
1_621-539,-1
1_621-581,-1
1_621-614,-1
1_621-625,-1
1_621-648,-1
1_621-675,-1
1_621-689,-1
1_621-711,-1
1_621-724,-1
1_621-758,-1
1_621-782,-1
1_621-796,-1
1_621-812,-1
1_621-836,-1
1_622-73,-1
1_622-97,-1
1_622-125,-1
1_622-142,-1
1_622-165,-1
1_622-191,-1
1_622-246,-1
1_622-287,-1
1_622-318,-1
1_622-341,-1
1_622-374,-1
1_622-397,-1
1_622-419,-1
1_622-441,-1
1_622-466,-1
1_622-494,-1
1_622-509,-1
1_622-531,-1
1_622-546,-1
1_622-589,-1
1_622-602,-1
1_622-642,-1
1_622-661,-1
1_622-679,-1
1_622-703,-1
1_622-723,-1
1_622-738,-1
1_622-755,-1
1_622-782,-1
1_622-813,-1
1_622-843,-1
1_626-64,-1
1_626-89,-1
1_626-128,-1
1_626-150,-1
1_626-200,-1
1_626-245,-1
1_626-277,-1
1_626-296,-1
1_626-334,-1
1_626-378,-1
1_626-419,-1
1_626-439,-1
1_626-464,-1
1_626-517,-1
1_626-546,-1
1_626-568,-1
1_626-584,-1
1_626-612,-1
1_626-632,-1
1_626-659,-1
1_626-674,-1
1_626-691,-1
1_626-704,-1
1_626-721,-1
1_626-735,-1
1_626-748,-1
1_626-758,-1
1_626-816,-1
1_626-834,-1
1_632-52,-1
1_632-77,-1
1_632-93,-1
1_632-113,-1
1_632-144,-1
1_632-173,-1
1_632-204,-1
1_632-229,-1
1_632-247,-1
1_632-274,-1
1_632-295,-1
1_632-316,-1
1_632-361,-1
1_632-375,-1
1_632-425,-1
1_632-450,-1
1_632-481,-1
1_632-498,-1
1_632-509,-1
1_632-527,-1
1_632-555,-1
1_632-582,-1
1_632-606,-1
1_632-625,-1
1_632-636,-1
1_632-650,-1
1_632-676,-1
1_632-687,-1
1_632-728,-1
1_632-743,-1
1_632-786,-1
1_632-816,-1
1_634-73,-1
1_634-101,-1
1_634-147,-1
1_634-170,-1
1_634-190,-1
1_634-220,-1
1_634-263,-1
1_634-284,-1
1_634-313,-1
1_634-337,-1
1_634-374,-1
1_634-391,-1
1_634-418,-1
1_634-447,-1
1_634-482,-1
1_634-500,-1
1_634-525,0
1_634-557,-1
1_634-573,-1
1_634-602,-1
1_634-624,-1
1_634-646,-1
1_634-676,-1
1_634-709,-1
1_634-736,-1
1_634-754,-1
1_634-786,-1
1_634-806,-1
1_634-822,-1
1_635-61,-1
1_635-84,-1
1_635-111,-1
1_635-140,1
1_635-177,-1
1_635-202,-1
1_635-228,-1
1_635-251,-1
1_635-272,-1
1_635-276,-1
1_635-303,-1
1_635-337,-1
1_635-369,-1
1_635-386,-1
1_635-396,-1
1_635-434,-1
1_635-450,-1
1_635-469,-1
1_635-487,-1
1_635-508,-1
1_635-536,-1
1_635-572,-1
1_635-593,0
1_635-607,-1
1_635-635,-1
1_635-653,0
1_635-671,-1
1_635-700,-1
1_635-713,-1
1_635-738,-1
1_635-754,-1
1_635-774,-1
1_635-825,-1
1_638-49,-1
1_638-67,-1
1_638-114,-1
1_638-137,-1
1_638-169,0
1_638-184,0
1_638-203,-1
1_638-221,-1
1_638-237,-1
1_638-266,-1
1_638-293,-1
1_638-331,-1
1_638-353,-1
1_638-376,-1
1_638-419,-1
1_638-442,-1
1_638-468,-1
1_638-488,-1
1_638-521,-1
1_638-538,-1
1_638-547,-1
1_638-585,-1
1_638-609,-1
1_638-640,-1
1_638-655,-1
1_638-687,-1
1_638-707,-1
1_638-738,-1
1_638-771,-1
1_638-789,-1
1_638-813,-1
1_638-829,-1
1_644-57,-1
1_644-77,-1
1_644-105,-1
1_644-121,-1
1_644-139,-1
1_644-158,-1
1_644-172,-1
1_644-197,-1
1_644-227,-1
1_644-236,-1
1_644-250,-1
1_644-268,-1
1_644-306,-1
1_644-316,-1
1_644-336,-1
1_644-368,-1
1_644-395,-1
1_644-420,-1
1_644-450,0
1_644-485,-1
1_644-501,-1
1_644-539,-1
1_644-557,-1
1_644-574,-1
1_644-591,-1
1_644-619,-1
1_644-635,-1
1_644-650,-1
1_644-669,-1
1_644-687,-1
1_644-701,-1
1_644-720,-1
1_644-739,-1
1_644-760,-1
1_644-782,-1
1_644-802,-1
1_644-814,-1
1_644-827,-1
1_644-840,-1
1_646-60,-1
1_646-78,-1
1_646-91,-1
1_646-113,-1
1_646-147,-1
1_646-170,-1
1_646-206,-1
1_646-236,-1
1_646-272,-1
1_646-284,-1
1_646-312,-1
1_646-331,-1
1_646-345,-1
1_646-382,-1
1_646-404,-1
1_646-419,-1
1_646-436,-1
1_646-472,-1
1_646-485,-1
1_646-508,-1
1_646-544,-1
1_646-555,-1
1_646-578,-1
1_646-613,-1
1_646-650,-1
1_646-674,-1
1_646-690,-1
1_646-708,-1
1_646-742,-1
1_646-759,-1
1_646-778,-1
1_646-809,-1
1_646-839,-1
1_650-54,-1
1_650-92,-1
1_650-123,-1
1_650-154,-1
1_650-172,-1
1_650-211,-1
1_650-227,-1
1_650-251,-1
1_650-264,-1
1_650-288,-1
1_650-304,-1
1_650-339,-1
1_650-356,-1
1_650-382,-1
1_650-419,-1
1_650-448,-1
1_650-468,-1
1_650-509,-1
1_650-533,-1
1_650-578,-1
1_650-600,-1
1_650-628,-1
1_650-665,-1
1_650-681,-1
1_650-698,-1
1_650-734,-1
1_650-777,-1
1_650-793,-1
1_650-827,-1
1_650-846,-1
1_654-70,-1
1_654-91,-1
1_654-111,-1
1_654-129,-1
1_654-154,-1
1_654-173,-1
1_654-210,-1
1_654-232,-1
1_654-242,-1
1_654-260,-1
1_654-289,-1
1_654-314,-1
1_654-344,-1
1_654-376,-1
1_654-396,-1
1_654-425,-1
1_654-451,-1
1_654-486,-1
1_654-514,-1
1_654-529,-1
1_654-555,-1
1_654-573,-1
1_654-605,-1
1_654-627,-1
1_654-644,-1
1_654-661,-1
1_654-683,-1
1_654-704,-1
1_654-738,-1
1_654-766,-1
1_654-811,-1
1_654-834,-1
1_662-64,-1
1_662-122,-1
1_662-159,-1
1_662-173,-1
1_662-201,-1
1_662-223,-1
1_662-234,-1
1_662-264,-1
1_662-287,-1
1_662-304,-1
1_662-337,-1
1_662-357,-1
1_662-410,-1
1_662-437,-1
1_662-472,-1
1_662-496,-1
1_662-539,-1
1_662-557,-1
1_662-578,-1
1_662-591,-1
1_662-628,-1
1_662-646,-1
1_662-664,-1
1_662-691,-1
1_662-707,-1
1_662-732,-1
1_662-766,-1
1_662-787,-1
1_662-822,-1
1_668-123,-1
1_668-159,-1
1_668-178,-1
1_668-218,-1
1_668-242,-1
1_668-268,-1
1_668-297,-1
1_668-324,-1
1_668-337,-1
1_668-391,-1
1_668-419,-1
1_668-448,-1
1_668-473,-1
1_668-507,-1
1_668-539,-1
1_668-612,-1
1_668-642,-1
1_668-706,-1
1_668-746,1
1_668-798,-1
1_668-816,-1
1_668-850,-1
1_670-61,-1
1_670-84,-1
1_670-101,-1
1_670-123,-1
1_670-129,-1
1_670-149,-1
1_670-184,-1
1_670-200,-1
1_670-225,-1
1_670-251,-1
1_670-280,-1
1_670-305,-1
1_670-327,-1
1_670-346,-1
1_670-359,-1
1_670-386,-1
1_670-406,0
1_670-419,-1
1_670-460,-1
1_670-483,-1
1_670-524,-1
1_670-553,-1
1_670-568,-1
1_670-628,-1
1_670-663,-1
1_670-703,-1
1_670-728,-1
1_670-746,-1
1_670-771,-1
1_670-801,-1
1_670-826,-1
1_670-848,-1
1_672-49,-1
1_672-91,-1
1_672-115,-1
1_672-133,-1
1_672-170,-1
1_672-193,-1
1_672-211,-1
1_672-251,-1
1_672-267,-1
1_672-317,-1
1_672-341,-1
1_672-354,-1
1_672-378,-1
1_672-389,-1
1_672-409,-1
1_672-425,-1
1_672-449,-1
1_672-468,-1
1_672-485,-1
1_672-511,-1
1_672-542,-1
1_672-586,-1
1_672-624,-1
1_672-697,-1
1_672-716,-1
1_672-742,-1
1_672-773,-1
1_672-806,-1
1_672-824,-1
1_672-841,-1
1_673-64,-1
1_673-83,-1
1_673-95,-1
1_673-121,-1
1_673-150,-1
1_673-167,-1
1_673-181,-1
1_673-197,-1
1_673-217,-1
1_673-233,0
1_673-269,-1
1_673-293,-1
1_673-324,-1
1_673-349,-1
1_673-368,-1
1_673-396,-1
1_673-416,-1
1_673-445,-1
1_673-464,-1
1_673-500,-1
1_673-517,-1
1_673-536,-1
1_673-559,-1
1_673-588,-1
1_673-638,-1
1_673-656,-1
1_673-696,-1
1_673-749,-1
1_673-774,-1
1_673-810,-1
1_673-847,-1
1_678-90,-1
1_678-114,-1
1_678-138,1
1_678-180,-1
1_678-210,-1
1_678-242,-1
1_678-287,-1
1_678-326,-1
1_678-352,-1
1_678-404,0
1_678-421,-1
1_678-437,-1
1_678-490,0
1_678-537,-1
1_678-576,-1
1_678-614,-1
1_678-641,-1
1_678-686,-1
1_678-702,-1
1_678-723,-1
1_678-779,-1
1_678-819,-1
1_678-850,-1
1_681-62,-1
1_681-100,-1
1_681-121,-1
1_681-151,-1
1_681-177,-1
1_681-222,-1
1_681-242,-1
1_681-283,-1
1_681-297,-1
1_681-328,-1
1_681-354,-1
1_681-376,-1
1_681-389,-1
1_681-420,-1
1_681-442,-1
1_681-491,-1
1_681-529,-1
1_681-550,-1
1_681-575,-1
1_681-603,-1
1_681-625,-1
1_681-658,-1
1_681-718,-1
1_681-740,-1
1_681-757,-1
1_681-778,-1
1_681-824,-1
1_681-841,-1
1_685-69,-1
1_685-93,-1
1_685-120,-1
1_685-139,-1
1_685-165,-1
1_685-202,-1
1_685-213,-1
1_685-232,-1
1_685-251,-1
1_685-268,-1
1_685-292,-1
1_685-315,-1
1_685-343,-1
1_685-368,-1
1_685-382,-1
1_685-396,-1
1_685-415,-1
1_685-449,-1
1_685-485,-1
1_685-514,-1
1_685-540,-1
1_685-607,-1
1_685-631,-1
1_685-669,-1
1_685-696,-1
1_685-740,-1
1_685-786,1
1_685-803,-1
1_685-832,1
1_686-54,-1
1_686-88,-1
1_686-100,-1
1_686-124,-1
1_686-142,-1
1_686-182,-1
1_686-205,-1
1_686-227,-1
1_686-256,-1
1_686-268,-1
1_686-309,-1
1_686-330,-1
1_686-345,-1
1_686-360,-1
1_686-381,-1
1_686-403,-1
1_686-417,-1
1_686-438,-1
1_686-449,-1
1_686-472,-1
1_686-493,-1
1_686-509,-1
1_686-524,-1
1_686-541,-1
1_686-567,-1
1_686-590,-1
1_686-628,-1
1_686-651,-1
1_686-671,-1
1_686-687,-1
1_686-718,-1
1_686-738,-1
1_686-756,-1
1_686-779,-1
1_686-802,-1
1_686-830,-1
1_686-849,-1
1_690-89,-1
1_690-117,-1
1_690-154,-1
1_690-189,-1
1_690-211,-1
1_690-235,-1
1_690-261,-1
1_690-287,-1
1_690-302,-1
1_690-340,0
1_690-357,-1
1_690-375,-1
1_690-396,-1
1_690-417,-1
1_690-492,-1
1_690-513,-1
1_690-538,-1
1_690-568,-1
1_690-585,-1
1_690-606,0
1_690-631,-1
1_690-655,-1
1_690-696,-1
1_690-716,-1
1_690-730,-1
1_690-771,-1
1_690-784,-1
1_690-803,-1
1_690-832,-1
1_691-56,-1
1_691-69,-1
1_691-86,-1
1_691-104,-1
1_691-123,-1
1_691-159,-1
1_691-181,-1
1_691-202,-1
1_691-216,-1
1_691-236,-1
1_691-260,-1
1_691-279,-1
1_691-296,-1
1_691-313,-1
1_691-330,-1
1_691-346,-1
1_691-368,-1
1_691-391,-1
1_691-414,-1
1_691-435,-1
1_691-471,-1
1_691-484,-1
1_691-502,-1
1_691-529,-1
1_691-539,-1
1_691-562,-1
1_691-591,-1
1_691-621,-1
1_691-640,-1
1_691-656,0
1_691-674,-1
1_691-695,-1
1_691-712,-1
1_691-733,-1
1_691-764,-1
1_691-807,-1
1_691-836,-1
1_693-53,-1
1_693-71,-1
1_693-108,-1
1_693-141,-1
1_693-167,-1
1_693-184,-1
1_693-219,-1
1_693-238,-1
1_693-273,-1
1_693-296,-1
1_693-317,-1
1_693-347,-1
1_693-366,-1
1_693-393,-1
1_693-416,-1
1_693-441,-1
1_693-469,-1
1_693-487,-1
1_693-516,-1
1_693-528,-1
1_693-550,-1
1_693-568,-1
1_693-585,-1
1_693-629,-1
1_693-643,-1
1_693-657,-1
1_693-674,-1
1_693-725,-1
1_693-750,-1
1_693-781,-1
1_693-820,-1
1_693-848,-1
1_698-79,-1
1_698-100,-1
1_698-120,-1
1_698-136,-1
1_698-160,-1
1_698-176,-1
1_698-200,-1
1_698-242,-1
1_698-267,-1
1_698-291,-1
1_698-311,-1
1_698-326,-1
1_698-341,-1
1_698-380,-1
1_698-398,-1
1_698-417,-1
1_698-434,-1
1_698-456,-1
1_698-491,-1
1_698-521,-1
1_698-535,-1
1_698-562,-1
1_698-588,-1
1_698-609,-1
1_698-634,-1
1_698-656,-1
1_698-667,-1
1_698-688,-1
1_698-709,-1
1_698-740,-1
1_698-758,-1
1_698-786,-1
1_698-802,-1
1_698-828,-1
1_699-70,-1
1_699-98,-1
1_699-135,-1
1_699-148,-1
1_699-163,-1
1_699-189,-1
1_699-210,-1
1_699-227,-1
1_699-250,-1
1_699-262,0
1_699-303,-1
1_699-334,-1
1_699-359,-1
1_699-375,-1
1_699-407,-1
1_699-432,-1
1_699-464,-1
1_699-473,-1
1_699-487,-1
1_699-515,-1
1_699-543,-1
1_699-561,-1
1_699-604,-1
1_699-614,0
1_699-648,-1
1_699-681,-1
1_699-723,-1
1_699-736,-1
1_699-759,-1
1_699-775,-1
1_699-816,-1
1_699-841,-1
1_702-60,-1
1_702-91,-1
1_702-115,-1
1_702-147,-1
1_702-176,-1
1_702-200,-1
1_702-230,-1
1_702-248,-1
1_702-263,-1
1_702-274,-1
1_702-296,-1
1_702-326,-1
1_702-341,-1
1_702-357,-1
1_702-380,-1
1_702-408,-1
1_702-423,-1
1_702-440,-1
1_702-466,-1
1_702-504,-1
1_702-532,-1
1_702-550,1
1_702-590,-1
1_702-611,-1
1_702-633,-1
1_702-656,-1
1_702-676,-1
1_702-704,-1
1_702-721,-1
1_702-734,-1
1_702-754,-1
1_702-763,-1
1_702-781,-1
1_702-801,-1
1_702-821,-1
1_702-837,-1
1_703-51,-1
1_703-78,-1
1_703-106,-1
1_703-127,-1
1_703-148,-1
1_703-181,-1
1_703-223,-1
1_703-247,-1
1_703-283,-1
1_703-312,-1
1_703-324,-1
1_703-336,-1
1_703-353,-1
1_703-388,-1
1_703-403,-1
1_703-420,-1
1_703-431,-1
1_703-460,-1
1_703-478,-1
1_703-504,-1
1_703-516,1
1_703-532,-1
1_703-564,-1
1_703-580,-1
1_703-610,-1
1_703-642,-1
1_703-664,0
1_703-673,-1
1_703-692,-1
1_703-720,-1
1_703-752,-1
1_703-771,-1
1_703-797,-1
1_703-831,-1
1_704-67,-1
1_704-85,-1
1_704-123,-1
1_704-146,-1
1_704-163,-1
1_704-175,-1
1_704-191,-1
1_704-217,-1
1_704-236,-1
1_704-268,-1
1_704-294,-1
1_704-323,0
1_704-346,-1
1_704-366,-1
1_704-388,-1
1_704-405,-1
1_704-421,-1
1_704-440,-1
1_704-467,-1
1_704-496,-1
1_704-523,-1
1_704-552,-1
1_704-570,-1
1_704-586,-1
1_704-593,-1
1_704-612,-1
1_704-628,-1
1_704-649,-1
1_704-678,-1
1_704-695,-1
1_704-724,-1
1_704-739,-1
1_704-761,-1
1_704-790,-1
1_704-810,-1
1_704-838,-1
1_705-73,-1
1_705-90,-1
1_705-111,-1
1_705-148,-1
1_705-162,-1
1_705-179,-1
1_705-208,-1
1_705-229,-1
1_705-239,-1
1_705-253,-1
1_705-280,-1
1_705-300,-1
1_705-322,-1
1_705-338,-1
1_705-362,-1
1_705-373,-1
1_705-393,-1
1_705-423,-1
1_705-440,-1
1_705-458,-1
1_705-474,-1
1_705-490,-1
1_705-511,-1
1_705-535,-1
1_705-577,-1
1_705-602,-1
1_705-624,-1
1_705-642,-1
1_705-665,-1
1_705-690,-1
1_705-702,-1
1_705-722,-1
1_705-739,-1
1_705-768,0
1_705-796,-1
1_705-814,-1
1_705-847,-1
1_706-72,-1
1_706-92,-1
1_706-101,-1
1_706-135,-1
1_706-157,-1
1_706-196,-1
1_706-217,-1
1_706-248,0
1_706-269,-1
1_706-305,-1
1_706-324,-1
1_706-345,-1
1_706-362,-1
1_706-376,-1
1_706-395,-1
1_706-428,-1
1_706-444,-1
1_706-493,-1
1_706-501,-1
1_706-529,-1
1_706-545,-1
1_706-574,-1
1_706-600,-1
1_706-634,-1
1_706-661,-1
1_706-703,-1
1_706-737,-1
1_706-781,-1
1_706-804,-1
1_706-825,-1
1_707-54,-1
1_707-75,-1
1_707-92,-1
1_707-112,-1
1_707-141,-1
1_707-156,-1
1_707-183,-1
1_707-206,-1
1_707-246,-1
1_707-287,-1
1_707-309,-1
1_707-347,0
1_707-369,-1
1_707-403,-1
1_707-428,-1
1_707-458,-1
1_707-478,0
1_707-503,0
1_707-520,-1
1_707-541,-1
1_707-575,-1
1_707-599,-1
1_707-624,1
1_707-643,-1
1_707-660,-1
1_707-692,-1
1_707-718,-1
1_707-739,-1
1_707-756,-1
1_707-801,-1
1_707-823,-1
1_708-102,-1
1_708-134,-1
1_708-155,-1
1_708-188,-1
1_708-231,-1
1_708-255,-1
1_708-283,-1
1_708-296,-1
1_708-319,-1
1_708-346,-1
1_708-376,-1
1_708-394,-1
1_708-427,-1
1_708-458,-1
1_708-506,-1
1_708-545,-1
1_708-566,-1
1_708-604,-1
1_708-640,-1
1_708-670,-1
1_708-688,-1
1_708-705,-1
1_708-730,-1
1_708-749,-1
1_708-773,-1
1_708-821,-1
1_708-838,-1
1_713-57,-1
1_713-73,-1
1_713-93,-1
1_713-110,-1
1_713-136,-1
1_713-151,-1
1_713-180,-1
1_713-214,-1
1_713-244,-1
1_713-283,-1
1_713-318,-1
1_713-335,-1
1_713-365,-1
1_713-382,-1
1_713-398,0
1_713-419,-1
1_713-446,-1
1_713-480,-1
1_713-498,-1
1_713-525,-1
1_713-549,-1
1_713-565,-1
1_713-602,-1
1_713-648,-1
1_713-658,-1
1_713-687,-1
1_713-719,-1
1_713-729,-1
1_713-747,-1
1_713-774,-1
1_713-787,-1
1_713-809,-1
1_713-834,-1
1_715-52,-1
1_715-82,-1
1_715-107,-1
1_715-152,-1
1_715-196,1
1_715-232,-1
1_715-272,-1
1_715-318,-1
1_715-327,-1
1_715-342,-1
1_715-357,-1
1_715-378,1
1_715-420,-1
1_715-442,-1
1_715-462,-1
1_715-481,-1
1_715-498,0
1_715-531,-1
1_715-565,-1
1_715-590,-1
1_715-613,-1
1_715-631,-1
1_715-650,-1
1_715-683,-1
1_715-700,-1
1_715-729,-1
1_715-753,-1
1_715-775,-1
1_715-798,-1
1_715-809,-1
1_715-843,-1
1_716-62,-1
1_716-86,-1
1_716-106,0
1_716-135,-1
1_716-156,-1
1_716-180,-1
1_716-209,0
1_716-227,-1
1_716-256,-1
1_716-275,-1
1_716-288,-1
1_716-308,-1
1_716-336,-1
1_716-354,-1
1_716-390,-1
1_716-402,-1
1_716-433,-1
1_716-462,0
1_716-478,-1
1_716-496,-1
1_716-525,-1
1_716-568,-1
1_716-633,-1
1_716-663,-1
1_716-701,-1
1_716-721,-1
1_716-746,-1
1_716-780,-1
1_716-827,-1
1_716-848,-1
1_719-69,-1
1_719-89,0
1_719-102,-1
1_719-122,-1
1_719-158,-1
1_719-197,-1
1_719-215,-1
1_719-248,-1
1_719-265,-1
1_719-343,-1
1_719-371,-1
1_719-418,-1
1_719-439,-1
1_719-459,-1
1_719-474,-1
1_719-489,-1
1_719-504,-1
1_719-526,-1
1_719-543,-1
1_719-557,-1
1_719-579,-1
1_719-602,-1
1_719-619,-1
1_719-638,-1
1_719-654,-1
1_719-682,-1
1_719-706,-1
1_719-734,-1
1_719-764,-1
1_719-788,-1
1_719-802,-1
1_719-824,0
1_719-847,-1
1_720-67,-1
1_720-84,-1
1_720-109,-1
1_720-133,-1
1_720-148,-1
1_720-167,-1
1_720-191,-1
1_720-206,-1
1_720-241,-1
1_720-266,-1
1_720-285,-1
1_720-301,-1
1_720-313,-1
1_720-363,-1
1_720-393,-1
1_720-413,-1
1_720-429,-1
1_720-448,-1
1_720-471,-1
1_720-491,-1
1_720-508,-1
1_720-539,-1
1_720-560,-1
1_720-583,-1
1_720-602,-1
1_720-652,-1
1_720-676,-1
1_720-706,-1
1_720-727,-1
1_720-750,-1
1_720-779,-1
1_720-807,-1
1_720-847,-1
1_721-52,-1
1_721-81,-1
1_721-101,-1
1_721-122,-1
1_721-157,-1
1_721-187,-1
1_721-205,-1
1_721-233,-1
1_721-250,-1
1_721-266,-1
1_721-292,-1
1_721-327,-1
1_721-357,-1
1_721-376,-1
1_721-391,-1
1_721-411,-1
1_721-435,-1
1_721-466,-1
1_721-494,-1
1_721-531,-1
1_721-569,-1
1_721-593,-1
1_721-613,-1
1_721-629,-1
1_721-652,-1
1_721-669,-1
1_721-690,-1
1_721-719,-1
1_721-738,-1
1_721-770,1
1_721-794,-1
1_721-817,-1
1_721-843,-1
1_722-66,-1
1_722-81,-1
1_722-117,-1
1_722-135,-1
1_722-160,-1
1_722-185,-1
1_722-226,-1
1_722-271,-1
1_722-303,-1
1_722-332,-1
1_722-360,-1
1_722-406,-1
1_722-427,-1
1_722-442,-1
1_722-479,-1
1_722-510,1
1_722-526,-1
1_722-543,-1
1_722-578,-1
1_722-608,-1
1_722-635,-1
1_722-669,-1
1_722-689,-1
1_722-698,-1
1_722-717,-1
1_722-738,-1
1_722-772,-1
1_722-784,0
1_722-800,-1
1_722-825,-1
1_726-60,-1
1_726-103,0
1_726-120,-1
1_726-142,-1
1_726-168,-1
1_726-180,-1
1_726-201,-1
1_726-258,-1
1_726-280,-1
1_726-313,-1
1_726-334,-1
1_726-350,-1
1_726-367,-1
1_726-387,-1
1_726-398,-1
1_726-428,-1
1_726-482,-1
1_726-519,-1
1_726-549,-1
1_726-575,-1
1_726-596,-1
1_726-614,-1
1_726-638,-1
1_726-664,-1
1_726-720,-1
1_726-737,-1
1_726-755,-1
1_726-788,-1
1_726-810,-1
1_726-846,-1
1_729-81,-1
1_729-96,-1
1_729-115,-1
1_729-152,-1
1_729-202,-1
1_729-229,-1
1_729-247,-1
1_729-277,-1
1_729-299,-1
1_729-318,-1
1_729-341,0
1_729-356,-1
1_729-371,-1
1_729-389,-1
1_729-410,-1
1_729-433,-1
1_729-477,-1
1_729-510,-1
1_729-530,-1
1_729-552,-1
1_729-579,-1
1_729-600,-1
1_729-638,-1
1_729-663,-1
1_729-677,-1
1_729-699,-1
1_729-712,-1
1_729-723,-1
1_729-756,-1
1_729-774,-1
1_729-785,-1
1_729-810,-1
1_729-838,-1
1_734-56,-1
1_734-91,-1
1_734-108,-1
1_734-131,-1
1_734-159,-1
1_734-176,-1
1_734-196,-1
1_734-215,-1
1_734-242,-1
1_734-267,-1
1_734-303,-1
1_734-330,-1
1_734-343,-1
1_734-370,-1
1_734-392,-1
1_734-406,-1
1_734-430,-1
1_734-450,-1
1_734-468,-1
1_734-503,-1
1_734-520,-1
1_734-544,-1
1_734-561,-1
1_734-584,-1
1_734-614,-1
1_734-640,-1
1_734-658,-1
1_734-672,-1
1_734-690,0
1_734-707,-1
1_734-715,-1
1_734-731,-1
1_734-749,-1
1_734-779,-1
1_734-799,-1
1_734-824,-1
1_735-52,-1
1_735-72,-1
1_735-104,-1
1_735-119,-1
1_735-141,-1
1_735-167,-1
1_735-202,-1
1_735-243,-1
1_735-270,-1
1_735-313,-1
1_735-335,-1
1_735-358,-1
1_735-373,-1
1_735-404,-1
1_735-432,-1
1_735-496,-1
1_735-511,-1
1_735-526,-1
1_735-553,-1
1_735-580,-1
1_735-610,-1
1_735-643,-1
1_735-674,-1
1_735-704,-1
1_735-724,-1
1_735-739,-1
1_735-768,-1
1_735-784,-1
1_735-800,-1
1_735-817,-1
1_738-82,-1
1_738-117,-1
1_738-147,-1
1_738-166,-1
1_738-204,-1
1_738-236,-1
1_738-258,-1
1_738-277,-1
1_738-290,-1
1_738-325,-1
1_738-342,-1
1_738-363,-1
1_738-384,-1
1_738-412,-1
1_738-457,0
1_738-484,-1
1_738-535,-1
1_738-560,-1
1_738-579,-1
1_738-596,-1
1_738-628,-1
1_738-658,-1
1_738-671,-1
1_738-695,-1
1_738-738,-1
1_738-767,-1
1_738-786,0
1_738-812,-1
1_738-840,-1
1_741-67,-1
1_741-91,-1
1_741-160,-1
1_741-174,-1
1_741-203,-1
1_741-223,-1
1_741-250,-1
1_741-273,-1
1_741-294,-1
1_741-330,-1
1_741-360,-1
1_741-387,-1
1_741-420,-1
1_741-462,-1
1_741-476,-1
1_741-511,-1
1_741-525,-1
1_741-545,-1
1_741-564,-1
1_741-598,-1
1_741-619,-1
1_741-636,-1
1_741-650,-1
1_741-670,-1
1_741-691,-1
1_741-716,-1
1_741-735,-1
1_741-753,-1
1_741-783,-1
1_741-806,-1
1_741-828,-1
1_741-842,-1
1_746-65,-1
1_746-86,-1
1_746-125,-1
1_746-140,-1
1_746-159,-1
1_746-184,-1
1_746-195,-1
1_746-216,-1
1_746-238,-1
1_746-261,-1
1_746-280,-1
1_746-302,-1
1_746-332,-1
1_746-361,-1
1_746-370,-1
1_746-382,-1
1_746-414,-1
1_746-433,-1
1_746-444,-1
1_746-461,-1
1_746-478,-1
1_746-504,-1
1_746-545,0
1_746-563,-1
1_746-581,-1
1_746-609,0
1_746-627,-1
1_746-644,-1
1_746-663,0
1_746-686,-1
1_746-711,-1
1_746-724,-1
1_746-745,-1
1_746-773,-1
1_746-787,-1
1_746-827,-1
1_748-63,-1
1_748-79,-1
1_748-91,-1
1_748-115,-1
1_748-134,-1
1_748-171,-1
1_748-184,-1
1_748-215,-1
1_748-241,-1
1_748-255,-1
1_748-279,-1
1_748-310,-1
1_748-325,-1
1_748-343,-1
1_748-365,-1
1_748-384,-1
1_748-409,-1
1_748-419,-1
1_748-444,-1
1_748-459,-1
1_748-482,-1
1_748-513,-1
1_748-534,-1
1_748-562,-1
1_748-585,-1
1_748-602,-1
1_748-634,-1
1_748-648,-1
1_748-669,0
1_748-683,-1
1_748-723,-1
1_748-740,-1
1_748-772,-1
1_748-801,-1
1_748-818,-1
1_748-848,-1
1_749-73,-1
1_749-97,-1
1_749-115,-1
1_749-138,-1
1_749-172,-1
1_749-203,-1
1_749-228,-1
1_749-244,-1
1_749-287,-1
1_749-305,-1
1_749-349,-1
1_749-367,-1
1_749-381,-1
1_749-414,-1
1_749-424,-1
1_749-443,-1
1_749-484,-1
1_749-506,-1
1_749-549,-1
1_749-581,-1
1_749-602,-1
1_749-640,-1
1_749-664,-1
1_749-683,-1
1_749-717,-1
1_749-738,-1
1_749-766,-1
1_749-790,-1
1_749-806,-1
1_749-839,-1
1_753-57,-1
1_753-73,0
1_753-101,-1
1_753-121,-1
1_753-154,-1
1_753-208,-1
1_753-246,-1
1_753-266,-1
1_753-286,-1
1_753-333,-1
1_753-348,-1
1_753-374,-1
1_753-411,-1
1_753-430,-1
1_753-453,-1
1_753-484,-1
1_753-515,-1
1_753-535,-1
1_753-551,-1
1_753-577,-1
1_753-603,-1
1_753-637,-1
1_753-670,-1
1_753-702,-1
1_753-750,-1
1_753-783,-1
1_753-810,-1
1_756-72,-1
1_756-109,-1
1_756-133,-1
1_756-186,-1
1_756-219,-1
1_756-236,-1
1_756-259,-1
1_756-286,-1
1_756-317,-1
1_756-341,-1
1_756-361,-1
1_756-381,-1
1_756-406,-1
1_756-441,-1
1_756-494,-1
1_756-506,-1
1_756-522,-1
1_756-547,-1
1_756-565,-1
1_756-574,-1
1_756-603,-1
1_756-615,-1
1_756-631,-1
1_756-652,-1
1_756-668,-1
1_756-697,-1
1_756-713,-1
1_756-740,-1
1_756-750,-1
1_756-771,-1
1_756-788,-1
1_756-812,-1
1_756-836,-1
1_759-54,-1
1_759-88,0
1_759-105,-1
1_759-125,-1
1_759-156,-1
1_759-201,-1
1_759-228,-1
1_759-244,-1
1_759-264,-1
1_759-300,-1
1_759-326,-1
1_759-351,-1
1_759-381,-1
1_759-430,-1
1_759-441,-1
1_759-484,-1
1_759-503,-1
1_759-533,-1
1_759-542,-1
1_759-572,-1
1_759-588,-1
1_759-611,-1
1_759-632,-1
1_759-658,-1
1_759-674,-1
1_759-709,-1
1_759-741,-1
1_759-759,-1
1_759-792,-1
1_759-817,-1
1_759-835,-1
1_762-67,-1
1_762-87,-1
1_762-114,-1
1_762-148,-1
1_762-161,-1
1_762-191,-1
1_762-207,-1
1_762-232,-1
1_762-246,-1
1_762-272,-1
1_762-285,0
1_762-302,-1
1_762-330,-1
1_762-353,-1
1_762-374,-1
1_762-404,-1
1_762-441,-1
1_762-458,-1
1_762-477,-1
1_762-509,-1
1_762-527,-1
1_762-548,0
1_762-579,-1
1_762-600,-1
1_762-641,-1
1_762-665,-1
1_762-692,-1
1_762-714,-1
1_762-738,-1
1_762-747,0
1_762-775,-1
1_762-802,-1
1_762-823,-1
1_762-839,-1
1_763-64,-1
1_763-85,-1
1_763-114,-1
1_763-135,-1
1_763-177,-1
1_763-205,-1
1_763-252,-1
1_763-276,-1
1_763-312,-1
1_763-342,-1
1_763-378,-1
1_763-410,-1
1_763-433,-1
1_763-453,-1
1_763-472,-1
1_763-493,-1
1_763-521,-1
1_763-553,-1
1_763-570,-1
1_763-602,-1
1_763-618,-1
1_763-653,-1
1_763-687,-1
1_763-714,-1
1_763-748,-1
1_763-770,-1
1_763-809,-1
1_764-54,-1
1_764-65,-1
1_764-80,-1
1_764-98,-1
1_764-121,-1
1_764-145,-1
1_764-167,-1
1_764-189,-1
1_764-202,-1
1_764-220,-1
1_764-235,-1
1_764-252,0
1_764-290,-1
1_764-302,-1
1_764-317,-1
1_764-337,-1
1_764-358,-1
1_764-375,-1
1_764-391,1
1_764-403,-1
1_764-420,-1
1_764-431,-1
1_764-443,-1
1_764-461,-1
1_764-484,-1
1_764-508,-1
1_764-525,-1
1_764-550,-1
1_764-576,-1
1_764-591,-1
1_764-605,-1
1_764-627,-1
1_764-658,-1
1_764-692,-1
1_764-711,-1
1_764-722,-1
1_764-748,-1
1_764-771,-1
1_764-793,-1
1_764-810,-1
1_764-835,-1
1_765-66,-1
1_765-85,-1
1_765-105,-1
1_765-120,-1
1_765-173,-1
1_765-194,-1
1_765-214,-1
1_765-239,-1
1_765-261,-1
1_765-287,-1
1_765-306,-1
1_765-320,-1
1_765-337,-1
1_765-347,-1
1_765-355,-1
1_765-373,-1
1_765-401,-1
1_765-424,-1
1_765-443,-1
1_765-464,-1
1_765-491,-1
1_765-523,-1
1_765-542,0
1_765-555,-1
1_765-568,-1
1_765-585,-1
1_765-606,-1
1_765-617,-1
1_765-643,-1
1_765-667,-1
1_765-683,-1
1_765-701,-1
1_765-721,-1
1_765-745,-1
1_765-763,-1
1_765-782,-1
1_765-795,-1
1_765-809,-1
1_765-842,-1
1_768-58,-1
1_768-78,0
1_768-107,-1
1_768-125,-1
1_768-148,-1
1_768-168,-1
1_768-203,-1
1_768-221,-1
1_768-243,-1
1_768-261,-1
1_768-298,-1
1_768-316,-1
1_768-334,-1
1_768-352,-1
1_768-375,-1
1_768-385,-1
1_768-410,-1
1_768-435,-1
1_768-475,-1
1_768-483,-1
1_768-508,-1
1_768-528,-1
1_768-561,-1
1_768-586,-1
1_768-625,-1
1_768-638,-1
1_768-659,-1
1_768-675,-1
1_768-718,-1
1_768-736,-1
1_768-762,-1
1_768-782,-1
1_768-805,-1
1_768-822,-1
1_772-65,-1
1_772-83,-1
1_772-100,-1
1_772-119,-1
1_772-145,-1
1_772-184,-1
1_772-205,-1
1_772-220,-1
1_772-244,-1
1_772-281,-1
1_772-302,-1
1_772-316,-1
1_772-330,-1
1_772-346,-1
1_772-366,-1
1_772-387,-1
1_772-407,0
1_772-429,-1
1_772-466,-1
1_772-480,-1
1_772-497,-1
1_772-529,-1
1_772-557,-1
1_772-567,-1
1_772-582,-1
1_772-596,-1
1_772-622,-1
1_772-652,-1
1_772-675,-1
1_772-700,-1
1_772-710,-1
1_772-730,-1
1_772-750,-1
1_772-767,0
1_772-781,-1
1_772-813,1
1_772-849,-1
1_777-65,-1
1_777-86,-1
1_777-109,-1
1_777-131,-1
1_777-144,-1
1_777-167,-1
1_777-183,-1
1_777-203,-1
1_777-222,-1
1_777-241,-1
1_777-261,-1
1_777-287,-1
1_777-311,-1
1_777-325,-1
1_777-361,-1
1_777-369,-1
1_777-387,-1
1_777-414,-1
1_777-437,-1
1_777-451,0
1_777-475,-1
1_777-507,-1
1_777-527,-1
1_777-551,-1
1_777-570,-1
1_777-592,-1
1_777-607,-1
1_777-635,-1
1_777-654,-1
1_777-676,-1
1_777-707,-1
1_777-722,-1
1_777-735,-1
1_777-763,-1
1_777-775,-1
1_777-805,-1
1_777-818,-1
1_777-833,-1
1_777-848,-1
1_779-63,-1
1_779-93,-1
1_779-122,-1
1_779-138,-1
1_779-173,-1
1_779-186,-1
1_779-214,-1
1_779-230,0
1_779-248,-1
1_779-275,-1
1_779-301,-1
1_779-346,0
1_779-370,-1
1_779-396,-1
1_779-415,-1
1_779-433,-1
1_779-476,-1
1_779-501,-1
1_779-514,-1
1_779-531,-1
1_779-563,-1
1_779-578,-1
1_779-611,-1
1_779-637,-1
1_779-655,-1
1_779-680,-1
1_779-697,-1
1_779-717,-1
1_779-743,-1
1_779-766,-1
1_779-796,-1
1_779-806,-1
1_779-820,-1
1_779-841,-1
1_781-49,-1
1_781-72,-1
1_781-109,-1
1_781-128,-1
1_781-137,-1
1_781-169,-1
1_781-194,-1
1_781-207,-1
1_781-230,-1
1_781-262,-1
1_781-279,-1
1_781-290,-1
1_781-304,-1
1_781-333,-1
1_781-351,-1
1_781-367,-1
1_781-380,-1
1_781-393,-1
1_781-416,-1
1_781-451,-1
1_781-471,-1
1_781-500,-1
1_781-519,-1
1_781-537,-1
1_781-552,-1
1_781-564,-1
1_781-582,0
1_781-587,-1
1_781-608,-1
1_781-626,-1
1_781-642,-1
1_781-664,-1
1_781-685,-1
1_781-695,-1
1_781-736,-1
1_781-753,-1
1_781-767,-1
1_781-795,-1
1_781-814,-1
1_781-845,-1
1_786-74,-1
1_786-106,-1
1_786-133,-1
1_786-152,-1
1_786-171,-1
1_786-191,-1
1_786-207,-1
1_786-231,-1
1_786-254,-1
1_786-278,-1
1_786-319,-1
1_786-342,-1
1_786-378,-1
1_786-399,-1
1_786-416,-1
1_786-448,-1
1_786-477,-1
1_786-492,-1
1_786-515,-1
1_786-534,-1
1_786-565,-1
1_786-586,-1
1_786-609,-1
1_786-668,-1
1_786-695,-1
1_786-764,0
1_786-786,-1
1_786-816,-1
1_789-65,-1
1_789-89,-1
1_789-106,-1
1_789-127,-1
1_789-152,-1
1_789-183,-1
1_789-207,-1
1_789-252,-1
1_789-275,-1
1_789-312,0
1_789-323,-1
1_789-340,-1
1_789-350,-1
1_789-368,-1
1_789-404,-1
1_789-430,-1
1_789-458,-1
1_789-497,-1
1_789-516,-1
1_789-536,-1
1_789-561,-1
1_789-585,-1
1_789-607,-1
1_789-635,-1
1_789-666,-1
1_789-689,-1
1_789-708,-1
1_789-737,-1
1_789-766,-1
1_789-787,-1
1_789-808,-1
1_789-827,-1
1_789-844,-1
1_798-64,-1
1_798-77,-1
1_798-102,-1
1_798-129,-1
1_798-156,-1
1_798-175,-1
1_798-199,-1
1_798-219,-1
1_798-233,-1
1_798-257,-1
1_798-291,-1
1_798-323,-1
1_798-341,-1
1_798-351,-1
1_798-371,-1
1_798-390,-1
1_798-409,-1
1_798-427,-1
1_798-452,-1
1_798-486,-1
1_798-519,-1
1_798-540,-1
1_798-567,-1
1_798-585,-1
1_798-652,-1
1_798-675,-1
1_798-699,-1
1_798-718,-1
1_798-745,-1
1_798-776,-1
1_798-797,-1
1_798-834,-1
1_801-65,-1
1_801-86,-1
1_801-137,1
1_801-188,0
1_801-208,-1
1_801-225,-1
1_801-246,-1
1_801-267,-1
1_801-299,-1
1_801-323,-1
1_801-337,-1
1_801-351,-1
1_801-410,-1
1_801-450,-1
1_801-483,-1
1_801-504,-1
1_801-527,-1
1_801-547,-1
1_801-580,-1
1_801-596,-1
1_801-641,-1
1_801-666,-1
1_801-698,-1
1_801-729,-1
1_801-783,-1
1_801-798,-1
1_801-813,-1
1_801-842,-1
1_802-73,-1
1_802-100,-1
1_802-119,-1
1_802-142,-1
1_802-180,-1
1_802-198,-1
1_802-227,-1
1_802-268,-1
1_802-287,-1
1_802-305,1
1_802-335,-1
1_802-349,-1
1_802-367,-1
1_802-391,-1
1_802-426,-1
1_802-445,-1
1_802-476,-1
1_802-495,-1
1_802-529,0
1_802-546,-1
1_802-578,-1
1_802-608,-1
1_802-625,-1
1_802-668,-1
1_802-694,-1
1_802-704,-1
1_802-727,-1
1_802-753,-1
1_802-767,-1
1_802-780,-1
1_802-798,-1
1_802-808,-1
1_802-823,-1
1_802-850,-1
1_805-58,-1
1_805-75,-1
1_805-98,-1
1_805-118,-1
1_805-128,-1
1_805-154,-1
1_805-192,-1
1_805-227,-1
1_805-245,-1
1_805-261,-1
1_805-280,-1
1_805-308,-1
1_805-335,-1
1_805-361,-1
1_805-384,-1
1_805-393,-1
1_805-427,-1
1_805-450,-1
1_805-478,-1
1_805-509,-1
1_805-531,-1
1_805-553,-1
1_805-581,-1
1_805-617,-1
1_805-648,-1
1_805-686,-1
1_805-714,-1
1_805-729,0
1_805-753,-1
1_805-785,-1
1_805-816,-1
1_805-840,-1
1_811-68,-1
1_811-84,-1
1_811-90,0
1_811-119,-1
1_811-146,-1
1_811-162,-1
1_811-187,-1
1_811-204,-1
1_811-224,-1
1_811-263,-1
1_811-287,-1
1_811-310,-1
1_811-332,-1
1_811-349,-1
1_811-368,-1
1_811-389,-1
1_811-409,-1
1_811-441,-1
1_811-480,-1
1_811-506,-1
1_811-533,-1
1_811-557,-1
1_811-571,-1
1_811-610,-1
1_811-630,-1
1_811-668,-1
1_811-687,-1
1_811-700,-1
1_811-740,-1
1_811-760,-1
1_811-779,-1
1_811-797,-1
1_811-815,-1
1_811-836,-1
1_813-60,-1
1_813-78,-1
1_813-99,-1
1_813-119,-1
1_813-141,-1
1_813-159,-1
1_813-182,-1
1_813-212,-1
1_813-240,-1
1_813-255,-1
1_813-289,-1
1_813-327,-1
1_813-346,-1
1_813-398,-1
1_813-412,-1
1_813-443,-1
1_813-490,-1
1_813-516,-1
1_813-529,-1
1_813-544,-1
1_813-563,-1
1_813-590,-1
1_813-611,-1
1_813-640,-1
1_813-692,-1
1_813-709,-1
1_813-734,-1
1_813-763,-1
1_813-790,-1
1_813-815,-1
1_813-841,-1
1_815-52,-1
1_815-90,-1
1_815-105,-1
1_815-121,-1
1_815-129,-1
1_815-159,-1
1_815-175,-1
1_815-203,-1
1_815-238,-1
1_815-273,-1
1_815-289,-1
1_815-313,-1
1_815-334,-1
1_815-373,-1
1_815-393,-1
1_815-418,-1
1_815-437,-1
1_815-456,-1
1_815-487,-1
1_815-502,-1
1_815-513,-1
1_815-529,-1
1_815-548,-1
1_815-587,-1
1_815-608,-1
1_815-629,-1
1_815-646,-1
1_815-672,-1
1_815-692,-1
1_815-706,-1
1_815-720,-1
1_815-746,-1
1_815-769,-1
1_815-783,-1
1_815-819,-1
1_815-842,-1
1_825-60,-1
1_825-81,-1
1_825-97,-1
1_825-107,-1
1_825-125,-1
1_825-145,-1
1_825-175,-1
1_825-194,-1
1_825-229,-1
1_825-249,-1
1_825-261,-1
1_825-281,-1
1_825-312,-1
1_825-334,-1
1_825-354,-1
1_825-372,-1
1_825-386,-1
1_825-410,-1
1_825-452,-1
1_825-474,-1
1_825-495,-1
1_825-505,-1
1_825-528,-1
1_825-553,-1
1_825-565,-1
1_825-592,-1
1_825-611,-1
1_825-630,-1
1_825-663,-1
1_825-676,-1
1_825-695,-1
1_825-714,-1
1_825-734,-1
1_825-748,-1
1_825-761,-1
1_825-780,-1
1_825-794,-1
1_825-816,-1
1_825-842,-1
1_826-52,-1
1_826-64,-1
1_826-91,-1
1_826-126,-1
1_826-141,-1
1_826-162,-1
1_826-190,-1
1_826-217,-1
1_826-241,-1
1_826-264,-1
1_826-290,-1
1_826-304,-1
1_826-325,0
1_826-340,-1
1_826-363,-1
1_826-382,-1
1_826-399,-1
1_826-415,-1
1_826-432,-1
1_826-447,-1
1_826-472,-1
1_826-513,-1
1_826-541,-1
1_826-570,-1
1_826-600,-1
1_826-623,-1
1_826-660,-1
1_826-702,-1
1_826-732,-1
1_826-754,-1
1_826-771,-1
1_826-791,-1
1_826-829,-1
1_826-850,-1
1_828-67,-1
1_828-85,-1
1_828-105,-1
1_828-130,-1
1_828-146,-1
1_828-170,-1
1_828-187,-1
1_828-201,-1
1_828-225,-1
1_828-250,-1
1_828-287,-1
1_828-308,-1
1_828-338,-1
1_828-361,-1
1_828-384,-1
1_828-406,-1
1_828-432,-1
1_828-447,-1
1_828-479,-1
1_828-499,-1
1_828-529,-1
1_828-543,-1
1_828-557,-1
1_828-587,-1
1_828-619,-1
1_828-635,-1
1_828-657,-1
1_828-720,-1
1_828-740,0
1_828-768,-1
1_828-821,-1
1_828-832,-1
1_829-50,-1
1_829-86,-1
1_829-99,-1
1_829-131,-1
1_829-151,-1
1_829-169,-1
1_829-191,-1
1_829-206,-1
1_829-241,-1
1_829-280,-1
1_829-307,0
1_829-328,-1
1_829-339,-1
1_829-369,-1
1_829-389,-1
1_829-401,-1
1_829-420,-1
1_829-446,-1
1_829-466,-1
1_829-484,0
1_829-503,-1
1_829-530,-1
1_829-555,-1
1_829-568,-1
1_829-587,-1
1_829-603,-1
1_829-617,-1
1_829-627,-1
1_829-654,-1
1_829-686,-1
1_829-710,-1
1_829-747,0
1_829-782,-1
1_829-801,-1
1_829-810,-1
1_829-828,-1
1_831-61,-1
1_831-76,-1
1_831-98,-1
1_831-128,-1
1_831-142,-1
1_831-167,-1
1_831-179,-1
1_831-203,-1
1_831-265,-1
1_831-283,-1
1_831-334,-1
1_831-359,-1
1_831-386,-1
1_831-418,-1
1_831-456,-1
1_831-466,-1
1_831-498,-1
1_831-537,-1
1_831-552,-1
1_831-568,-1
1_831-598,-1
1_831-624,-1
1_831-646,-1
1_831-683,-1
1_831-721,-1
1_831-760,-1
1_831-777,-1
1_831-803,-1
1_831-815,-1
1_831-840,-1
1_833-72,-1
1_833-88,-1
1_833-101,-1
1_833-114,-1
1_833-134,-1
1_833-154,-1
1_833-177,-1
1_833-241,-1
1_833-275,-1
1_833-301,-1
1_833-322,-1
1_833-356,-1
1_833-375,-1
1_833-390,-1
1_833-408,-1
1_833-430,-1
1_833-453,0
1_833-478,-1
1_833-503,-1
1_833-529,-1
1_833-544,-1
1_833-571,-1
1_833-582,-1
1_833-613,-1
1_833-642,-1
1_833-657,-1
1_833-678,-1
1_833-697,-1
1_833-716,-1
1_833-747,-1
1_833-779,-1
1_833-799,-1
1_833-829,-1
1_834-67,-1
1_834-81,-1
1_834-95,-1
1_834-127,-1
1_834-159,-1
1_834-178,-1
1_834-203,-1
1_834-222,-1
1_834-247,-1
1_834-264,-1
1_834-304,-1
1_834-326,-1
1_834-347,-1
1_834-376,-1
1_834-396,-1
1_834-415,-1
1_834-442,-1
1_834-484,-1
1_834-509,-1
1_834-537,-1
1_834-552,-1
1_834-576,-1
1_834-596,-1
1_834-624,0
1_834-660,-1
1_834-689,-1
1_834-724,-1
1_834-746,-1
1_834-793,-1
1_834-829,-1
1_834-842,-1
1_838-51,-1
1_838-63,-1
1_838-85,-1
1_838-102,-1
1_838-136,-1
1_838-155,-1
1_838-170,-1
1_838-205,-1
1_838-234,-1
1_838-265,-1
1_838-284,-1
1_838-306,-1
1_838-326,-1
1_838-346,-1
1_838-368,-1
1_838-394,-1
1_838-422,-1
1_838-456,-1
1_838-493,-1
1_838-518,-1
1_838-536,-1
1_838-561,-1
1_838-578,-1
1_838-604,-1
1_838-623,-1
1_838-651,-1
1_838-674,-1
1_838-687,-1
1_838-708,-1
1_838-741,-1
1_838-762,-1
1_838-788,-1
1_838-813,-1
1_838-839,-1
1_847-56,-1
1_847-70,-1
1_847-108,-1
1_847-139,-1
1_847-157,-1
1_847-171,-1
1_847-185,-1
1_847-198,-1
1_847-212,-1
1_847-249,-1
1_847-269,-1
1_847-285,-1
1_847-312,-1
1_847-324,-1
1_847-345,-1
1_847-370,-1
1_847-394,-1
1_847-409,1
1_847-423,-1
1_847-447,-1
1_847-472,-1
1_847-504,-1
1_847-550,-1
1_847-579,-1
1_847-597,-1
1_847-608,-1
1_847-629,-1
1_847-653,-1
1_847-671,-1
1_847-686,-1
1_847-714,-1
1_847-738,-1
1_847-753,-1
1_847-766,-1
1_847-786,0
1_847-810,-1
1_847-827,-1
1_847-847,-1
1_848-58,-1
1_848-85,-1
1_848-108,-1
1_848-127,-1
1_848-183,-1
1_848-204,-1
1_848-223,-1
1_848-252,-1
1_848-265,-1
1_848-279,-1
1_848-312,-1
1_848-327,-1
1_848-356,-1
1_848-369,-1
1_848-389,-1
1_848-428,-1
1_848-473,-1
1_848-489,-1
1_848-510,-1
1_848-531,-1
1_848-556,-1
1_848-582,0
1_848-599,-1
1_848-634,-1
1_848-653,1
1_848-669,-1
1_848-693,-1
1_848-702,-1
1_848-730,-1
1_848-744,-1
1_848-763,-1
1_848-786,-1
1_848-798,-1
1_848-817,-1
1_848-844,-1
1_857-69,-1
1_857-123,-1
1_857-134,-1
1_857-154,-1
1_857-172,-1
1_857-202,-1
1_857-229,-1
1_857-249,-1
1_857-264,-1
1_857-298,-1
1_857-332,-1
1_857-350,-1
1_857-373,0
1_857-395,-1
1_857-422,-1
1_857-446,-1
1_857-450,-1
1_857-478,-1
1_857-530,-1
1_857-548,-1
1_857-570,-1
1_857-588,-1
1_857-606,-1
1_857-653,-1
1_857-692,-1
1_857-726,-1
1_857-743,-1
1_857-773,-1
1_857-798,-1
1_857-821,-1
1_860-53,-1
1_860-71,-1
1_860-91,-1
1_860-112,-1
1_860-142,-1
1_860-157,-1
1_860-177,-1
1_860-190,-1
1_860-205,-1
1_860-222,-1
1_860-242,-1
1_860-263,-1
1_860-290,-1
1_860-317,-1
1_860-343,-1
1_860-361,-1
1_860-384,-1
1_860-413,-1
1_860-427,-1
1_860-456,-1
1_860-470,-1
1_860-490,-1
1_860-504,-1
1_860-531,-1
1_860-564,-1
1_860-590,-1
1_860-603,-1
1_860-618,-1
1_860-635,-1
1_860-677,-1
1_860-701,-1
1_860-724,-1
1_860-751,-1
1_860-777,-1
1_860-798,-1
1_860-818,-1
1_860-830,-1
1_864-65,-1
1_864-92,-1
1_864-129,-1
1_864-153,-1
1_864-188,-1
1_864-229,-1
1_864-246,-1
1_864-265,-1
1_864-289,-1
1_864-318,-1
1_864-351,-1
1_864-371,-1
1_864-399,-1
1_864-416,-1
1_864-441,-1
1_864-457,-1
1_864-474,-1
1_864-489,-1
1_864-514,-1
1_864-533,-1
1_864-543,-1
1_864-555,-1
1_864-578,-1
1_864-592,-1
1_864-629,-1
1_864-648,-1
1_864-664,-1
1_864-681,-1
1_864-705,-1
1_864-745,-1
1_864-766,-1
1_864-785,-1
1_864-817,-1
1_864-846,-1
1_866-62,-1
1_866-84,-1
1_866-108,-1
1_866-119,-1
1_866-140,-1
1_866-170,-1
1_866-192,-1
1_866-229,-1
1_866-252,-1
1_866-271,-1
1_866-307,-1
1_866-332,-1
1_866-357,-1
1_866-379,-1
1_866-406,-1
1_866-448,-1
1_866-465,-1
1_866-480,-1
1_866-505,-1
1_866-522,-1
1_866-555,-1
1_866-568,-1
1_866-581,-1
1_866-622,-1
1_866-642,-1
1_866-660,-1
1_866-685,-1
1_866-716,-1
1_866-734,-1
1_866-793,-1
1_866-813,-1
1_866-826,-1
1_866-850,-1
1_867-62,-1
1_867-83,-1
1_867-109,-1
1_867-135,-1
1_867-181,-1
1_867-209,-1
1_867-236,-1
1_867-298,-1
1_867-330,-1
1_867-354,-1
1_867-406,-1
1_867-427,-1
1_867-461,-1
1_867-483,-1
1_867-504,-1
1_867-527,-1
1_867-554,-1
1_867-608,-1
1_867-665,-1
1_867-694,-1
1_867-712,-1
1_867-740,-1
1_867-761,-1
1_867-780,-1
1_867-803,-1
1_867-821,-1
1_869-66,-1
1_869-102,-1
1_869-125,0
1_869-151,-1
1_869-181,-1
1_869-199,-1
1_869-220,-1
1_869-248,-1
1_869-267,-1
1_869-281,-1
1_869-314,-1
1_869-343,-1
1_869-365,-1
1_869-385,0
1_869-407,-1
1_869-439,-1
1_869-486,-1
1_869-518,-1
1_869-543,-1
1_869-596,-1
1_869-620,-1
1_869-640,-1
1_869-654,-1
1_869-684,-1
1_869-708,-1
1_869-722,-1
1_869-757,-1
1_869-791,-1
1_869-825,-1
1_870-80,-1
1_870-108,-1
1_870-136,-1
1_870-168,-1
1_870-193,-1
1_870-216,-1
1_870-234,-1
1_870-259,-1
1_870-280,-1
1_870-316,-1
1_870-331,-1
1_870-352,-1
1_870-367,-1
1_870-386,-1
1_870-410,-1
1_870-445,-1
1_870-506,-1
1_870-533,-1
1_870-549,0
1_870-566,-1
1_870-588,-1
1_870-598,-1
1_870-623,-1
1_870-658,-1
1_870-709,-1
1_870-732,-1
1_870-773,-1
1_870-810,-1
1_870-850,-1
1_871-62,-1
1_871-105,-1
1_871-129,-1
1_871-153,-1
1_871-177,-1
1_871-202,-1
1_871-240,-1
1_871-264,0
1_871-300,-1
1_871-324,-1
1_871-346,-1
1_871-397,-1
1_871-428,-1
1_871-443,-1
1_871-466,-1
1_871-490,-1
1_871-513,0
1_871-552,-1
1_871-579,-1
1_871-597,-1
1_871-641,-1
1_871-671,-1
1_871-687,-1
1_871-713,-1
1_871-740,0
1_871-757,-1
1_871-786,-1
1_871-800,-1
1_871-816,-1
1_871-836,-1
1_873-64,-1
1_873-94,-1
1_873-114,-1
1_873-133,-1
1_873-154,-1
1_873-175,-1
1_873-206,-1
1_873-238,-1
1_873-253,-1
1_873-275,-1
1_873-310,-1
1_873-332,-1
1_873-350,-1
1_873-364,-1
1_873-397,-1
1_873-412,-1
1_873-429,-1
1_873-459,-1
1_873-477,-1
1_873-485,-1
1_873-509,-1
1_873-549,-1
1_873-577,-1
1_873-594,-1
1_873-604,-1
1_873-622,-1
1_873-642,-1
1_873-656,-1
1_873-674,-1
1_873-711,-1
1_873-740,-1
1_873-749,-1
1_873-766,-1
1_873-794,-1
1_873-817,-1
1_873-834,-1
1_875-63,-1
1_875-97,-1
1_875-134,-1
1_875-159,-1
1_875-174,-1
1_875-210,-1
1_875-222,-1
1_875-237,-1
1_875-262,-1
1_875-316,-1
1_875-336,-1
1_875-351,-1
1_875-382,-1
1_875-392,-1
1_875-410,-1
1_875-435,-1
1_875-449,-1
1_875-468,-1
1_875-488,-1
1_875-520,-1
1_875-539,-1
1_875-559,-1
1_875-574,-1
1_875-601,-1
1_875-615,-1
1_875-631,-1
1_875-662,-1
1_875-682,-1
1_875-706,-1
1_875-729,-1
1_875-752,-1
1_875-780,-1
1_875-799,-1
1_875-816,-1
1_878-52,-1
1_878-70,0
1_878-93,-1
1_878-110,-1
1_878-143,-1
1_878-167,-1
1_878-185,-1
1_878-209,0
1_878-222,-1
1_878-240,-1
1_878-271,-1
1_878-300,-1
1_878-327,-1
1_878-350,-1
1_878-366,-1
1_878-378,-1
1_878-414,-1
1_878-429,-1
1_878-447,-1
1_878-475,-1
1_878-499,-1
1_878-510,-1
1_878-531,-1
1_878-550,-1
1_878-561,-1
1_878-581,-1
1_878-598,-1
1_878-612,-1
1_878-646,-1
1_878-660,-1
1_878-686,0
1_878-709,-1
1_878-726,-1
1_878-744,-1
1_878-776,-1
1_878-794,-1
1_878-812,-1
1_878-843,-1
1_880-61,-1
1_880-99,-1
1_880-109,-1
1_880-144,-1
1_880-155,-1
1_880-185,-1
1_880-200,-1
1_880-211,-1
1_880-244,-1
1_880-275,-1
1_880-299,-1
1_880-335,-1
1_880-367,-1
1_880-382,-1
1_880-397,-1
1_880-421,-1
1_880-455,-1
1_880-474,-1
1_880-497,1
1_880-514,-1
1_880-551,-1
1_880-579,-1
1_880-591,-1
1_880-620,-1
1_880-631,-1
1_880-646,-1
1_880-665,-1
1_880-684,-1
1_880-712,-1
1_880-736,-1
1_880-751,-1
1_880-769,-1
1_880-803,-1
1_880-839,-1
1_881-58,-1
1_881-81,0
1_881-114,-1
1_881-140,-1
1_881-159,-1
1_881-178,-1
1_881-209,-1
1_881-224,-1
1_881-254,-1
1_881-281,-1
1_881-300,-1
1_881-330,-1
1_881-340,-1
1_881-385,-1
1_881-406,-1
1_881-432,-1
1_881-467,-1
1_881-488,-1
1_881-500,-1
1_881-516,-1
1_881-543,-1
1_881-571,-1
1_881-588,-1
1_881-600,-1
1_881-625,-1
1_881-651,-1
1_881-670,-1
1_881-714,-1
1_881-739,-1
1_881-757,-1
1_881-776,-1
1_881-820,-1
1_881-836,-1
1_886-53,0
1_886-67,-1
1_886-86,-1
1_886-110,-1
1_886-134,-1
1_886-161,-1
1_886-187,-1
1_886-215,-1
1_886-236,-1
1_886-265,-1
1_886-294,-1
1_886-311,1
1_886-331,-1
1_886-343,-1
1_886-375,-1
1_886-403,-1
1_886-424,-1
1_886-449,-1
1_886-482,-1
1_886-509,-1
1_886-525,0
1_886-557,-1
1_886-580,-1
1_886-596,-1
1_886-618,-1
1_886-644,-1
1_886-678,-1
1_886-709,-1
1_886-735,-1
1_886-761,1
1_886-788,-1
1_886-810,-1
1_886-833,-1
1_891-52,-1
1_891-65,-1
1_891-81,-1
1_891-111,-1
1_891-133,-1
1_891-144,-1
1_891-161,-1
1_891-199,-1
1_891-235,0
1_891-253,-1
1_891-268,0
1_891-294,-1
1_891-325,-1
1_891-357,-1
1_891-390,-1
1_891-420,-1
1_891-443,-1
1_891-475,-1
1_891-511,-1
1_891-524,-1
1_891-547,-1
1_891-580,-1
1_891-629,-1
1_891-655,-1
1_891-675,-1
1_891-703,-1
1_891-723,-1
1_891-746,-1
1_891-763,-1
1_891-789,-1
1_891-828,-1
1_891-842,-1
1_894-55,-1
1_894-73,-1
1_894-92,-1
1_894-133,-1
1_894-153,-1
1_894-182,-1
1_894-225,-1
1_894-251,-1
1_894-285,-1
1_894-315,-1
1_894-346,-1
1_894-368,-1
1_894-407,-1
1_894-465,-1
1_894-479,-1
1_894-521,-1
1_894-575,-1
1_894-589,-1
1_894-616,-1
1_894-636,-1
1_894-673,-1
1_894-687,-1
1_894-729,-1
1_894-778,-1
1_894-795,-1
1_894-823,-1
1_894-844,-1
1_895-52,-1
1_895-69,-1
1_895-120,0
1_895-157,-1
1_895-184,-1
1_895-208,-1
1_895-227,-1
1_895-240,-1
1_895-269,-1
1_895-289,-1
1_895-309,-1
1_895-333,-1
1_895-359,-1
1_895-388,-1
1_895-404,-1
1_895-426,-1
1_895-453,-1
1_895-481,-1
1_895-501,-1
1_895-520,-1
1_895-558,-1
1_895-591,-1
1_895-607,-1
1_895-632,0
1_895-661,-1
1_895-681,-1
1_895-703,-1
1_895-720,-1
1_895-741,-1
1_895-756,-1
1_895-770,-1
1_895-820,-1
1_897-68,-1
1_897-80,-1
1_897-99,-1
1_897-122,-1
1_897-144,-1
1_897-175,-1
1_897-193,-1
1_897-205,-1
1_897-231,-1
1_897-252,-1
1_897-274,-1
1_897-292,-1
1_897-329,-1
1_897-348,-1
1_897-378,-1
1_897-401,-1
1_897-430,-1
1_897-445,-1
1_897-476,-1
1_897-513,-1
1_897-531,-1
1_897-550,-1
1_897-576,-1
1_897-599,-1
1_897-621,-1
1_897-644,-1
1_897-676,-1
1_897-707,-1
1_897-732,-1
1_897-761,-1
1_897-775,-1
1_897-806,-1
1_897-822,-1
1_900-51,-1
1_900-96,-1
1_900-122,-1
1_900-170,-1
1_900-200,-1
1_900-230,-1
1_900-273,-1
1_900-293,-1
1_900-311,-1
1_900-339,-1
1_900-372,-1
1_900-390,-1
1_900-415,-1
1_900-449,-1
1_900-476,-1
1_900-497,-1
1_900-514,-1
1_900-540,-1
1_900-567,-1
1_900-590,-1
1_900-624,-1
1_900-642,-1
1_900-683,0
1_900-702,-1
1_900-736,-1
1_900-764,-1
1_900-808,-1
1_900-829,-1
1_903-53,-1
1_903-78,-1
1_903-99,-1
1_903-124,-1
1_903-144,-1
1_903-160,-1
1_903-181,-1
1_903-209,-1
1_903-227,-1
1_903-248,-1
1_903-274,-1
1_903-298,-1
1_903-316,-1
1_903-331,-1
1_903-372,-1
1_903-392,-1
1_903-412,-1
1_903-436,-1
1_903-456,-1
1_903-470,-1
1_903-511,-1
1_903-532,-1
1_903-563,-1
1_903-580,-1
1_903-614,-1
1_903-641,-1
1_903-656,-1
1_903-669,-1
1_903-691,-1
1_903-707,0
1_903-720,-1
1_903-745,-1
1_903-767,-1
1_903-783,-1
1_903-816,-1
1_903-837,-1
1_904-53,-1
1_904-67,-1
1_904-85,-1
1_904-110,-1
1_904-134,-1
1_904-162,-1
1_904-194,-1
1_904-215,-1
1_904-230,-1
1_904-244,-1
1_904-259,-1
1_904-281,0
1_904-302,-1
1_904-339,-1
1_904-354,-1
1_904-370,-1
1_904-395,-1
1_904-417,-1
1_904-441,-1
1_904-454,-1
1_904-478,-1
1_904-496,-1
1_904-521,-1
1_904-538,-1
1_904-561,-1
1_904-584,-1
1_904-626,-1
1_904-675,-1
1_904-703,-1
1_904-724,-1
1_904-742,-1
1_904-766,-1
1_904-787,-1
1_904-809,-1
1_904-830,-1
1_927-79,0
1_927-109,-1
1_927-127,-1
1_927-152,-1
1_927-169,-1
1_927-189,-1
1_927-210,-1
1_927-227,-1
1_927-249,-1
1_927-268,-1
1_927-313,-1
1_927-357,-1
1_927-376,-1
1_927-394,-1
1_927-428,-1
1_927-447,-1
1_927-466,-1
1_927-511,-1
1_927-549,-1
1_927-576,-1
1_927-607,-1
1_927-617,-1
1_927-637,-1
1_927-652,-1
1_927-676,-1
1_927-695,-1
1_927-729,-1
1_927-744,-1
1_927-773,-1
1_927-792,-1
1_927-821,-1
1_927-839,-1
1_928-53,-1
1_928-72,-1
1_928-117,-1
1_928-169,-1
1_928-188,-1
1_928-214,-1
1_928-233,-1
1_928-262,-1
1_928-280,-1
1_928-315,-1
1_928-334,-1
1_928-354,-1
1_928-380,-1
1_928-392,-1
1_928-415,-1
1_928-434,-1
1_928-455,-1
1_928-469,-1
1_928-492,-1
1_928-517,-1
1_928-534,-1
1_928-555,-1
1_928-584,-1
1_928-618,-1
1_928-647,-1
1_928-674,-1
1_928-706,-1
1_928-733,-1
1_928-758,-1
1_928-782,0
1_928-825,-1
1_928-834,-1
1_931-79,-1
1_931-95,-1
1_931-120,-1
1_931-141,-1
1_931-156,-1
1_931-195,-1
1_931-233,-1
1_931-269,-1
1_931-296,-1
1_931-333,1
1_931-359,-1
1_931-369,-1
1_931-399,-1
1_931-420,-1
1_931-438,-1
1_931-462,-1
1_931-494,-1
1_931-519,-1
1_931-543,-1
1_931-568,-1
1_931-595,-1
1_931-614,-1
1_931-637,-1
1_931-681,-1
1_931-694,-1
1_931-706,-1
1_931-726,-1
1_931-751,-1
1_931-772,-1
1_931-801,-1
1_931-836,-1
1_933-54,-1
1_933-72,-1
1_933-89,-1
1_933-110,-1
1_933-143,-1
1_933-159,-1
1_933-189,-1
1_933-237,-1
1_933-270,0
1_933-287,-1
1_933-319,-1
1_933-341,-1
1_933-366,-1
1_933-381,-1
1_933-397,-1
1_933-418,-1
1_933-438,-1
1_933-472,-1
1_933-498,-1
1_933-548,-1
1_933-572,-1
1_933-597,-1
1_933-635,-1
1_933-647,-1
1_933-679,-1
1_933-711,-1
1_933-717,-1
1_933-745,-1
1_933-772,-1
1_933-814,1
1_933-837,-1
1_934-79,-1
1_934-94,-1
1_934-123,-1
1_934-137,-1
1_934-154,0
1_934-173,-1
1_934-195,0
1_934-208,-1
1_934-224,-1
1_934-256,-1
1_934-281,-1
1_934-318,-1
1_934-349,-1
1_934-369,-1
1_934-389,-1
1_934-420,-1
1_934-438,-1
1_934-458,-1
1_934-488,-1
1_934-508,-1
1_934-529,-1
1_934-550,-1
1_934-566,-1
1_934-583,-1
1_934-591,-1
1_934-622,-1
1_934-656,0
1_934-679,-1
1_934-695,-1
1_934-715,-1
1_934-737,-1
1_934-762,-1
1_934-777,-1
1_934-800,-1
1_934-817,-1
1_936-56,-1
1_936-80,-1
1_936-108,-1
1_936-137,-1
1_936-151,-1
1_936-175,-1
1_936-201,-1
1_936-226,-1
1_936-250,-1
1_936-282,-1
1_936-318,-1
1_936-345,-1
1_936-364,-1
1_936-393,-1
1_936-433,-1
1_936-457,0
1_936-474,-1
1_936-500,-1
1_936-540,-1
1_936-571,0
1_936-600,-1
1_936-625,-1
1_936-637,-1
1_936-657,-1
1_936-679,-1
1_936-711,-1
1_936-745,-1
1_936-753,-1
1_936-784,-1
1_936-805,-1
1_936-834,-1
1_937-55,-1
1_937-77,-1
1_937-112,-1
1_937-137,-1
1_937-156,-1
1_937-193,-1
1_937-215,-1
1_937-240,-1
1_937-265,-1
1_937-287,-1
1_937-300,-1
1_937-323,-1
1_937-339,-1
1_937-382,-1
1_937-408,-1
1_937-438,-1
1_937-462,-1
1_937-486,-1
1_937-523,-1
1_937-544,1
1_937-580,-1
1_937-612,-1
1_937-637,-1
1_937-653,-1
1_937-699,1
1_937-726,-1
1_937-759,-1
1_937-773,-1
1_937-793,-1
1_937-827,1
1_937-848,-1
1_946-63,-1
1_946-83,-1
1_946-119,-1
1_946-150,-1
1_946-165,-1
1_946-193,-1
1_946-209,-1
1_946-234,-1
1_946-262,-1
1_946-294,-1
1_946-318,-1
1_946-345,-1
1_946-369,-1
1_946-379,-1
1_946-404,-1
1_946-420,-1
1_946-442,-1
1_946-461,-1
1_946-480,-1
1_946-501,0
1_946-516,-1
1_946-543,-1
1_946-572,-1
1_946-613,-1
1_946-669,0
1_946-681,-1
1_946-698,0
1_946-712,-1
1_946-735,-1
1_946-795,-1
1_946-806,-1
1_946-827,-1
1_949-59,-1
1_949-77,-1
1_949-91,-1
1_949-107,-1
1_949-119,-1
1_949-150,-1
1_949-185,-1
1_949-199,-1
1_949-213,-1
1_949-240,-1
1_949-258,-1
1_949-283,-1
1_949-301,-1
1_949-329,-1
1_949-365,-1
1_949-381,-1
1_949-396,-1
1_949-428,-1
1_949-438,-1
1_949-447,-1
1_949-483,-1
1_949-500,-1
1_949-521,-1
1_949-532,-1
1_949-545,-1
1_949-580,-1
1_949-588,-1
1_949-593,-1
1_949-620,-1
1_949-638,-1
1_949-665,-1
1_949-679,-1
1_949-691,-1
1_949-713,-1
1_949-728,-1
1_949-788,-1
1_949-830,-1
1_954-66,-1
1_954-94,-1
1_954-110,-1
1_954-130,-1
1_954-155,-1
1_954-180,-1
1_954-205,-1
1_954-228,-1
1_954-249,-1
1_954-268,-1
1_954-288,-1
1_954-309,-1
1_954-323,-1
1_954-337,-1
1_954-396,-1
1_954-428,-1
1_954-436,-1
1_954-454,-1
1_954-467,-1
1_954-475,-1
1_954-493,-1
1_954-519,-1
1_954-539,-1
1_954-566,-1
1_954-600,-1
1_954-613,-1
1_954-633,-1
1_954-652,-1
1_954-681,-1
1_954-704,-1
1_954-723,-1
1_954-744,-1
1_954-769,-1
1_954-796,-1
1_954-823,-1
1_954-837,-1
1_959-63,-1
1_959-95,-1
1_959-118,-1
1_959-142,-1
1_959-175,-1
1_959-196,-1
1_959-218,-1
1_959-259,-1
1_959-279,-1
1_959-304,-1
1_959-323,-1
1_959-349,-1
1_959-388,-1
1_959-407,-1
1_959-441,-1
1_959-476,-1
1_959-503,-1
1_959-517,-1
1_959-543,-1
1_959-565,-1
1_959-585,-1
1_959-640,-1
1_959-672,-1
1_959-711,-1
1_959-757,-1
1_959-791,-1
1_959-804,-1
1_959-841,-1
1_962-60,-1
1_962-89,-1
1_962-135,-1
1_962-167,-1
1_962-213,-1
1_962-239,-1
1_962-258,-1
1_962-300,-1
1_962-315,-1
1_962-328,-1
1_962-341,-1
1_962-391,-1
1_962-423,-1
1_962-461,-1
1_962-501,-1
1_962-520,-1
1_962-541,-1
1_962-568,-1
1_962-587,-1
1_962-623,-1
1_962-664,-1
1_962-686,-1
1_962-709,-1
1_962-758,-1
1_962-791,-1
1_962-817,-1
1_962-836,-1
1_963-62,-1
1_963-89,-1
1_963-107,-1
1_963-132,-1
1_963-157,-1
1_963-201,-1
1_963-256,-1
1_963-271,-1
1_963-311,-1
1_963-338,-1
1_963-373,-1
1_963-390,-1
1_963-430,-1
1_963-454,-1
1_963-486,-1
1_963-503,-1
1_963-527,-1
1_963-564,-1
1_963-588,-1
1_963-620,-1
1_963-637,-1
1_963-654,-1
1_963-683,-1
1_963-695,-1
1_963-729,-1
1_963-750,-1
1_963-762,-1
1_963-781,-1
1_963-815,-1
1_963-832,-1
1_970-54,-1
1_970-77,-1
1_970-99,-1
1_970-125,-1
1_970-152,-1
1_970-181,-1
1_970-235,-1
1_970-255,-1
1_970-287,-1
1_970-302,-1
1_970-322,-1
1_970-352,-1
1_970-370,-1
1_970-417,-1
1_970-436,-1
1_970-448,-1
1_970-474,-1
1_970-501,-1
1_970-517,-1
1_970-543,-1
1_970-562,-1
1_970-579,-1
1_970-633,-1
1_970-654,-1
1_970-672,-1
1_970-698,-1
1_970-735,-1
1_970-760,-1
1_970-794,-1
1_970-842,-1
1_972-56,-1
1_972-86,-1
1_972-101,0
1_972-118,-1
1_972-146,-1
1_972-160,-1
1_972-190,-1
1_972-203,-1
1_972-223,-1
1_972-248,-1
1_972-266,-1
1_972-280,-1
1_972-308,-1
1_972-352,-1
1_972-370,0
1_972-398,-1
1_972-427,-1
1_972-442,-1
1_972-459,-1
1_972-500,-1
1_972-530,-1
1_972-556,-1
1_972-575,-1
1_972-606,-1
1_972-629,-1
1_972-649,-1
1_972-669,-1
1_972-685,-1
1_972-710,-1
1_972-731,-1
1_972-762,-1
1_972-787,-1
1_972-833,-1
1_979-52,-1
1_979-73,-1
1_979-89,-1
1_979-115,-1
1_979-147,-1
1_979-162,-1
1_979-183,-1
1_979-193,-1
1_979-208,-1
1_979-222,-1
1_979-240,-1
1_979-250,-1
1_979-264,-1
1_979-283,-1
1_979-294,-1
1_979-308,-1
1_979-329,-1
1_979-353,-1
1_979-389,-1
1_979-406,-1
1_979-435,-1
1_979-454,-1
1_979-485,-1
1_979-508,-1
1_979-529,-1
1_979-543,-1
1_979-567,-1
1_979-595,-1
1_979-616,-1
1_979-632,-1
1_979-657,-1
1_979-688,-1
1_979-717,-1
1_979-760,-1
1_979-784,-1
1_979-800,-1
1_979-824,-1
1_980-89,-1
1_980-111,-1
1_980-142,-1
1_980-173,-1
1_980-195,-1
1_980-213,-1
1_980-241,-1
1_980-272,-1
1_980-296,-1
1_980-310,-1
1_980-350,-1
1_980-366,-1
1_980-384,-1
1_980-406,-1
1_980-436,-1
1_980-451,-1
1_980-486,-1
1_980-509,-1
1_980-526,-1
1_980-557,-1
1_980-576,-1
1_980-588,0
1_980-599,-1
1_980-633,-1
1_980-681,-1
1_980-715,-1
1_980-741,-1
1_980-757,-1
1_980-786,-1
1_980-820,-1
1_980-846,-1
1_981-57,-1
1_981-95,-1
1_981-126,-1
1_981-153,-1
1_981-185,-1
1_981-208,-1
1_981-228,-1
1_981-253,-1
1_981-269,-1
1_981-295,-1
1_981-313,-1
1_981-329,-1
1_981-360,-1
1_981-377,-1
1_981-402,-1
1_981-426,-1
1_981-459,-1
1_981-473,-1
1_981-497,-1
1_981-527,-1
1_981-567,-1
1_981-584,-1
1_981-606,-1
1_981-627,-1
1_981-654,-1
1_981-669,-1
1_981-715,-1
1_981-732,-1
1_981-767,-1
1_981-788,-1
1_981-832,-1
1_984-50,-1
1_984-76,-1
1_984-91,-1
1_984-101,-1
1_984-116,-1
1_984-154,-1
1_984-165,-1
1_984-180,-1
1_984-200,-1
1_984-219,-1
1_984-249,-1
1_984-267,-1
1_984-295,-1
1_984-314,-1
1_984-360,-1
1_984-388,-1
1_984-415,-1
1_984-438,-1
1_984-466,-1
1_984-485,-1
1_984-505,-1
1_984-534,-1
1_984-551,-1
1_984-572,-1
1_984-609,-1
1_984-648,-1
1_984-677,-1
1_984-704,-1
1_984-720,-1
1_984-747,-1
1_984-764,-1
1_984-779,-1
1_984-810,-1
1_984-825,-1
1_984-847,-1
1_985-59,-1
1_985-89,-1
1_985-114,0
1_985-136,-1
1_985-165,-1
1_985-195,-1
1_985-219,-1
1_985-238,-1
1_985-261,-1
1_985-295,1
1_985-331,-1
1_985-348,-1
1_985-365,-1
1_985-390,-1
1_985-415,-1
1_985-429,-1
1_985-441,-1
1_985-475,-1
1_985-493,-1
1_985-516,-1
1_985-542,-1
1_985-571,-1
1_985-592,-1
1_985-636,-1
1_985-656,-1
1_985-672,-1
1_985-708,-1
1_985-747,-1
1_985-769,-1
1_985-801,-1
1_985-818,-1
1_992-68,-1
1_992-120,-1
1_992-164,-1
1_992-191,-1
1_992-221,-1
1_992-239,-1
1_992-250,-1
1_992-266,-1
1_992-280,-1
1_992-307,-1
1_992-350,-1
1_992-369,-1
1_992-387,-1
1_992-412,-1
1_992-433,-1
1_992-460,-1
1_992-480,-1
1_992-507,0
1_992-534,-1
1_992-565,-1
1_992-597,-1
1_992-616,-1
1_992-636,-1
1_992-655,-1
1_992-674,-1
1_992-723,-1
1_992-748,-1
1_992-765,-1
1_992-796,-1
1_992-814,-1
1_992-828,-1
1_998-58,-1
1_998-93,-1
1_998-123,-1
1_998-149,-1
1_998-170,-1
1_998-210,-1
1_998-223,-1
1_998-251,-1
1_998-265,-1
1_998-282,-1
1_998-313,-1
1_998-381,-1
1_998-395,-1
1_998-418,-1
1_998-431,-1
1_998-456,-1
1_998-506,-1
1_998-532,-1
1_998-547,-1
1_998-571,-1
1_998-623,-1
1_998-653,-1
1_998-672,-1
1_998-713,-1
1_998-736,-1
1_998-757,-1
1_998-793,-1
1_998-845,-1
1_1001-59,-1
1_1001-82,-1
1_1001-102,0
1_1001-120,-1
1_1001-143,-1
1_1001-170,-1
1_1001-194,-1
1_1001-221,-1
1_1001-243,-1
1_1001-267,-1
1_1001-324,-1
1_1001-343,-1
1_1001-384,-1
1_1001-397,-1
1_1001-410,-1
1_1001-425,-1
1_1001-449,0
1_1001-487,-1
1_1001-510,-1
1_1001-550,-1
1_1001-577,-1
1_1001-598,-1
1_1001-633,-1
1_1001-660,-1
1_1001-676,0
1_1001-710,-1
1_1001-730,-1
1_1001-760,-1
1_1001-786,-1
1_1001-801,-1
1_1001-824,-1
1_1002-66,-1
1_1002-87,-1
1_1002-113,-1
1_1002-145,-1
1_1002-168,-1
1_1002-205,1
1_1002-219,-1
1_1002-236,-1
1_1002-246,-1
1_1002-264,-1
1_1002-277,-1
1_1002-295,-1
1_1002-315,-1
1_1002-335,-1
1_1002-357,-1
1_1002-383,-1
1_1002-409,-1
1_1002-428,-1
1_1002-443,-1
1_1002-459,-1
1_1002-478,-1
1_1002-502,-1
1_1002-524,-1
1_1002-537,-1
1_1002-567,-1
1_1002-584,-1
1_1002-606,-1
1_1002-622,-1
1_1002-638,-1
1_1002-656,-1
1_1002-683,-1
1_1002-720,-1
1_1002-754,-1
1_1002-768,-1
1_1002-785,-1
1_1002-821,-1
1_1002-845,-1
1_1004-59,-1
1_1004-80,-1
1_1004-96,-1
1_1004-135,-1
1_1004-173,-1
1_1004-221,-1
1_1004-252,-1
1_1004-271,-1
1_1004-306,-1
1_1004-331,-1
1_1004-352,-1
1_1004-383,-1
1_1004-408,-1
1_1004-455,-1
1_1004-474,-1
1_1004-502,-1
1_1004-541,-1
1_1004-574,-1
1_1004-592,-1
1_1004-631,-1
1_1004-649,-1
1_1004-674,-1
1_1004-692,-1
1_1004-733,-1
1_1004-752,-1
1_1004-784,-1
1_1004-811,-1
1_1004-840,-1
1_1005-53,-1
1_1005-74,-1
1_1005-94,-1
1_1005-126,-1
1_1005-154,-1
1_1005-179,-1
1_1005-215,-1
1_1005-255,-1
1_1005-277,-1
1_1005-304,-1
1_1005-326,-1
1_1005-339,-1
1_1005-357,-1
1_1005-375,-1
1_1005-410,-1
1_1005-430,-1
1_1005-450,-1
1_1005-483,-1
1_1005-505,-1
1_1005-514,-1
1_1005-557,-1
1_1005-602,-1
1_1005-630,-1
1_1005-653,-1
1_1005-673,-1
1_1005-698,-1
1_1005-717,-1
1_1005-738,-1
1_1005-764,-1
1_1005-811,-1
1_1005-835,-1
1_1012-86,-1
1_1012-107,-1
1_1012-132,-1
1_1012-149,-1
1_1012-181,-1
1_1012-208,-1
1_1012-238,-1
1_1012-254,-1
1_1012-272,-1
1_1012-296,-1
1_1012-316,-1
1_1012-354,-1
1_1012-373,-1
1_1012-401,0
1_1012-435,-1
1_1012-479,-1
1_1012-518,-1
1_1012-538,-1
1_1012-570,-1
1_1012-586,-1
1_1012-623,-1
1_1012-664,-1
1_1012-681,-1
1_1012-708,-1
1_1012-718,-1
1_1012-763,-1
1_1012-787,-1
1_1012-818,-1
1_1012-844,-1
1_1021-51,-1
1_1021-72,-1
1_1021-91,-1
1_1021-115,-1
1_1021-137,-1
1_1021-180,-1
1_1021-203,-1
1_1021-218,-1
1_1021-230,-1
1_1021-251,-1
1_1021-273,-1
1_1021-301,1
1_1021-317,-1
1_1021-359,-1
1_1021-406,-1
1_1021-429,-1
1_1021-447,-1
1_1021-464,-1
1_1021-498,-1
1_1021-518,-1
1_1021-531,-1
1_1021-553,-1
1_1021-572,-1
1_1021-586,-1
1_1021-604,-1
1_1021-623,-1
1_1021-641,-1
1_1021-662,-1
1_1021-701,-1
1_1021-725,-1
1_1021-740,-1
1_1021-764,-1
1_1021-788,-1
1_1021-819,-1
1_1021-846,-1
1_1022-51,-1
1_1022-73,-1
1_1022-91,-1
1_1022-115,-1
1_1022-147,-1
1_1022-192,-1
1_1022-216,-1
1_1022-243,-1
1_1022-275,-1
1_1022-329,-1
1_1022-367,-1
1_1022-405,-1
1_1022-429,-1
1_1022-452,-1
1_1022-491,-1
1_1022-519,-1
1_1022-549,-1
1_1022-571,-1
1_1022-585,-1
1_1022-605,-1
1_1022-639,-1
1_1022-688,-1
1_1022-712,-1
1_1022-719,-1
1_1022-759,-1
1_1022-779,-1
1_1022-798,-1
1_1022-819,-1
1_1026-62,-1
1_1026-82,-1
1_1026-104,-1
1_1026-124,-1
1_1026-142,-1
1_1026-188,-1
1_1026-202,-1
1_1026-218,-1
1_1026-229,-1
1_1026-249,0
1_1026-279,-1
1_1026-299,-1
1_1026-317,-1
1_1026-335,-1
1_1026-358,-1
1_1026-381,-1
1_1026-411,-1
1_1026-436,-1
1_1026-452,-1
1_1026-466,-1
1_1026-496,-1
1_1026-510,-1
1_1026-530,-1
1_1026-548,-1
1_1026-567,-1
1_1026-581,-1
1_1026-609,-1
1_1026-623,-1
1_1026-656,-1
1_1026-674,-1
1_1026-688,-1
1_1026-708,-1
1_1026-720,-1
1_1026-745,-1
1_1026-774,-1
1_1026-791,-1
1_1026-824,-1
1_1026-849,-1
1_1031-56,-1
1_1031-83,-1
1_1031-105,-1
1_1031-127,-1
1_1031-146,-1
1_1031-171,-1
1_1031-221,-1
1_1031-244,1
1_1031-267,-1
1_1031-296,0
1_1031-310,-1
1_1031-335,-1
1_1031-366,-1
1_1031-406,-1
1_1031-437,-1
1_1031-458,-1
1_1031-489,-1
1_1031-509,-1
1_1031-531,-1
1_1031-551,-1
1_1031-576,-1
1_1031-603,1
1_1031-614,-1
1_1031-634,-1
1_1031-651,-1
1_1031-680,-1
1_1031-724,-1
1_1031-744,-1
1_1031-765,-1
1_1031-783,-1
1_1031-819,-1
1_1031-850,-1
1_1032-62,-1
1_1032-82,-1
1_1032-135,-1
1_1032-176,-1
1_1032-207,-1
1_1032-237,-1
1_1032-267,-1
1_1032-301,-1
1_1032-335,-1
1_1032-390,-1
1_1032-424,-1
1_1032-457,-1
1_1032-485,-1
1_1032-515,-1
1_1032-551,-1
1_1032-575,-1
1_1032-606,-1
1_1032-626,-1
1_1032-651,-1
1_1032-680,-1
1_1032-717,-1
1_1032-749,-1
1_1032-788,0
1_1032-806,-1
1_1032-835,-1
1_1034-54,-1
1_1034-86,-1
1_1034-99,-1
1_1034-155,-1
1_1034-162,-1
1_1034-195,-1
1_1034-231,-1
1_1034-251,-1
1_1034-278,-1
1_1034-307,-1
1_1034-326,-1
1_1034-346,-1
1_1034-379,-1
1_1034-406,-1
1_1034-424,-1
1_1034-464,-1
1_1034-483,-1
1_1034-510,-1
1_1034-530,-1
1_1034-554,-1
1_1034-588,-1
1_1034-605,-1
1_1034-617,-1
1_1034-642,-1
1_1034-674,-1
1_1034-720,-1
1_1034-751,-1
1_1034-764,-1
1_1034-790,-1
1_1034-810,-1
1_1034-825,-1
1_1034-848,-1
1_1038-66,1
1_1038-93,-1
1_1038-106,-1
1_1038-121,-1
1_1038-139,-1
1_1038-151,-1
1_1038-164,-1
1_1038-182,-1
1_1038-210,-1
1_1038-238,-1
1_1038-255,-1
1_1038-285,-1
1_1038-317,-1
1_1038-337,-1
1_1038-356,-1
1_1038-369,-1
1_1038-393,-1
1_1038-426,-1
1_1038-443,-1
1_1038-455,-1
1_1038-472,-1
1_1038-478,-1
1_1038-494,-1
1_1038-521,-1
1_1038-541,-1
1_1038-563,-1
1_1038-581,-1
1_1038-598,-1
1_1038-616,-1
1_1038-639,-1
1_1038-662,-1
1_1038-682,-1
1_1038-702,-1
1_1038-729,-1
1_1038-748,-1
1_1038-761,-1
1_1038-778,-1
1_1038-799,-1
1_1038-816,-1
1_1038-835,-1
1_1045-61,-1
1_1045-109,-1
1_1045-122,-1
1_1045-140,-1
1_1045-162,-1
1_1045-195,-1
1_1045-221,-1
1_1045-237,-1
1_1045-256,-1
1_1045-304,-1
1_1045-327,-1
1_1045-354,-1
1_1045-366,-1
1_1045-382,0
1_1045-395,-1
1_1045-437,-1
1_1045-457,-1
1_1045-495,-1
1_1045-517,-1
1_1045-534,-1
1_1045-553,-1
1_1045-565,-1
1_1045-593,-1
1_1045-624,-1
1_1045-649,-1
1_1045-663,-1
1_1045-682,0
1_1045-710,-1
1_1045-728,-1
1_1045-753,-1
1_1045-766,-1
1_1045-789,-1
1_1045-818,-1
1_1045-845,-1
1_1048-50,-1
1_1048-70,-1
1_1048-81,-1
1_1048-100,-1
1_1048-145,-1
1_1048-157,-1
1_1048-176,-1
1_1048-211,-1
1_1048-233,-1
1_1048-246,-1
1_1048-274,-1
1_1048-287,-1
1_1048-325,-1
1_1048-360,-1
1_1048-394,-1
1_1048-440,-1
1_1048-466,-1
1_1048-486,-1
1_1048-507,-1
1_1048-528,-1
1_1048-547,-1
1_1048-582,-1
1_1048-599,-1
1_1048-620,-1
1_1048-635,-1
1_1048-658,-1
1_1048-709,-1
1_1048-739,1
1_1048-766,-1
1_1048-794,-1
1_1048-832,-1
1_1048-849,-1
1_1054-73,0
1_1054-99,-1
1_1054-120,-1
1_1054-147,-1
1_1054-166,-1
1_1054-183,-1
1_1054-217,-1
1_1054-232,-1
1_1054-249,-1
1_1054-272,-1
1_1054-295,-1
1_1054-315,-1
1_1054-359,-1
1_1054-388,-1
1_1054-406,-1
1_1054-422,-1
1_1054-443,0
1_1054-464,-1
1_1054-487,-1
1_1054-516,-1
1_1054-528,-1
1_1054-542,-1
1_1054-564,-1
1_1054-595,-1
1_1054-611,-1
1_1054-642,-1
1_1054-655,-1
1_1054-698,-1
1_1054-728,-1
1_1054-764,-1
1_1054-782,-1
1_1054-811,-1
1_1054-824,-1
1_1054-842,-1
1_1056-59,-1
1_1056-85,-1
1_1056-112,-1
1_1056-127,-1
1_1056-155,-1
1_1056-183,-1
1_1056-203,-1
1_1056-213,-1
1_1056-229,-1
1_1056-271,-1
1_1056-302,-1
1_1056-325,-1
1_1056-342,-1
1_1056-355,-1
1_1056-378,-1
1_1056-404,-1
1_1056-427,1
1_1056-448,-1
1_1056-465,-1
1_1056-480,-1
1_1056-497,-1
1_1056-518,-1
1_1056-530,-1
1_1056-546,-1
1_1056-565,-1
1_1056-580,-1
1_1056-598,-1
1_1056-614,-1
1_1056-634,-1
1_1056-644,-1
1_1056-660,-1
1_1056-690,-1
1_1056-715,-1
1_1056-733,-1
1_1056-780,-1
1_1056-803,-1
1_1056-827,-1
1_1056-844,-1
1_1064-51,-1
1_1064-84,-1
1_1064-123,-1
1_1064-157,-1
1_1064-178,-1
1_1064-209,-1
1_1064-242,-1
1_1064-274,-1
1_1064-299,-1
1_1064-337,-1
1_1064-358,-1
1_1064-374,-1
1_1064-404,-1
1_1064-414,-1
1_1064-432,-1
1_1064-470,-1
1_1064-493,-1
1_1064-505,-1
1_1064-524,0
1_1064-552,-1
1_1064-579,-1
1_1064-616,-1
1_1064-634,-1
1_1064-676,-1
1_1064-710,-1
1_1064-724,-1
1_1064-748,-1
1_1064-761,-1
1_1064-793,-1
1_1064-817,-1
1_1068-69,-1
1_1068-94,-1
1_1068-123,-1
1_1068-139,-1
1_1068-159,-1
1_1068-180,-1
1_1068-190,-1
1_1068-214,0
1_1068-227,-1
1_1068-268,-1
1_1068-291,-1
1_1068-318,-1
1_1068-342,-1
1_1068-354,1
1_1068-369,-1
1_1068-386,-1
1_1068-418,-1
1_1068-449,-1
1_1068-470,-1
1_1068-490,-1
1_1068-498,-1
1_1068-526,-1
1_1068-542,-1
1_1068-575,-1
1_1068-588,-1
1_1068-608,-1
1_1068-626,-1
1_1068-634,-1
1_1068-664,-1
1_1068-685,-1
1_1068-701,-1
1_1068-727,-1
1_1068-750,-1
1_1068-770,-1
1_1068-790,-1
1_1068-811,-1
1_1068-847,-1
1_1073-65,-1
1_1073-95,1
1_1073-113,-1
1_1073-124,-1
1_1073-151,-1
1_1073-158,-1
1_1073-189,-1
1_1073-223,-1
1_1073-242,-1
1_1073-269,-1
1_1073-288,-1
1_1073-312,-1
1_1073-335,-1
1_1073-353,-1
1_1073-377,-1
1_1073-391,-1
1_1073-417,0
1_1073-441,-1
1_1073-463,-1
1_1073-484,-1
1_1073-511,-1
1_1073-532,-1
1_1073-545,-1
1_1073-567,-1
1_1073-583,-1
1_1073-605,1
1_1073-624,-1
1_1073-652,-1
1_1073-683,-1
1_1073-702,-1
1_1073-732,-1
1_1073-758,-1
1_1073-790,-1
1_1073-826,-1
1_1073-845,-1
1_1088-67,-1
1_1088-99,-1
1_1088-118,-1
1_1088-135,-1
1_1088-155,-1
1_1088-188,-1
1_1088-208,-1
1_1088-228,-1
1_1088-247,-1
1_1088-272,-1
1_1088-289,-1
1_1088-301,-1
1_1088-322,-1
1_1088-338,-1
1_1088-357,-1
1_1088-379,-1
1_1088-402,-1
1_1088-425,-1
1_1088-442,-1
1_1088-463,-1
1_1088-476,-1
1_1088-496,-1
1_1088-534,-1
1_1088-553,-1
1_1088-570,-1
1_1088-599,-1
1_1088-640,-1
1_1088-681,-1
1_1088-695,-1
1_1088-730,-1
1_1088-756,-1
1_1088-784,-1
1_1088-826,-1
1_1088-843,-1
1_1089-51,-1
1_1089-75,-1
1_1089-106,-1
1_1089-125,-1
1_1089-141,-1
1_1089-176,-1
1_1089-197,-1
1_1089-226,-1
1_1089-236,-1
1_1089-259,-1
1_1089-284,-1
1_1089-322,-1
1_1089-379,-1
1_1089-403,-1
1_1089-435,-1
1_1089-456,-1
1_1089-493,-1
1_1089-518,-1
1_1089-545,-1
1_1089-583,-1
1_1089-612,-1
1_1089-635,-1
1_1089-656,-1
1_1089-672,-1
1_1089-688,-1
1_1089-707,-1
1_1089-717,-1
1_1089-742,-1
1_1089-783,-1
1_1089-814,-1
1_1089-848,-1
1_1106-70,-1
1_1106-89,-1
1_1106-99,-1
1_1106-115,-1
1_1106-133,-1
1_1106-159,-1
1_1106-171,-1
1_1106-188,-1
1_1106-201,-1
1_1106-244,-1
1_1106-271,-1
1_1106-284,-1
1_1106-304,-1
1_1106-317,-1
1_1106-341,-1
1_1106-367,-1
1_1106-383,-1
1_1106-396,-1
1_1106-424,-1
1_1106-443,-1
1_1106-464,-1
1_1106-485,-1
1_1106-504,-1
1_1106-523,-1
1_1106-541,-1
1_1106-559,-1
1_1106-580,-1
1_1106-595,-1
1_1106-607,-1
1_1106-626,-1
1_1106-643,-1
1_1106-681,-1
1_1106-713,-1
1_1106-735,-1
1_1106-762,-1
1_1106-788,-1
1_1106-822,-1
1_1107-62,-1
1_1107-79,-1
1_1107-101,-1
1_1107-140,-1
1_1107-194,-1
1_1107-223,1
1_1107-246,-1
1_1107-273,-1
1_1107-300,-1
1_1107-330,-1
1_1107-358,-1
1_1107-381,-1
1_1107-394,-1
1_1107-407,-1
1_1107-430,-1
1_1107-473,-1
1_1107-492,-1
1_1107-525,-1
1_1107-546,-1
1_1107-603,-1
1_1107-625,-1
1_1107-645,-1
1_1107-677,-1
1_1107-727,-1
1_1107-759,-1
1_1107-800,-1
1_1113-58,-1
1_1113-80,-1
1_1113-91,-1
1_1113-102,1
1_1113-119,-1
1_1113-141,-1
1_1113-154,-1
1_1113-167,-1
1_1113-198,-1
1_1113-216,-1
1_1113-233,-1
1_1113-262,-1
1_1113-286,-1
1_1113-319,-1
1_1113-328,-1
1_1113-345,-1
1_1113-364,-1
1_1113-380,-1
1_1113-395,-1
1_1113-408,-1
1_1113-420,-1
1_1113-436,-1
1_1113-457,-1
1_1113-483,-1
1_1113-500,-1
1_1113-516,-1
1_1113-553,-1
1_1113-577,-1
1_1113-591,-1
1_1113-615,-1
1_1113-636,-1
1_1113-656,-1
1_1113-677,-1
1_1113-699,-1
1_1113-729,-1
1_1113-741,-1
1_1113-754,-1
1_1113-789,-1
1_1113-807,-1
1_1113-825,-1
1_1113-845,-1
1_1120-81,-1
1_1120-100,-1
1_1120-133,-1
1_1120-148,-1
1_1120-163,-1
1_1120-192,-1
1_1120-202,1
1_1120-224,-1
1_1120-235,-1
1_1120-257,-1
1_1120-276,-1
1_1120-294,-1
1_1120-328,-1
1_1120-351,-1
1_1120-390,-1
1_1120-436,-1
1_1120-456,-1
1_1120-471,-1
1_1120-489,-1
1_1120-506,-1
1_1120-519,-1
1_1120-530,-1
1_1120-554,-1
1_1120-602,-1
1_1120-628,-1
1_1120-634,-1
1_1120-664,-1
1_1120-683,-1
1_1120-708,-1
1_1120-751,-1
1_1120-778,-1
1_1120-784,-1
1_1120-802,-1
1_1120-836,-1
1_1125-53,-1
1_1125-77,-1
1_1125-94,-1
1_1125-126,-1
1_1125-150,-1
1_1125-169,-1
1_1125-219,-1
1_1125-242,-1
1_1125-279,-1
1_1125-309,-1
1_1125-332,-1
1_1125-345,-1
1_1125-372,-1
1_1125-390,-1
1_1125-421,-1
1_1125-456,-1
1_1125-481,-1
1_1125-519,-1
1_1125-549,-1
1_1125-575,-1
1_1125-608,-1
1_1125-628,-1
1_1125-647,-1
1_1125-660,-1
1_1125-672,-1
1_1125-700,-1
1_1125-716,-1
1_1125-757,-1
1_1125-775,-1
1_1125-788,-1
1_1125-811,-1
1_1125-844,-1
1_1127-62,-1
1_1127-90,-1
1_1127-100,-1
1_1127-130,-1
1_1127-143,-1
1_1127-181,-1
1_1127-198,-1
1_1127-217,-1
1_1127-230,-1
1_1127-256,-1
1_1127-279,-1
1_1127-307,-1
1_1127-326,-1
1_1127-355,0
1_1127-386,-1
1_1127-401,-1
1_1127-413,-1
1_1127-428,-1
1_1127-457,-1
1_1127-474,-1
1_1127-495,-1
1_1127-520,-1
1_1127-555,-1
1_1127-579,-1
1_1127-612,-1
1_1127-633,-1
1_1127-643,-1
1_1127-683,-1
1_1127-711,-1
1_1127-729,-1
1_1127-766,-1
1_1127-791,-1
1_1127-809,-1
1_1138-76,1
1_1138-92,-1
1_1138-113,-1
1_1138-132,-1
1_1138-162,-1
1_1138-177,-1
1_1138-214,-1
1_1138-241,-1
1_1138-289,-1
1_1138-305,-1
1_1138-328,-1
1_1138-373,-1
1_1138-401,-1
1_1138-420,-1
1_1138-439,-1
1_1138-456,-1
1_1138-479,1
1_1138-494,-1
1_1138-524,-1
1_1138-563,-1
1_1138-589,-1
1_1138-605,-1
1_1138-619,-1
1_1138-642,-1
1_1138-664,-1
1_1138-675,-1
1_1138-706,-1
1_1138-728,-1
1_1138-744,-1
1_1138-764,-1
1_1138-787,-1
1_1138-800,-1
1_1138-817,-1
1_1138-842,-1
1_1143-69,-1
1_1143-93,-1
1_1143-120,-1
1_1143-147,-1
1_1143-163,-1
1_1143-181,-1
1_1143-198,-1
1_1143-220,-1
1_1143-246,-1
1_1143-271,-1
1_1143-280,-1
1_1143-313,-1
1_1143-338,-1
1_1143-367,-1
1_1143-395,-1
1_1143-417,-1
1_1143-445,-1
1_1143-466,-1
1_1143-489,-1
1_1143-509,-1
1_1143-527,-1
1_1143-554,-1
1_1143-595,-1
1_1143-618,-1
1_1143-643,-1
1_1143-668,-1
1_1143-692,-1
1_1143-716,-1
1_1143-738,-1
1_1143-753,-1
1_1143-766,-1
1_1143-777,-1
1_1143-801,-1
1_1143-833,-1
1_1145-58,-1
1_1145-101,-1
1_1145-118,-1
1_1145-139,-1
1_1145-154,-1
1_1145-171,-1
1_1145-207,-1
1_1145-234,-1
1_1145-262,-1
1_1145-294,-1
1_1145-324,-1
1_1145-339,0
1_1145-362,-1
1_1145-407,-1
1_1145-438,-1
1_1145-461,-1
1_1145-500,-1
1_1145-527,0
1_1145-549,0
1_1145-567,-1
1_1145-595,-1
1_1145-608,-1
1_1145-626,-1
1_1145-642,-1
1_1145-669,0
1_1145-687,-1
1_1145-711,-1
1_1145-731,-1
1_1145-761,-1
1_1145-777,-1
1_1145-791,-1
1_1145-831,-1
1_1145-850,-1
1_1147-57,-1
1_1147-83,-1
1_1147-126,-1
1_1147-163,-1
1_1147-200,-1
1_1147-226,-1
1_1147-258,0
1_1147-279,-1
1_1147-300,-1
1_1147-317,-1
1_1147-336,-1
1_1147-384,-1
1_1147-404,-1
1_1147-418,-1
1_1147-438,-1
1_1147-458,-1
1_1147-470,-1
1_1147-514,-1
1_1147-533,-1
1_1147-544,-1
1_1147-565,-1
1_1147-607,-1
1_1147-634,-1
1_1147-659,-1
1_1147-673,-1
1_1147-693,-1
1_1147-717,-1
1_1147-727,-1
1_1147-746,-1
1_1147-761,-1
1_1147-784,-1
1_1147-805,-1
1_1147-826,-1
1_1147-843,-1
1_1151-60,-1
1_1151-80,-1
1_1151-109,-1
1_1151-145,-1
1_1151-194,-1
1_1151-246,-1
1_1151-273,-1
1_1151-288,-1
1_1151-340,-1
1_1151-362,-1
1_1151-380,-1
1_1151-409,-1
1_1151-470,-1
1_1151-490,-1
1_1151-514,-1
1_1151-535,0
1_1151-554,-1
1_1151-586,-1
1_1151-604,-1
1_1151-632,-1
1_1151-657,-1
1_1151-720,-1
1_1151-730,-1
1_1151-774,-1
1_1151-805,-1
1_1151-832,-1
1_1154-67,-1
1_1154-97,-1
1_1154-130,-1
1_1154-146,-1
1_1154-174,-1
1_1154-207,-1
1_1154-223,-1
1_1154-259,-1
1_1154-294,-1
1_1154-308,-1
1_1154-329,-1
1_1154-348,-1
1_1154-384,-1
1_1154-396,-1
1_1154-426,-1
1_1154-460,0
1_1154-501,-1
1_1154-522,0
1_1154-546,-1
1_1154-562,-1
1_1154-594,-1
1_1154-622,-1
1_1154-655,-1
1_1154-669,-1
1_1154-689,-1
1_1154-709,-1
1_1154-740,-1
1_1154-759,-1
1_1154-778,-1
1_1154-806,-1
1_1154-830,-1
1_1155-61,-1
1_1155-90,-1
1_1155-117,-1
1_1155-136,-1
1_1155-158,0
1_1155-192,-1
1_1155-217,-1
1_1155-246,-1
1_1155-272,-1
1_1155-292,-1
1_1155-314,-1
1_1155-329,1
1_1155-345,-1
1_1155-356,-1
1_1155-368,-1
1_1155-384,-1
1_1155-408,-1
1_1155-437,-1
1_1155-463,-1
1_1155-483,-1
1_1155-498,-1
1_1155-520,-1
1_1155-535,-1
1_1155-551,-1
1_1155-565,-1
1_1155-616,-1
1_1155-636,0
1_1155-662,-1
1_1155-671,-1
1_1155-703,-1
1_1155-715,-1
1_1155-743,-1
1_1155-764,-1
1_1155-794,-1
1_1155-814,-1
1_1155-836,-1
1_1166-52,-1
1_1166-72,-1
1_1166-93,-1
1_1166-127,-1
1_1166-149,-1
1_1166-172,-1
1_1166-191,1
1_1166-208,-1
1_1166-253,0
1_1166-274,-1
1_1166-317,-1
1_1166-342,-1
1_1166-369,-1
1_1166-386,-1
1_1166-407,-1
1_1166-429,-1
1_1166-442,-1
1_1166-467,-1
1_1166-487,-1
1_1166-519,-1
1_1166-533,-1
1_1166-570,-1
1_1166-602,-1
1_1166-635,-1
1_1166-674,-1
1_1166-694,-1
1_1166-717,-1
1_1166-736,-1
1_1166-754,-1
1_1166-784,-1
1_1166-810,-1
1_1166-832,-1
1_1168-60,-1
1_1168-94,-1
1_1168-119,-1
1_1168-129,-1
1_1168-143,-1
1_1168-159,-1
1_1168-195,-1
1_1168-222,-1
1_1168-239,-1
1_1168-262,-1
1_1168-301,-1
1_1168-324,-1
1_1168-370,-1
1_1168-393,-1
1_1168-409,-1
1_1168-449,-1
1_1168-479,-1
1_1168-497,-1
1_1168-521,-1
1_1168-535,-1
1_1168-552,-1
1_1168-568,-1
1_1168-589,-1
1_1168-611,-1
1_1168-621,-1
1_1168-649,-1
1_1168-669,-1
1_1168-686,-1
1_1168-711,-1
1_1168-749,-1
1_1168-779,-1
1_1168-799,-1
1_1168-823,-1
1_1169-74,-1
1_1169-93,-1
1_1169-104,-1
1_1169-131,-1
1_1169-153,-1
1_1169-175,-1
1_1169-193,-1
1_1169-220,-1
1_1169-248,-1
1_1169-272,-1
1_1169-289,-1
1_1169-308,-1
1_1169-337,-1
1_1169-351,-1
1_1169-382,-1
1_1169-418,-1
1_1169-450,-1
1_1169-488,-1
1_1169-500,-1
1_1169-523,-1
1_1169-551,-1
1_1169-569,-1
1_1169-587,-1
1_1169-610,-1
1_1169-635,-1
1_1169-650,-1
1_1169-686,-1
1_1169-706,-1
1_1169-716,-1
1_1169-742,-1
1_1169-758,-1
1_1169-790,-1
1_1169-824,-1
1_1169-838,-1
1_1170-61,-1
1_1170-88,-1
1_1170-113,-1
1_1170-137,-1
1_1170-165,-1
1_1170-186,-1
1_1170-223,-1
1_1170-247,-1
1_1170-276,-1
1_1170-294,-1
1_1170-318,-1
1_1170-337,-1
1_1170-372,-1
1_1170-387,-1
1_1170-416,-1
1_1170-439,-1
1_1170-465,-1
1_1170-488,-1
1_1170-513,-1
1_1170-541,-1
1_1170-578,-1
1_1170-599,-1
1_1170-632,-1
1_1170-650,-1
1_1170-671,-1
1_1170-690,-1
1_1170-698,-1
1_1170-721,-1
1_1170-736,-1
1_1170-775,-1
1_1170-801,-1
1_1170-837,-1
1_1176-61,-1
1_1176-75,-1
1_1176-102,-1
1_1176-138,-1
1_1176-156,-1
1_1176-171,-1
1_1176-189,-1
1_1176-206,-1
1_1176-247,-1
1_1176-279,-1
1_1176-310,-1
1_1176-362,-1
1_1176-381,-1
1_1176-413,-1
1_1176-435,-1
1_1176-459,-1
1_1176-479,0
1_1176-505,-1
1_1176-540,-1
1_1176-557,-1
1_1176-596,-1
1_1176-617,-1
1_1176-650,-1
1_1176-670,-1
1_1176-685,-1
1_1176-701,-1
1_1176-741,-1
1_1176-782,-1
1_1176-804,-1
1_1176-830,-1
1_1186-51,-1
1_1186-67,-1
1_1186-98,-1
1_1186-137,-1
1_1186-163,-1
1_1186-184,-1
1_1186-218,-1
1_1186-244,-1
1_1186-275,-1
1_1186-308,-1
1_1186-335,-1
1_1186-359,-1
1_1186-401,-1
1_1186-428,-1
1_1186-478,-1
1_1186-504,-1
1_1186-539,-1
1_1186-571,-1
1_1186-604,-1
1_1186-649,-1
1_1186-670,-1
1_1186-708,-1
1_1186-726,-1
1_1186-756,-1
1_1186-770,-1
1_1186-811,-1
1_1186-827,0
1_1187-53,0
1_1187-71,-1
1_1187-90,-1
1_1187-135,0
1_1187-186,-1
1_1187-218,-1
1_1187-245,-1
1_1187-274,-1
1_1187-312,-1
1_1187-331,-1
1_1187-354,-1
1_1187-378,-1
1_1187-406,-1
1_1187-429,-1
1_1187-447,-1
1_1187-466,-1
1_1187-489,-1
1_1187-518,-1
1_1187-552,-1
1_1187-568,-1
1_1187-583,-1
1_1187-606,-1
1_1187-634,0
1_1187-659,-1
1_1187-721,-1
1_1187-752,-1
1_1187-773,-1
1_1187-798,1
1_1187-822,-1
1_1187-842,-1
1_1191-64,-1
1_1191-78,0
1_1191-98,-1
1_1191-111,-1
1_1191-128,-1
1_1191-146,-1
1_1191-168,-1
1_1191-179,-1
1_1191-202,-1
1_1191-220,-1
1_1191-240,-1
1_1191-268,-1
1_1191-287,-1
1_1191-303,-1
1_1191-330,-1
1_1191-346,-1
1_1191-372,-1
1_1191-393,-1
1_1191-419,-1
1_1191-432,-1
1_1191-459,-1
1_1191-476,-1
1_1191-491,-1
1_1191-512,-1
1_1191-538,-1
1_1191-558,-1
1_1191-588,-1
1_1191-613,-1
1_1191-642,0
1_1191-649,-1
1_1191-684,-1
1_1191-721,-1
1_1191-756,-1
1_1191-787,-1
1_1191-802,-1
1_1191-833,-1
1_1191-849,-1
1_1194-83,-1
1_1194-103,-1
1_1194-122,-1
1_1194-139,-1
1_1194-158,-1
1_1194-179,-1
1_1194-221,-1
1_1194-246,0
1_1194-273,-1
1_1194-312,-1
1_1194-330,-1
1_1194-350,-1
1_1194-365,-1
1_1194-381,-1
1_1194-405,-1
1_1194-429,-1
1_1194-450,-1
1_1194-465,-1
1_1194-491,-1
1_1194-520,-1
1_1194-535,-1
1_1194-578,-1
1_1194-605,-1
1_1194-652,-1
1_1194-674,-1
1_1194-704,-1
1_1194-731,-1
1_1194-741,-1
1_1194-765,-1
1_1194-783,-1
1_1194-805,-1
1_1194-812,-1
1_1194-829,-1
1_1198-55,-1
1_1198-67,-1
1_1198-88,-1
1_1198-128,-1
1_1198-167,-1
1_1198-177,-1
1_1198-204,-1
1_1198-222,-1
1_1198-237,-1
1_1198-248,-1
1_1198-264,-1
1_1198-277,-1
1_1198-292,-1
1_1198-317,-1
1_1198-331,-1
1_1198-348,-1
1_1198-378,-1
1_1198-402,-1
1_1198-420,-1
1_1198-438,-1
1_1198-472,-1
1_1198-493,-1
1_1198-509,-1
1_1198-528,-1
1_1198-563,-1
1_1198-587,-1
1_1198-631,-1
1_1198-651,-1
1_1198-685,0
1_1198-721,-1
1_1198-752,-1
1_1198-779,-1
1_1198-798,-1
1_1200-57,-1
1_1200-77,-1
1_1200-107,-1
1_1200-154,-1
1_1200-180,-1
1_1200-194,-1
1_1200-231,-1
1_1200-254,-1
1_1200-306,-1
1_1200-326,-1
1_1200-347,-1
1_1200-366,-1
1_1200-381,-1
1_1200-394,-1
1_1200-416,-1
1_1200-439,-1
1_1200-456,-1
1_1200-473,-1
1_1200-491,-1
1_1200-516,-1
1_1200-570,-1
1_1200-608,-1
1_1200-642,-1
1_1200-656,-1
1_1200-672,-1
1_1200-698,-1
1_1200-716,-1
1_1200-740,-1
1_1200-766,-1
1_1200-785,1
1_1200-824,-1
1_1200-849,-1
1_1210-70,-1
1_1210-90,-1
1_1210-109,-1
1_1210-125,-1
1_1210-150,-1
1_1210-172,-1
1_1210-190,-1
1_1210-208,-1
1_1210-225,-1
1_1210-250,-1
1_1210-264,-1
1_1210-291,-1
1_1210-308,-1
1_1210-326,-1
1_1210-347,-1
1_1210-378,-1
1_1210-407,-1
1_1210-435,-1
1_1210-441,-1
1_1210-456,-1
1_1210-473,-1
1_1210-483,-1
1_1210-511,0
1_1210-534,-1
1_1210-558,-1
1_1210-574,-1
1_1210-616,-1
1_1210-636,-1
1_1210-651,-1
1_1210-675,-1
1_1210-689,-1
1_1210-734,-1
1_1210-756,-1
1_1210-777,-1
1_1210-807,-1
1_1210-829,-1
1_1215-72,-1
1_1215-97,-1
1_1215-113,-1
1_1215-142,-1
1_1215-170,-1
1_1215-187,-1
1_1215-211,-1
1_1215-240,-1
1_1215-268,-1
1_1215-302,-1
1_1215-324,-1
1_1215-342,-1
1_1215-379,-1
1_1215-400,-1
1_1215-419,-1
1_1215-453,-1
1_1215-473,-1
1_1215-500,-1
1_1215-519,-1
1_1215-537,-1
1_1215-575,-1
1_1215-590,-1
1_1215-613,-1
1_1215-650,-1
1_1215-685,-1
1_1215-707,-1
1_1215-751,-1
1_1215-772,-1
1_1215-787,-1
1_1215-797,-1
1_1215-827,-1
1_1221-56,-1
1_1221-73,-1
1_1221-94,-1
1_1221-113,-1
1_1221-142,-1
1_1221-150,-1
1_1221-194,-1
1_1221-215,-1
1_1221-237,-1
1_1221-262,-1
1_1221-305,-1
1_1221-326,-1
1_1221-345,-1
1_1221-363,-1
1_1221-383,-1
1_1221-421,-1
1_1221-455,-1
1_1221-476,-1
1_1221-501,-1
1_1221-541,-1
1_1221-575,-1
1_1221-591,-1
1_1221-624,-1
1_1221-645,-1
1_1221-671,-1
1_1221-683,-1
1_1221-714,-1
1_1221-730,-1
1_1221-749,-1
1_1221-776,-1
1_1221-807,-1
1_1221-847,-1
1_1223-71,-1
1_1223-90,-1
1_1223-119,-1
1_1223-142,-1
1_1223-162,-1
1_1223-178,-1
1_1223-191,0
1_1223-204,-1
1_1223-229,-1
1_1223-255,-1
1_1223-292,-1
1_1223-309,-1
1_1223-325,-1
1_1223-340,-1
1_1223-367,-1
1_1223-394,-1
1_1223-414,-1
1_1223-444,-1
1_1223-471,-1
1_1223-491,-1
1_1223-510,-1
1_1223-532,-1
1_1223-557,-1
1_1223-577,-1
1_1223-597,-1
1_1223-607,-1
1_1223-619,-1
1_1223-650,-1
1_1223-686,-1
1_1223-704,-1
1_1223-727,-1
1_1223-743,-1
1_1223-761,-1
1_1223-788,-1
1_1223-807,-1
1_1223-823,-1
1_1226-58,-1
1_1226-87,-1
1_1226-121,-1
1_1226-143,-1
1_1226-162,-1
1_1226-180,-1
1_1226-198,-1
1_1226-229,-1
1_1226-256,-1
1_1226-275,-1
1_1226-288,-1
1_1226-316,-1
1_1226-338,1
1_1226-363,-1
1_1226-391,-1
1_1226-409,-1
1_1226-451,-1
1_1226-492,-1
1_1226-505,-1
1_1226-526,-1
1_1226-551,-1
1_1226-574,-1
1_1226-589,-1
1_1226-617,-1
1_1226-646,-1
1_1226-673,-1
1_1226-700,-1
1_1226-720,-1
1_1226-755,-1
1_1226-790,-1
1_1226-810,-1
1_1226-831,-1
1_1226-850,-1
1_1228-96,-1
1_1228-158,-1
1_1228-183,-1
1_1228-220,-1
1_1228-239,-1
1_1228-297,-1
1_1228-333,-1
1_1228-397,-1
1_1228-418,-1
1_1228-443,-1
1_1228-496,-1
1_1228-523,-1
1_1228-543,-1
1_1228-562,-1
1_1228-623,-1
1_1228-654,-1
1_1228-675,-1
1_1228-740,-1
1_1228-774,-1
1_1235-71,-1
1_1235-85,-1
1_1235-101,-1
1_1235-118,-1
1_1235-136,-1
1_1235-142,-1
1_1235-168,-1
1_1235-183,-1
1_1235-199,-1
1_1235-223,-1
1_1235-242,-1
1_1235-258,-1
1_1235-287,-1
1_1235-300,-1
1_1235-342,-1
1_1235-377,-1
1_1235-397,-1
1_1235-414,-1
1_1235-427,-1
1_1235-448,-1
1_1235-485,-1
1_1235-512,-1
1_1235-551,-1
1_1235-580,-1
1_1235-606,-1
1_1235-638,-1
1_1235-657,-1
1_1235-685,-1
1_1235-693,-1
1_1235-710,-1
1_1235-739,-1
1_1235-761,-1
1_1235-777,-1
1_1235-807,-1
1_1235-821,-1
1_1235-833,-1
1_1238-63,-1
1_1238-87,-1
1_1238-109,-1
1_1238-147,-1
1_1238-172,-1
1_1238-217,-1
1_1238-236,-1
1_1238-284,-1
1_1238-316,-1
1_1238-334,-1
1_1238-358,-1
1_1238-382,-1
1_1238-411,-1
1_1238-437,-1
1_1238-454,-1
1_1238-474,-1
1_1238-510,-1
1_1238-540,-1
1_1238-560,-1
1_1238-579,-1
1_1238-624,-1
1_1238-642,-1
1_1238-684,-1
1_1238-702,-1
1_1238-731,-1
1_1238-756,-1
1_1238-782,-1
1_1238-834,-1
1_1242-67,-1
1_1242-93,-1
1_1242-115,-1
1_1242-129,-1
1_1242-148,-1
1_1242-166,-1
1_1242-192,-1
1_1242-213,-1
1_1242-230,-1
1_1242-246,-1
1_1242-260,-1
1_1242-274,-1
1_1242-291,-1
1_1242-313,-1
1_1242-327,-1
1_1242-341,-1
1_1242-356,-1
1_1242-364,-1
1_1242-381,-1
1_1242-394,-1
1_1242-415,-1
1_1242-437,-1
1_1242-453,-1
1_1242-472,-1
1_1242-483,-1
1_1242-498,-1
1_1242-520,-1
1_1242-534,-1
1_1242-550,-1
1_1242-560,-1
1_1242-575,-1
1_1242-596,-1
1_1242-618,-1
1_1242-634,-1
1_1242-652,-1
1_1242-678,-1
1_1242-693,-1
1_1242-704,-1
1_1242-718,-1
1_1242-732,-1
1_1242-754,-1
1_1242-782,-1
1_1242-809,-1
1_1242-837,-1
1_1243-75,-1
1_1243-97,-1
1_1243-121,-1
1_1243-147,-1
1_1243-177,-1
1_1243-195,-1
1_1243-203,-1
1_1243-238,-1
1_1243-263,-1
1_1243-287,-1
1_1243-325,-1
1_1243-364,-1
1_1243-386,-1
1_1243-412,-1
1_1243-454,-1
1_1243-476,-1
1_1243-499,-1
1_1243-533,-1
1_1243-546,-1
1_1243-571,-1
1_1243-604,-1
1_1243-618,-1
1_1243-634,-1
1_1243-665,-1
1_1243-695,-1
1_1243-713,-1
1_1243-757,-1
1_1243-800,-1
1_1243-812,-1
1_1243-839,-1
1_1244-54,0
1_1244-95,-1
1_1244-115,-1
1_1244-135,-1
1_1244-168,-1
1_1244-199,-1
1_1244-211,1
1_1244-241,-1
1_1244-261,-1
1_1244-291,-1
1_1244-324,-1
1_1244-353,-1
1_1244-378,-1
1_1244-404,-1
1_1244-438,-1
1_1244-459,-1
1_1244-477,-1
1_1244-501,-1
1_1244-536,-1
1_1244-544,0
1_1244-586,-1
1_1244-610,-1
1_1244-664,-1
1_1244-713,-1
1_1244-730,0
1_1244-761,-1
1_1244-774,-1
1_1244-791,-1
1_1244-821,-1
1_1245-49,-1
1_1245-78,-1
1_1245-98,-1
1_1245-117,-1
1_1245-141,-1
1_1245-166,-1
1_1245-190,-1
1_1245-216,-1
1_1245-231,-1
1_1245-264,-1
1_1245-284,0
1_1245-295,-1
1_1245-312,-1
1_1245-334,-1
1_1245-346,-1
1_1245-363,-1
1_1245-380,-1
1_1245-410,-1
1_1245-429,-1
1_1245-456,-1
1_1245-466,-1
1_1245-483,-1
1_1245-493,-1
1_1245-509,-1
1_1245-523,-1
1_1245-549,-1
1_1245-562,-1
1_1245-580,-1
1_1245-610,-1
1_1245-623,-1
1_1245-639,-1
1_1245-652,-1
1_1245-669,-1
1_1245-690,-1
1_1245-717,-1
1_1245-739,-1
1_1245-760,-1
1_1245-782,-1
1_1245-800,-1
1_1245-821,-1
1_1245-849,-1
1_1252-73,0
1_1252-102,-1
1_1252-133,-1
1_1252-149,-1
1_1252-181,-1
1_1252-207,-1
1_1252-237,-1
1_1252-254,-1
1_1252-293,-1
1_1252-312,-1
1_1252-331,-1
1_1252-354,-1
1_1252-388,-1
1_1252-398,-1
1_1252-422,-1
1_1252-456,-1
1_1252-468,-1
1_1252-489,-1
1_1252-506,-1
1_1252-540,-1
1_1252-562,-1
1_1252-578,-1
1_1252-613,-1
1_1252-664,-1
1_1252-679,-1
1_1252-701,-1
1_1252-737,-1
1_1252-750,-1
1_1252-765,0
1_1252-807,-1
1_1252-836,-1
1_1254-74,-1
1_1254-99,-1
1_1254-134,-1
1_1254-148,-1
1_1254-172,-1
1_1254-198,-1
1_1254-221,-1
1_1254-253,-1
1_1254-266,-1
1_1254-292,-1
1_1254-342,-1
1_1254-372,-1
1_1254-406,-1
1_1254-417,-1
1_1254-468,-1
1_1254-494,-1
1_1254-514,-1
1_1254-554,-1
1_1254-577,-1
1_1254-611,-1
1_1254-635,-1
1_1254-665,-1
1_1254-688,-1
1_1254-719,-1
1_1254-750,-1
1_1254-770,-1
1_1254-794,-1
1_1254-813,-1
1_1254-841,-1
1_1255-64,-1
1_1255-86,-1
1_1255-103,-1
1_1255-117,-1
1_1255-135,-1
1_1255-154,-1
1_1255-173,-1
1_1255-194,-1
1_1255-222,-1
1_1255-245,-1
1_1255-258,-1
1_1255-275,-1
1_1255-294,-1
1_1255-316,-1
1_1255-345,-1
1_1255-368,-1
1_1255-380,-1
1_1255-394,-1
1_1255-409,-1
1_1255-426,-1
1_1255-455,0
1_1255-475,-1
1_1255-490,-1
1_1255-508,-1
1_1255-539,-1
1_1255-553,-1
1_1255-569,-1
1_1255-598,-1
1_1255-617,-1
1_1255-632,-1
1_1255-646,-1
1_1255-664,-1
1_1255-680,-1
1_1255-707,-1
1_1255-726,-1
1_1255-733,-1
1_1255-755,-1
1_1255-772,-1
1_1255-794,-1
1_1255-811,-1
1_1255-822,-1
1_1255-835,-1
1_1261-61,-1
1_1261-87,-1
1_1261-131,-1
1_1261-161,-1
1_1261-178,-1
1_1261-190,-1
1_1261-210,-1
1_1261-233,-1
1_1261-269,-1
1_1261-283,-1
1_1261-300,-1
1_1261-319,-1
1_1261-334,-1
1_1261-360,-1
1_1261-376,-1
1_1261-401,-1
1_1261-422,-1
1_1261-443,-1
1_1261-475,-1
1_1261-497,-1
1_1261-519,-1
1_1261-540,-1
1_1261-570,-1
1_1261-593,-1
1_1261-625,-1
1_1261-672,-1
1_1261-705,-1
1_1261-726,-1
1_1261-774,-1
1_1261-791,-1
1_1261-805,-1
1_1261-835,-1
1_1262-65,-1
1_1262-82,-1
1_1262-104,-1
1_1262-126,-1
1_1262-148,-1
1_1262-164,-1
1_1262-190,-1
1_1262-216,-1
1_1262-246,-1
1_1262-278,-1
1_1262-298,-1
1_1262-316,-1
1_1262-345,-1
1_1262-361,-1
1_1262-387,-1
1_1262-404,-1
1_1262-425,-1
1_1262-486,-1
1_1262-516,-1
1_1262-536,-1
1_1262-556,-1
1_1262-579,-1
1_1262-593,-1
1_1262-613,-1
1_1262-631,-1
1_1262-649,-1
1_1262-670,-1
1_1262-706,-1
1_1262-726,-1
1_1262-769,-1
1_1262-784,-1
1_1262-806,-1
1_1262-831,-1
1_1276-54,-1
1_1276-93,-1
1_1276-119,-1
1_1276-144,-1
1_1276-177,-1
1_1276-200,-1
1_1276-223,-1
1_1276-243,-1
1_1276-269,-1
1_1276-297,-1
1_1276-342,-1
1_1276-357,-1
1_1276-388,-1
1_1276-430,-1
1_1276-478,-1
1_1276-498,-1
1_1276-524,-1
1_1276-558,-1
1_1276-599,-1
1_1276-613,-1
1_1276-643,-1
1_1276-673,-1
1_1276-698,-1
1_1276-723,-1
1_1276-752,-1
1_1276-781,-1
1_1276-806,-1
1_1276-832,-1
1_1277-51,-1
1_1277-68,-1
1_1277-96,-1
1_1277-111,-1
1_1277-133,-1
1_1277-158,-1
1_1277-180,-1
1_1277-203,-1
1_1277-222,-1
1_1277-244,-1
1_1277-268,-1
1_1277-286,-1
1_1277-303,-1
1_1277-329,-1
1_1277-363,-1
1_1277-389,-1
1_1277-416,-1
1_1277-451,-1
1_1277-471,-1
1_1277-498,-1
1_1277-503,0
1_1277-528,-1
1_1277-552,-1
1_1277-576,-1
1_1277-588,-1
1_1277-603,-1
1_1277-621,-1
1_1277-636,0
1_1277-659,-1
1_1277-693,-1
1_1277-717,-1
1_1277-733,-1
1_1277-770,-1
1_1277-780,-1
1_1277-813,-1
1_1277-847,-1
1_1282-69,-1
1_1282-112,-1
1_1282-126,-1
1_1282-143,-1
1_1282-159,-1
1_1282-181,-1
1_1282-202,-1
1_1282-248,-1
1_1282-266,-1
1_1282-287,-1
1_1282-307,-1
1_1282-330,-1
1_1282-356,-1
1_1282-385,-1
1_1282-399,-1
1_1282-413,-1
1_1282-429,-1
1_1282-465,-1
1_1282-489,-1
1_1282-512,-1
1_1282-539,-1
1_1282-551,-1
1_1282-564,-1
1_1282-594,-1
1_1282-630,-1
1_1282-664,-1
1_1282-700,-1
1_1282-723,-1
1_1282-745,1
1_1282-765,-1
1_1282-783,-1
1_1282-801,-1
1_1282-817,-1
1_1282-847,-1
1_1291-53,-1
1_1291-83,-1
1_1291-104,-1
1_1291-124,-1
1_1291-145,-1
1_1291-166,-1
1_1291-187,-1
1_1291-212,-1
1_1291-238,-1
1_1291-273,-1
1_1291-295,-1
1_1291-321,-1
1_1291-343,-1
1_1291-374,-1
1_1291-386,-1
1_1291-414,-1
1_1291-438,-1
1_1291-472,-1
1_1291-483,-1
1_1291-501,-1
1_1291-517,-1
1_1291-547,0
1_1291-567,-1
1_1291-584,-1
1_1291-598,-1
1_1291-624,-1
1_1291-658,-1
1_1291-691,-1
1_1291-711,-1
1_1291-728,-1
1_1291-743,-1
1_1291-774,-1
1_1291-785,-1
1_1291-809,-1
1_1291-845,-1
1_1292-72,-1
1_1292-88,-1
1_1292-137,-1
1_1292-165,-1
1_1292-195,-1
1_1292-216,-1
1_1292-232,-1
1_1292-270,-1
1_1292-312,-1
1_1292-329,-1
1_1292-345,-1
1_1292-374,-1
1_1292-393,-1
1_1292-410,-1
1_1292-435,-1
1_1292-472,0
1_1292-507,-1
1_1292-529,-1
1_1292-552,-1
1_1292-579,-1
1_1292-606,-1
1_1292-636,-1
1_1292-657,-1
1_1292-712,-1
1_1292-733,-1
1_1292-777,-1
1_1292-825,-1
1_1302-79,-1
1_1302-95,-1
1_1302-107,-1
1_1302-125,-1
1_1302-150,-1
1_1302-165,-1
1_1302-183,-1
1_1302-207,-1
1_1302-241,-1
1_1302-274,-1
1_1302-297,-1
1_1302-339,-1
1_1302-374,-1
1_1302-425,-1
1_1302-478,-1
1_1302-506,-1
1_1302-526,-1
1_1302-545,-1
1_1302-565,-1
1_1302-578,-1
1_1302-590,-1
1_1302-613,-1
1_1302-630,-1
1_1302-646,-1
1_1302-682,-1
1_1302-699,-1
1_1302-726,-1
1_1302-745,-1
1_1302-761,-1
1_1302-777,-1
1_1302-794,-1
1_1302-825,-1
1_1304-53,-1
1_1304-86,-1
1_1304-110,-1
1_1304-134,-1
1_1304-153,-1
1_1304-176,-1
1_1304-189,-1
1_1304-217,-1
1_1304-262,-1
1_1304-286,-1
1_1304-310,-1
1_1304-324,-1
1_1304-345,-1
1_1304-391,-1
1_1304-405,-1
1_1304-436,-1
1_1304-456,-1
1_1304-487,-1
1_1304-504,-1
1_1304-529,-1
1_1304-544,-1
1_1304-586,-1
1_1304-625,-1
1_1304-653,-1
1_1304-674,-1
1_1304-716,-1
1_1304-768,-1
1_1304-788,-1
1_1304-811,-1
1_1304-837,-1
1_1305-78,-1
1_1305-104,-1
1_1305-127,-1
1_1305-150,-1
1_1305-163,-1
1_1305-192,0
1_1305-227,-1
1_1305-256,-1
1_1305-275,-1
1_1305-287,-1
1_1305-324,-1
1_1305-343,-1
1_1305-363,-1
1_1305-410,-1
1_1305-434,-1
1_1305-465,-1
1_1305-478,-1
1_1305-493,-1
1_1305-515,-1
1_1305-548,-1
1_1305-562,-1
1_1305-598,0
1_1305-652,-1
1_1305-669,-1
1_1305-689,-1
1_1305-728,-1
1_1305-753,-1
1_1305-785,-1
1_1305-806,-1
1_1305-838,-1
1_1309-71,-1
1_1309-94,-1
1_1309-122,-1
1_1309-150,-1
1_1309-169,-1
1_1309-189,-1
1_1309-208,-1
1_1309-218,-1
1_1309-229,-1
1_1309-246,-1
1_1309-267,-1
1_1309-299,-1
1_1309-320,-1
1_1309-345,0
1_1309-371,-1
1_1309-384,-1
1_1309-406,-1
1_1309-426,-1
1_1309-466,-1
1_1309-494,-1
1_1309-521,-1
1_1309-586,-1
1_1309-618,-1
1_1309-645,-1
1_1309-676,-1
1_1309-705,-1
1_1309-721,-1
1_1309-751,-1
1_1309-797,-1
1_1309-808,-1
1_1309-829,-1
1_1309-843,-1
1_1321-54,-1
1_1321-75,-1
1_1321-106,-1
1_1321-116,-1
1_1321-155,-1
1_1321-189,-1
1_1321-208,-1
1_1321-228,-1
1_1321-255,-1
1_1321-287,-1
1_1321-301,-1
1_1321-319,-1
1_1321-343,-1
1_1321-360,-1
1_1321-376,-1
1_1321-405,-1
1_1321-433,-1
1_1321-460,-1
1_1321-487,-1
1_1321-513,-1
1_1321-571,-1
1_1321-600,-1
1_1321-655,-1
1_1321-685,-1
1_1321-702,-1
1_1321-730,-1
1_1321-763,-1
1_1321-792,-1
1_1321-807,-1
1_1321-826,-1
1_1321-847,-1
1_1322-52,-1
1_1322-71,-1
1_1322-90,-1
1_1322-110,-1
1_1322-134,-1
1_1322-166,-1
1_1322-182,-1
1_1322-211,-1
1_1322-241,-1
1_1322-275,-1
1_1322-291,-1
1_1322-324,-1
1_1322-333,-1
1_1322-345,-1
1_1322-370,-1
1_1322-395,-1
1_1322-412,-1
1_1322-426,-1
1_1322-441,-1
1_1322-474,1
1_1322-508,-1
1_1322-524,-1
1_1322-537,-1
1_1322-557,-1
1_1322-587,-1
1_1322-610,-1
1_1322-627,-1
1_1322-653,-1
1_1322-680,-1
1_1322-697,-1
1_1322-714,-1
1_1322-742,-1
1_1322-768,-1
1_1322-782,-1
1_1322-814,-1
1_1322-835,-1
1_1322-850,-1
1_1323-53,-1
1_1323-77,-1
1_1323-98,-1
1_1323-115,-1
1_1323-132,-1
1_1323-167,-1
1_1323-188,-1
1_1323-208,-1
1_1323-228,-1
1_1323-261,-1
1_1323-290,-1
1_1323-307,-1
1_1323-329,-1
1_1323-352,-1
1_1323-387,1
1_1323-418,-1
1_1323-444,-1
1_1323-458,-1
1_1323-475,-1
1_1323-500,-1
1_1323-519,-1
1_1323-549,-1
1_1323-563,-1
1_1323-578,-1
1_1323-596,-1
1_1323-607,-1
1_1323-623,-1
1_1323-630,-1
1_1323-651,-1
1_1323-663,-1
1_1323-680,-1
1_1323-700,-1
1_1323-722,-1
1_1323-743,-1
1_1323-764,-1
1_1323-779,-1
1_1323-802,-1
1_1323-823,-1
1_1323-840,-1
1_1325-57,-1
1_1325-76,-1
1_1325-93,-1
1_1325-123,-1
1_1325-145,-1
1_1325-195,-1
1_1325-218,-1
1_1325-248,-1
1_1325-266,-1
1_1325-285,-1
1_1325-306,-1
1_1325-334,0
1_1325-358,-1
1_1325-379,-1
1_1325-398,-1
1_1325-436,-1
1_1325-451,-1
1_1325-475,1
1_1325-493,-1
1_1325-510,-1
1_1325-524,-1
1_1325-538,-1
1_1325-566,-1
1_1325-600,-1
1_1325-637,-1
1_1325-652,-1
1_1325-670,-1
1_1325-702,-1
1_1325-730,-1
1_1325-752,-1
1_1325-775,-1
1_1325-790,-1
1_1325-823,-1
1_1330-53,-1
1_1330-63,-1
1_1330-82,-1
1_1330-113,-1
1_1330-129,-1
1_1330-150,-1
1_1330-186,-1
1_1330-202,-1
1_1330-234,-1
1_1330-246,-1
1_1330-273,-1
1_1330-293,-1
1_1330-320,-1
1_1330-335,-1
1_1330-353,-1
1_1330-372,-1
1_1330-416,-1
1_1330-448,-1
1_1330-464,-1
1_1330-474,-1
1_1330-505,-1
1_1330-530,-1
1_1330-551,-1
1_1330-582,-1
1_1330-612,-1
1_1330-628,-1
1_1330-655,-1
1_1330-705,-1
1_1330-726,-1
1_1330-754,-1
1_1330-784,-1
1_1330-814,-1
1_1330-829,-1
1_1339-78,-1
1_1339-98,-1
1_1339-137,-1
1_1339-163,-1
1_1339-195,-1
1_1339-207,-1
1_1339-226,-1
1_1339-246,-1
1_1339-265,-1
1_1339-292,-1
1_1339-312,-1
1_1339-332,-1
1_1339-350,-1
1_1339-371,-1
1_1339-403,-1
1_1339-431,-1
1_1339-445,-1
1_1339-468,-1
1_1339-483,-1
1_1339-525,-1
1_1339-555,-1
1_1339-583,-1
1_1339-613,-1
1_1339-636,-1
1_1339-674,-1
1_1339-696,-1
1_1339-735,-1
1_1339-762,-1
1_1339-799,-1
1_1339-824,-1
1_1339-838,-1
1_1343-62,-1
1_1343-80,-1
1_1343-101,0
1_1343-124,-1
1_1343-144,-1
1_1343-153,-1
1_1343-175,-1
1_1343-193,-1
1_1343-214,0
1_1343-227,-1
1_1343-244,-1
1_1343-255,-1
1_1343-276,-1
1_1343-295,-1
1_1343-312,1
1_1343-331,-1
1_1343-341,-1
1_1343-361,-1
1_1343-378,-1
1_1343-398,-1
1_1343-417,-1
1_1343-435,-1
1_1343-447,0
1_1343-466,-1
1_1343-480,-1
1_1343-504,-1
1_1343-519,-1
1_1343-537,-1
1_1343-560,-1
1_1343-586,-1
1_1343-601,-1
1_1343-610,-1
1_1343-625,-1
1_1343-645,-1
1_1343-662,-1
1_1343-682,-1
1_1343-709,-1
1_1343-725,-1
1_1343-751,-1
1_1343-769,-1
1_1343-789,-1
1_1343-806,-1
1_1343-826,-1
1_1352-68,-1
1_1352-80,0
1_1352-98,-1
1_1352-116,-1
1_1352-134,-1
1_1352-152,-1
1_1352-185,-1
1_1352-217,-1
1_1352-235,-1
1_1352-263,-1
1_1352-290,-1
1_1352-316,-1
1_1352-339,-1
1_1352-359,-1
1_1352-380,-1
1_1352-394,-1
1_1352-427,-1
1_1352-451,-1
1_1352-473,-1
1_1352-495,-1
1_1352-511,-1
1_1352-542,-1
1_1352-558,-1
1_1352-574,-1
1_1352-595,-1
1_1352-615,-1
1_1352-633,-1
1_1352-654,-1
1_1352-674,0
1_1352-694,-1
1_1352-720,-1
1_1352-747,-1
1_1352-770,-1
1_1352-786,-1
1_1352-819,-1
1_1352-844,-1
1_1353-72,-1
1_1353-95,-1
1_1353-137,-1
1_1353-162,-1
1_1353-179,-1
1_1353-206,-1
1_1353-221,-1
1_1353-237,-1
1_1353-264,-1
1_1353-293,-1
1_1353-318,-1
1_1353-346,-1
1_1353-365,-1
1_1353-396,-1
1_1353-416,-1
1_1353-451,-1
1_1353-463,-1
1_1353-502,-1
1_1353-550,-1
1_1353-566,-1
1_1353-603,0
1_1353-618,-1
1_1353-634,-1
1_1353-648,-1
1_1353-668,-1
1_1353-692,-1
1_1353-719,-1
1_1353-757,-1
1_1353-776,-1
1_1353-808,-1
1_1353-818,-1
1_1353-834,-1
1_1355-53,-1
1_1355-76,-1
1_1355-100,0
1_1355-115,-1
1_1355-157,-1
1_1355-184,-1
1_1355-208,-1
1_1355-257,-1
1_1355-280,-1
1_1355-300,-1
1_1355-321,-1
1_1355-346,-1
1_1355-366,-1
1_1355-393,-1
1_1355-412,-1
1_1355-435,-1
1_1355-451,-1
1_1355-495,-1
1_1355-519,-1
1_1355-531,-1
1_1355-549,-1
1_1355-569,-1
1_1355-590,-1
1_1355-603,-1
1_1355-617,-1
1_1355-636,-1
1_1355-667,-1
1_1355-684,-1
1_1355-705,-1
1_1355-736,-1
1_1355-781,-1
1_1355-802,-1
1_1355-824,-1
1_1355-844,-1
1_1360-58,-1
1_1360-71,-1
1_1360-87,-1
1_1360-109,-1
1_1360-126,-1
1_1360-159,-1
1_1360-178,-1
1_1360-205,0
1_1360-226,-1
1_1360-245,-1
1_1360-266,-1
1_1360-272,-1
1_1360-299,-1
1_1360-323,-1
1_1360-347,-1
1_1360-361,-1
1_1360-381,-1
1_1360-396,-1
1_1360-427,-1
1_1360-454,-1
1_1360-471,-1
1_1360-490,-1
1_1360-527,-1
1_1360-552,-1
1_1360-567,-1
1_1360-591,-1
1_1360-606,-1
1_1360-636,-1
1_1360-654,-1
1_1360-684,-1
1_1360-711,-1
1_1360-726,-1
1_1360-743,-1
1_1360-767,-1
1_1360-779,-1
1_1360-791,-1
1_1360-807,-1
1_1360-825,-1
1_1360-842,-1
1_1367-56,-1
1_1367-89,-1
1_1367-115,-1
1_1367-137,-1
1_1367-160,-1
1_1367-176,-1
1_1367-209,-1
1_1367-231,-1
1_1367-250,-1
1_1367-272,-1
1_1367-312,-1
1_1367-350,-1
1_1367-383,-1
1_1367-408,-1
1_1367-428,-1
1_1367-443,-1
1_1367-461,-1
1_1367-499,-1
1_1367-534,-1
1_1367-568,-1
1_1367-579,-1
1_1367-600,-1
1_1367-644,-1
1_1367-662,-1
1_1367-687,-1
1_1367-722,-1
1_1367-785,-1
1_1386-50,-1
1_1386-71,-1
1_1386-93,-1
1_1386-118,-1
1_1386-135,-1
1_1386-152,-1
1_1386-173,-1
1_1386-202,-1
1_1386-236,-1
1_1386-259,-1
1_1386-272,-1
1_1386-287,-1
1_1386-308,-1
1_1386-332,-1
1_1386-354,0
1_1386-372,-1
1_1386-387,0
1_1386-414,-1
1_1386-436,-1
1_1386-447,-1
1_1386-479,-1
1_1386-502,-1
1_1386-520,0
1_1386-538,-1
1_1386-552,-1
1_1386-576,-1
1_1386-591,-1
1_1386-610,-1
1_1386-628,-1
1_1386-647,-1
1_1386-683,-1
1_1386-728,-1
1_1386-752,-1
1_1386-770,-1
1_1386-799,-1
1_1386-819,-1
1_1386-834,-1
1_1386-848,-1
1_1392-54,-1
1_1392-72,-1
1_1392-94,-1
1_1392-119,-1
1_1392-131,-1
1_1392-172,-1
1_1392-201,-1
1_1392-228,-1
1_1392-255,-1
1_1392-284,-1
1_1392-314,-1
1_1392-331,-1
1_1392-348,-1
1_1392-390,-1
1_1392-416,-1
1_1392-422,-1
1_1392-442,-1
1_1392-482,-1
1_1392-510,-1
1_1392-528,-1
1_1392-545,-1
1_1392-564,-1
1_1392-592,-1
1_1392-606,-1
1_1392-619,-1
1_1392-636,-1
1_1392-658,-1
1_1392-683,-1
1_1392-701,-1
1_1392-714,-1
1_1392-743,-1
1_1392-770,-1
1_1392-806,-1
1_1392-833,-1
1_1397-58,-1
1_1397-84,-1
1_1397-120,-1
1_1397-143,-1
1_1397-170,-1
1_1397-214,-1
1_1397-233,-1
1_1397-284,-1
1_1397-324,-1
1_1397-343,-1
1_1397-383,-1
1_1397-394,-1
1_1397-410,-1
1_1397-437,-1
1_1397-458,-1
1_1397-491,-1
1_1397-512,-1
1_1397-531,-1
1_1397-564,-1
1_1397-601,-1
1_1397-640,-1
1_1397-661,-1
1_1397-675,-1
1_1397-713,-1
1_1397-761,-1
1_1397-784,-1
1_1397-802,-1
1_1397-833,-1
1_1399-76,-1
1_1399-108,-1
1_1399-126,-1
1_1399-143,-1
1_1399-162,-1
1_1399-173,-1
1_1399-193,-1
1_1399-223,-1
1_1399-238,-1
1_1399-256,-1
1_1399-269,-1
1_1399-288,-1
1_1399-316,-1
1_1399-341,-1
1_1399-351,-1
1_1399-373,-1
1_1399-421,-1
1_1399-428,-1
1_1399-452,-1
1_1399-470,-1
1_1399-494,-1
1_1399-505,-1
1_1399-526,-1
1_1399-548,-1
1_1399-564,-1
1_1399-595,-1
1_1399-615,-1
1_1399-660,-1
1_1399-676,1
1_1399-697,-1
1_1399-712,-1
1_1399-750,-1
1_1399-772,-1
1_1399-796,-1
1_1399-819,-1
1_1399-840,-1
1_1407-74,-1
1_1407-93,-1
1_1407-116,-1
1_1407-138,-1
1_1407-155,-1
1_1407-169,-1
1_1407-190,-1
1_1407-207,-1
1_1407-222,-1
1_1407-243,-1
1_1407-260,-1
1_1407-278,-1
1_1407-296,-1
1_1407-350,-1
1_1407-387,-1
1_1407-408,-1
1_1407-425,-1
1_1407-440,-1
1_1407-460,-1
1_1407-475,-1
1_1407-488,0
1_1407-522,-1
1_1407-547,-1
1_1407-563,-1
1_1407-584,-1
1_1407-600,-1
1_1407-627,-1
1_1407-660,-1
1_1407-688,-1
1_1407-710,-1
1_1407-725,-1
1_1407-752,-1
1_1407-778,-1
1_1407-801,-1
1_1407-825,-1
1_1407-844,-1
1_1408-78,-1
1_1408-107,-1
1_1408-137,-1
1_1408-174,-1
1_1408-204,-1
1_1408-250,0
1_1408-276,-1
1_1408-296,-1
1_1408-312,-1
1_1408-339,-1
1_1408-365,-1
1_1408-381,-1
1_1408-395,-1
1_1408-408,-1
1_1408-421,-1
1_1408-435,-1
1_1408-461,-1
1_1408-491,-1
1_1408-516,-1
1_1408-542,-1
1_1408-554,-1
1_1408-576,-1
1_1408-613,-1
1_1408-639,-1
1_1408-660,-1
1_1408-671,-1
1_1408-683,-1
1_1408-700,-1
1_1408-729,-1
1_1408-759,-1
1_1408-783,-1
1_1408-803,-1
1_1408-826,-1
1_1408-848,-1
1_1413-74,-1
1_1413-118,-1
1_1413-134,-1
1_1413-147,-1
1_1413-173,-1
1_1413-205,-1
1_1413-224,-1
1_1413-240,-1
1_1413-261,-1
1_1413-292,-1
1_1413-323,-1
1_1413-347,-1
1_1413-379,-1
1_1413-403,-1
1_1413-428,-1
1_1413-447,-1
1_1413-466,-1
1_1413-492,-1
1_1413-513,-1
1_1413-528,-1
1_1413-569,-1
1_1413-590,-1
1_1413-612,-1
1_1413-632,-1
1_1413-648,-1
1_1413-668,-1
1_1413-686,-1
1_1413-718,-1
1_1413-731,-1
1_1413-756,-1
1_1413-791,-1
1_1413-811,-1
1_1413-834,-1
1_1413-848,-1
1_1415-60,-1
1_1415-96,-1
1_1415-120,-1
1_1415-140,-1
1_1415-156,-1
1_1415-183,-1
1_1415-204,-1
1_1415-221,-1
1_1415-240,-1
1_1415-260,-1
1_1415-275,-1
1_1415-289,-1
1_1415-313,-1
1_1415-339,-1
1_1415-370,-1
1_1415-407,-1
1_1415-427,-1
1_1415-444,-1
1_1415-475,-1
1_1415-492,-1
1_1415-528,-1
1_1415-549,-1
1_1415-571,-1
1_1415-588,-1
1_1415-614,1
1_1415-640,-1
1_1415-664,-1
1_1415-691,-1
1_1415-707,-1
1_1415-770,-1
1_1415-790,-1
1_1415-807,-1
1_1415-833,-1
1_1420-95,-1
1_1420-122,-1
1_1420-157,0
1_1420-180,-1
1_1420-213,-1
1_1420-237,-1
1_1420-253,-1
1_1420-283,-1
1_1420-298,-1
1_1420-322,-1
1_1420-353,-1
1_1420-370,-1
1_1420-387,-1
1_1420-402,-1
1_1420-419,-1
1_1420-446,-1
1_1420-479,-1
1_1420-506,-1
1_1420-534,-1
1_1420-572,-1
1_1420-615,-1
1_1420-637,-1
1_1420-655,-1
1_1420-674,-1
1_1420-703,-1
1_1420-743,-1
1_1420-767,-1
1_1420-779,-1
1_1420-806,-1
1_1420-831,-1
1_1425-69,-1
1_1425-83,-1
1_1425-110,-1
1_1425-146,-1
1_1425-168,-1
1_1425-200,-1
1_1425-219,-1
1_1425-282,-1
1_1425-315,-1
1_1425-344,-1
1_1425-376,-1
1_1425-413,-1
1_1425-437,-1
1_1425-453,-1
1_1425-496,-1
1_1425-544,-1
1_1425-575,-1
1_1425-593,-1
1_1425-613,-1
1_1425-629,-1
1_1425-653,-1
1_1425-682,0
1_1425-696,-1
1_1425-723,-1
1_1425-739,-1
1_1425-758,-1
1_1425-784,-1
1_1425-812,-1
1_1425-834,-1
1_1440-97,-1
1_1440-135,-1
1_1440-219,-1
1_1440-254,-1
1_1440-297,-1
1_1440-337,-1
1_1440-372,-1
1_1440-427,-1
1_1440-448,-1
1_1440-500,-1
1_1440-526,-1
1_1440-546,-1
1_1440-581,-1
1_1440-608,-1
1_1440-647,-1
1_1440-688,-1
1_1440-714,-1
1_1440-744,-1
1_1440-797,-1
1_1440-821,-1
1_1467-75,-1
1_1467-88,-1
1_1467-119,-1
1_1467-129,-1
1_1467-147,1
1_1467-181,-1
1_1467-206,-1
1_1467-223,-1
1_1467-241,-1
1_1467-264,-1
1_1467-277,-1
1_1467-307,-1
1_1467-317,-1
1_1467-339,-1
1_1467-357,-1
1_1467-389,-1
1_1467-420,-1
1_1467-437,-1
1_1467-456,-1
1_1467-468,-1
1_1467-492,-1
1_1467-503,-1
1_1467-516,-1
1_1467-537,-1
1_1467-553,-1
1_1467-593,-1
1_1467-603,-1
1_1467-627,-1
1_1467-654,-1
1_1467-674,-1
1_1467-689,-1
1_1467-707,-1
1_1467-736,-1
1_1467-789,-1
1_1467-824,-1
1_1492-72,-1
1_1492-86,-1
1_1492-104,-1
1_1492-120,0
1_1492-160,-1
1_1492-184,0
1_1492-206,0
1_1492-214,-1
1_1492-230,-1
1_1492-245,-1
1_1492-278,-1
1_1492-298,0
1_1492-316,-1
1_1492-336,-1
1_1492-395,-1
1_1492-417,-1
1_1492-444,-1
1_1492-466,-1
1_1492-487,-1
1_1492-503,-1
1_1492-530,-1
1_1492-549,-1
1_1492-576,-1
1_1492-591,-1
1_1492-607,-1
1_1492-641,-1
1_1492-671,-1
1_1492-710,-1
1_1492-726,-1
1_1492-737,-1
1_1492-751,-1
1_1492-779,-1
1_1492-792,-1
1_1492-811,-1
1_1492-836,-1
1_1510-93,-1
1_1510-116,-1
1_1510-138,0
1_1510-186,-1
1_1510-198,-1
1_1510-233,-1
1_1510-260,-1
1_1510-266,-1
1_1510-283,-1
1_1510-326,-1
1_1510-345,-1
1_1510-364,-1
1_1510-381,-1
1_1510-431,-1
1_1510-442,-1
1_1510-489,-1
1_1510-511,-1
1_1510-528,-1
1_1510-547,-1
1_1510-577,-1
1_1510-602,-1
1_1510-631,-1
1_1510-649,-1
1_1510-678,-1
1_1510-702,-1
1_1510-727,-1
1_1510-761,-1
1_1510-780,-1
1_1510-792,-1
1_1510-822,-1
1_1510-840,-1
1_1540-61,-1
1_1540-77,-1
1_1540-92,-1
1_1540-113,-1
1_1540-138,-1
1_1540-179,-1
1_1540-193,-1
1_1540-206,-1
1_1540-221,-1
1_1540-242,-1
1_1540-280,-1
1_1540-311,-1
1_1540-344,-1
1_1540-352,-1
1_1540-369,-1
1_1540-395,-1
1_1540-420,-1
1_1540-436,-1
1_1540-457,-1
1_1540-473,-1
1_1540-486,-1
1_1540-517,-1
1_1540-542,-1
1_1540-571,-1
1_1540-603,-1
1_1540-640,-1
1_1540-666,-1
1_1540-685,-1
1_1540-706,-1
1_1540-727,-1
1_1540-744,-1
1_1540-771,-1
1_1540-782,-1
1_1540-808,-1
1_1540-827,-1
1_1557-88,-1
1_1557-98,-1
1_1557-116,-1
1_1557-135,0
1_1557-155,-1
1_1557-191,-1
1_1557-203,-1
1_1557-223,-1
1_1557-240,-1
1_1557-270,-1
1_1557-288,-1
1_1557-300,-1
1_1557-315,-1
1_1557-336,-1
1_1557-367,-1
1_1557-396,-1
1_1557-436,-1
1_1557-457,-1
1_1557-480,-1
1_1557-498,-1
1_1557-510,-1
1_1557-535,-1
1_1557-564,-1
1_1557-579,-1
1_1557-598,-1
1_1557-630,-1
1_1557-687,-1
1_1557-708,-1
1_1557-728,-1
1_1557-746,-1
1_1557-774,-1
1_1557-808,-1
1_1557-836,-1
1_1557-850,-1
1_1564-52,-1
1_1564-65,-1
1_1564-83,-1
1_1564-112,-1
1_1564-147,-1
1_1564-167,-1
1_1564-185,-1
1_1564-206,-1
1_1564-246,-1
1_1564-269,-1
1_1564-285,-1
1_1564-304,-1
1_1564-331,-1
1_1564-354,-1
1_1564-370,-1
1_1564-381,-1
1_1564-397,-1
1_1564-407,0
1_1564-424,-1
1_1564-435,-1
1_1564-461,-1
1_1564-469,-1
1_1564-503,-1
1_1564-522,-1
1_1564-530,-1
1_1564-565,-1
1_1564-582,-1
1_1564-601,-1
1_1564-620,-1
1_1564-639,-1
1_1564-648,0
1_1564-669,-1
1_1564-688,-1
1_1564-707,-1
1_1564-736,-1
1_1564-745,-1
1_1564-763,-1
1_1564-780,-1
1_1564-793,-1
1_1564-815,-1
1_1564-837,-1
1_1573-50,-1
1_1573-103,-1
1_1573-125,-1
1_1573-149,-1
1_1573-164,-1
1_1573-187,-1
1_1573-200,-1
1_1573-223,-1
1_1573-238,-1
1_1573-256,-1
1_1573-293,-1
1_1573-316,-1
1_1573-338,-1
1_1573-371,-1
1_1573-388,-1
1_1573-421,-1
1_1573-446,-1
1_1573-464,-1
1_1573-510,0
1_1573-564,-1
1_1573-577,-1
1_1573-596,-1
1_1573-618,-1
1_1573-633,-1
1_1573-657,-1
1_1573-683,-1
1_1573-700,-1
1_1573-737,-1
1_1573-771,-1
1_1573-786,0
1_1573-806,-1
1_1573-850,-1
1_1605-55,-1
1_1605-99,-1
1_1605-132,0
1_1605-150,-1
1_1605-169,-1
1_1605-192,-1
1_1605-201,-1
1_1605-219,-1
1_1605-236,-1
1_1605-266,-1
1_1605-290,-1
1_1605-322,-1
1_1605-345,-1
1_1605-368,-1
1_1605-385,-1
1_1605-409,-1
1_1605-417,-1
1_1605-440,-1
1_1605-459,-1
1_1605-474,-1
1_1605-489,-1
1_1605-513,-1
1_1605-524,-1
1_1605-537,-1
1_1605-552,-1
1_1605-579,-1
1_1605-589,-1
1_1605-611,-1
1_1605-657,-1
1_1605-675,-1
1_1605-693,-1
1_1605-739,-1
1_1605-758,-1
1_1605-778,-1
1_1605-798,-1
1_1605-825,-1
1_1614-54,-1
1_1614-68,-1
1_1614-96,-1
1_1614-116,-1
1_1614-137,-1
1_1614-149,-1
1_1614-172,-1
1_1614-200,-1
1_1614-214,-1
1_1614-239,-1
1_1614-254,-1
1_1614-274,-1
1_1614-296,-1
1_1614-335,-1
1_1614-355,-1
1_1614-378,-1
1_1614-390,-1
1_1614-412,-1
1_1614-436,-1
1_1614-451,0
1_1614-468,-1
1_1614-484,-1
1_1614-497,-1
1_1614-521,-1
1_1614-541,-1
1_1614-564,-1
1_1614-579,-1
1_1614-593,-1
1_1614-625,-1
1_1614-648,-1
1_1614-665,-1
1_1614-698,-1
1_1614-708,-1
1_1614-731,-1
1_1614-749,-1
1_1614-778,-1
1_1614-791,-1
1_1614-805,1
1_1614-834,-1
1_1632-51,-1
1_1632-71,-1
1_1632-98,-1
1_1632-114,-1
1_1632-145,-1
1_1632-175,-1
1_1632-206,-1
1_1632-247,-1
1_1632-269,-1
1_1632-287,-1
1_1632-310,-1
1_1632-329,-1
1_1632-350,-1
1_1632-368,-1
1_1632-386,-1
1_1632-398,-1
1_1632-416,-1
1_1632-439,-1
1_1632-449,-1
1_1632-467,-1
1_1632-521,-1
1_1632-544,-1
1_1632-572,-1
1_1632-605,-1
1_1632-630,-1
1_1632-654,-1
1_1632-685,-1
1_1632-713,-1
1_1632-737,-1
1_1632-750,-1
1_1632-768,-1
1_1632-777,-1
1_1632-793,-1
1_1632-810,-1
1_1632-820,-1
1_1632-837,-1
1_1637-63,-1
1_1637-78,-1
1_1637-102,-1
1_1637-121,0
1_1637-140,-1
1_1637-155,-1
1_1637-171,-1
1_1637-197,-1
1_1637-219,-1
1_1637-244,-1
1_1637-263,-1
1_1637-302,-1
1_1637-341,1
1_1637-360,-1
1_1637-376,-1
1_1637-390,-1
1_1637-411,-1
1_1637-436,-1
1_1637-447,-1
1_1637-472,-1
1_1637-492,-1
1_1637-510,-1
1_1637-549,-1
1_1637-569,-1
1_1637-600,-1
1_1637-619,0
1_1637-645,-1
1_1637-676,-1
1_1637-700,-1
1_1637-716,-1
1_1637-737,-1
1_1637-753,-1
1_1637-768,-1
1_1637-799,-1
1_1637-824,-1
1_1637-841,-1
1_1644-61,-1
1_1644-108,-1
1_1644-122,-1
1_1644-144,-1
1_1644-165,-1
1_1644-203,-1
1_1644-226,-1
1_1644-243,-1
1_1644-266,-1
1_1644-295,-1
1_1644-328,-1
1_1644-340,-1
1_1644-371,-1
1_1644-395,-1
1_1644-414,-1
1_1644-433,-1
1_1644-457,-1
1_1644-476,-1
1_1644-513,-1
1_1644-529,-1
1_1644-574,-1
1_1644-597,-1
1_1644-628,-1
1_1644-661,-1
1_1644-681,-1
1_1644-708,-1
1_1644-748,-1
1_1644-766,-1
1_1644-781,0
1_1644-801,-1
1_1644-819,-1
1_1648-61,-1
1_1648-107,-1
1_1648-123,-1
1_1648-154,-1
1_1648-176,-1
1_1648-192,-1
1_1648-227,-1
1_1648-250,-1
1_1648-261,-1
1_1648-279,-1
1_1648-295,-1
1_1648-310,-1
1_1648-331,-1
1_1648-348,-1
1_1648-379,-1
1_1648-397,-1
1_1648-412,0
1_1648-422,-1
1_1648-441,-1
1_1648-456,-1
1_1648-475,-1
1_1648-486,-1
1_1648-516,-1
1_1648-537,-1
1_1648-554,-1
1_1648-571,-1
1_1648-593,-1
1_1648-612,-1
1_1648-641,-1
1_1648-657,-1
1_1648-677,-1
1_1648-704,-1
1_1648-720,-1
1_1648-731,-1
1_1648-746,-1
1_1648-771,-1
1_1648-794,-1
1_1648-815,-1
1_1648-839,-1
1_1665-62,-1
1_1665-91,-1
1_1665-120,-1
1_1665-151,-1
1_1665-168,-1
1_1665-179,-1
1_1665-203,-1
1_1665-225,-1
1_1665-243,-1
1_1665-264,0
1_1665-279,-1
1_1665-299,-1
1_1665-311,-1
1_1665-331,-1
1_1665-369,-1
1_1665-401,-1
1_1665-418,-1
1_1665-442,-1
1_1665-453,-1
1_1665-475,0
1_1665-504,-1
1_1665-531,-1
1_1665-551,-1
1_1665-588,-1
1_1665-610,-1
1_1665-646,-1
1_1665-702,-1
1_1665-752,-1
1_1665-782,-1
1_1665-801,-1
1_1665-827,-1
1_1679-56,-1
1_1679-78,-1
1_1679-100,-1
1_1679-118,-1
1_1679-136,-1
1_1679-160,-1
1_1679-179,-1
1_1679-201,-1
1_1679-228,-1
1_1679-262,-1
1_1679-282,-1
1_1679-297,-1
1_1679-312,-1
1_1679-332,-1
1_1679-354,-1
1_1679-390,-1
1_1679-406,-1
1_1679-425,-1
1_1679-459,-1
1_1679-478,-1
1_1679-507,-1
1_1679-523,-1
1_1679-548,-1
1_1679-574,-1
1_1679-594,-1
1_1679-611,-1
1_1679-635,-1
1_1679-659,-1
1_1679-681,-1
1_1679-709,-1
1_1679-750,-1
1_1679-785,-1
1_1679-805,1
1_1679-821,-1
1_1697-56,-1
1_1697-85,-1
1_1697-103,-1
1_1697-142,-1
1_1697-161,-1
1_1697-200,-1
1_1697-249,-1
1_1697-266,-1
1_1697-289,-1
1_1697-320,-1
1_1697-351,-1
1_1697-379,-1
1_1697-409,-1
1_1697-424,-1
1_1697-446,-1
1_1697-475,-1
1_1697-500,-1
1_1697-535,-1
1_1697-550,-1
1_1697-563,-1
1_1697-591,-1
1_1697-613,-1
1_1697-645,-1
1_1697-663,-1
1_1697-688,-1
1_1697-697,-1
1_1697-721,-1
1_1697-745,-1
1_1697-769,-1
1_1697-793,-1
1_1697-822,-1
1_1697-840,-1
1_1700-51,-1
1_1700-77,-1
1_1700-93,-1
1_1700-113,-1
1_1700-136,-1
1_1700-169,-1
1_1700-186,-1
1_1700-198,-1
1_1700-243,-1
1_1700-262,-1
1_1700-278,-1
1_1700-302,-1
1_1700-328,-1
1_1700-352,-1
1_1700-374,-1
1_1700-392,-1
1_1700-414,-1
1_1700-437,-1
1_1700-453,-1
1_1700-480,-1
1_1700-494,-1
1_1700-511,-1
1_1700-524,-1
1_1700-547,-1
1_1700-577,-1
1_1700-591,-1
1_1700-605,-1
1_1700-635,-1
1_1700-650,-1
1_1700-673,-1
1_1700-697,-1
1_1700-710,-1
1_1700-728,1
1_1700-758,-1
1_1700-789,-1
1_1700-817,-1
1_1708-54,-1
1_1708-68,-1
1_1708-92,-1
1_1708-120,-1
1_1708-144,-1
1_1708-169,-1
1_1708-190,-1
1_1708-210,-1
1_1708-248,-1
1_1708-267,-1
1_1708-293,-1
1_1708-318,-1
1_1708-328,-1
1_1708-348,-1
1_1708-375,-1
1_1708-396,-1
1_1708-420,-1
1_1708-451,-1
1_1708-483,-1
1_1708-508,-1
1_1708-535,-1
1_1708-562,-1
1_1708-578,-1
1_1708-599,-1
1_1708-641,-1
1_1708-657,-1
1_1708-680,-1
1_1708-691,-1
1_1708-729,-1
1_1708-745,-1
1_1708-760,-1
1_1708-783,-1
1_1708-817,0
1_1708-839,-1
1_1711-64,-1
1_1711-86,-1
1_1711-112,-1
1_1711-133,-1
1_1711-158,-1
1_1711-174,-1
1_1711-190,-1
1_1711-204,-1
1_1711-219,-1
1_1711-242,-1
1_1711-280,-1
1_1711-317,-1
1_1711-331,-1
1_1711-350,-1
1_1711-370,-1
1_1711-390,-1
1_1711-412,-1
1_1711-428,-1
1_1711-444,-1
1_1711-460,-1
1_1711-490,-1
1_1711-508,-1
1_1711-540,-1
1_1711-554,-1
1_1711-570,-1
1_1711-585,-1
1_1711-603,-1
1_1711-619,-1
1_1711-642,-1
1_1711-659,-1
1_1711-685,-1
1_1711-707,-1
1_1711-730,-1
1_1711-745,-1
1_1711-762,-1
1_1711-792,0
1_1711-806,-1
1_1711-840,-1
1_1724-53,-1
1_1724-76,-1
1_1724-96,-1
1_1724-116,-1
1_1724-146,-1
1_1724-177,-1
1_1724-198,-1
1_1724-220,-1
1_1724-244,-1
1_1724-259,-1
1_1724-292,-1
1_1724-301,-1
1_1724-322,-1
1_1724-338,-1
1_1724-370,-1
1_1724-408,-1
1_1724-417,-1
1_1724-436,-1
1_1724-493,-1
1_1724-511,-1
1_1724-524,-1
1_1724-542,-1
1_1724-584,-1
1_1724-603,-1
1_1724-626,-1
1_1724-676,-1
1_1724-696,-1
1_1724-715,-1
1_1724-731,-1
1_1724-750,-1
1_1724-769,-1
1_1724-798,-1
1_1724-816,-1
1_1724-844,-1
1_1751-63,-1
1_1751-80,-1
1_1751-92,-1
1_1751-114,-1
1_1751-132,-1
1_1751-146,-1
1_1751-173,-1
1_1751-209,-1
1_1751-236,-1
1_1751-257,-1
1_1751-283,-1
1_1751-303,-1
1_1751-326,-1
1_1751-360,-1
1_1751-381,-1
1_1751-404,-1
1_1751-426,-1
1_1751-450,-1
1_1751-469,-1
1_1751-498,-1
1_1751-514,-1
1_1751-529,-1
1_1751-545,-1
1_1751-577,-1
1_1751-595,-1
1_1751-624,-1
1_1751-660,-1
1_1751-702,-1
1_1751-714,-1
1_1751-745,-1
1_1751-767,-1
1_1751-799,-1
1_1751-813,-1
1_1751-826,-1
1_1751-841,-1
1_1776-82,-1
1_1776-95,-1
1_1776-141,-1
1_1776-160,-1
1_1776-183,-1
1_1776-196,-1
1_1776-241,-1
1_1776-275,-1
1_1776-303,-1
1_1776-323,-1
1_1776-342,-1
1_1776-366,-1
1_1776-388,-1
1_1776-407,-1
1_1776-423,-1
1_1776-447,-1
1_1776-480,-1
1_1776-497,-1
1_1776-515,-1
1_1776-540,-1
1_1776-565,-1
1_1776-588,-1
1_1776-612,-1
1_1776-634,-1
1_1776-657,-1
1_1776-674,-1
1_1776-690,-1
1_1776-711,0
1_1776-730,-1
1_1776-752,-1
1_1776-773,-1
1_1776-794,-1
1_1776-845,-1
1_1781-50,-1
1_1781-81,-1
1_1781-100,-1
1_1781-120,-1
1_1781-144,0
1_1781-160,-1
1_1781-173,-1
1_1781-198,-1
1_1781-216,-1
1_1781-244,-1
1_1781-258,-1
1_1781-285,-1
1_1781-317,-1
1_1781-336,-1
1_1781-344,-1
1_1781-376,-1
1_1781-403,-1
1_1781-422,-1
1_1781-442,-1
1_1781-459,-1
1_1781-482,-1
1_1781-528,-1
1_1781-545,-1
1_1781-569,-1
1_1781-593,-1
1_1781-611,-1
1_1781-639,-1
1_1781-652,-1
1_1781-670,-1
1_1781-678,-1
1_1781-691,-1
1_1781-710,-1
1_1781-730,-1
1_1781-751,-1
1_1781-779,-1
1_1781-798,-1
1_1781-824,-1
1_1781-849,-1
1_1787-58,-1
1_1787-82,-1
1_1787-100,-1
1_1787-120,-1
1_1787-152,-1
1_1787-170,-1
1_1787-225,-1
1_1787-241,-1
1_1787-266,-1
1_1787-284,-1
1_1787-304,-1
1_1787-333,-1
1_1787-358,-1
1_1787-379,-1
1_1787-403,-1
1_1787-417,-1
1_1787-443,-1
1_1787-460,-1
1_1787-512,-1
1_1787-530,-1
1_1787-552,-1
1_1787-567,-1
1_1787-580,-1
1_1787-598,-1
1_1787-622,-1
1_1787-641,-1
1_1787-673,-1
1_1787-689,-1
1_1787-708,-1
1_1787-723,-1
1_1787-748,-1
1_1787-771,-1
1_1787-784,0
1_1787-802,-1
1_1787-819,-1
1_1787-833,-1
1_1793-70,-1
1_1793-98,-1
1_1793-118,-1
1_1793-146,-1
1_1793-161,-1
1_1793-174,-1
1_1793-195,-1
1_1793-219,-1
1_1793-235,-1
1_1793-259,-1
1_1793-270,-1
1_1793-286,-1
1_1793-304,0
1_1793-346,-1
1_1793-360,-1
1_1793-380,-1
1_1793-408,-1
1_1793-446,-1
1_1793-472,-1
1_1793-485,-1
1_1793-507,-1
1_1793-526,-1
1_1793-543,0
1_1793-565,-1
1_1793-576,0
1_1793-607,-1
1_1793-641,-1
1_1793-672,-1
1_1793-691,-1
1_1793-705,0
1_1793-733,-1
1_1793-749,-1
1_1793-768,-1
1_1793-787,-1
1_1793-806,-1
1_1793-824,-1
1_1815-78,-1
1_1815-112,-1
1_1815-135,-1
1_1815-154,0
1_1815-187,-1
1_1815-211,-1
1_1815-240,-1
1_1815-270,-1
1_1815-282,0
1_1815-347,-1
1_1815-377,-1
1_1815-416,-1
1_1815-437,-1
1_1815-455,-1
1_1815-477,-1
1_1815-505,-1
1_1815-529,-1
1_1815-546,-1
1_1815-569,-1
1_1815-592,-1
1_1815-611,-1
1_1815-631,-1
1_1815-658,0
1_1815-674,-1
1_1815-706,-1
1_1815-720,-1
1_1815-740,-1
1_1815-753,-1
1_1815-766,-1
1_1815-780,-1
1_1815-803,-1
1_1815-821,-1
1_1850-57,-1
1_1850-67,-1
1_1850-87,-1
1_1850-107,-1
1_1850-130,-1
1_1850-158,-1
1_1850-175,-1
1_1850-191,-1
1_1850-212,-1
1_1850-250,-1
1_1850-273,-1
1_1850-291,-1
1_1850-311,-1
1_1850-329,-1
1_1850-360,-1
1_1850-377,-1
1_1850-389,-1
1_1850-408,-1
1_1850-428,-1
1_1850-448,-1
1_1850-465,-1
1_1850-478,-1
1_1850-502,-1
1_1850-530,-1
1_1850-570,-1
1_1850-589,-1
1_1850-610,-1
1_1850-631,0
1_1850-641,-1
1_1850-661,-1
1_1850-671,-1
1_1850-698,-1
1_1850-714,-1
1_1850-743,-1
1_1850-764,-1
1_1850-779,-1
1_1850-793,-1
1_1850-816,-1
1_1850-840,-1
1_1861-57,-1
1_1861-78,-1
1_1861-100,-1
1_1861-127,-1
1_1861-151,-1
1_1861-178,-1
1_1861-213,-1
1_1861-228,-1
1_1861-252,-1
1_1861-270,-1
1_1861-283,-1
1_1861-304,-1
1_1861-323,-1
1_1861-342,-1
1_1861-354,-1
1_1861-366,-1
1_1861-401,-1
1_1861-434,-1
1_1861-484,-1
1_1861-509,-1
1_1861-530,-1
1_1861-568,-1
1_1861-590,-1
1_1861-611,-1
1_1861-644,-1
1_1861-677,-1
1_1861-703,-1
1_1861-730,-1
1_1861-749,-1
1_1861-777,-1
1_1861-798,-1
1_1861-816,-1
1_1861-846,-1
1_1878-49,-1
1_1878-103,-1
1_1878-135,-1
1_1878-156,-1
1_1878-172,-1
1_1878-190,-1
1_1878-216,-1
1_1878-246,-1
1_1878-261,-1
1_1878-282,-1
1_1878-308,-1
1_1878-320,-1
1_1878-340,-1
1_1878-368,-1
1_1878-384,-1
1_1878-416,-1
1_1878-446,-1
1_1878-481,-1
1_1878-510,-1
1_1878-521,-1
1_1878-561,-1
1_1878-577,-1
1_1878-596,-1
1_1878-614,-1
1_1878-641,-1
1_1878-661,-1
1_1878-688,-1
1_1878-711,-1
1_1878-730,-1
1_1878-755,-1
1_1878-772,-1
1_1878-786,-1
1_1878-823,-1
1_1878-834,-1
1_1883-77,-1
1_1883-102,-1
1_1883-118,-1
1_1883-133,-1
1_1883-166,-1
1_1883-185,-1
1_1883-199,-1
1_1883-221,-1
1_1883-254,0
1_1883-272,-1
1_1883-306,-1
1_1883-329,-1
1_1883-370,-1
1_1883-389,-1
1_1883-409,-1
1_1883-432,-1
1_1883-447,-1
1_1883-474,-1
1_1883-486,-1
1_1883-511,-1
1_1883-526,-1
1_1883-545,-1
1_1883-564,-1
1_1883-584,-1
1_1883-616,-1
1_1883-633,-1
1_1883-659,-1
1_1883-675,-1
1_1883-697,-1
1_1883-719,-1
1_1883-769,-1
1_1883-821,-1
1_1891-54,-1
1_1891-82,-1
1_1891-112,-1
1_1891-140,-1
1_1891-173,-1
1_1891-191,-1
1_1891-209,-1
1_1891-238,-1
1_1891-250,-1
1_1891-300,-1
1_1891-318,-1
1_1891-337,-1
1_1891-378,-1
1_1891-405,-1
1_1891-420,0
1_1891-447,-1
1_1891-457,-1
1_1891-481,-1
1_1891-511,-1
1_1891-530,-1
1_1891-541,-1
1_1891-552,-1
1_1891-592,-1
1_1891-611,-1
1_1891-631,-1
1_1891-650,-1
1_1891-673,-1
1_1891-708,-1
1_1891-734,-1
1_1891-787,-1
1_1891-829,-1
1_1898-75,-1
1_1898-99,-1
1_1898-121,-1
1_1898-135,-1
1_1898-171,-1
1_1898-194,-1
1_1898-231,-1
1_1898-243,-1
1_1898-270,-1
1_1898-279,-1
1_1898-312,-1
1_1898-335,-1
1_1898-349,-1
1_1898-378,-1
1_1898-404,-1
1_1898-418,-1
1_1898-428,-1
1_1898-460,-1
1_1898-530,-1
1_1898-550,-1
1_1898-567,-1
1_1898-583,-1
1_1898-623,-1
1_1898-657,-1
1_1898-673,-1
1_1898-716,-1
1_1898-743,-1
1_1898-768,-1
1_1898-786,-1
1_1898-807,-1
1_1898-828,-1
1_1924-72,-1
1_1924-112,-1
1_1924-130,-1
1_1924-142,-1
1_1924-158,-1
1_1924-176,-1
1_1924-218,-1
1_1924-235,0
1_1924-262,-1
1_1924-275,-1
1_1924-294,-1
1_1924-324,-1
1_1924-340,-1
1_1924-363,-1
1_1924-383,-1
1_1924-407,0
1_1924-422,-1
1_1924-444,-1
1_1924-473,-1
1_1924-490,-1
1_1924-521,-1
1_1924-559,1
1_1924-592,-1
1_1924-603,-1
1_1924-647,-1
1_1924-665,-1
1_1924-715,-1
1_1924-726,-1
1_1924-750,1
1_1924-792,-1
1_1924-815,-1
1_1933-60,-1
1_1933-82,-1
1_1933-95,-1
1_1933-126,-1
1_1933-153,-1
1_1933-172,-1
1_1933-190,-1
1_1933-213,-1
1_1933-228,-1
1_1933-246,-1
1_1933-269,-1
1_1933-297,-1
1_1933-327,-1
1_1933-342,-1
1_1933-364,-1
1_1933-406,-1
1_1933-425,-1
1_1933-448,-1
1_1933-460,-1
1_1933-491,-1
1_1933-510,-1
1_1933-533,-1
1_1933-578,-1
1_1933-593,0
1_1933-610,-1
1_1933-629,-1
1_1933-643,-1
1_1933-654,-1
1_1933-686,-1
1_1933-712,0
1_1933-753,-1
1_1933-773,-1
1_1933-795,-1
1_1933-805,-1
1_1933-843,-1
1_1940-59,-1
1_1940-72,-1
1_1940-84,-1
1_1940-111,-1
1_1940-128,-1
1_1940-149,-1
1_1940-170,-1
1_1940-201,-1
1_1940-226,-1
1_1940-249,0
1_1940-274,-1
1_1940-297,-1
1_1940-321,-1
1_1940-353,-1
1_1940-380,-1
1_1940-408,-1
1_1940-429,-1
1_1940-453,-1
1_1940-478,-1
1_1940-515,-1
1_1940-533,-1
1_1940-555,-1
1_1940-571,-1
1_1940-586,-1
1_1940-609,-1
1_1940-625,-1
1_1940-639,-1
1_1940-676,-1
1_1940-714,-1
1_1940-730,-1
1_1940-744,-1
1_1940-770,-1
1_1940-797,-1
1_1940-814,-1
1_1940-839,-1
1_1948-50,-1
1_1948-81,-1
1_1948-113,-1
1_1948-136,-1
1_1948-173,-1
1_1948-193,-1
1_1948-219,-1
1_1948-247,-1
1_1948-264,-1
1_1948-275,-1
1_1948-303,-1
1_1948-328,-1
1_1948-343,-1
1_1948-369,-1
1_1948-382,-1
1_1948-403,-1
1_1948-425,-1
1_1948-433,-1
1_1948-457,-1
1_1948-490,-1
1_1948-530,-1
1_1948-537,-1
1_1948-567,-1
1_1948-598,-1
1_1948-620,-1
1_1948-633,-1
1_1948-639,-1
1_1948-659,-1
1_1948-677,-1
1_1948-707,-1
1_1948-726,-1
1_1948-737,-1
1_1948-753,-1
1_1948-781,-1
1_1948-799,-1
1_1948-825,-1
1_1948-847,-1
1_2010-54,-1
1_2010-84,-1
1_2010-98,-1
1_2010-126,-1
1_2010-155,-1
1_2010-167,-1
1_2010-204,-1
1_2010-219,-1
1_2010-253,-1
1_2010-300,-1
1_2010-339,-1
1_2010-367,-1
1_2010-389,-1
1_2010-405,-1
1_2010-416,-1
1_2010-431,-1
1_2010-457,-1
1_2010-484,-1
1_2010-501,-1
1_2010-531,-1
1_2010-563,-1
1_2010-580,-1
1_2010-601,-1
1_2010-622,-1
1_2010-649,-1
1_2010-670,-1
1_2010-705,-1
1_2010-737,-1
1_2010-752,-1
1_2010-762,-1
1_2010-776,-1
1_2010-799,-1
1_2010-822,-1
1_2010-840,-1
1_2057-67,-1
1_2057-76,-1
1_2057-99,-1
1_2057-123,-1
1_2057-143,-1
1_2057-159,-1
1_2057-185,-1
1_2057-198,-1
1_2057-240,-1
1_2057-280,0
1_2057-296,-1
1_2057-341,-1
1_2057-355,-1
1_2057-383,-1
1_2057-414,-1
1_2057-442,-1
1_2057-484,-1
1_2057-503,-1
1_2057-536,-1
1_2057-559,-1
1_2057-579,-1
1_2057-623,-1
1_2057-632,-1
1_2057-666,-1
1_2057-685,-1
1_2057-701,-1
1_2057-719,-1
1_2057-729,-1
1_2057-754,-1
1_2057-792,-1
1_2057-810,-1
1_2057-847,-1
1_2062-66,-1
1_2062-86,-1
1_2062-108,-1
1_2062-144,-1
1_2062-154,-1
1_2062-180,-1
1_2062-196,-1
1_2062-218,-1
1_2062-238,-1
1_2062-258,-1
1_2062-288,-1
1_2062-301,-1
1_2062-326,-1
1_2062-353,-1
1_2062-365,-1
1_2062-380,-1
1_2062-399,-1
1_2062-418,0
1_2062-442,-1
1_2062-457,-1
1_2062-473,-1
1_2062-489,-1
1_2062-507,-1
1_2062-539,-1
1_2062-566,-1
1_2062-587,-1
1_2062-611,-1
1_2062-636,-1
1_2062-656,-1
1_2062-676,0
1_2062-705,-1
1_2062-723,-1
1_2062-742,-1
1_2062-766,-1
1_2062-798,-1
1_2062-824,-1
1_2100-64,-1
1_2100-91,-1
1_2100-110,-1
1_2100-147,-1
1_2100-160,-1
1_2100-175,-1
1_2100-190,-1
1_2100-201,-1
1_2100-228,-1
1_2100-253,-1
1_2100-274,-1
1_2100-289,-1
1_2100-326,-1
1_2100-354,-1
1_2100-366,-1
1_2100-394,-1
1_2100-426,-1
1_2100-454,-1
1_2100-489,-1
1_2100-545,-1
1_2100-562,-1
1_2100-592,-1
1_2100-627,-1
1_2100-647,-1
1_2100-666,-1
1_2100-681,-1
1_2100-695,-1
1_2100-713,-1
1_2100-739,-1
1_2100-761,-1
1_2100-784,-1
1_2100-802,-1
1_2100-815,-1
1_2100-832,-1
1_2102-84,-1
1_2102-95,-1
1_2102-111,-1
1_2102-131,-1
1_2102-152,-1
1_2102-181,-1
1_2102-193,-1
1_2102-230,-1
1_2102-252,-1
1_2102-277,-1
1_2102-294,-1
1_2102-311,-1
1_2102-332,-1
1_2102-351,-1
1_2102-378,-1
1_2102-390,-1
1_2102-413,-1
1_2102-428,-1
1_2102-459,-1
1_2102-478,-1
1_2102-504,-1
1_2102-515,-1
1_2102-549,-1
1_2102-558,-1
1_2102-575,-1
1_2102-596,-1
1_2102-638,-1
1_2102-662,-1
1_2102-693,-1
1_2102-720,-1
1_2102-756,-1
1_2102-806,-1
1_2102-834,-1
1_2108-49,-1
1_2108-63,-1
1_2108-92,-1
1_2108-123,-1
1_2108-138,-1
1_2108-156,-1
1_2108-187,-1
1_2108-210,-1
1_2108-234,-1
1_2108-260,-1
1_2108-267,-1
1_2108-285,-1
1_2108-325,-1
1_2108-350,-1
1_2108-374,-1
1_2108-396,-1
1_2108-432,-1
1_2108-449,-1
1_2108-455,-1
1_2108-485,-1
1_2108-510,-1
1_2108-525,-1
1_2108-564,-1
1_2108-588,-1
1_2108-621,1
1_2108-644,-1
1_2108-662,-1
1_2108-688,-1
1_2108-712,-1
1_2108-731,-1
1_2108-743,-1
1_2108-760,-1
1_2108-774,-1
1_2108-788,-1
1_2108-813,-1
1_2108-826,-1
1_2108-848,-1
1_2156-63,-1
1_2156-95,1
1_2156-116,-1
1_2156-135,-1
1_2156-159,-1
1_2156-186,-1
1_2156-201,-1
1_2156-215,-1
1_2156-256,-1
1_2156-283,-1
1_2156-301,-1
1_2156-319,-1
1_2156-344,0
1_2156-367,-1
1_2156-401,-1
1_2156-434,-1
1_2156-447,-1
1_2156-464,-1
1_2156-492,-1
1_2156-514,-1
1_2156-526,-1
1_2156-550,-1
1_2156-574,-1
1_2156-594,-1
1_2156-621,-1
1_2156-646,-1
1_2156-664,-1
1_2156-688,-1
1_2156-702,-1
1_2156-730,-1
1_2156-746,-1
1_2156-776,-1
1_2156-795,-1
1_2156-816,-1
1_2156-836,-1
10_1-106,-1
10_1-187,-1
10_1-208,-1
10_1-279,-1
10_1-301,-1
10_1-335,-1
10_1-355,-1
10_1-369,-1
10_1-402,-1
10_1-432,-1
10_1-462,-1
10_1-485,-1
10_1-514,-1
10_1-542,-1
10_1-565,-1
10_1-589,-1
10_1-611,-1
10_1-633,-1
10_1-664,-1
10_1-701,-1
10_1-727,-1
10_1-743,-1
10_1-770,-1
10_1-792,-1
10_1-822,-1
10_3-53,-1
10_3-88,-1
10_3-115,-1
10_3-137,-1
10_3-165,-1
10_3-190,-1
10_3-224,-1
10_3-259,-1
10_3-275,-1
10_3-293,-1
10_3-323,-1
10_3-368,-1
10_3-393,-1
10_3-416,-1
10_3-435,-1
10_3-460,-1
10_3-510,-1
10_3-537,-1
10_3-560,-1
10_3-580,-1
10_3-599,-1
10_3-622,-1
10_3-641,-1
10_3-660,-1
10_3-681,-1
10_3-710,-1
10_3-733,-1
10_3-767,-1
10_3-802,-1
10_3-836,-1
10_5-71,-1
10_5-98,-1
10_5-123,-1
10_5-155,-1
10_5-187,-1
10_5-214,-1
10_5-237,-1
10_5-258,-1
10_5-276,-1
10_5-290,-1
10_5-312,-1
10_5-333,-1
10_5-362,-1
10_5-393,-1
10_5-412,-1
10_5-429,-1
10_5-459,0
10_5-481,-1
10_5-514,-1
10_5-547,-1
10_5-585,-1
10_5-631,-1
10_5-675,-1
10_5-691,-1
10_5-720,-1
10_5-738,-1
10_5-748,-1
10_5-774,-1
10_5-797,-1
10_5-827,-1
10_6-49,-1
10_6-78,-1
10_6-97,-1
10_6-123,-1
10_6-149,-1
10_6-190,-1
10_6-229,-1
10_6-284,-1
10_6-340,0
10_6-374,-1
10_6-395,-1
10_6-459,-1
10_6-508,-1
10_6-538,-1
10_6-579,-1
10_6-591,-1
10_6-631,-1
10_6-657,-1
10_6-705,-1
10_6-737,-1
10_6-755,-1
10_6-785,-1
10_6-813,-1
10_6-844,-1
10_7-102,-1
10_7-133,-1
10_7-156,-1
10_7-182,-1
10_7-238,-1
10_7-258,-1
10_7-327,-1
10_7-363,-1
10_7-386,-1
10_7-418,-1
10_7-440,-1
10_7-480,-1
10_7-523,-1
10_7-556,-1
10_7-582,-1
10_7-625,-1
10_7-648,-1
10_7-699,-1
10_7-722,-1
10_7-819,-1
10_7-850,-1
10_9-51,-1
10_9-64,-1
10_9-106,-1
10_9-144,-1
10_9-187,-1
10_9-195,-1
10_9-226,-1
10_9-246,-1
10_9-278,-1
10_9-308,-1
10_9-322,-1
10_9-348,-1
10_9-374,-1
10_9-411,-1
10_9-437,-1
10_9-451,-1
10_9-469,-1
10_9-479,-1
10_9-505,-1
10_9-515,-1
10_9-527,-1
10_9-553,-1
10_9-581,-1
10_9-611,-1
10_9-627,-1
10_9-664,-1
10_9-680,-1
10_9-698,-1
10_9-724,-1
10_9-753,-1
10_9-768,-1
10_9-809,-1
10_9-823,-1
10_10-51,-1
10_10-76,-1
10_10-95,-1
10_10-121,-1
10_10-160,-1
10_10-193,-1
10_10-201,-1
10_10-234,-1
10_10-270,-1
10_10-329,-1
10_10-348,-1
10_10-367,-1
10_10-407,-1
10_10-424,-1
10_10-458,-1
10_10-495,-1
10_10-515,-1
10_10-543,-1
10_10-563,-1
10_10-589,-1
10_10-631,-1
10_10-640,-1
10_10-664,-1
10_10-700,-1
10_10-716,-1
10_10-747,0
10_10-782,-1
10_10-803,-1
10_10-822,-1
10_10-843,-1
10_11-70,-1
10_11-85,-1
10_11-106,-1
10_11-137,-1
10_11-155,-1
10_11-164,-1
10_11-197,-1
10_11-222,-1
10_11-271,-1
10_11-305,-1
10_11-340,-1
10_11-359,-1
10_11-380,-1
10_11-429,-1
10_11-447,-1
10_11-457,-1
10_11-472,-1
10_11-495,-1
10_11-532,-1
10_11-559,-1
10_11-584,-1
10_11-600,-1
10_11-640,-1
10_11-666,-1
10_11-681,0
10_11-693,-1
10_11-731,-1
10_11-740,-1
10_11-768,1
10_11-791,-1
10_11-817,-1
10_11-836,-1
10_11-848,-1
10_12-67,-1
10_12-74,-1
10_12-99,0
10_12-118,-1
10_12-148,-1
10_12-155,-1
10_12-168,-1
10_12-186,-1
10_12-213,-1
10_12-245,-1
10_12-275,-1
10_12-314,0
10_12-350,-1
10_12-363,0
10_12-378,-1
10_12-386,-1
10_12-402,-1
10_12-412,-1
10_12-441,-1
10_12-474,-1
10_12-486,-1
10_12-505,-1
10_12-530,-1
10_12-555,-1
10_12-569,-1
10_12-599,-1
10_12-633,-1
10_12-674,-1
10_12-715,-1
10_12-750,-1
10_12-760,-1
10_12-834,0
10_13-76,-1
10_13-107,-1
10_13-138,-1
10_13-149,-1
10_13-177,-1
10_13-200,-1
10_13-231,-1
10_13-263,-1
10_13-311,-1
10_13-385,-1
10_13-438,-1
10_13-509,-1
10_13-558,-1
10_13-586,-1
10_13-600,-1
10_13-624,-1
10_13-646,-1
10_13-674,-1
10_13-695,-1
10_13-719,-1
10_13-756,-1
10_13-795,-1
10_13-819,-1
10_13-840,-1
10_15-107,-1
10_15-165,-1
10_15-200,-1
10_15-227,-1
10_15-246,-1
10_15-273,-1
10_15-305,-1
10_15-340,-1
10_15-360,-1
10_15-367,-1
10_15-380,-1
10_15-402,-1
10_15-421,-1
10_15-438,-1
10_15-451,-1
10_15-466,-1
10_15-494,-1
10_15-504,-1
10_15-533,-1
10_15-584,-1
10_15-625,-1
10_15-638,0
10_15-663,-1
10_15-689,-1
10_15-721,-1
10_15-743,-1
10_15-769,-1
10_15-819,-1
10_15-848,-1
10_17-76,-1
10_17-95,-1
10_17-112,-1
10_17-130,-1
10_17-151,-1
10_17-164,-1
10_17-174,-1
10_17-203,-1
10_17-231,-1
10_17-277,-1
10_17-340,-1
10_17-378,-1
10_17-405,-1
10_17-456,-1
10_17-502,-1
10_17-527,-1
10_17-547,-1
10_17-563,-1
10_17-581,-1
10_17-638,-1
10_17-652,-1
10_17-692,-1
10_17-743,-1
10_17-776,-1
10_17-792,-1
10_17-806,-1
10_19-67,-1
10_19-86,-1
10_19-100,-1
10_19-131,-1
10_19-153,-1
10_19-219,-1
10_19-240,-1
10_19-264,0
10_19-311,-1
10_19-339,-1
10_19-361,-1
10_19-381,-1
10_19-398,0
10_19-431,-1
10_19-455,-1
10_19-489,-1
10_19-515,-1
10_19-549,-1
10_19-571,-1
10_19-609,-1
10_19-643,-1
10_19-676,-1
10_19-702,-1
10_19-722,-1
10_19-743,-1
10_19-773,-1
10_19-797,-1
10_19-826,-1
10_19-847,-1
10_20-57,-1
10_20-82,-1
10_20-112,-1
10_20-138,-1
10_20-158,-1
10_20-176,-1
10_20-194,-1
10_20-210,-1
10_20-241,-1
10_20-267,-1
10_20-313,-1
10_20-328,-1
10_20-343,-1
10_20-364,0
10_20-380,-1
10_20-401,-1
10_20-422,-1
10_20-456,-1
10_20-565,-1
10_20-607,-1
10_20-617,-1
10_20-629,-1
10_20-659,-1
10_20-742,-1
10_20-767,-1
10_20-779,-1
10_20-794,-1
10_20-833,-1
10_23-76,-1
10_23-121,-1
10_23-163,-1
10_23-190,-1
10_23-224,-1
10_23-284,-1
10_23-328,-1
10_23-377,-1
10_23-407,-1
10_23-422,-1
10_23-452,-1
10_23-474,-1
10_23-511,-1
10_23-526,-1
10_23-542,-1
10_23-564,-1
10_23-623,-1
10_23-675,-1
10_23-704,-1
10_23-732,-1
10_23-746,-1
10_23-780,-1
10_23-821,-1
10_23-847,-1
10_25-51,-1
10_25-79,-1
10_25-103,-1
10_25-137,-1
10_25-182,-1
10_25-211,-1
10_25-260,-1
10_25-291,-1
10_25-323,-1
10_25-362,-1
10_25-418,-1
10_25-436,-1
10_25-519,-1
10_25-545,-1
10_25-567,-1
10_25-615,-1
10_25-653,-1
10_25-681,-1
10_25-730,-1
10_25-791,-1
10_25-800,-1
10_25-843,-1
10_30-58,-1
10_30-87,-1
10_30-111,-1
10_30-130,-1
10_30-158,-1
10_30-177,-1
10_30-194,-1
10_30-239,-1
10_30-267,-1
10_30-295,-1
10_30-348,-1
10_30-376,-1
10_30-396,-1
10_30-431,-1
10_30-473,-1
10_30-494,-1
10_30-515,-1
10_30-541,-1
10_30-574,-1
10_30-592,-1
10_30-618,-1
10_30-629,-1
10_30-648,-1
10_30-671,-1
10_30-704,-1
10_30-733,-1
10_30-763,-1
10_30-781,-1
10_30-805,-1
10_30-831,-1
10_31-118,-1
10_31-143,-1
10_31-179,-1
10_31-207,-1
10_31-230,-1
10_31-298,-1
10_31-360,-1
10_31-396,-1
10_31-438,-1
10_31-479,-1
10_31-519,-1
10_31-543,-1
10_31-579,-1
10_31-618,-1
10_31-701,-1
10_31-727,-1
10_31-763,-1
10_31-830,-1
10_32-74,-1
10_32-107,-1
10_32-139,-1
10_32-174,-1
10_32-230,-1
10_32-274,-1
10_32-301,-1
10_32-390,-1
10_32-413,0
10_32-442,-1
10_32-516,-1
10_32-576,0
10_32-595,-1
10_32-618,-1
10_32-664,-1
10_32-680,-1
10_32-706,-1
10_32-723,-1
10_32-748,-1
10_32-769,-1
10_32-789,-1
10_32-829,-1
10_33-67,-1
10_33-97,-1
10_33-119,-1
10_33-147,-1
10_33-177,-1
10_33-190,-1
10_33-241,-1
10_33-263,-1
10_33-341,-1
10_33-367,-1
10_33-388,-1
10_33-410,-1
10_33-441,-1
10_33-475,-1
10_33-536,-1
10_33-572,-1
10_33-607,-1
10_33-659,-1
10_33-733,-1
10_33-754,-1
10_33-806,-1
10_33-840,-1
10_34-86,-1
10_34-120,-1
10_34-143,-1
10_34-164,-1
10_34-196,-1
10_34-226,-1
10_34-265,-1
10_34-295,-1
10_34-302,-1
10_34-338,-1
10_34-359,-1
10_34-392,-1
10_34-431,-1
10_34-454,-1
10_34-499,-1
10_34-522,-1
10_34-558,-1
10_34-568,-1
10_34-604,-1
10_34-631,-1
10_34-657,-1
10_34-681,-1
10_34-726,-1
10_34-740,-1
10_34-778,-1
10_34-809,-1
10_34-834,-1
10_35-50,-1
10_35-82,-1
10_35-117,-1
10_35-143,-1
10_35-157,-1
10_35-185,-1
10_35-211,-1
10_35-228,-1
10_35-264,-1
10_35-348,-1
10_35-402,-1
10_35-465,-1
10_35-514,-1
10_35-543,-1
10_35-570,-1
10_35-598,-1
10_35-618,-1
10_35-641,-1
10_35-683,-1
10_35-725,-1
10_35-767,-1
10_35-795,-1
10_35-813,-1
10_35-834,-1
10_36-63,-1
10_36-88,-1
10_36-108,-1
10_36-120,-1
10_36-137,-1
10_36-156,-1
10_36-173,-1
10_36-190,-1
10_36-205,-1
10_36-218,-1
10_36-236,-1
10_36-249,-1
10_36-266,-1
10_36-281,-1
10_36-297,-1
10_36-326,-1
10_36-368,-1
10_36-400,-1
10_36-413,-1
10_36-444,-1
10_36-469,-1
10_36-500,-1
10_36-516,-1
10_36-547,-1
10_36-567,-1
10_36-590,-1
10_36-604,-1
10_36-649,0
10_36-684,-1
10_36-719,-1
10_36-742,-1
10_36-810,-1
10_36-829,-1
10_36-839,-1
10_46-64,-1
10_46-88,-1
10_46-113,-1
10_46-155,-1
10_46-195,-1
10_46-208,-1
10_46-235,-1
10_46-264,-1
10_46-285,-1
10_46-351,-1
10_46-394,-1
10_46-422,-1
10_46-458,-1
10_46-497,-1
10_46-521,-1
10_46-541,-1
10_46-556,-1
10_46-585,-1
10_46-619,-1
10_46-643,-1
10_46-664,-1
10_46-691,-1
10_46-729,-1
10_46-751,-1
10_46-784,-1
10_46-807,-1
10_46-833,-1
10_48-57,-1
10_48-78,-1
10_48-96,-1
10_48-137,-1
10_48-181,-1
10_48-204,-1
10_48-227,-1
10_48-240,-1
10_48-259,-1
10_48-286,-1
10_48-310,-1
10_48-328,-1
10_48-342,0
10_48-378,-1
10_48-433,-1
10_48-450,-1
10_48-474,-1
10_48-484,-1
10_48-513,-1
10_48-537,-1
10_48-556,-1
10_48-565,-1
10_48-593,-1
10_48-649,-1
10_48-674,-1
10_48-690,-1
10_48-714,-1
10_48-741,-1
10_48-750,-1
10_48-761,-1
10_48-789,-1
10_48-801,-1
10_48-828,-1
10_49-62,-1
10_49-85,-1
10_49-113,-1
10_49-140,-1
10_49-163,-1
10_49-181,-1
10_49-206,-1
10_49-217,0
10_49-243,0
10_49-257,-1
10_49-271,-1
10_49-298,-1
10_49-305,-1
10_49-339,-1
10_49-359,-1
10_49-375,-1
10_49-397,-1
10_49-410,-1
10_49-434,-1
10_49-457,-1
10_49-493,-1
10_49-511,-1
10_49-523,-1
10_49-539,-1
10_49-564,-1
10_49-586,-1
10_49-606,-1
10_49-647,-1
10_49-673,-1
10_49-698,-1
10_49-719,-1
10_49-738,-1
10_49-756,-1
10_49-770,-1
10_49-806,-1
10_49-826,-1
10_49-843,-1
10_50-55,-1
10_50-79,-1
10_50-96,-1
10_50-115,-1
10_50-138,-1
10_50-158,-1
10_50-171,-1
10_50-205,-1
10_50-219,-1
10_50-245,-1
10_50-270,-1
10_50-309,-1
10_50-339,-1
10_50-370,-1
10_50-405,-1
10_50-424,-1
10_50-454,-1
10_50-478,-1
10_50-496,0
10_50-525,-1
10_50-549,-1
10_50-566,-1
10_50-577,-1
10_50-591,-1
10_50-611,-1
10_50-631,-1
10_50-641,-1
10_50-661,-1
10_50-693,0
10_50-710,-1
10_50-739,-1
10_50-783,-1
10_50-806,-1
10_50-840,-1
10_51-49,-1
10_51-93,-1
10_51-114,-1
10_51-129,-1
10_51-156,-1
10_51-172,-1
10_51-230,-1
10_51-242,-1
10_51-267,-1
10_51-308,-1
10_51-327,-1
10_51-368,-1
10_51-377,-1
10_51-401,-1
10_51-433,-1
10_51-487,-1
10_51-503,-1
10_51-539,-1
10_51-586,-1
10_51-633,-1
10_51-684,-1
10_51-727,-1
10_51-761,-1
10_51-811,-1
10_51-843,-1
10_54-84,-1
10_54-126,-1
10_54-160,-1
10_54-190,0
10_54-225,-1
10_54-253,-1
10_54-273,-1
10_54-310,-1
10_54-332,-1
10_54-359,-1
10_54-373,-1
10_54-421,-1
10_54-447,0
10_54-490,-1
10_54-523,-1
10_54-541,-1
10_54-567,-1
10_54-580,-1
10_54-602,-1
10_54-645,-1
10_54-681,-1
10_54-704,-1
10_54-729,-1
10_54-763,-1
10_54-780,-1
10_54-812,-1
10_54-839,-1
10_55-116,-1
10_55-138,-1
10_55-151,-1
10_55-167,-1
10_55-180,-1
10_55-208,-1
10_55-245,-1
10_55-323,-1
10_55-348,-1
10_55-362,-1
10_55-380,-1
10_55-407,-1
10_55-426,-1
10_55-447,-1
10_55-474,-1
10_55-492,-1
10_55-521,-1
10_55-549,-1
10_55-574,-1
10_55-596,-1
10_55-630,-1
10_55-666,-1
10_55-701,-1
10_55-761,-1
10_55-817,-1
10_56-49,-1
10_56-96,-1
10_56-160,-1
10_56-184,-1
10_56-205,-1
10_56-239,-1
10_56-269,0
10_56-296,-1
10_56-322,-1
10_56-357,-1
10_56-377,-1
10_56-399,-1
10_56-419,-1
10_56-451,-1
10_56-496,-1
10_56-555,-1
10_56-572,-1
10_56-604,-1
10_56-680,-1
10_56-698,-1
10_56-727,-1
10_56-807,-1
10_56-835,-1
10_59-51,-1
10_59-70,-1
10_59-97,-1
10_59-133,-1
10_59-160,-1
10_59-199,-1
10_59-219,-1
10_59-241,-1
10_59-268,-1
10_59-292,-1
10_59-317,-1
10_59-342,-1
10_59-357,-1
10_59-386,-1
10_59-428,-1
10_59-467,-1
10_59-491,-1
10_59-544,-1
10_59-578,-1
10_59-607,-1
10_59-631,-1
10_59-688,-1
10_59-708,-1
10_59-769,-1
10_59-821,-1
10_59-835,-1
10_60-57,-1
10_60-115,-1
10_60-126,-1
10_60-161,-1
10_60-214,-1
10_60-246,-1
10_60-273,-1
10_60-282,-1
10_60-290,-1
10_60-319,-1
10_60-354,-1
10_60-369,-1
10_60-409,-1
10_60-448,-1
10_60-488,-1
10_60-512,-1
10_60-556,-1
10_60-611,-1
10_60-653,-1
10_60-684,-1
10_60-698,0
10_60-751,-1
10_60-793,-1
10_60-829,-1
10_61-50,-1
10_61-65,-1
10_61-79,-1
10_61-91,-1
10_61-110,-1
10_61-118,-1
10_61-136,-1
10_61-165,-1
10_61-203,-1
10_61-229,-1
10_61-252,-1
10_61-300,-1
10_61-312,-1
10_61-321,-1
10_61-337,-1
10_61-358,-1
10_61-381,-1
10_61-397,-1
10_61-431,-1
10_61-448,-1
10_61-482,-1
10_61-527,-1
10_61-577,-1
10_61-598,-1
10_61-617,-1
10_61-636,-1
10_61-647,-1
10_61-693,-1
10_61-727,-1
10_61-751,-1
10_61-769,-1
10_61-813,-1
10_61-841,-1
10_62-51,-1
10_62-97,-1
10_62-121,-1
10_62-140,-1
10_62-183,-1
10_62-206,-1
10_62-245,-1
10_62-296,-1
10_62-332,-1
10_62-340,-1
10_62-365,-1
10_62-396,-1
10_62-415,-1
10_62-451,-1
10_62-473,-1
10_62-495,-1
10_62-516,-1
10_62-536,-1
10_62-559,-1
10_62-603,-1
10_62-628,0
10_62-666,0
10_62-687,-1
10_62-727,-1
10_62-791,-1
10_62-836,-1
10_65-49,-1
10_65-81,-1
10_65-108,-1
10_65-127,-1
10_65-152,-1
10_65-172,-1
10_65-199,-1
10_65-217,-1
10_65-245,-1
10_65-259,-1
10_65-281,-1
10_65-313,-1
10_65-343,-1
10_65-369,-1
10_65-398,-1
10_65-418,-1
10_65-447,-1
10_65-475,-1
10_65-496,-1
10_65-516,-1
10_65-543,-1
10_65-559,-1
10_65-583,-1
10_65-611,-1
10_65-632,-1
10_65-647,-1
10_65-678,-1
10_65-717,-1
10_65-730,-1
10_65-749,-1
10_65-766,-1
10_65-792,-1
10_65-819,-1
10_65-833,-1
10_67-54,-1
10_67-90,-1
10_67-126,-1
10_67-163,-1
10_67-208,-1
10_67-250,-1
10_67-290,-1
10_67-309,-1
10_67-346,-1
10_67-399,-1
10_67-422,-1
10_67-432,-1
10_67-456,-1
10_67-495,-1
10_67-536,-1
10_67-583,-1
10_67-604,-1
10_67-631,-1
10_67-654,-1
10_67-680,-1
10_67-700,-1
10_67-721,-1
10_67-758,-1
10_67-783,-1
10_67-807,-1
10_67-833,-1
10_68-71,-1
10_68-88,-1
10_68-124,-1
10_68-135,-1
10_68-187,-1
10_68-212,-1
10_68-237,-1
10_68-252,-1
10_68-281,-1
10_68-306,-1
10_68-323,-1
10_68-351,-1
10_68-368,-1
10_68-413,-1
10_68-438,-1
10_68-458,-1
10_68-488,-1
10_68-505,-1
10_68-536,-1
10_68-559,-1
10_68-572,-1
10_68-626,-1
10_68-640,-1
10_68-692,-1
10_68-708,-1
10_68-740,-1
10_68-779,-1
10_68-800,-1
10_68-837,-1
10_70-72,-1
10_70-121,-1
10_70-134,-1
10_70-161,-1
10_70-178,-1
10_70-197,-1
10_70-242,-1
10_70-270,-1
10_70-292,-1
10_70-299,-1
10_70-318,-1
10_70-348,-1
10_70-409,-1
10_70-445,-1
10_70-482,-1
10_70-517,-1
10_70-559,-1
10_70-612,-1
10_70-680,-1
10_70-759,-1
10_70-792,-1
10_70-826,-1
10_70-847,-1
10_71-52,-1
10_71-60,-1
10_71-85,-1
10_71-111,-1
10_71-139,-1
10_71-152,-1
10_71-167,-1
10_71-185,-1
10_71-198,-1
10_71-238,-1
10_71-256,-1
10_71-279,-1
10_71-297,-1
10_71-341,0
10_71-366,-1
10_71-386,-1
10_71-406,-1
10_71-418,-1
10_71-430,-1
10_71-444,-1
10_71-470,-1
10_71-504,-1
10_71-525,-1
10_71-547,-1
10_71-565,-1
10_71-585,-1
10_71-591,-1
10_71-613,-1
10_71-639,-1
10_71-674,-1
10_71-695,-1
10_71-724,-1
10_71-749,-1
10_71-771,0
10_71-805,-1
10_71-827,-1
10_72-50,-1
10_72-78,-1
10_72-89,-1
10_72-108,-1
10_72-126,-1
10_72-160,-1
10_72-196,-1
10_72-237,-1
10_72-278,-1
10_72-325,-1
10_72-345,-1
10_72-399,-1
10_72-428,-1
10_72-442,-1
10_72-470,-1
10_72-500,-1
10_72-546,-1
10_72-611,-1
10_72-635,-1
10_72-684,-1
10_72-726,-1
10_72-774,-1
10_72-810,-1
10_72-825,-1
10_72-839,-1
10_73-107,-1
10_73-151,-1
10_73-192,-1
10_73-211,-1
10_73-274,-1
10_73-287,-1
10_73-316,-1
10_73-340,-1
10_73-356,-1
10_73-384,-1
10_73-411,-1
10_73-438,-1
10_73-459,-1
10_73-490,-1
10_73-524,-1
10_73-547,-1
10_73-615,-1
10_73-668,-1
10_73-695,-1
10_73-734,-1
10_73-750,-1
10_73-801,-1
10_73-820,-1
10_73-845,-1
10_74-67,-1
10_74-91,-1
10_74-108,-1
10_74-136,-1
10_74-170,-1
10_74-192,-1
10_74-230,0
10_74-251,-1
10_74-313,-1
10_74-336,-1
10_74-370,-1
10_74-418,-1
10_74-440,-1
10_74-474,-1
10_74-500,-1
10_74-528,-1
10_74-568,-1
10_74-589,-1
10_74-621,-1
10_74-637,-1
10_74-667,-1
10_74-739,-1
10_74-767,-1
10_74-782,-1
10_74-819,-1
10_74-836,-1
10_75-138,-1
10_75-174,-1
10_75-195,1
10_75-258,-1
10_75-283,-1
10_75-312,-1
10_75-344,-1
10_75-365,-1
10_75-412,-1
10_75-436,-1
10_75-513,-1
10_75-549,-1
10_75-586,-1
10_75-609,-1
10_75-672,-1
10_75-713,-1
10_75-733,-1
10_75-754,-1
10_75-779,-1
10_75-804,0
10_75-827,-1
10_75-845,-1
10_78-58,-1
10_78-98,-1
10_78-107,-1
10_78-149,-1
10_78-168,-1
10_78-184,-1
10_78-207,-1
10_78-245,-1
10_78-308,-1
10_78-356,-1
10_78-395,-1
10_78-425,-1
10_78-493,-1
10_78-540,-1
10_78-567,-1
10_78-585,-1
10_78-616,-1
10_78-641,-1
10_78-655,-1
10_78-681,-1
10_78-710,-1
10_78-726,-1
10_78-751,-1
10_78-782,-1
10_78-828,-1
10_78-848,-1
11_1-58,-1
11_1-120,-1
11_1-158,-1
11_1-191,-1
11_1-214,-1
11_1-262,-1
11_1-289,-1
11_1-306,-1
11_1-350,-1
11_1-406,-1
11_1-428,-1
11_1-453,-1
11_1-476,-1
11_1-486,-1
11_1-502,-1
11_1-555,-1
11_1-586,-1
11_1-606,-1
11_1-619,0
11_1-639,-1
11_1-657,-1
11_1-677,-1
11_1-692,-1
11_1-711,-1
11_1-738,-1
11_1-760,-1
11_1-787,-1
11_1-809,-1
11_1-833,-1
11_2-62,-1
11_2-91,-1
11_2-117,-1
11_2-152,-1
11_2-186,-1
11_2-201,-1
11_2-245,-1
11_2-277,-1
11_2-298,-1
11_2-322,-1
11_2-334,-1
11_2-354,-1
11_2-373,-1
11_2-390,-1
11_2-408,-1
11_2-426,-1
11_2-462,-1
11_2-516,-1
11_2-543,-1
11_2-585,-1
11_2-614,-1
11_2-632,-1
11_2-660,-1
11_2-680,-1
11_2-711,-1
11_2-743,-1
11_2-763,-1
11_2-785,-1
11_2-802,-1
11_2-823,-1
11_2-839,-1
11_3-59,1
11_3-93,-1
11_3-113,-1
11_3-140,-1
11_3-168,-1
11_3-194,-1
11_3-219,-1
11_3-240,-1
11_3-273,-1
11_3-307,-1
11_3-336,-1
11_3-361,-1
11_3-419,-1
11_3-454,-1
11_3-481,-1
11_3-506,-1
11_3-526,-1
11_3-556,-1
11_3-572,-1
11_3-593,-1
11_3-641,-1
11_3-688,-1
11_3-713,-1
11_3-730,-1
11_3-751,0
11_3-773,-1
11_3-833,-1
11_4-62,-1
11_4-112,-1
11_4-141,-1
11_4-174,-1
11_4-210,-1
11_4-229,-1
11_4-253,-1
11_4-271,-1
11_4-299,-1
11_4-324,-1
11_4-338,-1
11_4-364,-1
11_4-393,-1
11_4-428,-1
11_4-438,-1
11_4-473,-1
11_4-495,-1
11_4-526,-1
11_4-568,-1
11_4-593,-1
11_4-617,-1
11_4-637,-1
11_4-664,-1
11_4-687,-1
11_4-701,-1
11_4-719,-1
11_4-741,-1
11_4-761,-1
11_4-776,-1
11_4-788,-1
11_4-802,-1
11_4-825,-1
11_5-69,-1
11_5-126,-1
11_5-139,-1
11_5-167,-1
11_5-196,-1
11_5-223,-1
11_5-245,-1
11_5-277,-1
11_5-301,-1
11_5-318,-1
11_5-336,-1
11_5-368,-1
11_5-427,-1
11_5-454,-1
11_5-470,-1
11_5-500,-1
11_5-525,-1
11_5-549,-1
11_5-566,-1
11_5-612,-1
11_5-634,-1
11_5-642,-1
11_5-674,-1
11_5-707,0
11_5-722,-1
11_5-767,-1
11_5-799,-1
11_5-816,-1
11_6-52,-1
11_6-86,-1
11_6-115,-1
11_6-135,-1
11_6-155,-1
11_6-184,-1
11_6-199,-1
11_6-234,-1
11_6-254,-1
11_6-271,-1
11_6-292,-1
11_6-314,-1
11_6-333,-1
11_6-369,-1
11_6-398,-1
11_6-423,-1
11_6-441,-1
11_6-457,-1
11_6-498,-1
11_6-525,-1
11_6-547,-1
11_6-575,-1
11_6-593,-1
11_6-634,-1
11_6-663,-1
11_6-684,-1
11_6-733,-1
11_6-768,-1
11_6-796,-1
11_6-820,-1
11_6-843,-1
11_9-98,-1
11_9-121,-1
11_9-147,-1
11_9-166,0
11_9-190,-1
11_9-205,-1
11_9-222,-1
11_9-271,-1
11_9-287,-1
11_9-307,-1
11_9-328,-1
11_9-345,-1
11_9-418,-1
11_9-473,-1
11_9-490,-1
11_9-588,-1
11_9-610,-1
11_9-635,-1
11_9-666,-1
11_9-701,-1
11_9-737,-1
11_9-762,-1
11_9-790,-1
11_9-817,-1
11_9-834,-1
11_10-64,-1
11_10-86,-1
11_10-102,-1
11_10-126,-1
11_10-157,-1
11_10-185,-1
11_10-208,-1
11_10-270,-1
11_10-288,-1
11_10-315,-1
11_10-340,-1
11_10-362,-1
11_10-409,-1
11_10-430,-1
11_10-460,-1
11_10-489,-1
11_10-525,-1
11_10-543,-1
11_10-562,-1
11_10-582,-1
11_10-611,-1
11_10-633,-1
11_10-662,-1
11_10-683,-1
11_10-701,-1
11_10-714,-1
11_10-756,-1
11_10-780,-1
11_10-809,-1
11_11-84,-1
11_11-103,-1
11_11-116,-1
11_11-130,-1
11_11-148,-1
11_11-168,-1
11_11-187,-1
11_11-207,-1
11_11-229,-1
11_11-245,-1
11_11-260,-1
11_11-278,-1
11_11-303,-1
11_11-343,-1
11_11-355,-1
11_11-384,-1
11_11-398,-1
11_11-416,0
11_11-437,0
11_11-453,-1
11_11-472,-1
11_11-492,-1
11_11-514,-1
11_11-534,-1
11_11-543,-1
11_11-559,-1
11_11-569,-1
11_11-599,-1
11_11-617,-1
11_11-640,-1
11_11-656,-1
11_11-668,-1
11_11-684,-1
11_11-719,-1
11_11-758,-1
11_11-777,-1
11_11-796,-1
11_11-809,-1
11_11-846,-1
11_12-71,-1
11_12-105,-1
11_12-135,-1
11_12-189,-1
11_12-220,-1
11_12-234,0
11_12-249,-1
11_12-268,-1
11_12-286,-1
11_12-309,-1
11_12-337,-1
11_12-372,-1
11_12-405,-1
11_12-455,-1
11_12-483,-1
11_12-521,-1
11_12-539,-1
11_12-558,-1
11_12-578,-1
11_12-611,-1
11_12-634,-1
11_12-665,-1
11_12-717,-1
11_12-735,-1
11_12-758,-1
11_12-787,-1
11_12-810,-1
11_12-835,-1
11_13-54,-1
11_13-117,-1
11_13-160,-1
11_13-208,-1
11_13-297,-1
11_13-325,-1
11_13-347,-1
11_13-379,-1
11_13-411,-1
11_13-457,-1
11_13-489,-1
11_13-539,-1
11_13-549,-1
11_13-625,-1
11_13-660,-1
11_13-694,-1
11_13-716,-1
11_13-750,-1
11_13-776,-1
11_13-818,-1
11_14-63,-1
11_14-82,-1
11_14-139,-1
11_14-165,-1
11_14-195,-1
11_14-210,-1
11_14-236,-1
11_14-249,-1
11_14-277,-1
11_14-303,-1
11_14-326,-1
11_14-372,-1
11_14-407,-1
11_14-418,-1
11_14-432,-1
11_14-471,-1
11_14-488,-1
11_14-551,-1
11_14-588,-1
11_14-638,-1
11_14-653,-1
11_14-658,-1
11_14-686,-1
11_14-706,-1
11_14-724,-1
11_14-756,0
11_14-776,-1
11_14-792,-1
11_14-812,-1
11_14-827,-1
11_15-51,-1
11_15-71,-1
11_15-88,-1
11_15-105,-1
11_15-126,0
11_15-157,-1
11_15-192,-1
11_15-219,-1
11_15-232,-1
11_15-247,-1
11_15-266,-1
11_15-287,-1
11_15-320,-1
11_15-353,-1
11_15-391,-1
11_15-416,-1
11_15-435,-1
11_15-453,-1
11_15-482,-1
11_15-512,-1
11_15-520,-1
11_15-537,-1
11_15-568,-1
11_15-630,-1
11_15-652,-1
11_15-672,-1
11_15-702,-1
11_15-747,-1
11_15-802,-1
11_15-822,-1
11_15-842,-1
11_16-80,-1
11_16-101,-1
11_16-132,-1
11_16-155,-1
11_16-175,-1
11_16-203,-1
11_16-292,-1
11_16-317,-1
11_16-336,-1
11_16-365,-1
11_16-385,-1
11_16-417,-1
11_16-437,0
11_16-461,-1
11_16-483,-1
11_16-507,-1
11_16-535,-1
11_16-555,-1
11_16-575,-1
11_16-608,-1
11_16-630,-1
11_16-663,-1
11_16-700,-1
11_16-716,-1
11_16-764,-1
11_16-789,-1
11_16-809,-1
11_17-74,-1
11_17-100,-1
11_17-123,-1
11_17-148,-1
11_17-230,-1
11_17-277,-1
11_17-299,-1
11_17-312,-1
11_17-343,-1
11_17-355,-1
11_17-373,-1
11_17-388,-1
11_17-415,-1
11_17-449,-1
11_17-472,-1
11_17-492,-1
11_17-509,-1
11_17-555,-1
11_17-585,-1
11_17-598,-1
11_17-614,0
11_17-640,-1
11_17-683,-1
11_17-704,-1
11_17-734,-1
11_17-766,-1
11_17-779,-1
11_17-809,-1
11_17-839,-1
11_18-71,-1
11_18-98,-1
11_18-131,-1
11_18-147,-1
11_18-181,-1
11_18-198,-1
11_18-233,-1
11_18-265,-1
11_18-291,-1
11_18-314,-1
11_18-339,-1
11_18-373,-1
11_18-420,-1
11_18-450,1
11_18-470,-1
11_18-488,-1
11_18-524,-1
11_18-548,-1
11_18-571,-1
11_18-595,-1
11_18-620,-1
11_18-639,-1
11_18-661,-1
11_18-705,-1
11_18-731,-1
11_18-754,-1
11_18-775,-1
11_18-847,-1
11_19-55,-1
11_19-94,-1
11_19-185,-1
11_19-199,-1
11_19-231,-1
11_19-273,-1
11_19-353,-1
11_19-376,-1
11_19-394,-1
11_19-421,-1
11_19-455,-1
11_19-498,-1
11_19-525,-1
11_19-575,-1
11_19-626,-1
11_19-642,-1
11_19-682,-1
11_19-743,-1
11_19-766,1
11_19-826,-1
11_20-71,-1
11_20-96,-1
11_20-154,-1
11_20-181,-1
11_20-229,-1
11_20-252,-1
11_20-267,-1
11_20-305,-1
11_20-332,-1
11_20-361,-1
11_20-429,-1
11_20-468,-1
11_20-490,-1
11_20-511,-1
11_20-551,-1
11_20-587,-1
11_20-610,-1
11_20-633,-1
11_20-680,-1
11_20-707,-1
11_20-725,-1
11_20-739,-1
11_20-785,-1
11_20-834,-1
11_20-850,-1
11_21-69,-1
11_21-93,-1
11_21-137,-1
11_21-172,-1
11_21-195,-1
11_21-246,-1
11_21-269,-1
11_21-289,-1
11_21-325,-1
11_21-351,-1
11_21-399,-1
11_21-424,-1
11_21-446,-1
11_21-469,-1
11_21-503,1
11_21-532,-1
11_21-555,-1
11_21-571,-1
11_21-603,-1
11_21-628,-1
11_21-655,-1
11_21-707,0
11_21-752,-1
11_21-769,-1
11_21-797,-1
11_21-825,-1
11_21-835,-1
11_22-72,-1
11_22-88,-1
11_22-112,-1
11_22-144,-1
11_22-175,-1
11_22-232,-1
11_22-271,-1
11_22-287,-1
11_22-317,-1
11_22-346,-1
11_22-378,-1
11_22-416,-1
11_22-464,-1
11_22-489,-1
11_22-519,-1
11_22-548,-1
11_22-561,-1
11_22-589,-1
11_22-621,-1
11_22-640,-1
11_22-680,-1
11_22-732,-1
11_22-748,-1
11_22-781,-1
11_22-809,-1
11_22-832,-1
11_23-94,-1
11_23-118,-1
11_23-144,-1
11_23-162,-1
11_23-201,-1
11_23-229,-1
11_23-253,-1
11_23-275,-1
11_23-304,-1
11_23-329,-1
11_23-366,-1
11_23-388,-1
11_23-401,-1
11_23-439,-1
11_23-470,-1
11_23-493,-1
11_23-511,-1
11_23-543,-1
11_23-591,-1
11_23-671,-1
11_23-693,-1
11_23-708,-1
11_23-724,-1
11_23-743,-1
11_23-767,-1
11_23-782,-1
11_23-797,-1
11_23-812,0
11_23-833,-1
11_24-49,-1
11_24-83,-1
11_24-96,-1
11_24-118,-1
11_24-155,-1
11_24-191,-1
11_24-220,-1
11_24-262,-1
11_24-301,-1
11_24-323,-1
11_24-384,-1
11_24-420,-1
11_24-437,-1
11_24-455,-1
11_24-480,-1
11_24-501,-1
11_24-520,-1
11_24-538,-1
11_24-552,-1
11_24-575,-1
11_24-591,-1
11_24-610,-1
11_24-648,-1
11_24-662,-1
11_24-683,-1
11_24-733,-1
11_24-758,-1
11_24-775,-1
11_24-809,-1
11_24-827,-1
11_24-840,-1
11_25-52,-1
11_25-71,-1
11_25-94,-1
11_25-111,-1
11_25-167,-1
11_25-204,-1
11_25-251,-1
11_25-280,-1
11_25-293,-1
11_25-316,-1
11_25-340,-1
11_25-359,-1
11_25-375,-1
11_25-398,-1
11_25-416,-1
11_25-438,-1
11_25-453,-1
11_25-474,-1
11_25-493,-1
11_25-524,-1
11_25-542,-1
11_25-587,-1
11_25-608,-1
11_25-629,-1
11_25-673,-1
11_25-699,-1
11_25-724,-1
11_25-756,-1
11_25-776,-1
11_25-790,-1
11_25-807,-1
11_25-833,-1
11_26-76,-1
11_26-121,-1
11_26-167,-1
11_26-248,-1
11_26-284,-1
11_26-311,-1
11_26-367,-1
11_26-391,-1
11_26-427,-1
11_26-467,0
11_26-487,-1
11_26-514,-1
11_26-545,-1
11_26-561,-1
11_26-598,-1
11_26-627,-1
11_26-645,-1
11_26-682,-1
11_26-731,-1
11_26-753,-1
11_26-770,-1
11_26-788,-1
11_26-811,-1
11_26-833,-1
11_27-67,-1
11_27-99,-1
11_27-118,-1
11_27-131,-1
11_27-155,-1
11_27-171,-1
11_27-189,-1
11_27-207,-1
11_27-224,-1
11_27-244,-1
11_27-265,-1
11_27-301,-1
11_27-333,-1
11_27-348,-1
11_27-377,-1
11_27-393,-1
11_27-425,-1
11_27-449,-1
11_27-481,-1
11_27-501,-1
11_27-537,-1
11_27-560,-1
11_27-577,-1
11_27-595,-1
11_27-632,-1
11_27-657,-1
11_27-684,-1
11_27-721,-1
11_27-743,-1
11_27-773,0
11_27-796,-1
11_27-807,-1
11_27-822,-1
11_27-844,-1
11_28-55,-1
11_28-85,-1
11_28-108,0
11_28-127,-1
11_28-156,-1
11_28-190,-1
11_28-199,-1
11_28-245,-1
11_28-272,-1
11_28-312,-1
11_28-343,-1
11_28-366,-1
11_28-388,-1
11_28-415,-1
11_28-470,-1
11_28-518,-1
11_28-558,-1
11_28-595,-1
11_28-626,-1
11_28-654,-1
11_28-690,-1
11_28-717,-1
11_28-757,-1
11_28-780,-1
11_28-804,-1
11_28-823,-1
11_28-848,-1
11_31-54,-1
11_31-75,-1
11_31-92,-1
11_31-122,-1
11_31-160,-1
11_31-178,-1
11_31-199,-1
11_31-219,-1
11_31-245,-1
11_31-252,-1
11_31-288,-1
11_31-309,-1
11_31-367,-1
11_31-385,-1
11_31-397,-1
11_31-454,-1
11_31-464,-1
11_31-486,-1
11_31-506,0
11_31-582,-1
11_31-616,-1
11_31-641,-1
11_31-683,-1
11_31-709,-1
11_31-747,-1
11_31-773,-1
11_31-801,-1
11_31-828,-1
11_32-50,-1
11_32-75,-1
11_32-93,-1
11_32-114,-1
11_32-124,-1
11_32-147,-1
11_32-176,-1
11_32-217,-1
11_32-241,-1
11_32-260,-1
11_32-278,-1
11_32-345,-1
11_32-373,-1
11_32-404,-1
11_32-429,-1
11_32-466,-1
11_32-490,-1
11_32-543,-1
11_32-559,-1
11_32-599,-1
11_32-624,-1
11_32-651,-1
11_32-673,-1
11_32-718,-1
11_32-755,-1
11_32-806,-1
11_32-840,-1
11_33-53,-1
11_33-70,-1
11_33-89,-1
11_33-105,-1
11_33-127,-1
11_33-151,-1
11_33-169,-1
11_33-214,-1
11_33-238,-1
11_33-258,-1
11_33-291,-1
11_33-322,-1
11_33-344,-1
11_33-361,-1
11_33-402,-1
11_33-428,-1
11_33-482,-1
11_33-517,-1
11_33-575,-1
11_33-618,-1
11_33-655,-1
11_33-742,-1
11_33-778,-1
11_33-835,-1
11_35-75,-1
11_35-135,-1
11_35-156,-1
11_35-178,-1
11_35-204,-1
11_35-227,-1
11_35-256,-1
11_35-278,-1
11_35-322,-1
11_35-356,-1
11_35-403,-1
11_35-432,-1
11_35-484,-1
11_35-502,-1
11_35-516,-1
11_35-535,-1
11_35-562,-1
11_35-575,0
11_35-593,0
11_35-608,-1
11_35-647,-1
11_35-674,-1
11_35-727,-1
11_35-757,-1
11_35-802,-1
11_35-842,-1
11_38-72,-1
11_38-88,-1
11_38-107,-1
11_38-132,1
11_38-150,-1
11_38-210,-1
11_38-237,-1
11_38-264,-1
11_38-331,-1
11_38-367,-1
11_38-385,-1
11_38-402,-1
11_38-454,-1
11_38-481,-1
11_38-523,-1
11_38-551,-1
11_38-571,-1
11_38-599,-1
11_38-636,-1
11_38-670,-1
11_38-690,-1
11_38-714,-1
11_38-733,-1
11_38-770,-1
11_38-800,-1
11_38-848,-1
11_39-83,-1
11_39-122,-1
11_39-144,-1
11_39-168,-1
11_39-191,-1
11_39-215,1
11_39-254,-1
11_39-273,-1
11_39-322,0
11_39-349,-1
11_39-382,-1
11_39-413,-1
11_39-433,-1
11_39-451,-1
11_39-463,-1
11_39-489,-1
11_39-508,-1
11_39-552,-1
11_39-625,-1
11_39-661,-1
11_39-685,-1
11_39-701,-1
11_39-744,-1
11_39-796,-1
11_39-814,-1
11_39-837,-1
11_41-66,-1
11_41-118,-1
11_41-168,-1
11_41-187,-1
11_41-216,-1
11_41-237,-1
11_41-282,-1
11_41-304,-1
11_41-342,-1
11_41-358,-1
11_41-392,-1
11_41-441,-1
11_41-496,-1
11_41-537,-1
11_41-569,-1
11_41-587,-1
11_41-622,-1
11_41-655,-1
11_41-699,-1
11_41-716,-1
11_41-777,-1
11_41-794,-1
11_41-807,-1
11_41-835,-1
11_41-849,-1
11_42-65,-1
11_42-82,-1
11_42-103,-1
11_42-118,-1
11_42-143,-1
11_42-166,-1
11_42-187,-1
11_42-221,-1
11_42-246,-1
11_42-266,-1
11_42-290,-1
11_42-314,-1
11_42-326,-1
11_42-348,-1
11_42-368,-1
11_42-388,-1
11_42-412,-1
11_42-426,-1
11_42-450,-1
11_42-481,-1
11_42-524,-1
11_42-549,-1
11_42-579,-1
11_42-596,-1
11_42-626,-1
11_42-669,-1
11_42-695,-1
11_42-714,-1
11_42-735,-1
11_42-767,-1
11_42-801,-1
11_42-829,-1
11_43-63,-1
11_43-89,-1
11_43-125,-1
11_43-151,-1
11_43-185,-1
11_43-210,-1
11_43-279,-1
11_43-307,-1
11_43-346,-1
11_43-368,-1
11_43-398,-1
11_43-414,-1
11_43-444,-1
11_43-470,-1
11_43-518,-1
11_43-532,-1
11_43-544,-1
11_43-565,-1
11_43-587,-1
11_43-608,-1
11_43-624,-1
11_43-694,-1
11_43-725,-1
11_43-759,-1
11_43-822,-1
11_45-59,-1
11_45-83,-1
11_45-98,-1
11_45-128,-1
11_45-149,-1
11_45-179,-1
11_45-209,-1
11_45-227,-1
11_45-248,-1
11_45-268,-1
11_45-285,-1
11_45-300,-1
11_45-310,-1
11_45-333,-1
11_45-354,-1
11_45-369,-1
11_45-394,-1
11_45-429,-1
11_45-442,-1
11_45-468,0
11_45-482,-1
11_45-506,-1
11_45-523,-1
11_45-545,-1
11_45-567,-1
11_45-580,-1
11_45-610,-1
11_45-627,-1
11_45-646,-1
11_45-659,-1
11_45-680,-1
11_45-696,-1
11_45-720,-1
11_45-730,-1
11_45-745,0
11_45-769,-1
11_45-784,-1
11_45-810,-1
11_45-825,-1
11_45-842,-1
11_46-60,-1
11_46-87,1
11_46-118,-1
11_46-139,-1
11_46-185,-1
11_46-202,-1
11_46-230,-1
11_46-265,-1
11_46-281,-1
11_46-303,-1
11_46-318,-1
11_46-344,-1
11_46-380,-1
11_46-393,-1
11_46-418,-1
11_46-435,-1
11_46-446,-1
11_46-483,-1
11_46-499,-1
11_46-512,-1
11_46-545,-1
11_46-559,-1
11_46-576,-1
11_46-598,-1
11_46-623,-1
11_46-632,-1
11_46-665,-1
11_46-684,0
11_46-699,-1
11_46-715,-1
11_46-763,-1
11_46-786,-1
11_46-812,-1
11_46-844,-1
11_47-52,-1
11_47-75,-1
11_47-137,-1
11_47-157,-1
11_47-185,-1
11_47-209,-1
11_47-235,-1
11_47-271,-1
11_47-297,-1
11_47-344,-1
11_47-383,-1
11_47-412,-1
11_47-436,-1
11_47-470,-1
11_47-488,-1
11_47-532,-1
11_47-551,-1
11_47-576,-1
11_47-634,-1
11_47-657,0
11_47-688,-1
11_47-704,-1
11_47-735,-1
11_47-758,-1
11_47-802,0
11_47-820,-1
11_47-838,-1
11_49-84,-1
11_49-119,-1
11_49-153,-1
11_49-175,-1
11_49-225,-1
11_49-251,-1
11_49-266,-1
11_49-284,-1
11_49-295,-1
11_49-327,-1
11_49-358,-1
11_49-375,-1
11_49-404,-1
11_49-441,-1
11_49-456,-1
11_49-473,-1
11_49-504,-1
11_49-539,-1
11_49-561,-1
11_49-583,-1
11_49-606,-1
11_49-632,-1
11_49-654,-1
11_49-696,-1
11_49-713,-1
11_49-741,-1
11_49-803,-1
11_49-823,-1
11_49-850,-1
11_52-50,-1
11_52-73,-1
11_52-109,-1
11_52-133,-1
11_52-167,-1
11_52-208,-1
11_52-240,-1
11_52-265,-1
11_52-291,-1
11_52-306,-1
11_52-333,-1
11_52-353,-1
11_52-369,-1
11_52-403,-1
11_52-421,-1
11_52-438,-1
11_52-461,-1
11_52-474,-1
11_52-500,-1
11_52-523,-1
11_52-540,-1
11_52-573,-1
11_52-610,-1
11_52-633,-1
11_52-661,-1
11_52-690,-1
11_52-709,0
11_52-724,-1
11_52-749,-1
11_52-769,-1
11_52-815,-1
11_52-836,-1
11_53-61,-1
11_53-84,-1
11_53-145,-1
11_53-190,-1
11_53-213,-1
11_53-236,-1
11_53-268,-1
11_53-288,-1
11_53-320,-1
11_53-354,-1
11_53-393,-1
11_53-408,-1
11_53-424,-1
11_53-452,-1
11_53-470,-1
11_53-501,-1
11_53-532,-1
11_53-551,-1
11_53-584,-1
11_53-608,-1
11_53-635,-1
11_53-655,-1
11_53-676,-1
11_53-707,-1
11_53-740,-1
11_53-771,-1
11_53-787,-1
11_53-803,-1
11_53-839,-1
11_54-79,-1
11_54-116,-1
11_54-136,-1
11_54-181,-1
11_54-198,-1
11_54-225,-1
11_54-261,-1
11_54-291,-1
11_54-330,-1
11_54-375,-1
11_54-411,-1
11_54-443,-1
11_54-461,-1
11_54-478,-1
11_54-489,-1
11_54-574,-1
11_54-588,-1
11_54-617,-1
11_54-658,-1
11_54-680,-1
11_54-735,-1
11_54-755,-1
11_54-776,-1
11_54-809,-1
11_54-836,-1
11_55-63,-1
11_55-104,-1
11_55-130,-1
11_55-167,1
11_55-179,-1
11_55-225,-1
11_55-252,-1
11_55-289,-1
11_55-313,-1
11_55-353,-1
11_55-384,-1
11_55-418,-1
11_55-440,-1
11_55-460,-1
11_55-479,-1
11_55-501,-1
11_55-523,-1
11_55-540,-1
11_55-554,-1
11_55-566,-1
11_55-582,-1
11_55-618,-1
11_55-659,0
11_55-679,-1
11_55-728,-1
11_55-772,-1
11_55-790,-1
11_55-818,1
11_56-58,-1
11_56-86,-1
11_56-115,-1
11_56-139,-1
11_56-160,-1
11_56-190,-1
11_56-224,-1
11_56-250,-1
11_56-274,-1
11_56-349,-1
11_56-363,-1
11_56-404,-1
11_56-434,-1
11_56-454,-1
11_56-476,-1
11_56-540,-1
11_56-555,-1
11_56-575,-1
11_56-602,-1
11_56-686,-1
11_56-717,-1
11_56-762,-1
11_56-787,-1
11_56-817,-1
11_57-73,-1
11_57-119,-1
11_57-153,-1
11_57-187,-1
11_57-199,-1
11_57-224,-1
11_57-253,-1
11_57-266,-1
11_57-287,-1
11_57-312,-1
11_57-334,1
11_57-375,-1
11_57-427,-1
11_57-455,-1
11_57-474,-1
11_57-506,-1
11_57-543,-1
11_57-565,-1
11_57-581,-1
11_57-613,-1
11_57-652,-1
11_57-681,-1
11_57-697,0
11_57-711,-1
11_57-728,-1
11_57-756,-1
11_57-769,-1
11_57-793,-1
11_59-64,-1
11_59-76,-1
11_59-97,-1
11_59-128,-1
11_59-159,-1
11_59-178,0
11_59-212,-1
11_59-216,-1
11_59-253,-1
11_59-324,-1
11_59-358,-1
11_59-381,-1
11_59-409,-1
11_59-426,-1
11_59-455,-1
11_59-494,0
11_59-546,-1
11_59-596,0
11_59-617,-1
11_59-639,-1
11_59-719,-1
11_59-770,-1
11_59-798,-1
11_59-818,0
11_59-841,-1
11_60-60,-1
11_60-101,-1
11_60-120,-1
11_60-157,-1
11_60-177,-1
11_60-207,-1
11_60-230,-1
11_60-255,-1
11_60-308,-1
11_60-361,-1
11_60-374,-1
11_60-438,-1
11_60-483,-1
11_60-513,-1
11_60-528,-1
11_60-565,-1
11_60-592,-1
11_60-618,-1
11_60-644,-1
11_60-659,-1
11_60-707,-1
11_60-728,-1
11_60-761,-1
11_60-795,-1
11_60-819,-1
11_62-63,-1
11_62-78,-1
11_62-97,-1
11_62-133,-1
11_62-145,-1
11_62-171,-1
11_62-190,-1
11_62-209,-1
11_62-245,-1
11_62-263,-1
11_62-278,-1
11_62-320,-1
11_62-338,-1
11_62-363,-1
11_62-394,-1
11_62-427,-1
11_62-442,-1
11_62-471,-1
11_62-495,-1
11_62-511,-1
11_62-527,-1
11_62-542,-1
11_62-552,0
11_62-583,-1
11_62-599,-1
11_62-615,-1
11_62-638,-1
11_62-661,-1
11_62-690,-1
11_62-715,-1
11_62-752,-1
11_62-772,-1
11_62-796,-1
11_62-830,-1
11_63-56,-1
11_63-80,-1
11_63-113,-1
11_63-132,-1
11_63-181,-1
11_63-225,-1
11_63-253,-1
11_63-270,-1
11_63-285,-1
11_63-298,-1
11_63-330,-1
11_63-354,-1
11_63-377,-1
11_63-401,-1
11_63-434,-1
11_63-450,-1
11_63-484,-1
11_63-512,-1
11_63-537,-1
11_63-552,-1
11_63-566,-1
11_63-605,-1
11_63-627,-1
11_63-649,-1
11_63-672,-1
11_63-688,-1
11_63-700,-1
11_63-720,-1
11_63-738,-1
11_63-768,-1
11_63-789,-1
11_63-812,-1
11_63-837,-1
11_64-53,-1
11_64-70,0
11_64-91,-1
11_64-123,-1
11_64-145,-1
11_64-160,-1
11_64-178,-1
11_64-199,-1
11_64-217,-1
11_64-238,-1
11_64-246,-1
11_64-280,-1
11_64-300,-1
11_64-316,-1
11_64-335,-1
11_64-356,-1
11_64-368,-1
11_64-384,-1
11_64-402,-1
11_64-417,-1
11_64-447,-1
11_64-484,-1
11_64-501,-1
11_64-530,-1
11_64-548,-1
11_64-580,-1
11_64-595,-1
11_64-614,-1
11_64-644,-1
11_64-657,-1
11_64-685,0
11_64-708,-1
11_64-732,-1
11_64-763,-1
11_64-777,-1
11_64-800,-1
11_64-846,-1
11_65-73,-1
11_65-99,-1
11_65-113,-1
11_65-129,-1
11_65-150,-1
11_65-167,-1
11_65-183,-1
11_65-197,-1
11_65-221,-1
11_65-242,-1
11_65-274,-1
11_65-284,-1
11_65-327,-1
11_65-353,-1
11_65-370,-1
11_65-396,-1
11_65-425,-1
11_65-444,-1
11_65-467,-1
11_65-499,-1
11_65-541,-1
11_65-583,-1
11_65-627,-1
11_65-669,-1
11_65-728,-1
11_65-781,-1
11_65-808,-1
11_65-842,-1
11_66-51,-1
11_66-88,-1
11_66-107,-1
11_66-130,-1
11_66-161,-1
11_66-211,-1
11_66-247,-1
11_66-307,-1
11_66-337,-1
11_66-357,-1
11_66-387,-1
11_66-419,-1
11_66-459,-1
11_66-497,-1
11_66-523,-1
11_66-555,-1
11_66-595,-1
11_66-617,-1
11_66-633,-1
11_66-647,-1
11_66-680,-1
11_66-726,-1
11_66-750,-1
11_66-764,-1
11_66-794,-1
11_66-813,-1
11_66-843,-1
11_67-64,-1
11_67-88,-1
11_67-108,-1
11_67-129,-1
11_67-159,-1
11_67-191,-1
11_67-210,-1
11_67-241,-1
11_67-255,-1
11_67-276,1
11_67-305,-1
11_67-322,-1
11_67-338,-1
11_67-356,-1
11_67-386,-1
11_67-406,1
11_67-424,-1
11_67-450,-1
11_67-465,-1
11_67-486,-1
11_67-536,-1
11_67-555,1
11_67-581,0
11_67-605,-1
11_67-638,-1
11_67-671,-1
11_67-695,-1
11_67-739,-1
11_67-762,-1
11_67-798,-1
11_67-807,-1
11_67-842,-1
11_68-82,-1
11_68-100,-1
11_68-127,1
11_68-159,-1
11_68-186,-1
11_68-204,-1
11_68-226,-1
11_68-246,-1
11_68-264,-1
11_68-293,-1
11_68-309,-1
11_68-336,-1
11_68-360,-1
11_68-375,-1
11_68-407,-1
11_68-425,-1
11_68-451,-1
11_68-475,-1
11_68-509,-1
11_68-547,-1
11_68-563,-1
11_68-596,-1
11_68-613,-1
11_68-631,-1
11_68-653,-1
11_68-679,-1
11_68-716,-1
11_68-768,-1
11_68-787,-1
11_68-820,-1
11_68-840,-1
11_69-68,1
11_69-81,-1
11_69-133,-1
11_69-148,-1
11_69-168,-1
11_69-189,-1
11_69-205,-1
11_69-228,-1
11_69-262,-1
11_69-314,-1
11_69-332,-1
11_69-361,1
11_69-387,-1
11_69-402,-1
11_69-427,-1
11_69-451,-1
11_69-470,-1
11_69-491,-1
11_69-514,-1
11_69-548,-1
11_69-576,-1
11_69-605,-1
11_69-639,1
11_69-674,-1
11_69-697,-1
11_69-729,-1
11_69-758,-1
11_69-800,-1
11_69-814,-1
11_69-830,-1
11_69-843,-1
11_70-72,-1
11_70-103,-1
11_70-126,-1
11_70-160,-1
11_70-184,-1
11_70-217,-1
11_70-240,-1
11_70-292,-1
11_70-304,-1
11_70-322,-1
11_70-352,-1
11_70-402,-1
11_70-429,-1
11_70-478,-1
11_70-494,-1
11_70-514,-1
11_70-535,-1
11_70-554,-1
11_70-586,-1
11_70-609,-1
11_70-643,-1
11_70-673,-1
11_70-720,-1
11_70-782,-1
11_70-817,-1
11_70-840,-1
11_71-53,-1
11_71-80,0
11_71-105,-1
11_71-121,-1
11_71-159,-1
11_71-194,-1
11_71-223,-1
11_71-282,-1
11_71-299,-1
11_71-341,-1
11_71-409,-1
11_71-458,-1
11_71-498,-1
11_71-518,-1
11_71-538,-1
11_71-560,-1
11_71-588,0
11_71-622,-1
11_71-641,-1
11_71-686,-1
11_71-712,-1
11_71-739,-1
11_71-764,-1
11_71-785,-1
11_71-807,-1
11_71-840,-1
11_72-75,-1
11_72-96,0
11_72-113,-1
11_72-128,-1
11_72-151,-1
11_72-166,-1
11_72-205,-1
11_72-221,-1
11_72-237,-1
11_72-257,-1
11_72-278,-1
11_72-307,-1
11_72-329,-1
11_72-355,-1
11_72-375,-1
11_72-408,-1
11_72-429,-1
11_72-454,-1
11_72-492,-1
11_72-512,-1
11_72-531,-1
11_72-563,-1
11_72-587,-1
11_72-612,-1
11_72-653,-1
11_72-674,-1
11_72-688,-1
11_72-710,-1
11_72-737,-1
11_72-769,-1
11_72-795,-1
11_72-821,-1
11_72-837,-1
11_73-67,-1
11_73-103,-1
11_73-135,-1
11_73-154,-1
11_73-179,-1
11_73-212,-1
11_73-240,-1
11_73-264,-1
11_73-283,-1
11_73-304,-1
11_73-335,-1
11_73-361,-1
11_73-394,-1
11_73-407,-1
11_73-444,1
11_73-478,-1
11_73-506,-1
11_73-533,1
11_73-558,-1
11_73-587,-1
11_73-601,-1
11_73-624,-1
11_73-643,-1
11_73-668,-1
11_73-690,-1
11_73-704,-1
11_73-726,-1
11_73-746,-1
11_73-776,-1
11_73-803,-1
11_73-830,-1
11_74-51,-1
11_74-131,-1
11_74-156,-1
11_74-177,-1
11_74-242,-1
11_74-261,-1
11_74-284,1
11_74-304,-1
11_74-318,-1
11_74-357,-1
11_74-374,-1
11_74-392,-1
11_74-432,-1
11_74-449,-1
11_74-467,-1
11_74-515,-1
11_74-524,-1
11_74-541,-1
11_74-580,-1
11_74-640,0
11_74-671,-1
11_74-697,-1
11_74-737,-1
11_74-762,-1
11_74-786,-1
11_74-830,-1
11_78-57,-1
11_78-82,-1
11_78-110,-1
11_78-157,-1
11_78-185,-1
11_78-214,-1
11_78-235,-1
11_78-253,-1
11_78-283,-1
11_78-306,-1
11_78-330,-1
11_78-360,-1
11_78-375,-1
11_78-423,-1
11_78-446,-1
11_78-467,-1
11_78-502,-1
11_78-523,-1
11_78-603,-1
11_78-613,-1
11_78-636,-1
11_78-706,-1
11_78-724,-1
11_78-751,-1
11_78-770,-1
11_78-805,-1
11_78-833,-1
11_79-101,-1
11_79-132,-1
11_79-162,-1
11_79-176,-1
11_79-199,-1
11_79-229,-1
11_79-247,-1
11_79-261,-1
11_79-298,-1
11_79-327,-1
11_79-355,-1
11_79-381,-1
11_79-421,-1
11_79-444,-1
11_79-460,-1
11_79-468,-1
11_79-482,-1
11_79-506,-1
11_79-522,-1
11_79-539,-1
11_79-560,-1
11_79-581,-1
11_79-618,-1
11_79-661,-1
11_79-680,-1
11_79-707,-1
11_79-726,-1
11_79-747,-1
11_79-774,-1
11_79-792,-1
11_79-816,-1
11_79-833,-1
11_81-57,-1
11_81-83,-1
11_81-110,-1
11_81-142,-1
11_81-171,-1
11_81-217,-1
11_81-248,-1
11_81-261,-1
11_81-279,-1
11_81-304,-1
11_81-314,-1
11_81-361,-1
11_81-396,-1
11_81-438,-1
11_81-470,-1
11_81-516,-1
11_81-547,-1
11_81-570,-1
11_81-603,-1
11_81-620,-1
11_81-657,-1
11_81-678,-1
11_81-702,-1
11_81-730,-1
11_81-756,-1
11_81-797,-1
11_81-812,-1
11_81-831,-1
11_84-65,-1
11_84-96,-1
11_84-112,-1
11_84-126,-1
11_84-159,-1
11_84-175,-1
11_84-185,-1
11_84-224,-1
11_84-248,-1
11_84-282,-1
11_84-296,-1
11_84-317,-1
11_84-345,-1
11_84-360,-1
11_84-376,-1
11_84-392,-1
11_84-399,-1
11_84-423,-1
11_84-446,-1
11_84-471,-1
11_84-512,-1
11_84-540,-1
11_84-555,-1
11_84-575,-1
11_84-608,-1
11_84-626,-1
11_84-639,-1
11_84-654,-1
11_84-666,-1
11_84-697,-1
11_84-723,-1
11_84-751,-1
11_84-772,0
11_84-794,-1
11_84-815,-1
11_85-92,-1
11_85-105,0
11_85-118,-1
11_85-141,-1
11_85-163,-1
11_85-185,-1
11_85-206,-1
11_85-239,-1
11_85-271,-1
11_85-284,-1
11_85-323,1
11_85-344,-1
11_85-386,-1
11_85-411,-1
11_85-429,-1
11_85-446,-1
11_85-465,-1
11_85-485,-1
11_85-509,-1
11_85-559,-1
11_85-616,-1
11_85-643,-1
11_85-658,-1
11_85-689,-1
11_85-713,-1
11_85-749,-1
11_85-768,-1
11_85-805,-1
11_85-837,-1
11_86-69,-1
11_86-87,-1
11_86-111,-1
11_86-169,0
11_86-194,-1
11_86-237,-1
11_86-263,-1
11_86-275,-1
11_86-312,-1
11_86-346,-1
11_86-372,-1
11_86-422,-1
11_86-441,-1
11_86-461,-1
11_86-481,-1
11_86-506,-1
11_86-517,-1
11_86-545,-1
11_86-581,-1
11_86-593,-1
11_86-633,-1
11_86-662,-1
11_86-671,-1
11_86-687,-1
11_86-703,-1
11_86-732,-1
11_86-748,0
11_86-772,-1
11_86-795,-1
11_86-807,-1
11_86-836,-1
11_87-53,-1
11_87-98,-1
11_87-123,-1
11_87-161,-1
11_87-179,-1
11_87-209,-1
11_87-234,-1
11_87-256,-1
11_87-284,-1
11_87-312,-1
11_87-343,-1
11_87-370,-1
11_87-399,-1
11_87-424,-1
11_87-440,-1
11_87-472,-1
11_87-486,-1
11_87-516,-1
11_87-528,-1
11_87-551,-1
11_87-572,-1
11_87-591,-1
11_87-616,-1
11_87-647,-1
11_87-672,-1
11_87-687,-1
11_87-714,-1
11_87-723,-1
11_87-761,-1
11_87-789,-1
11_87-821,-1
11_87-847,-1
11_90-59,-1
11_90-90,-1
11_90-105,-1
11_90-141,-1
11_90-175,-1
11_90-234,-1
11_90-254,-1
11_90-286,-1
11_90-293,-1
11_90-328,-1
11_90-338,-1
11_90-365,-1
11_90-387,-1
11_90-404,-1
11_90-430,-1
11_90-477,-1
11_90-512,-1
11_90-551,-1
11_90-571,-1
11_90-619,-1
11_90-647,-1
11_90-684,-1
11_90-706,-1
11_90-719,-1
11_90-737,-1
11_90-755,-1
11_90-772,-1
11_90-804,-1
11_90-825,-1
11_90-850,-1
11_92-59,-1
11_92-79,-1
11_92-95,-1
11_92-113,-1
11_92-131,-1
11_92-167,-1
11_92-195,-1
11_92-219,-1
11_92-238,-1
11_92-262,-1
11_92-307,-1
11_92-342,-1
11_92-361,-1
11_92-378,-1
11_92-402,-1
11_92-421,-1
11_92-466,-1
11_92-494,-1
11_92-543,-1
11_92-562,-1
11_92-589,1
11_92-600,-1
11_92-639,-1
11_92-664,-1
11_92-685,-1
11_92-708,-1
11_92-786,-1
11_92-804,-1
11_92-819,-1
11_92-844,-1
11_94-66,-1
11_94-102,-1
11_94-138,-1
11_94-153,-1
11_94-181,-1
11_94-208,-1
11_94-222,-1
11_94-259,-1
11_94-278,-1
11_94-306,-1
11_94-334,-1
11_94-359,-1
11_94-383,-1
11_94-426,-1
11_94-449,-1
11_94-481,-1
11_94-502,-1
11_94-523,-1
11_94-551,-1
11_94-568,-1
11_94-585,-1
11_94-630,-1
11_94-650,-1
11_94-668,-1
11_94-699,-1
11_94-721,-1
11_94-740,-1
11_94-753,-1
11_94-776,-1
11_94-810,-1
11_94-828,-1
11_94-843,-1
11_97-97,-1
11_97-120,-1
11_97-169,-1
11_97-204,-1
11_97-245,-1
11_97-273,-1
11_97-297,-1
11_97-308,-1
11_97-329,-1
11_97-352,-1
11_97-368,1
11_97-396,0
11_97-420,0
11_97-443,-1
11_97-468,-1
11_97-495,1
11_97-508,-1
11_97-539,-1
11_97-566,-1
11_97-587,1
11_97-620,-1
11_97-645,-1
11_97-671,-1
11_97-687,-1
11_97-708,-1
11_97-752,0
11_97-763,-1
11_97-793,-1
11_97-809,-1
11_97-819,-1
11_97-836,-1
11_98-55,-1
11_98-88,-1
11_98-114,-1
11_98-145,-1
11_98-176,-1
11_98-195,-1
11_98-219,-1
11_98-238,-1
11_98-273,-1
11_98-292,-1
11_98-308,-1
11_98-344,-1
11_98-372,-1
11_98-389,-1
11_98-397,-1
11_98-421,-1
11_98-441,-1
11_98-456,-1
11_98-484,-1
11_98-501,-1
11_98-557,-1
11_98-586,-1
11_98-603,-1
11_98-641,-1
11_98-658,-1
11_98-675,-1
11_98-696,-1
11_98-713,-1
11_98-769,-1
11_98-813,-1
11_98-842,-1
11_99-51,-1
11_99-100,-1
11_99-120,-1
11_99-141,-1
11_99-163,-1
11_99-190,-1
11_99-206,-1
11_99-231,-1
11_99-260,0
11_99-281,-1
11_99-304,-1
11_99-325,-1
11_99-350,-1
11_99-375,-1
11_99-394,-1
11_99-403,-1
11_99-415,-1
11_99-437,-1
11_99-445,-1
11_99-471,-1
11_99-478,-1
11_99-495,0
11_99-515,-1
11_99-534,-1
11_99-555,-1
11_99-590,-1
11_99-615,-1
11_99-640,-1
11_99-654,-1
11_99-668,-1
11_99-682,-1
11_99-726,-1
11_99-752,-1
11_99-783,-1
11_99-802,-1
11_99-819,-1
11_99-828,-1
11_99-844,-1
11_100-84,-1
11_100-151,-1
11_100-183,0
11_100-205,-1
11_100-226,-1
11_100-275,-1
11_100-302,-1
11_100-323,-1
11_100-346,-1
11_100-364,-1
11_100-384,-1
11_100-402,-1
11_100-425,-1
11_100-468,-1
11_100-489,-1
11_100-517,-1
11_100-563,-1
11_100-597,-1
11_100-622,-1
11_100-640,-1
11_100-667,-1
11_100-691,-1
11_100-717,-1
11_100-748,-1
11_100-762,-1
11_100-799,-1
11_100-804,-1
11_100-820,-1
11_100-846,-1
11_101-78,-1
11_101-96,-1
11_101-113,-1
11_101-150,-1
11_101-175,-1
11_101-200,-1
11_101-230,-1
11_101-263,-1
11_101-289,-1
11_101-307,-1
11_101-326,-1
11_101-341,-1
11_101-372,-1
11_101-387,-1
11_101-403,-1
11_101-424,-1
11_101-445,-1
11_101-463,-1
11_101-476,-1
11_101-500,-1
11_101-531,-1
11_101-556,-1
11_101-569,-1
11_101-592,-1
11_101-602,-1
11_101-621,-1
11_101-630,-1
11_101-644,-1
11_101-658,-1
11_101-684,-1
11_101-713,-1
11_101-727,-1
11_101-746,-1
11_101-778,-1
11_101-800,-1
11_101-826,-1
11_101-850,-1
11_102-88,-1
11_102-125,-1
11_102-147,-1
11_102-170,-1
11_102-198,-1
11_102-218,-1
11_102-237,-1
11_102-251,-1
11_102-281,-1
11_102-290,-1
11_102-308,-1
11_102-322,-1
11_102-336,-1
11_102-352,-1
11_102-375,-1
11_102-410,-1
11_102-434,-1
11_102-462,-1
11_102-478,-1
11_102-500,-1
11_102-515,-1
11_102-554,-1
11_102-570,-1
11_102-584,-1
11_102-605,-1
11_102-635,-1
11_102-666,-1
11_102-684,-1
11_102-721,-1
11_102-749,-1
11_102-768,-1
11_102-781,-1
11_102-809,-1
11_102-829,-1
11_102-849,-1
11_103-52,-1
11_103-86,-1
11_103-132,-1
11_103-162,-1
11_103-192,-1
11_103-207,-1
11_103-222,-1
11_103-233,-1
11_103-267,-1
11_103-283,-1
11_103-298,-1
11_103-313,-1
11_103-339,-1
11_103-374,-1
11_103-393,-1
11_103-417,-1
11_103-447,-1
11_103-467,-1
11_103-501,-1
11_103-521,-1
11_103-541,-1
11_103-558,-1
11_103-578,-1
11_103-591,-1
11_103-620,-1
11_103-651,-1
11_103-673,-1
11_103-690,-1
11_103-706,-1
11_103-731,-1
11_103-744,-1
11_103-764,-1
11_103-791,-1
11_103-820,-1
11_103-842,-1
11_105-60,-1
11_105-88,-1
11_105-151,-1
11_105-171,-1
11_105-191,-1
11_105-210,-1
11_105-236,-1
11_105-266,-1
11_105-309,-1
11_105-350,-1
11_105-385,-1
11_105-425,-1
11_105-436,-1
11_105-459,-1
11_105-504,-1
11_105-529,-1
11_105-550,-1
11_105-577,-1
11_105-642,-1
11_105-664,-1
11_105-679,-1
11_105-693,0
11_105-736,-1
11_105-770,-1
11_105-810,-1
11_105-828,-1
11_108-60,-1
11_108-87,-1
11_108-109,-1
11_108-155,-1
11_108-176,-1
11_108-208,-1
11_108-229,-1
11_108-243,-1
11_108-268,-1
11_108-282,-1
11_108-297,-1
11_108-313,-1
11_108-338,-1
11_108-352,-1
11_108-362,-1
11_108-379,-1
11_108-398,-1
11_108-414,-1
11_108-435,-1
11_108-453,-1
11_108-481,-1
11_108-505,-1
11_108-523,-1
11_108-546,-1
11_108-581,-1
11_108-610,-1
11_108-635,-1
11_108-657,-1
11_108-686,-1
11_108-705,-1
11_108-733,-1
11_108-762,-1
11_108-778,-1
11_108-792,-1
11_108-808,-1
11_108-839,-1
11_112-63,-1
11_112-111,-1
11_112-137,-1
11_112-156,-1
11_112-185,-1
11_112-211,-1
11_112-233,-1
11_112-269,-1
11_112-306,-1
11_112-335,-1
11_112-389,-1
11_112-407,-1
11_112-433,-1
11_112-457,-1
11_112-481,-1
11_112-523,-1
11_112-566,-1
11_112-585,-1
11_112-603,-1
11_112-641,-1
11_112-666,-1
11_112-686,-1
11_112-712,-1
11_112-767,-1
11_112-805,-1
11_112-820,-1
11_115-60,-1
11_115-88,-1
11_115-122,-1
11_115-127,-1
11_115-152,-1
11_115-203,-1
11_115-218,-1
11_115-237,-1
11_115-251,-1
11_115-270,-1
11_115-284,-1
11_115-298,-1
11_115-322,-1
11_115-346,-1
11_115-384,-1
11_115-407,-1
11_115-424,-1
11_115-451,-1
11_115-473,-1
11_115-490,-1
11_115-520,-1
11_115-538,-1
11_115-554,-1
11_115-571,-1
11_115-600,-1
11_115-643,-1
11_115-654,-1
11_115-671,-1
11_115-686,-1
11_115-711,-1
11_115-729,-1
11_115-762,-1
11_115-785,-1
11_115-801,-1
11_115-816,-1
11_115-837,-1
11_118-51,-1
11_118-99,-1
11_118-140,-1
11_118-170,-1
11_118-188,-1
11_118-214,-1
11_118-262,-1
11_118-298,-1
11_118-331,-1
11_118-359,0
11_118-395,-1
11_118-415,-1
11_118-442,-1
11_118-462,-1
11_118-484,-1
11_118-494,-1
11_118-508,-1
11_118-535,-1
11_118-558,0
11_118-581,-1
11_118-596,-1
11_118-628,0
11_118-657,-1
11_118-682,-1
11_118-697,-1
11_118-726,-1
11_118-763,0
11_118-781,-1
11_118-802,-1
11_118-815,-1
11_118-840,-1
11_120-60,-1
11_120-99,-1
11_120-108,-1
11_120-135,-1
11_120-151,-1
11_120-165,-1
11_120-177,-1
11_120-209,-1
11_120-218,-1
11_120-230,-1
11_120-243,-1
11_120-282,-1
11_120-316,-1
11_120-330,-1
11_120-353,-1
11_120-375,-1
11_120-410,-1
11_120-430,-1
11_120-450,-1
11_120-470,-1
11_120-492,-1
11_120-505,-1
11_120-521,-1
11_120-542,-1
11_120-578,-1
11_120-593,-1
11_120-613,-1
11_120-629,-1
11_120-686,-1
11_120-700,-1
11_120-716,-1
11_120-775,-1
11_120-793,-1
11_120-813,-1
11_120-840,-1
11_123-57,-1
11_123-82,-1
11_123-99,-1
11_123-124,-1
11_123-147,-1
11_123-198,-1
11_123-221,-1
11_123-259,-1
11_123-274,-1
11_123-294,-1
11_123-313,-1
11_123-328,-1
11_123-348,-1
11_123-362,-1
11_123-382,-1
11_123-403,-1
11_123-417,-1
11_123-430,-1
11_123-478,-1
11_123-503,-1
11_123-527,-1
11_123-567,-1
11_123-589,-1
11_123-619,0
11_123-641,-1
11_123-665,1
11_123-687,-1
11_123-721,-1
11_123-770,-1
11_123-792,-1
11_123-824,-1
11_123-842,-1
11_124-49,-1
11_124-88,-1
11_124-103,-1
11_124-136,-1
11_124-157,-1
11_124-174,-1
11_124-208,-1
11_124-236,-1
11_124-287,-1
11_124-314,-1
11_124-327,-1
11_124-343,-1
11_124-367,-1
11_124-390,-1
11_124-404,-1
11_124-424,-1
11_124-436,-1
11_124-452,-1
11_124-477,-1
11_124-491,0
11_124-511,-1
11_124-526,-1
11_124-542,-1
11_124-586,-1
11_124-612,-1
11_124-627,-1
11_124-649,-1
11_124-661,-1
11_124-684,-1
11_124-714,-1
11_124-755,-1
11_124-786,-1
11_124-801,-1
11_124-813,-1
11_125-75,-1
11_125-100,-1
11_125-122,0
11_125-162,-1
11_125-202,-1
11_125-221,-1
11_125-234,-1
11_125-260,-1
11_125-280,-1
11_125-299,-1
11_125-314,-1
11_125-337,-1
11_125-351,-1
11_125-362,-1
11_125-374,-1
11_125-389,-1
11_125-415,-1
11_125-450,-1
11_125-472,-1
11_125-487,-1
11_125-501,-1
11_125-521,-1
11_125-533,-1
11_125-543,-1
11_125-565,-1
11_125-585,-1
11_125-619,-1
11_125-635,-1
11_125-655,-1
11_125-673,-1
11_125-701,-1
11_125-736,-1
11_125-753,-1
11_125-794,-1
11_125-812,-1
11_125-828,-1
11_125-845,-1
11_126-67,-1
11_126-88,-1
11_126-110,-1
11_126-125,-1
11_126-164,-1
11_126-197,-1
11_126-230,-1
11_126-241,-1
11_126-257,-1
11_126-276,-1
11_126-288,-1
11_126-305,-1
11_126-339,-1
11_126-356,-1
11_126-372,-1
11_126-421,-1
11_126-440,0
11_126-468,-1
11_126-483,-1
11_126-501,-1
11_126-531,-1
11_126-574,-1
11_126-592,-1
11_126-613,-1
11_126-634,-1
11_126-649,-1
11_126-665,-1
11_126-700,0
11_126-719,-1
11_126-737,1
11_126-762,-1
11_126-790,-1
11_126-826,-1
11_130-52,-1
11_130-96,-1
11_130-123,-1
11_130-165,-1
11_130-191,-1
11_130-208,-1
11_130-229,-1
11_130-253,-1
11_130-270,-1
11_130-304,-1
11_130-340,-1
11_130-376,-1
11_130-394,-1
11_130-424,-1
11_130-453,-1
11_130-475,-1
11_130-495,-1
11_130-513,-1
11_130-539,-1
11_130-566,0
11_130-591,-1
11_130-606,-1
11_130-619,-1
11_130-643,-1
11_130-658,-1
11_130-671,-1
11_130-690,-1
11_130-712,0
11_130-725,-1
11_130-750,-1
11_130-772,-1
11_130-794,-1
11_130-837,-1
11_132-49,-1
11_132-73,-1
11_132-105,-1
11_132-143,-1
11_132-161,-1
11_132-182,-1
11_132-207,-1
11_132-221,-1
11_132-260,-1
11_132-285,-1
11_132-298,-1
11_132-323,-1
11_132-336,-1
11_132-360,-1
11_132-380,-1
11_132-402,-1
11_132-423,-1
11_132-432,-1
11_132-445,-1
11_132-461,-1
11_132-485,-1
11_132-511,-1
11_132-539,-1
11_132-549,-1
11_132-580,-1
11_132-616,-1
11_132-646,-1
11_132-668,-1
11_132-687,-1
11_132-706,-1
11_132-722,-1
11_132-748,-1
11_132-792,-1
11_132-822,-1
11_132-837,-1
11_135-55,-1
11_135-77,-1
11_135-108,-1
11_135-139,-1
11_135-171,-1
11_135-188,-1
11_135-208,-1
11_135-225,-1
11_135-253,-1
11_135-278,-1
11_135-295,-1
11_135-310,-1
11_135-340,-1
11_135-354,-1
11_135-364,-1
11_135-377,-1
11_135-395,-1
11_135-427,-1
11_135-449,-1
11_135-476,-1
11_135-499,-1
11_135-538,-1
11_135-563,-1
11_135-585,-1
11_135-615,-1
11_135-629,-1
11_135-646,-1
11_135-681,-1
11_135-714,-1
11_135-732,-1
11_135-741,-1
11_135-768,-1
11_135-794,-1
11_135-842,-1
11_138-68,-1
11_138-80,-1
11_138-108,-1
11_138-137,-1
11_138-158,-1
11_138-172,-1
11_138-184,-1
11_138-209,-1
11_138-227,-1
11_138-249,-1
11_138-279,-1
11_138-314,-1
11_138-336,-1
11_138-364,-1
11_138-379,-1
11_138-398,-1
11_138-417,-1
11_138-436,-1
11_138-447,-1
11_138-471,-1
11_138-495,-1
11_138-517,-1
11_138-540,-1
11_138-570,-1
11_138-594,-1
11_138-625,-1
11_138-679,-1
11_138-697,-1
11_138-719,-1
11_138-732,-1
11_138-792,-1
11_138-811,0
11_138-845,-1
11_141-50,-1
11_141-63,-1
11_141-89,-1
11_141-117,-1
11_141-158,-1
11_141-170,-1
11_141-184,-1
11_141-211,-1
11_141-230,-1
11_141-247,-1
11_141-267,-1
11_141-287,-1
11_141-304,-1
11_141-317,-1
11_141-334,0
11_141-364,-1
11_141-390,-1
11_141-427,-1
11_141-442,-1
11_141-474,0
11_141-493,-1
11_141-527,-1
11_141-552,-1
11_141-568,-1
11_141-598,-1
11_141-617,-1
11_141-637,-1
11_141-664,-1
11_141-683,-1
11_141-703,-1
11_141-722,-1
11_141-742,-1
11_141-760,-1
11_141-771,-1
11_141-793,-1
11_141-824,-1
11_141-841,-1
11_142-80,0
11_142-117,-1
11_142-135,-1
11_142-164,-1
11_142-189,-1
11_142-208,-1
11_142-241,-1
11_142-273,-1
11_142-296,-1
11_142-315,-1
11_142-334,-1
11_142-346,-1
11_142-367,-1
11_142-392,-1
11_142-417,-1
11_142-437,-1
11_142-464,-1
11_142-488,-1
11_142-538,-1
11_142-576,-1
11_142-598,0
11_142-613,0
11_142-629,-1
11_142-657,-1
11_142-683,-1
11_142-702,-1
11_142-734,-1
11_142-755,-1
11_142-789,-1
11_142-822,-1
11_142-841,-1
11_146-66,-1
11_146-113,-1
11_146-152,-1
11_146-168,-1
11_146-216,-1
11_146-235,-1
11_146-255,-1
11_146-280,-1
11_146-301,0
11_146-324,-1
11_146-343,-1
11_146-377,-1
11_146-425,-1
11_146-441,-1
11_146-486,-1
11_146-500,-1
11_146-533,-1
11_146-549,-1
11_146-573,-1
11_146-590,-1
11_146-610,-1
11_146-622,-1
11_146-637,-1
11_146-653,-1
11_146-675,-1
11_146-702,-1
11_146-735,-1
11_146-758,-1
11_146-773,-1
11_146-800,0
11_146-817,-1
11_146-835,-1
11_149-52,-1
11_149-107,-1
11_149-133,-1
11_149-178,-1
11_149-214,-1
11_149-229,-1
11_149-255,-1
11_149-283,-1
11_149-318,-1
11_149-329,-1
11_149-366,-1
11_149-389,-1
11_149-412,-1
11_149-430,0
11_149-447,-1
11_149-465,-1
11_149-479,-1
11_149-494,-1
11_149-513,-1
11_149-531,-1
11_149-560,-1
11_149-594,-1
11_149-615,-1
11_149-641,-1
11_149-654,-1
11_149-678,-1
11_149-767,-1
11_149-798,-1
11_149-834,-1
11_162-68,-1
11_162-80,-1
11_162-106,-1
11_162-129,-1
11_162-144,-1
11_162-165,-1
11_162-181,-1
11_162-200,-1
11_162-218,0
11_162-225,-1
11_162-243,-1
11_162-258,-1
11_162-271,-1
11_162-284,-1
11_162-310,-1
11_162-339,-1
11_162-367,-1
11_162-394,-1
11_162-421,-1
11_162-434,-1
11_162-453,-1
11_162-479,-1
11_162-491,-1
11_162-512,-1
11_162-540,-1
11_162-579,-1
11_162-595,-1
11_162-610,-1
11_162-631,-1
11_162-666,-1
11_162-679,-1
11_162-696,-1
11_162-731,-1
11_162-742,0
11_162-773,-1
11_167-74,-1
11_167-88,-1
11_167-125,-1
11_167-152,-1
11_167-188,-1
11_167-216,1
11_167-261,-1
11_167-280,-1
11_167-301,-1
11_167-330,-1
11_167-355,-1
11_167-404,-1
11_167-422,-1
11_167-449,-1
11_167-477,-1
11_167-515,-1
11_167-547,-1
11_167-569,-1
11_167-580,-1
11_167-606,-1
11_167-627,-1
11_167-678,-1
11_167-704,-1
11_167-730,-1
11_167-764,-1
11_167-802,-1
11_167-834,-1
11_189-60,-1
11_189-73,-1
11_189-84,-1
11_189-117,-1
11_189-130,-1
11_189-181,-1
11_189-206,-1
11_189-234,-1
11_189-277,-1
11_189-298,-1
11_189-355,-1
11_189-369,-1
11_189-386,-1
11_189-419,-1
11_189-438,-1
11_189-471,-1
11_189-520,-1
11_189-556,-1
11_189-575,-1
11_189-596,-1
11_189-622,-1
11_189-661,-1
11_189-686,-1
11_189-714,0
11_189-744,-1
11_189-763,-1
11_189-793,-1
11_189-825,-1
11_224-59,-1
11_224-83,-1
11_224-102,-1
11_224-124,-1
11_224-165,-1
11_224-192,-1
11_224-219,-1
11_224-255,-1
11_224-278,-1
11_224-302,-1
11_224-331,-1
11_224-360,-1
11_224-388,-1
11_224-404,-1
11_224-419,-1
11_224-442,-1
11_224-458,-1
11_224-479,-1
11_224-509,-1
11_224-542,-1
11_224-553,-1
11_224-569,-1
11_224-586,-1
11_224-612,0
11_224-632,-1
11_224-676,-1
11_224-689,-1
11_224-710,-1
11_224-734,-1
11_224-754,-1
11_224-779,-1
11_224-813,-1
11_224-844,-1
12_0-90,-1
12_0-102,-1
12_0-122,-1
12_0-155,-1
12_0-173,-1
12_0-184,-1
12_0-206,-1
12_0-273,-1
12_0-292,-1
12_0-332,-1
12_0-365,-1
12_0-399,-1
12_0-420,-1
12_0-447,-1
12_0-493,-1
12_0-535,-1
12_0-555,0
12_0-579,-1
12_0-601,-1
12_0-617,-1
12_0-654,-1
12_0-708,-1
12_0-732,-1
12_0-762,-1
12_0-801,-1
12_1-55,-1
12_1-117,-1
12_1-158,-1
12_1-230,-1
12_1-281,-1
12_1-308,-1
12_1-364,-1
12_1-403,-1
12_1-450,-1
12_1-475,-1
12_1-549,-1
12_1-588,-1
12_1-620,-1
12_1-653,-1
12_1-690,1
12_1-721,-1
12_1-750,1
12_1-803,-1
12_1-829,-1
12_2-50,-1
12_2-85,-1
12_2-121,-1
12_2-166,-1
12_2-182,-1
12_2-208,-1
12_2-231,-1
12_2-242,-1
12_2-273,-1
12_2-292,-1
12_2-323,-1
12_2-344,-1
12_2-387,-1
12_2-440,-1
12_2-460,-1
12_2-490,-1
12_2-514,-1
12_2-539,-1
12_2-562,-1
12_2-600,-1
12_2-635,-1
12_2-670,-1
12_2-696,-1
12_2-719,-1
12_2-743,-1
12_2-784,-1
12_2-814,-1
12_3-52,-1
12_3-75,-1
12_3-124,-1
12_3-143,-1
12_3-211,-1
12_3-233,-1
12_3-251,-1
12_3-271,-1
12_3-292,-1
12_3-320,-1
12_3-338,-1
12_3-387,-1
12_3-409,-1
12_3-432,-1
12_3-459,-1
12_3-497,-1
12_3-520,-1
12_3-543,-1
12_3-563,-1
12_3-576,-1
12_3-630,-1
12_3-667,-1
12_3-707,-1
12_3-725,-1
12_3-800,-1
12_3-827,-1
12_3-850,-1
12_4-52,-1
12_4-107,-1
12_4-154,-1
12_4-174,-1
12_4-201,-1
12_4-229,-1
12_4-309,-1
12_4-339,-1
12_4-393,-1
12_4-418,-1
12_4-439,-1
12_4-475,-1
12_4-515,-1
12_4-537,-1
12_4-568,-1
12_4-585,-1
12_4-622,-1
12_4-641,-1
12_4-657,-1
12_4-688,-1
12_4-703,-1
12_4-725,-1
12_4-750,0
12_4-771,-1
12_4-795,-1
12_4-818,-1
12_4-833,-1
12_4-849,-1
12_6-62,-1
12_6-83,-1
12_6-102,-1
12_6-117,-1
12_6-133,-1
12_6-148,-1
12_6-170,-1
12_6-196,-1
12_6-234,-1
12_6-250,-1
12_6-268,-1
12_6-297,-1
12_6-318,-1
12_6-345,-1
12_6-394,-1
12_6-427,-1
12_6-476,-1
12_6-499,-1
12_6-546,-1
12_6-589,-1
12_6-627,-1
12_6-651,-1
12_6-664,-1
12_6-693,-1
12_6-733,-1
12_6-787,-1
12_6-814,-1
12_6-838,-1
12_7-74,-1
12_7-105,-1
12_7-135,-1
12_7-163,-1
12_7-213,-1
12_7-236,-1
12_7-260,-1
12_7-294,-1
12_7-338,-1
12_7-367,-1
12_7-379,-1
12_7-432,-1
12_7-516,-1
12_7-549,-1
12_7-571,-1
12_7-589,-1
12_7-611,-1
12_7-627,-1
12_7-649,-1
12_7-698,-1
12_7-715,-1
12_7-750,-1
12_7-765,-1
12_7-783,-1
12_7-802,-1
12_7-820,-1
12_7-838,-1
12_9-67,-1
12_9-97,-1
12_9-145,-1
12_9-203,-1
12_9-229,-1
12_9-262,-1
12_9-286,-1
12_9-308,-1
12_9-353,-1
12_9-374,-1
12_9-385,-1
12_9-404,-1
12_9-447,-1
12_9-476,-1
12_9-496,-1
12_9-521,-1
12_9-545,0
12_9-590,-1
12_9-612,-1
12_9-658,-1
12_9-693,-1
12_9-710,-1
12_9-734,-1
12_9-777,-1
12_9-795,-1
12_9-811,-1
12_9-835,-1
12_12-66,-1
12_12-82,-1
12_12-120,-1
12_12-174,-1
12_12-195,-1
12_12-213,-1
12_12-230,-1
12_12-241,-1
12_12-271,-1
12_12-311,-1
12_12-328,-1
12_12-397,-1
12_12-411,-1
12_12-440,-1
12_12-475,-1
12_12-510,-1
12_12-532,-1
12_12-561,-1
12_12-601,-1
12_12-615,-1
12_12-654,-1
12_12-683,-1
12_12-712,-1
12_12-779,-1
12_12-792,-1
12_12-820,-1
12_12-838,-1
12_13-54,-1
12_13-90,-1
12_13-106,-1
12_13-146,-1
12_13-163,-1
12_13-209,1
12_13-244,-1
12_13-311,-1
12_13-334,-1
12_13-354,-1
12_13-371,-1
12_13-396,-1
12_13-425,-1
12_13-453,-1
12_13-512,-1
12_13-525,-1
12_13-582,-1
12_13-596,-1
12_13-610,-1
12_13-632,-1
12_13-648,-1
12_13-659,-1
12_13-688,-1
12_13-709,-1
12_13-751,-1
12_13-804,-1
12_13-818,-1
12_15-63,-1
12_15-76,-1
12_15-140,-1
12_15-175,-1
12_15-188,-1
12_15-206,-1
12_15-236,-1
12_15-293,-1
12_15-319,-1
12_15-351,-1
12_15-370,-1
12_15-390,-1
12_15-408,-1
12_15-449,-1
12_15-477,-1
12_15-500,-1
12_15-524,-1
12_15-546,-1
12_15-583,-1
12_15-609,-1
12_15-640,-1
12_15-692,-1
12_15-712,-1
12_15-731,-1
12_15-754,-1
12_15-790,-1
12_15-828,-1
12_17-72,-1
12_17-94,-1
12_17-146,-1
12_17-166,-1
12_17-186,-1
12_17-219,-1
12_17-251,-1
12_17-280,-1
12_17-302,-1
12_17-355,-1
12_17-371,-1
12_17-418,-1
12_17-437,-1
12_17-466,-1
12_17-494,-1
12_17-516,-1
12_17-534,-1
12_17-586,-1
12_17-610,-1
12_17-674,-1
12_17-705,-1
12_17-742,-1
12_17-759,-1
12_17-778,-1
12_17-805,-1
12_17-837,-1
12_20-66,-1
12_20-102,-1
12_20-124,-1
12_20-148,-1
12_20-199,-1
12_20-231,-1
12_20-261,-1
12_20-297,-1
12_20-318,-1
12_20-353,-1
12_20-380,-1
12_20-403,-1
12_20-438,-1
12_20-460,-1
12_20-496,-1
12_20-532,-1
12_20-570,-1
12_20-592,-1
12_20-634,-1
12_20-669,-1
12_20-704,-1
12_20-720,-1
12_20-744,-1
12_20-805,-1
12_20-818,-1
12_20-840,-1
12_21-64,-1
12_21-79,-1
12_21-103,-1
12_21-192,-1
12_21-208,-1
12_21-231,-1
12_21-260,-1
12_21-290,-1
12_21-322,-1
12_21-351,1
12_21-385,1
12_21-405,-1
12_21-435,-1
12_21-459,-1
12_21-500,-1
12_21-518,-1
12_21-536,-1
12_21-604,-1
12_21-621,-1
12_21-670,-1
12_21-688,-1
12_21-707,-1
12_21-726,-1
12_21-773,-1
12_21-806,-1
12_21-841,-1
12_23-62,-1
12_23-96,-1
12_23-125,-1
12_23-176,-1
12_23-239,-1
12_23-259,-1
12_23-284,-1
12_23-299,-1
12_23-334,-1
12_23-351,-1
12_23-376,-1
12_23-388,-1
12_23-408,-1
12_23-453,-1
12_23-473,-1
12_23-485,-1
12_23-517,-1
12_23-563,-1
12_23-585,-1
12_23-602,-1
12_23-619,-1
12_23-649,-1
12_23-667,-1
12_23-696,-1
12_23-708,-1
12_23-744,-1
12_23-771,-1
12_23-809,-1
12_23-830,-1
12_25-65,-1
12_25-95,-1
12_25-120,-1
12_25-148,-1
12_25-171,-1
12_25-209,-1
12_25-221,-1
12_25-249,-1
12_25-275,-1
12_25-293,-1
12_25-321,-1
12_25-348,-1
12_25-395,-1
12_25-431,-1
12_25-452,-1
12_25-488,-1
12_25-525,-1
12_25-536,-1
12_25-570,-1
12_25-594,-1
12_25-609,-1
12_25-637,-1
12_25-661,-1
12_25-692,-1
12_25-716,-1
12_25-739,-1
12_25-755,-1
12_25-782,-1
12_25-809,-1
12_25-820,-1
12_28-72,-1
12_28-110,-1
12_28-163,-1
12_28-182,-1
12_28-219,-1
12_28-246,-1
12_28-260,-1
12_28-296,-1
12_28-328,-1
12_28-350,0
12_28-371,-1
12_28-390,-1
12_28-414,-1
12_28-468,-1
12_28-494,-1
12_28-515,-1
12_28-541,-1
12_28-555,-1
12_28-582,-1
12_28-604,-1
12_28-640,-1
12_28-661,0
12_28-684,-1
12_28-697,-1
12_28-750,-1
12_28-794,-1
12_28-824,-1
12_28-847,-1
12_30-59,-1
12_30-107,-1
12_30-151,-1
12_30-197,-1
12_30-237,-1
12_30-288,-1
12_30-321,-1
12_30-360,-1
12_30-412,-1
12_30-463,-1
12_30-532,-1
12_30-588,-1
12_30-623,-1
12_30-668,-1
12_30-723,-1
12_30-745,-1
12_30-768,-1
12_30-811,-1
12_30-843,-1
12_32-70,-1
12_32-97,-1
12_32-120,1
12_32-149,-1
12_32-172,-1
12_32-233,-1
12_32-247,-1
12_32-291,-1
12_32-308,-1
12_32-361,-1
12_32-381,-1
12_32-429,-1
12_32-451,-1
12_32-481,-1
12_32-505,-1
12_32-530,-1
12_32-556,-1
12_32-627,-1
12_32-655,-1
12_32-678,-1
12_32-696,-1
12_32-748,-1
12_32-758,-1
12_32-819,-1
12_33-50,-1
12_33-81,-1
12_33-142,-1
12_33-162,-1
12_33-190,-1
12_33-228,-1
12_33-255,-1
12_33-285,-1
12_33-343,-1
12_33-374,-1
12_33-398,-1
12_33-412,-1
12_33-448,-1
12_33-503,-1
12_33-555,-1
12_33-598,-1
12_33-653,-1
12_33-668,-1
12_33-699,1
12_33-729,-1
12_33-748,-1
12_33-779,-1
12_33-801,-1
12_33-836,-1
12_34-52,-1
12_34-76,-1
12_34-102,-1
12_34-130,-1
12_34-184,-1
12_34-212,-1
12_34-229,-1
12_34-282,-1
12_34-290,-1
12_34-319,-1
12_34-342,-1
12_34-364,-1
12_34-390,-1
12_34-413,-1
12_34-434,-1
12_34-468,-1
12_34-488,-1
12_34-510,-1
12_34-555,-1
12_34-574,-1
12_34-613,-1
12_34-638,-1
12_34-670,-1
12_34-741,-1
12_34-758,-1
12_34-779,-1
12_34-809,-1
12_36-59,-1
12_36-92,-1
12_36-133,-1
12_36-165,-1
12_36-188,1
12_36-235,-1
12_36-270,-1
12_36-317,-1
12_36-357,-1
12_36-388,-1
12_36-396,-1
12_36-408,-1
12_36-460,-1
12_36-504,-1
12_36-534,-1
12_36-563,-1
12_36-625,-1
12_36-670,-1
12_36-716,-1
12_36-743,-1
12_36-780,-1
12_36-813,-1
12_36-841,-1
