spike_key,video_id,roi_index,frame_index,cascade_peak_idx,prob_value,f_value,skew_contribution,spike_prob_value,max_second_derivative_raw,amplitude,relative_amplitude,rise_time,decay_time,fwhm,auc
04_2-1_0_90,2-1,0,90,87,0.2704081344435325,0.6751508116722107,0.002350884103007898,0.2704081344435325,0.17554450035095215,0.1419910490512848,0.26631988947042834,0.0,7.0,9.0,2.1841376423835754
04_2-1_0_157,2-1,0,157,153,0.3028315628766024,0.7370049357414246,0.005854283477076359,0.3028315628766024,0.22966086864471436,0.16793236136436462,0.29509832124346036,2.0,41.0,13.0,2.406743496656418
04_2-1_0_275,2-1,0,275,272,0.3263112187071975,0.532124936580658,0.006756718426345834,0.3263112187071975,0.33441975712776184,0.16212321817874908,0.4381688249421727,0.0,39.0,11.0,2.917791798710823
04_2-1_0_421,2-1,0,421,417,0.45881704465855666,0.4470910131931305,0.14372925967728345,0.45881704465855666,0.3914268910884857,0.3254215456545353,2.674636063080552,3.0,,13.0,8.139153089374304
04_2-1_0_582,2-1,0,582,577,0.43955772122213266,0.5401978492736816,0.09931261754882922,0.43955772122213266,0.15725764632225037,0.3596351221203804,1.9917461803456438,5.0,,15.0,6.91065227240324
04_2-1_0_653,2-1,0,653,651,0.17301174344110204,0.6158142685890198,0.010057128922872683,0.17301174344110204,0.1481163203716278,0.15322448313236237,0.3312318774637509,0.0,3.0,6.0,0.13829699158668518
04_2-1_0_734,2-1,0,734,730,0.40837424553021695,0.5764976739883423,0.0590717516838231,0.40837424553021695,0.27199482917785645,0.2925417870283127,1.030236739094237,2.0,,14.0,5.157775595784187
04_2-1_1_56,2-1,1,56,54,0.15742555854879453,0.9631803631782532,0.011574238943659493,0.15742555854879453,0.1757069230079651,0.12751704454421997,0.1525938038690726,0.0,1.0,6.0,-0.2168087661266327
04_2-1_1_158,2-1,1,158,153,0.3430149887536956,0.4419969618320465,0.055729121595745224,0.3430149887536956,0.22549688816070557,0.27725110203027725,1.6829017880259942,3.0,41.0,16.0,4.2930620685219765
04_2-1_1_232,2-1,1,232,227,0.294987397407785,0.3512677550315857,0.027379452100203896,0.294987397407785,0.14124950021505356,0.22945527359843254,1.8836762119844865,3.0,,17.0,4.181510226801038
04_2-1_1_270,2-1,1,270,266,0.34121401901609916,0.5929322242736816,0.2104914646836747,0.34121401901609916,0.17919933795928955,0.24577118456363678,0.7079457555747306,3.0,,12.0,3.7769448459148407
04_2-1_1_312,2-1,1,312,308,0.15065169438567416,0.7465083599090576,0.00913305371016667,0.15065169438567416,0.35581445693969727,0.03159400820732117,0.0441927178159409,0.0,1.0,4.0,-1.0890009701251984
04_2-1_1_356,2-1,1,356,351,0.2858683505433275,0.7008554935455322,0.022377723356882828,0.2858683505433275,0.223993718624115,0.122897207736969,0.2126402731038554,1.0,37.0,11.0,1.2586154341697693
04_2-1_1_407,2-1,1,407,403,0.19210148199797927,0.7603610754013062,0.007143018477282024,0.19210148199797927,0.34960243105888367,0.10028001666069031,0.15192076084112593,0.0,2.0,6.0,-0.6954651772975922
04_2-1_1_450,2-1,1,450,447,0.24323662883080494,0.6667025685310364,0.0029928805206947844,0.24323662883080494,0.2574930191040039,0.15821611881256104,0.3111511012735103,1.0,21.0,10.0,0.8833056688308716
04_2-1_1_477,2-1,1,477,473,0.2583209589790752,0.8437591195106506,0.0019645519204317128,0.2583209589790752,0.1992514729499817,0.2222881019115448,0.3576805605035259,1.0,4.0,7.0,2.2003051042556763
04_2-1_1_550,2-1,1,550,545,0.29560961076648873,0.6148257851600647,0.005110156882983768,0.29560961076648873,0.20664340257644653,0.28455935418605804,0.8616054418453871,3.0,,16.0,3.213736742734909
04_2-1_1_574,2-1,1,574,570,0.27529760268295506,0.7402216196060181,0.0035216499191370433,0.27529760268295506,0.17335811257362366,0.2008604109287262,0.3724042584028398,3.0,13.0,11.0,2.7814627289772034
04_2-1_1_624,2-1,1,624,619,0.13655280350936683,0.7148151993751526,0.012065467587371564,0.13655280350936683,0.17340689897537231,0.004639327526092529,0.006532645940241922,0.0,1.0,3.0,-0.5592314302921295
04_2-1_1_657,2-1,1,657,652,0.18451168157275605,0.7797868847846985,0.0006836703945651262,0.18451168157275605,0.2618206739425659,0.1531861424446106,0.24447169001512087,1.0,1.0,2.0,0.37595173716545105
04_2-1_1_692,2-1,1,692,688,0.24717542540643447,0.7150660157203674,0.006733012487972022,0.24717542540643447,0.17664039134979248,0.09803515672683716,0.1588820968966563,0.0,10.0,6.0,0.40634775161743164
04_2-1_1_714,2-1,1,714,717,0.1840008881202729,0.8047036528587341,0.004009929593997215,0.1840008881202729,0.18322348594665527,0.12779131531715393,0.18878561998333232,0.0,6.0,5.0,1.3725993037223816
04_2-1_1_752,2-1,1,752,749,0.1467309826026943,0.774837851524353,0.007683226475462166,0.1467309826026943,0.17547130584716797,0.010334372520446777,0.013517757347437752,0.0,2.0,2.0,-0.14255905151367188
04_2-1_1_806,2-1,1,806,801,0.25832392023366646,0.7293227910995483,0.00087982660744327,0.25832392023366646,0.2149313986301422,0.22090396285057068,0.434492097020435,1.0,13.0,8.0,0.8084825277328491
04_2-1_2_53,2-1,2,53,49,0.2714552211491068,0.6287802457809448,0.0069523396130072865,0.2714552211491068,0.1537381112575531,0.21956053376197815,0.5365345981959976,1.0,2.0,4.0,1.8930504620075226
04_2-1_2_84,2-1,2,84,79,0.2779180042193263,0.8696619272232056,0.03502127021338187,0.2779180042193263,0.41519081592559814,0.31272071599960327,0.5614968145606508,1.0,1.0,9.0,2.4431068003177643
04_2-1_2_125,2-1,2,125,121,0.1732214077919757,0.812760591506958,0.030923362659378933,0.1732214077919757,0.37010806798934937,0.21047130227088928,0.3494521752791698,0.0,1.0,5.0,-0.8633010536432266
04_2-1_2_165,2-1,2,165,165,0.2707031069901215,0.7551983594894409,0.01577596398608956,0.2707031069901215,0.5510029196739197,0.27280740439891815,0.5655317570117472,0.0,1.0,6.0,1.7557289749383926
04_2-1_2_232,2-1,2,232,229,0.15209119230249613,0.5982644557952881,0.001863486137084822,0.15209119230249613,0.4908881187438965,0.14114044606685638,0.30875745544563526,0.0,1.0,8.0,0.11191125214099884
04_2-1_2_295,2-1,2,295,290,0.2899813029466902,0.8305658102035522,0.05181423706637223,0.2899813029466902,0.48360587656497955,0.47319483757019043,1.3240998116980698,2.0,11.0,7.0,3.5194111987948418
04_2-1_2_345,2-1,2,345,342,0.23515377950846086,0.7080181837081909,0.007840973774630325,0.23515377950846086,0.2442907691001892,0.19543865323066711,0.3812845453438117,0.0,7.0,4.0,2.664444386959076
04_2-1_2_385,2-1,2,385,387,0.21645682169767122,0.6967355012893677,0.015471687201855698,0.21645682169767122,0.5826008915901184,0.08115118741989136,0.13182790008047218,0.0,2.0,1.0,-1.6474203169345856
04_2-1_2_491,2-1,2,491,487,0.37550057643624724,0.52277010679245,0.18173536824371994,0.37550057643624724,0.2582442909479141,0.27196459472179413,1.0843645040990066,4.0,44.0,10.0,5.1424695362802595
04_2-1_2_508,2-1,2,508,510,0.11881090997167087,0.6837435960769653,0.004677747268740637,0.11881090997167087,0.31317418813705444,0.22350651025772095,0.48563342056598613,0.0,1.0,10.0,3.9544827938079834
04_2-1_2_542,2-1,2,542,537,0.27323446642926263,0.8475369215011597,0.016649214884388433,0.27323446642926263,0.3991290330886841,0.2901918292045593,0.5206681340079495,0.0,1.0,6.0,0.95850770175457
04_2-1_2_606,2-1,2,606,601,0.08585123333128938,0.522078275680542,0.01128016120743213,0.08585123333128938,0.41595081984996796,0.1346883624792099,0.34768164551876296,0.0,1.0,2.0,-1.6147359535098076
04_2-1_2_637,2-1,2,637,635,0.17480784073764355,0.4697452485561371,0.0028293716861330152,0.17480784073764355,0.2046235203742981,0.1744951754808426,0.59100806873075,1.0,3.0,8.0,1.5197367146611214
04_2-1_2_670,2-1,2,670,669,0.22481335627468857,0.6626378893852234,0.00013834796979603212,0.22481335627468857,0.5147034525871277,0.2835659831762314,0.7480532810044072,0.0,1.0,10.0,1.8668056577444077
04_2-1_2_697,2-1,2,697,698,0.13629903678457628,0.544887900352478,0.04166853496615145,0.13629903678457628,0.5084019303321838,0.09303046762943268,0.20588455758888305,0.0,1.0,3.0,-0.37791942059993744
04_2-1_2_721,2-1,2,721,717,0.28453757838709426,0.8033807277679443,0.0038161143610646623,0.28453757838709426,0.3058598041534424,0.3673306703567505,0.8424048205327005,2.0,1.0,8.0,2.8186808973550797
04_2-1_2_746,2-1,2,746,742,0.11696934339987775,0.6896895170211792,0.03584779773467217,0.11696934339987775,0.5540639460086823,0.12451857328414917,0.22032019632999172,0.0,1.0,1.0,-0.6015081852674484
04_2-1_2_854,2-1,2,854,849,0.3563088186069273,0.5489574670791626,0.02044503473391357,0.3563088186069273,0.39127087593078613,0.3597486540675163,1.901331382726728,4.0,39.0,11.0,5.5612583458423615
04_2-1_3_127,2-1,3,127,123,0.31806887769860626,0.607479989528656,0.031177614201614225,0.31806887769860626,0.09743626415729523,0.30304981768131256,0.995465777397639,3.0,,14.0,3.180875062942505
04_2-1_3_213,2-1,3,213,210,0.3230527282233314,0.4844028353691101,0.009120820668203997,0.3230527282233314,0.39831051230430603,0.21924802660942078,0.826868000753952,2.0,,13.0,3.6671162992715836
04_2-1_3_254,2-1,3,254,249,0.3070561358848115,0.8373176455497742,0.002121492175202994,0.3070561358848115,0.20984888076782227,0.31398698687553406,0.5999782005337908,2.0,,7.0,3.4380918741226196
04_2-1_3_293,2-1,3,293,288,0.1673358650034188,0.7803636193275452,0.0035775995650902965,0.1673358650034188,0.09526073932647705,0.0927731990814209,0.13492508963142993,1.0,6.0,3.0,0.205030620098114
04_2-1_3_320,2-1,3,320,316,0.16125622903901943,0.7861801981925964,0.009995348469403054,0.16125622903901943,0.3668082356452942,0.0837840735912323,0.11928322303711865,0.0,5.0,6.0,-0.09102138876914978
04_2-1_3_435,2-1,3,435,430,0.39171657944041627,0.49878159165382385,0.07785128337100769,0.39171657944041627,0.26060208678245544,0.2957909405231476,1.4571653368052435,4.0,,15.0,5.800713948905468
04_2-1_3_523,2-1,3,523,518,0.295363225403448,0.5184895396232605,0.0017040021394900654,0.295363225403448,0.21569353342056274,0.19703997671604156,0.6129732295604766,4.0,37.0,12.0,3.3183970749378204
04_2-1_3_566,2-1,3,566,561,0.3014475481919401,0.7499275207519531,4.916179874098933e-05,0.3014475481919401,0.33525288105010986,0.25075550377368927,0.5023428702827472,1.0,26.0,8.0,2.237236335873604
04_2-1_3_637,2-1,3,637,632,0.30899753278123804,0.611224889755249,0.05448081742363346,0.30899753278123804,0.39299237728118896,0.17727719247341156,0.4085220260041494,3.0,,12.0,4.350872337818146
04_2-1_3_725,2-1,3,725,723,0.17740141826078315,0.6853511333465576,0.007220323043696302,0.17740141826078315,0.3359524607658386,0.05647873878479004,0.08980953731344415,0.0,2.0,4.0,0.3526936173439026
04_2-1_3_854,2-1,3,854,849,0.3333514515711614,0.3763837516307831,0.032975178489463304,0.3333514515711614,0.20417122542858124,0.23903417587280273,1.740334286099273,4.0,,16.0,4.766002915799618
04_2-1_7_110,2-1,7,110,115,0.3274277368318714,0.683783233165741,0.18602232223689488,0.3274277368318714,0.42437826097011566,0.43065984547138214,1.701383066156632,4.0,,9.0,5.3251179456710815
04_2-1_7_161,2-1,7,161,159,0.07138383450429671,0.6716924905776978,0.01865982353524789,0.07138383450429671,0.13605093955993652,-0.02003347873687744,-0.02896158251327246,0.0,0.0,2.0,-2.930787682533264
04_2-1_7_264,2-1,7,264,259,0.38919125598425164,0.5432550311088562,0.16988361979158084,0.38919125598425164,0.4474746733903885,0.29589229822158813,1.1961878605070098,4.0,,17.0,6.344685904681683
04_2-1_7_297,2-1,7,297,293,0.2806389232699609,0.8392685055732727,0.01300689620690343,0.2806389232699609,0.5273102819919586,0.2383269965648651,0.3965893402140253,1.0,10.0,8.0,1.9429331719875336
04_2-1_7_435,2-1,7,435,430,0.20646911224682118,0.47246602177619934,0.002912127601060594,0.20646911224682118,0.4616663157939911,0.16440360248088837,0.5336697765893016,3.0,8.0,4.0,1.2312028110027313
04_2-1_7_548,2-1,7,548,546,0.3632964250755496,0.49542081356048584,0.07277200424742178,0.3632964250755496,0.2541482746601105,0.23652151972055435,0.9135657197535172,2.0,,9.0,4.491531029343605
04_2-1_7_590,2-1,7,590,587,0.3383262385368395,0.7202078700065613,0.03851123604821879,0.3383262385368395,0.415249228477478,0.19700130820274353,0.3765268300985327,0.0,2.0,9.0,3.7001222670078278
04_2-1_7_860,2-1,7,860,855,0.3270097368545608,0.5249595046043396,0.0412392703189778,0.3270097368545608,0.3429790437221527,0.3058643862605095,1.3960346929341927,4.0,,13.0,5.528280235826969
04_2-1_9_68,2-1,9,68,63,0.5092897109276295,0.6576102375984192,0.1165335801733754,0.5092897109276295,0.16767480969429016,0.45352213084697723,2.2221879464995964,4.0,,15.0,9.579609461128712
04_2-1_9_288,2-1,9,288,283,0.4781998354510616,0.6444408297538757,0.04563085760605561,0.4781998354510616,0.18760372698307037,0.4506490081548691,2.325428413007802,3.0,,16.0,8.85238977521658
04_2-1_9_356,2-1,9,356,351,0.369708439555668,0.8029100298881531,0.001874361768113412,0.369708439555668,0.23657816648483276,0.2326323390007019,0.407928177303737,2.0,,15.0,3.753721386194229
04_2-1_9_498,2-1,9,498,493,0.4092810778273984,0.6308984756469727,0.006395676959316689,0.4092810778273984,0.20769119262695312,0.2823740541934967,0.8101987602931591,2.0,,15.0,6.410448908805847
04_2-1_9_593,2-1,9,593,589,0.3415686839920633,0.7677395939826965,0.0008881548287215623,0.3415686839920633,0.11164870858192444,0.2968323528766632,0.6303414493679999,2.0,,15.0,4.437863394618034
04_2-1_9_839,2-1,9,839,834,0.4079332882236426,0.4595297574996948,0.008321021934651252,0.4079332882236426,0.23834706842899323,0.3517545312643051,3.263779103520925,3.0,,16.0,7.435544099658728
04_2-1_12_70,2-1,12,70,65,0.37450370260195354,0.6984894275665283,0.05037815532516531,0.37450370260195354,0.33195698261260986,0.18748050928115845,0.3668830475801228,3.0,32.0,12.0,4.424035161733627
04_2-1_12_122,2-1,12,122,117,0.2821479253906264,0.7671135067939758,0.0033173499711062087,0.2821479253906264,0.21675637364387512,0.15756574273109436,0.25849613766254376,0.0,12.0,8.0,0.7135069668292999
04_2-1_12_177,2-1,12,177,172,0.2781651506267823,0.7051302790641785,0.008401620540946309,0.2781651506267823,0.19543510675430298,0.23779898881912231,0.5088445686879361,2.0,11.0,10.0,1.551535651087761
04_2-1_12_216,2-1,12,216,212,0.3278611801695836,0.9074196219444275,0.016032357837343327,0.3278611801695836,0.33787769079208374,0.37789085507392883,0.7136361208612971,1.0,45.0,14.0,3.6200964748859406
04_2-1_12_314,2-1,12,314,310,0.3972864492119309,0.5973132848739624,0.04377139106888339,0.3972864492119309,0.22304099798202515,0.32120080292224884,1.1632969312065375,3.0,,13.0,5.213863871991634
04_2-1_12_415,2-1,12,415,410,0.35883904728795113,0.5896015167236328,0.025612769628081077,0.35883904728795113,0.37698460556566715,0.4621993750333786,3.6278775921765773,3.0,,16.0,6.260559653863311
04_2-1_12_438,2-1,12,438,436,0.25944985293664735,0.5340410470962524,0.016957912908508378,0.25944985293664735,0.14897587895393372,0.12064999341964722,0.29185438907449457,2.0,2.0,9.0,2.4707889556884766
04_2-1_12_478,2-1,12,478,473,0.24584508270148303,0.6133743524551392,0.024151455570788002,0.24584508270148303,0.17572402954101562,0.09551748633384705,0.1844476583834171,1.0,15.0,11.0,2.086160361766815
04_2-1_12_508,2-1,12,508,506,0.21502068956981993,0.6364606618881226,0.006038335615116605,0.21502068956981993,0.18051713705062866,0.045976459980010986,0.0778623032274886,0.0,1.0,3.0,-0.9710569381713867
04_2-1_12_532,2-1,12,532,528,0.20805811294456938,0.7872107028961182,0.0017057360405310605,0.20805811294456938,0.33549147844314575,0.1848541498184204,0.30688493197910993,0.0,13.0,5.0,1.7541908919811249
04_2-1_12_563,2-1,12,563,558,0.19402227584291765,0.8352099061012268,0.00600164940959282,0.19402227584291765,0.14653736352920532,0.1537725031375885,0.2256590296758246,0.0,1.0,5.0,0.12982264161109924
04_2-1_12_602,2-1,12,602,598,0.22762648618475737,0.6776869297027588,0.004318615789689251,0.22762648618475737,0.299641489982605,0.08849728107452393,0.1502016902037661,1.0,6.0,6.0,0.27643442153930664
04_2-1_12_699,2-1,12,699,695,0.3267203828766547,0.7679100632667542,0.04836455188006992,0.3267203828766547,0.23006993532180786,0.36906783282756805,0.9253479312387961,10.0,42.0,15.0,7.976544111967087
04_2-1_12_782,2-1,12,782,777,0.3229510193467292,0.6290634274482727,0.021587085817433252,0.3229510193467292,0.15169836580753326,0.2690102756023407,0.747140454744446,2.0,25.0,14.0,2.3530308306217194
04_2-1_13_56,2-1,13,56,51,0.16908376440098793,0.8381752371788025,0.009324390128194294,0.16908376440098793,0.5081338882446289,0.15652966499328613,0.2296349765632822,1.0,1.0,2.0,-1.2462422549724579
04_2-1_13_106,2-1,13,106,103,0.30879446126108007,0.6966902613639832,0.0038226804212578096,0.30879446126108007,0.28206971287727356,0.13204056024551392,0.23384509012218616,0.0,30.0,5.0,2.303074210882187
04_2-1_13_148,2-1,13,148,143,0.1824836385245897,0.8170633316040039,0.009322545788700766,0.1824836385245897,0.27431702613830566,0.10877907276153564,0.15358109601265266,1.0,5.0,7.0,-0.33550137281417847
04_2-1_13_214,2-1,13,214,209,0.1516493269472826,0.7092153429985046,0.01180872416776913,0.1516493269472826,0.4996836483478546,0.2089678794145584,0.4177290133915724,0.0,1.0,5.0,0.07233165204524994
04_2-1_13_244,2-1,13,244,239,0.24549822023741041,0.6801713705062866,0.012563471013258545,0.24549822023741041,0.2982039153575897,0.15055271983146667,0.28426627279767835,3.0,4.0,10.0,2.2316000163555145
04_2-1_13_312,2-1,13,312,307,0.22040190465769405,0.6999288201332092,0.0012374715391676812,0.22040190465769405,0.2710079848766327,0.24337038397789001,0.5330541825649159,2.0,4.0,11.0,2.188437193632126
04_2-1_13_356,2-1,13,356,351,0.31009490032506565,0.7511687278747559,0.05565560974112928,0.31009490032506565,0.45458531379699707,0.2523632198572159,0.5059351105808996,3.0,12.0,11.0,1.926501527428627
04_2-1_13_396,2-1,13,396,392,0.19341011669782138,0.8645042777061462,0.014075265586930385,0.19341011669782138,0.402394562959671,0.21309468150138855,0.32712855742826125,1.0,1.0,4.0,-1.0020190179347992
04_2-1_13_514,2-1,13,514,509,0.2936468160778453,0.3235361576080322,0.17445457271476736,0.2936468160778453,0.40887215733528137,0.17505870014429092,1.179025443556244,6.0,46.0,10.0,4.568963986821473
04_2-1_13_583,2-1,13,583,580,0.34630498032658397,0.6072997450828552,0.05443990528202865,0.34630498032658397,0.20355252921581268,0.3648574575781822,1.5049249919783474,0.0,20.0,13.0,4.555310331285
04_2-1_13_634,2-1,13,634,630,0.31963573603062884,0.6819696426391602,0.08543720547961375,0.31963573603062884,0.37667495012283325,0.22402024269104004,0.48918121241433815,3.0,1.0,9.0,2.74595145881176
04_2-1_13_711,2-1,13,711,706,0.22310343954633105,0.7692079544067383,0.00454709648128866,0.22310343954633105,0.2529231905937195,0.2913192957639694,0.6095965880239403,1.0,4.0,5.0,1.3726847916841507
04_2-1_13_753,2-1,13,753,748,0.16212443348945457,0.734627902507782,0.01732569164699213,0.16212443348945457,0.23061102628707886,0.22275584936141968,0.43517876780376974,1.0,1.0,7.0,1.1359378695487976
04_2-1_13_805,2-1,13,805,800,0.29127431357241146,0.5965951681137085,0.13435528490312723,0.29127431357241146,0.18468165397644043,0.18002638220787048,0.43216483879462825,2.0,23.0,6.0,2.2374329566955566
04_2-1_15_294,2-1,15,294,289,0.4943963087568136,0.5475853085517883,0.16513475000564695,0.4943963087568136,0.41847673058509827,0.4476001560688019,4.476666234468821,5.0,,15.0,9.462110459804535
04_2-1_15_373,2-1,15,373,368,0.3412571211632943,0.8649610877037048,0.003170912819236659,0.3412571211632943,0.5475548505783081,0.28951311111450195,0.5031090956831668,2.0,,13.0,3.093204081058502
04_2-1_15_480,2-1,15,480,476,0.35779940067630045,0.7320793867111206,0.0036936706673557505,0.35779940067630045,0.31923091411590576,0.23784920573234558,0.48125188401345353,2.0,,11.0,3.319634437561035
04_2-1_15_585,2-1,15,585,580,0.3797874828573667,0.7152621746063232,0.04907229627379274,0.3797874828573667,0.1835143268108368,0.2578333020210266,0.5636576907876503,4.0,,10.0,4.757186993956566
04_2-1_15_756,2-1,15,756,751,0.4670218490432797,0.7195534110069275,0.11629327149987805,0.4670218490432797,0.15754155814647675,0.4570374935865402,1.7409896438951942,4.0,,15.0,7.7070315554738045
04_2-1_17_73,2-1,17,73,68,0.5173880559091408,0.6396922469139099,0.041856871298073715,0.5173880559091408,0.14248092472553253,0.39776133745908737,1.6441112810075396,4.0,,15.0,9.417459800839424
04_2-1_17_169,2-1,17,169,164,0.40597850406359776,0.6192761659622192,0.011180485374471227,0.40597850406359776,0.3097151815891266,0.27156825363636017,0.7810240837483629,4.0,49.0,15.0,5.755682200193405
04_2-1_17_281,2-1,17,281,276,0.5219420659366917,0.6723875999450684,0.040419914559911806,0.5219420659366917,0.1516234278678894,0.42095547914505005,1.6742311117833095,5.0,,15.0,9.997196346521378
04_2-1_17_358,2-1,17,358,353,0.30287466181477823,0.8211358189582825,0.004754005352709592,0.30287466181477823,0.2604384422302246,0.21888518333435059,0.36344533386433947,0.0,33.0,12.0,2.9035578966140747
04_2-1_17_495,2-1,17,495,490,0.5185922484821107,0.6541262269020081,0.05678562635733076,0.5185922484821107,0.1637694388628006,0.45071855187416077,2.2158384722329463,5.0,,15.0,9.035303711891174
04_2-1_17_587,2-1,17,587,583,0.43985525159970545,0.6736330986022949,0.010319349497213566,0.43985525159970545,0.18505609035491943,0.28582707047462463,0.7370361720641615,1.0,,14.0,5.429568022489548
04_2-1_17_837,2-1,17,837,833,0.4861814299761734,0.7060983777046204,0.03588973936158561,0.4861814299761734,0.10605128854513168,0.6344491094350815,8.854927967279918,4.0,,15.0,10.918681621551514
04_2-1_20_67,2-1,20,67,65,0.2864590879776775,0.7157544493675232,0.10264512277886818,0.2864590879776775,0.26557457447052,0.16330599784851074,0.2956040466752772,0.0,2.0,7.0,1.8246742188930511
04_2-1_20_105,2-1,20,105,100,0.30065648661754896,0.8886578679084778,0.016318775285285636,0.30065648661754896,0.19298183917999268,0.25771820545196533,0.40846727632965785,1.0,15.0,10.0,2.7140352725982666
04_2-1_20_148,2-1,20,148,144,0.16980021124496736,0.8243085145950317,0.01498944768935416,0.16980021124496736,0.1514294147491455,0.17366325855255127,0.2669092826540379,1.0,2.0,2.0,-0.09899359941482544
04_2-1_20_199,2-1,20,199,196,0.15550277053947203,0.5450600981712341,0.060707675541428974,0.15550277053947203,0.21731770038604736,0.1133657693862915,0.26260657559568495,0.0,2.0,5.0,-0.38205786049366
04_2-1_20_235,2-1,20,235,230,0.2707008730726128,0.5193033218383789,0.05789631635375625,0.2707008730726128,0.16610011458396912,0.16992580890655518,0.4863673322321517,1.0,17.0,7.0,2.299091011285782
04_2-1_20_259,2-1,20,259,255,0.19262266730766714,0.711860179901123,0.004670817101947079,0.19262266730766714,0.19805249571800232,0.22947809100151062,0.47571851501573237,1.0,1.0,7.0,1.376810908317566
04_2-1_20_292,2-1,20,292,287,0.2626465301477613,0.8046692609786987,0.0082617654170448,0.2626465301477613,0.32773828506469727,0.22217696905136108,0.3814247366539853,2.0,14.0,11.0,2.563110113143921
04_2-1_20_319,2-1,20,319,315,0.15103835354098774,0.8608859777450562,0.004072033909141285,0.15103835354098774,0.354391872882843,0.13548198342323303,0.1867676280854981,0.0,4.0,6.0,-0.4624515473842621
04_2-1_20_354,2-1,20,354,349,0.22760112140911123,0.8162672519683838,0.011199660733867077,0.22760112140911123,0.20255672931671143,0.1376328468322754,0.20280853105977062,1.0,6.0,6.0,0.5581624507904053
04_2-1_20_438,2-1,20,438,433,0.15753542396373282,0.6203489899635315,0.016429249358940676,0.15753542396373282,0.38049447536468506,0.07199731469154358,0.13129770170909424,0.0,1.0,4.0,-0.3309793770313263
04_2-1_20_461,2-1,20,461,456,0.24256515108329169,0.8157904744148254,0.0008382092475033566,0.24256515108329169,0.4237474203109741,0.27676430344581604,0.5134524413689892,2.0,5.0,11.0,1.6460029482841492
04_2-1_20_499,2-1,20,499,494,0.20779665933113853,0.7296856641769409,0.0012594973368479435,0.20779665933113853,0.407748281955719,0.1326727271080017,0.2222275580146792,0.0,1.0,5.0,0.33169451355934143
04_2-1_20_532,2-1,20,532,529,0.22487952035910333,0.6597183346748352,0.03422358371263209,0.22487952035910333,0.18189555406570435,0.09751877188682556,0.17345935205502333,0.0,4.0,6.0,0.23875191807746887
04_2-1_20_589,2-1,20,589,586,0.1823362877224075,0.6870375871658325,0.0032566034328763054,0.1823362877224075,0.24978694319725037,0.171533465385437,0.3327489696746017,0.0,2.0,13.0,1.9330700486898422
04_2-1_20_672,2-1,20,672,668,0.2555483050993615,0.3401392996311188,0.02319496165897804,0.2555483050993615,0.2095436230301857,0.15414679050445557,0.8287795633719833,1.0,21.0,8.0,2.190840717870742
04_2-1_20_707,2-1,20,707,703,0.282317561590831,0.6119954586029053,0.06400021653676553,0.282317561590831,0.3488127291202545,0.294964075088501,0.9303939307797245,0.0,26.0,10.0,2.2015546709299088
04_2-1_20_746,2-1,20,746,741,0.23071782970028237,0.7982898950576782,0.024365743951417645,0.23071782970028237,0.5431634187698364,0.3261518031358719,0.6907974779334006,2.0,1.0,3.0,0.09730280935764313
04_2-1_20_807,2-1,20,807,803,0.2895520243985041,0.5410625338554382,0.08587860413672493,0.2895520243985041,0.29051946103572845,0.2926962375640869,1.178486138959585,2.0,23.0,8.0,3.2396481186151505
04_2-1_20_844,2-1,20,844,839,0.2671688187759822,0.6432836055755615,0.012774154106213884,0.2671688187759822,0.2237090766429901,0.21580979228019714,0.5048491523177414,2.0,21.0,5.0,2.052628591656685
04_2-1_21_67,2-1,21,67,62,0.29987401903173794,0.7043403387069702,0.04114519858108222,0.29987401903173794,0.06969252228736877,0.16837966442108154,0.31416421483801915,2.0,30.0,12.0,2.9046458154916763
04_2-1_21_104,2-1,21,104,100,0.23600159134604592,0.7616010308265686,0.0056652263793707065,0.23600159134604592,0.15380221605300903,0.08995550870895386,0.13393301339274225,0.0,1.0,4.0,0.5305657684803009
04_2-1_21_234,2-1,21,234,230,0.3463040748808808,0.3887002170085907,0.03319595276490555,0.3463040748808808,0.10395441949367523,0.31569401174783707,4.3242079302750245,3.0,,15.0,5.542498352006078
04_2-1_21_261,2-1,21,261,257,0.31295456134020516,0.6278971433639526,0.00454273784300476,0.31295456134020516,0.1631367802619934,0.20909616351127625,0.49927333881795355,1.0,,16.0,4.02253645658493
04_2-1_21_291,2-1,21,291,287,0.23003618256824843,0.8378037810325623,0.0007512153212465246,0.23003618256824843,0.22515106201171875,0.16854959726333618,0.2518469086200825,1.0,18.0,8.0,1.4554693102836609
04_2-1_21_321,2-1,21,321,318,0.21801954972318593,0.8732832670211792,0.0012991119761865326,0.21801954972318593,0.12328201532363892,0.11649337410926819,0.1539309327467826,0.0,1.0,2.0,0.8985848426818848
04_2-1_21_351,2-1,21,351,347,0.15755648553827983,0.8793591856956482,0.0007417084816841114,0.15755648553827983,0.25835925340652466,0.04919591546058655,0.05926053009627452,0.0,2.0,6.0,-0.1404297947883606
04_2-1_21_406,2-1,21,406,401,0.17199194848190208,0.8682135343551636,0.0032133471313499046,0.17199194848190208,0.17199677228927612,0.10622596740722656,0.13940643130530828,0.0,18.0,10.0,0.86932373046875
04_2-1_21_434,2-1,21,434,430,0.1803970991300209,0.8558131456375122,0.008811371860697118,0.1803970991300209,0.18826502561569214,0.051770031452178955,0.06438713364846488,0.0,1.0,5.0,0.29117119312286377
04_2-1_21_459,2-1,21,459,456,0.14065102759537373,0.8503329157829285,0.0018498814726378115,0.14065102759537373,0.24999749660491943,0.0396268367767334,0.04887941240715747,0.0,1.0,4.0,0.4514729380607605
04_2-1_21_501,2-1,21,501,496,0.16104923732843845,0.8732101321220398,0.0027799401217651174,0.16104923732843845,0.10493475198745728,0.10376617312431335,0.13485864943234932,0.0,5.0,6.0,-0.3028559386730194
04_2-1_21_529,2-1,21,529,533,0.17180910941499322,0.7882715463638306,0.002601872640742167,0.17180910941499322,0.11973649263381958,0.014847725629806519,0.019197398931565315,0.0,1.0,1.0,-0.6802704036235809
04_2-1_21_608,2-1,21,608,603,0.3204172561674765,0.6427182555198669,0.006852679048058694,0.3204172561674765,0.14681416749954224,0.2660377472639084,0.7062689505641551,3.0,32.0,13.0,3.2987643480300903
04_2-1_21_673,2-1,21,673,669,0.28640004953712694,0.5448770523071289,0.006891697744248399,0.28640004953712694,0.11745423078536987,0.19923420250415802,0.5764163865033772,2.0,31.0,14.0,2.764443948864937
04_2-1_21_711,2-1,21,711,706,0.33981093626049697,0.7307551503181458,0.010063823133408525,0.33981093626049697,0.15432044863700867,0.21769744157791138,0.4243137523699766,3.0,38.0,14.0,2.852519780397415
04_2-1_21_773,2-1,21,773,770,0.25155180378443404,0.5995911955833435,0.012506883085691846,0.25155180378443404,0.14377406239509583,0.11024975776672363,0.22530231295891112,1.0,23.0,11.0,1.0169252157211304
04_2-1_21_806,2-1,21,806,803,0.23176571143563807,0.6537125110626221,0.009494543910756145,0.23176571143563807,0.13058990240097046,0.08117648959159851,0.1417840739225993,0.0,2.0,7.0,0.39861157536506653
04_2-1_21_842,2-1,21,842,838,0.1871908117208379,0.6581612825393677,0.00296816865117221,0.1871908117208379,0.22219514846801758,0.05602002143859863,0.0930346831509087,0.0,13.0,2.0,0.23469170928001404
04_2-1_25_69,2-1,25,69,64,0.2476131010979869,0.5568633675575256,0.005105680031902453,0.2476131010979869,0.4292058050632477,0.1775413602590561,0.46804919525630806,1.0,3.0,8.0,1.7040975838899612
04_2-1_25_121,2-1,25,121,116,0.2900968511482858,0.5853792428970337,0.04564740054311197,0.2900968511482858,0.26936283707618713,0.17104268074035645,0.4128109762992105,3.0,3.0,9.0,2.1458381563425064
04_2-1_25_209,2-1,25,209,207,0.2901283389083756,0.4671158194541931,0.031646273737773276,0.2901283389083756,0.43314385414123535,0.16298086941242218,0.5358833944932597,0.0,1.0,7.0,1.3750368803739548
04_2-1_25_250,2-1,25,250,246,0.257506008611379,0.6570897102355957,0.03939469058133155,0.257506008611379,0.5149756073951721,0.19945724308490753,0.4358459187276822,1.0,4.0,9.0,1.7985632866621017
04_2-1_25_279,2-1,25,279,274,0.11632040574824709,0.8495316505432129,0.007035467831819679,0.11632040574824709,0.32153433561325073,0.2772846221923828,0.48455406224038383,0.0,1.0,1.0,-1.0457565188407898
04_2-1_25_351,2-1,25,351,348,0.18170084161789937,0.869940996170044,0.0069286901290007575,0.18170084161789937,0.4720541536808014,0.4521006792783737,1.0819939125108071,0.0,2.0,1.0,1.4921454340219498
04_2-1_25_388,2-1,25,388,383,0.23427508537666408,0.8197423219680786,0.023704666294106412,0.23427508537666408,0.5697422325611115,0.32046355307102203,0.6418529547710381,2.0,4.0,7.0,1.8297401368618011
04_2-1_25_486,2-1,25,486,489,0.22264027113033724,0.6184208393096924,0.019041682498603663,0.22264027113033724,0.6567281484603882,0.24196039140224457,0.642724601607365,1.0,1.0,8.0,1.4128340631723404
04_2-1_25_572,2-1,25,572,567,0.3299595198300807,0.7234110832214355,0.06844340860779757,0.3299595198300807,0.35012925416231155,0.42870597541332245,1.4546947577592015,3.0,34.0,14.0,4.0051668882369995
04_2-1_25_641,2-1,25,641,636,0.26874748295117734,0.5917373895645142,0.007696133665115029,0.26874748295117734,0.29746708273887634,0.1497347056865692,0.3387642454404578,0.0,8.0,4.0,1.9893517792224884
04_2-1_25_657,2-1,25,657,657,0.21615614026397256,0.7127311825752258,0.01470525717958223,0.21615614026397256,0.41621267795562744,0.22339455783367157,0.4565253172121719,0.0,2.0,6.0,3.6186323314905167
04_2-1_25_711,2-1,25,711,714,0.2402201509461585,0.6637482047080994,0.004256373826028993,0.2402201509461585,0.5812592804431915,0.08673399686813354,0.15031518407981578,0.0,1.0,3.0,-0.7054059654474258
04_2-1_25_743,2-1,25,743,738,0.2254669858362679,0.9502642154693604,0.03368744384806429,0.2254669858362679,0.4702644348144531,0.3613540232181549,0.6135978422054814,1.0,10.0,6.0,2.489094704389572
04_2-1_25_785,2-1,25,785,781,0.07271391407258765,0.6333546042442322,0.02471372871574777,0.07271391407258765,0.4896271228790283,0.057373642921447754,0.09961031140627424,0.0,2.0,1.0,-2.1870546638965607
04_2-1_28_111,2-1,28,111,107,0.27934459057741434,0.8052006959915161,0.17690241291480222,0.27934459057741434,0.3147045373916626,0.20032060146331787,0.33117406784491127,0.0,29.0,5.0,1.9977887272834778
04_2-1_28_157,2-1,28,157,160,0.10622566097169084,0.7288771271705627,0.01835543883198674,0.10622566097169084,0.29209989309310913,0.06916269659996033,0.10483732565943706,0.0,1.0,8.0,-1.6057533919811249
04_2-1_28_178,2-1,28,178,180,0.09906295182237973,0.6457824110984802,0.020616740932456447,0.09906295182237973,0.18043380975723267,0.07864689826965332,0.13867390859967282,0.0,1.0,4.0,-0.033671438694000244
04_2-1_28_248,2-1,28,248,243,0.09779750799910386,0.5560781359672546,0.00521304816790707,0.09779750799910386,0.2964456081390381,0.15151318907737732,0.37450893915092265,0.0,1.0,8.0,0.03678762912750244
04_2-1_28_297,2-1,28,297,293,0.18158038006092167,0.5595394372940063,0.00012509138355403066,0.18158038006092167,0.24985083937644958,0.13988469541072845,0.33333281254721475,3.0,1.0,8.0,0.7182380557060242
04_2-1_28_388,2-1,28,388,386,0.11172155258140698,0.4805789291858673,0.010120366522865876,0.11172155258140698,0.46817123889923096,0.06831769645214081,0.16571457859164315,0.0,1.0,6.0,-0.4665587395429611
04_2-1_28_467,2-1,28,467,464,0.20346423599311075,0.4067254960536957,0.022768434114408313,0.20346423599311075,0.24743208289146423,0.1409592181444168,0.5303879004263069,0.0,14.0,2.0,1.4920543804764748
04_2-1_28_686,2-1,28,686,681,0.09734166618678136,0.2900000810623169,0.021743109323027816,0.09734166618678136,0.21207445859909058,0.1401006579399109,0.9346310680962824,2.0,3.0,11.0,1.0245615653693676
04_2-1_28_755,2-1,28,755,750,0.11976348753541052,0.560534656047821,0.004879346833420859,0.11976348753541052,0.5050806328654289,0.36042875051498413,1.8011899726559475,1.0,2.0,3.0,1.2346957698464394
04_2-1_28_794,2-1,28,794,791,0.17095199974543168,0.3780502676963806,0.06484964191936576,0.17095199974543168,0.2255285680294037,0.14189036190509796,0.6008232491018192,0.0,7.0,7.0,1.8647562637925148
04_2-1_28_825,2-1,28,825,821,0.18338786769016008,0.5114187002182007,0.02388349117923799,0.18338786769016008,0.17623886466026306,0.1778934746980667,0.5333733735451077,0.0,1.0,7.0,1.2045287489891052
04_2-1_30_64,2-1,30,64,59,0.21622568911099194,0.7959357500076294,0.015212785999051704,0.21622568911099194,0.5711584687232971,0.16561004519462585,0.26273725461308417,2.0,2.0,8.0,-0.5427735894918442
04_2-1_30_107,2-1,30,107,102,0.3312714024103358,0.7145978808403015,0.004750873296575227,0.3312714024103358,0.39672891795635223,0.22196230292320251,0.4505608463393492,1.0,22.0,10.0,2.414323180913925
04_2-1_30_154,2-1,30,154,150,0.18496299469242172,0.5833308696746826,0.00041232038845816866,0.18496299469242172,0.29714465141296387,0.13877639174461365,0.31216959593070165,1.0,3.0,5.0,0.8282285779714584
04_2-1_30_201,2-1,30,201,197,0.14307533301710146,0.39939650893211365,0.002095482116600898,0.14307533301710146,0.20553463697433472,0.1040075421333313,0.3521036796346587,1.0,6.0,2.0,0.012130409479141235
04_2-1_30_237,2-1,30,237,233,0.33896977141332013,0.5755751132965088,0.00682239042021079,0.33896977141332013,0.1464628279209137,0.33557111769914627,1.3981897129000713,2.0,25.0,15.0,4.4734304547309875
04_2-1_30_293,2-1,30,293,288,0.21213918804255752,0.5899686217308044,0.001169684941191658,0.21213918804255752,0.2696554958820343,0.29094843566417694,0.9730060016729037,4.0,1.0,9.0,1.7779239863157272
04_2-1_30_320,2-1,30,320,316,0.33680067814311976,0.6363421678543091,0.00257934567776772,0.33680067814311976,0.28346413373947144,0.2668437361717224,0.722178264618323,2.0,34.0,13.0,4.15134559571743
04_2-1_30_360,2-1,30,360,357,0.3274073919736264,0.7095420360565186,0.008043192561794626,0.3274073919736264,0.23226383328437805,0.13085252046585083,0.22611869913055158,0.0,1.0,9.0,1.0370945632457733
04_2-1_30_416,2-1,30,416,412,0.13107463516365198,0.514975905418396,0.0056768748674484925,0.13107463516365198,0.2510952353477478,0.08301302790641785,0.19217630085380644,0.0,1.0,7.0,0.357867032289505
04_2-1_30_462,2-1,30,462,457,0.4083510880154235,0.6667255163192749,0.05307122009639594,0.4083510880154235,0.34925515949726105,0.3732908219099045,1.2721427596054025,2.0,36.0,15.0,5.792187929153442
04_2-1_30_534,2-1,30,534,530,0.31251163493687345,0.5970249772071838,0.0072040750260866674,0.31251163493687345,0.3501589894294739,0.269579753279686,0.8232819830023713,2.0,25.0,13.0,2.6293776109814644
04_2-1_30_622,2-1,30,622,619,0.48273005104536126,0.49416542053222656,0.038260989946811395,0.48273005104536126,0.1307155303657055,0.38570310547947884,3.5561024609506307,2.0,,11.0,7.514656679704785
04_2-1_30_670,2-1,30,670,666,0.22764129170769276,0.6407687067985535,0.0004939588512879963,0.22764129170769276,0.22658300399780273,0.09199678897857666,0.16764121120489983,0.0,13.0,3.0,1.2909235656261444
04_2-1_30_745,2-1,30,745,740,0.45575528825138323,0.7842402458190918,0.07778896609224327,0.45575528825138323,0.3251674920320511,0.535936713218689,2.158393429227513,3.0,,15.0,7.327108584344387
04_2-1_30_813,2-1,30,813,809,0.25178636544413197,0.49206385016441345,0.003161373469089296,0.25178636544413197,0.27538102865219116,0.1351689100265503,0.3787358542386075,2.0,5.0,6.0,0.864677906036377
04_2-1_30_846,2-1,30,846,841,0.299488621074518,0.6823164820671082,0.0022332542376154703,0.299488621074518,0.4271654486656189,0.2377292960882187,0.534719181266522,2.0,13.0,9.0,1.8319995403289795
04_2-1_32_122,2-1,32,122,117,0.29372749012640004,0.7133284211158752,0.008589691625731052,0.29372749012640004,0.6591614186763763,0.24179138243198395,0.5127728313916734,1.0,15.0,10.0,1.9250809699296951
04_2-1_32_141,2-1,32,141,143,0.10767218454289386,0.6425297856330872,0.007244911991484082,0.10767218454289386,0.34839123487472534,0.0951559841632843,0.17384095458674195,1.0,1.0,6.0,1.276675522327423
04_2-1_32_172,2-1,32,172,169,0.20433516377015243,0.6479840278625488,0.020905458591162236,0.20433516377015243,0.5349933505058289,0.14778675138950348,0.29545692937707835,0.0,10.0,6.0,0.9913843274116516
04_2-1_32_237,2-1,32,237,232,0.3363581278962618,0.6259334683418274,0.0641468479686419,0.3363581278962618,0.1814374029636383,0.3267033249139786,1.0918128807860368,5.0,36.0,12.0,5.261479556560516
04_2-1_32_292,2-1,32,292,288,0.30430676738245344,0.5489964485168457,0.04533788624379985,0.30430676738245344,0.2520204186439514,0.1437484323978424,0.3547171773337686,2.0,40.0,9.0,2.704117774963379
04_2-1_32_364,2-1,32,364,359,0.3113773195681519,0.6374139785766602,0.05738650030598981,0.3113773195681519,0.4645528197288513,0.23552222549915314,0.586033984762388,2.0,,3.0,2.9825269356369972
04_2-1_32_455,2-1,32,455,452,0.21508203712677798,0.6281612515449524,0.022705154391876828,0.21508203712677798,0.4700256586074829,0.2777513563632965,0.7926470119210176,0.0,2.0,7.0,2.4777440279722214
04_2-1_32_536,2-1,32,536,531,0.41824562562355583,0.542167067527771,0.23410797685090973,0.41824562562355583,0.4730421155691147,0.36046531051397324,1.9838295261316643,3.0,,15.0,6.677326079457998
04_2-1_32_632,2-1,32,632,628,0.33020008964677366,0.6283219456672668,0.04443563761633435,0.33020008964677366,0.7012868523597717,0.32173557579517365,1.049412522576919,0.0,,11.0,4.340104795992374
04_2-1_32_694,2-1,32,694,689,0.2372753948676568,0.7580698132514954,0.0025807461171459167,0.2372753948676568,0.37316834926605225,0.21126171946525574,0.3863544118420511,2.0,10.0,10.0,2.6579724550247192
04_2-1_32_752,2-1,32,752,747,0.2378370634451401,0.772782027721405,0.014571310776559914,0.2378370634451401,0.1394367516040802,0.21837478876113892,0.39388877600277805,0.0,2.0,9.0,1.461748018860817
04_2-1_32_825,2-1,32,825,823,0.14393191517163556,0.6382541060447693,0.005481391698467372,0.14393191517163556,0.25947415828704834,0.19642814993858337,0.4445826398921999,0.0,1.0,2.0,0.6779781728982925
04_2-1_33_79,2-1,33,79,78,0.25644749138697276,0.5707586407661438,0.00040955326662183073,0.25644749138697276,0.17187634110450745,0.14146271347999573,0.32952260780639425,0.0,1.0,6.0,1.13727705180645
04_2-1_33_146,2-1,33,146,141,0.2676278799653613,0.5972902774810791,0.07567142149109173,0.2676278799653613,0.1986154019832611,0.2581778019666672,0.761333836435914,3.0,26.0,10.0,1.8649301081895828
04_2-1_33_192,2-1,33,192,187,0.1347028641403208,0.4698265492916107,0.009793639147551412,0.1347028641403208,0.16534051299095154,0.1025594025850296,0.27925014122476594,0.0,7.0,1.0,0.4239794611930847
04_2-1_33_244,2-1,33,244,240,0.29315392692457115,0.5102822184562683,0.03271720831041106,0.29315392692457115,0.38561445474624634,0.18028703331947327,0.5463323146510084,3.0,27.0,10.0,3.641069531440735
04_2-1_33_285,2-1,33,285,283,0.09511921470053487,0.5548551678657532,0.0036320584663510364,0.09511921470053487,0.19749313592910767,0.09491981565952301,0.2063764292181697,0.0,1.0,4.0,-0.39079953730106354
04_2-1_33_345,2-1,33,345,341,0.09272360511340477,0.3293551504611969,0.0047201754567787,0.09272360511340477,0.2195940613746643,0.06432853639125824,0.24272481696605153,1.0,1.0,5.0,0.12334221601486206
04_2-1_33_401,2-1,33,401,396,0.30184852228438097,0.34627723693847656,0.05450740605402385,0.30184852228438097,0.20001889020204544,0.18397865444421768,1.1335814005074611,4.0,27.0,11.0,3.2933108434081078
04_2-1_33_451,2-1,33,451,447,0.13565274985399572,0.39129438996315,0.006856517431765864,0.13565274985399572,0.31952476501464844,0.14487062394618988,0.5878922568540697,0.0,2.0,7.0,0.4741693325340748
04_2-1_33_506,2-1,33,506,501,0.07105185941410347,0.4210320711135864,0.008150116354268655,0.07105185941410347,0.13608449697494507,0.1768168807029724,0.724020812979239,1.0,1.0,2.0,-0.3018946498632431
04_2-1_33_557,2-1,33,557,552,0.12757184204575212,0.318306028842926,0.0005572084253375006,0.12757184204575212,0.21575230918824673,0.15411954373121262,0.9386859315877846,5.0,2.0,8.0,1.5965968715026975
04_2-1_33_598,2-1,33,598,597,0.21930581761428564,0.3342289328575134,0.011208106368340368,0.21930581761428564,0.2826576381921768,0.16381572932004929,0.961285428121393,2.0,3.0,7.0,1.9918901547789574
04_2-1_33_630,2-1,33,630,626,0.2838485585846481,0.5974783301353455,0.09807641163695878,0.2838485585846481,0.24935483932495117,0.23258867859840393,0.6374219647466669,10.0,,7.0,5.301001265645027
04_2-1_33_702,2-1,33,702,702,0.22953810317442086,0.8365784883499146,0.026660912264116304,0.22953810317442086,0.3505013585090637,0.19215300679206848,0.29817723273070185,2.0,1.0,6.0,0.5844342708587646
04_2-1_33_749,2-1,33,749,744,0.20089874669239957,0.9786700010299683,0.01386477509765131,0.20089874669239957,0.21275627613067627,0.264255166053772,0.369890367775715,0.0,2.0,2.0,0.290316104888916
04_2-1_33_775,2-1,33,775,776,0.12998898866148195,0.8320085406303406,0.001048316562319125,0.12998898866148195,0.25649821758270264,0.11281108856201172,0.1568569079848379,1.0,1.0,5.0,0.2032695710659027
04_2-1_33_801,2-1,33,801,797,0.1980643124877995,0.8327281475067139,0.011168548040628322,0.1980643124877995,0.2747952938079834,0.12321925163269043,0.17366836744294828,0.0,5.0,10.0,1.2345300912857056
04_2-1_33_857,2-1,33,857,853,0.2981392715190449,0.8790211081504822,0.03638631154798608,0.2981392715190449,0.36757850646972656,0.2203904092311859,0.3346190962443901,1.0,14.0,10.0,2.77420637011528
04_2-1_34_104,2-1,34,104,100,0.2541932148094299,0.3555617332458496,0.11662317354448536,0.2541932148094299,0.07996756210923195,0.17559783905744553,0.9757392717542124,4.0,,7.0,3.051538672298193
04_2-1_34_129,2-1,34,129,124,0.2694076656682193,0.5962169170379639,0.03359944315565664,0.2694076656682193,0.24859684705734253,0.2411499172449112,0.6791673610486558,5.0,24.0,11.0,3.8322136104106903
04_2-1_34_213,2-1,34,213,209,0.2600202014117886,0.4333094358444214,0.02990688725948366,0.2600202014117886,0.24618855118751526,0.14634692668914795,0.5099862247509156,2.0,32.0,8.0,2.433346316218376
04_2-1_34_392,2-1,34,392,388,0.34025992545338923,0.35498714447021484,0.3818261025050798,0.34025992545338923,0.10833846032619476,0.23111354932188988,1.8657208507200982,5.0,,11.0,5.538136005401611
04_2-1_34_436,2-1,34,436,431,0.21595210395438114,0.7600170373916626,0.007100660413216998,0.21595210395438114,0.3204285800457001,0.2807270288467407,0.585714335458402,0.0,2.0,6.0,0.8971774280071259
04_2-1_34_468,2-1,34,468,464,0.2568203464424179,0.6354490518569946,0.01593235761129433,0.2568203464424179,0.35047322511672974,0.08443641662597656,0.15323862145298298,1.0,11.0,7.0,1.4580996334552765
04_2-1_34_504,2-1,34,504,506,0.15322703315992708,0.8560147881507874,0.010037604212100091,0.15322703315992708,0.3612287640571594,0.14245206117630005,0.19963495259946962,0.0,1.0,5.0,0.47626665234565735
04_2-1_34_575,2-1,34,575,570,0.2023345956743236,0.7781265377998352,0.017584793830322222,0.2023345956743236,0.31987929344177246,0.15926668047904968,0.2573550030673486,1.0,2.0,8.0,0.8718192875385284
04_2-1_34_640,2-1,34,640,636,0.24345246223700628,0.631665050983429,0.010023225813332185,0.24345246223700628,0.2513540983200073,0.18264134228229523,0.406752112957714,0.0,1.0,8.0,2.2122009992599487
04_2-1_34_670,2-1,34,670,666,0.21495015536050566,0.7215390801429749,0.012529125647891555,0.21495015536050566,0.3761349022388458,0.12969979643821716,0.21914698805785698,0.0,4.0,5.0,0.20524862408638
04_2-1_34_735,2-1,34,735,734,0.18681139860472407,0.8672398328781128,0.004818986145771043,0.18681139860472407,0.13260215520858765,0.2679513096809387,0.4471157035536606,0.0,3.0,4.0,1.7811164259910583
04_2-1_34_813,2-1,34,813,808,0.21225070335586654,0.8586745858192444,0.005826705922995244,0.21225070335586654,0.6116326451301575,0.2734861969947815,0.46734727178057234,1.0,1.0,6.0,0.728134423494339
04_2-1_36_63,2-1,36,63,60,0.21183547649973902,0.6000859141349792,0.015181843294598997,0.21183547649973902,0.2475879192352295,0.21897004544734955,0.57454979820539,0.0,10.0,5.0,-0.06434093415737152
04_2-1_36_96,2-1,36,96,91,0.2317819783453648,0.5373602509498596,0.0041736036559057695,0.2317819783453648,0.4109690636396408,0.17250627279281616,0.47280907738537686,3.0,5.0,8.0,1.080271601676941
04_2-1_36_136,2-1,36,136,132,0.22655020074193938,0.508533239364624,0.0008831860997297953,0.22655020074193938,0.48684993386268616,0.09030455350875854,0.21592147206248852,1.0,2.0,3.0,-1.413042426109314
04_2-1_36_167,2-1,36,167,162,0.33259773302586765,0.64415043592453,0.015230477918657429,0.33259773302586765,0.34635621309280396,0.23340459167957306,0.5682457776502233,0.0,40.0,12.0,3.7450409084558487
04_2-1_36_190,2-1,36,190,185,0.19370103145981676,0.7908347249031067,0.024972123262469812,0.19370103145981676,0.3493201732635498,0.19481974840164185,0.3268705587655028,1.0,1.0,9.0,2.0900710821151733
04_2-1_36_235,2-1,36,235,232,0.31002974268147776,0.5937760472297668,0.0031434993273613144,0.31002974268147776,0.3237842917442322,0.22753886878490448,0.6212882857799781,1.0,30.0,6.0,1.939087614417076
04_2-1_36_269,2-1,36,269,267,0.2659043711138919,0.7043219804763794,0.00849950942275895,0.2659043711138919,0.2169468104839325,0.15602409839630127,0.28456082632380875,0.0,4.0,12.0,1.4714780151844025
04_2-1_36_316,2-1,36,316,314,0.17930012243194057,0.7884706258773804,0.004052019514536006,0.17930012243194057,0.24891293048858643,0.11659359931945801,0.1735341360260165,0.0,4.0,7.0,1.2017672955989838
04_2-1_36_357,2-1,36,357,354,0.3099389271333083,0.7824572324752808,0.03560044024903983,0.3099389271333083,0.2683276832103729,0.19457468390464783,0.33097543782807165,0.0,2.0,9.0,1.4373867213726044
04_2-1_36_412,2-1,36,412,408,0.18893796789759226,0.8493525385856628,0.003306626394505516,0.18893796789759226,0.15990227460861206,0.16701623797416687,0.24477114558391558,0.0,6.0,6.0,1.5868264734745026
04_2-1_36_461,2-1,36,461,459,0.3222384241207831,0.6030982136726379,0.022313571055739344,0.3222384241207831,0.3225362300872803,0.13011319935321808,0.27508947517172083,0.0,1.0,7.0,1.8003225177526474
04_2-1_36_495,2-1,36,495,500,0.23494462540036976,0.713806688785553,0.012626050720529402,0.23494462540036976,0.30297592282295227,0.12959519028663635,0.22182923584972314,0.0,1.0,2.0,-1.672158807516098
04_2-1_36_532,2-1,36,532,534,0.1774170980572073,0.683353066444397,0.03956805136264574,0.1774170980572073,0.3996085524559021,0.06840270757675171,0.11123289317646193,0.0,1.0,4.0,-0.5464106798171997
04_2-1_36_565,2-1,36,565,562,0.21137013115713446,0.6696735620498657,0.0021669397838331387,0.21137013115713446,0.3666996955871582,0.11540943384170532,0.20822100505548494,0.0,1.0,10.0,0.7528815567493439
04_2-1_36_623,2-1,36,623,621,0.4061993522518197,0.433144748210907,0.11091770030289648,0.4061993522518197,0.15225016698241234,0.2667088136076927,1.6024713307467555,2.0,,11.0,4.391423512250185
04_2-1_36_668,2-1,36,668,665,0.23187655573326516,0.5602502822875977,0.001524808628872973,0.23187655573326516,0.24710091948509216,0.10426852107048035,0.2286681835522639,0.0,10.0,7.0,1.202293187379837
04_2-1_36_720,2-1,36,720,716,0.16083260710922653,0.5172641277313232,0.0010806683775481211,0.16083260710922653,0.2841138243675232,0.11292842030525208,0.2792937112186658,0.0,1.0,3.0,-0.4804522395133972
04_2-1_36_739,2-1,36,739,739,0.32857005133040473,0.602170467376709,0.028138847175787275,0.32857005133040473,0.27178922295570374,0.20498745143413544,0.5161032652609029,0.0,1.0,9.0,3.8452442586421967
04_2-1_36_782,2-1,36,782,778,0.29787383342942475,0.9073452353477478,0.006080213254442148,0.29787383342942475,0.4068661630153656,0.31673645973205566,0.5362881027324176,1.0,2.0,6.0,0.5492734611034393
04_2-1_36_816,2-1,36,816,811,0.26432522286297955,0.8683212995529175,0.0022211864745399915,0.26432522286297955,0.5164841413497925,0.17027080059051514,0.24392332767272484,1.0,15.0,7.0,1.335748553276062
04_2-1_37_65,2-1,37,65,62,0.2093222571775419,0.7989540100097656,0.01547607794069017,0.2093222571775419,0.37061619758605957,0.25585681200027466,0.4711068533183694,0.0,1.0,8.0,0.23463720083236694
04_2-1_37_88,2-1,37,88,91,0.23200968429404506,0.724164605140686,0.03945589521530454,0.23200968429404506,0.46479901671409607,0.17804348468780518,0.3260146477033508,0.0,2.0,8.0,2.232076108455658
04_2-1_37_154,2-1,37,154,151,0.11119487181312249,0.48666712641716003,0.039808018808105326,0.11119487181312249,0.2590421736240387,0.03597857058048248,0.07983022891204841,0.0,1.0,4.0,-0.774712860584259
04_2-1_37_177,2-1,37,177,174,0.07740805573617963,0.49351945519447327,0.10758409716566485,0.07740805573617963,0.4187725782394409,0.10192282497882843,0.26027503077005915,0.0,1.0,4.0,-0.38232919573783875
04_2-1_37_207,2-1,37,207,202,0.2197948074114099,0.4373778998851776,0.0773454245526336,0.2197948074114099,0.3166656792163849,0.11884401738643646,0.37309694169475405,0.0,3.0,6.0,1.1715012192726135
04_2-1_37_236,2-1,37,236,234,0.1557029829404904,0.526819109916687,0.05621822758846801,0.1557029829404904,0.6529244929552078,0.13853701949119568,0.35679477088264,1.0,1.0,9.0,0.954877458512783
04_2-1_37_369,2-1,37,369,371,0.22416037536126326,0.687702476978302,0.14048846622730699,0.22416037536126326,0.5568753480911255,0.3646301180124283,1.128632976153012,1.0,3.0,10.0,4.204518303275108
04_2-1_37_448,2-1,37,448,443,0.1941492612956241,0.5685156583786011,0.0340204511462538,0.1941492612956241,0.2738814353942871,0.16485942900180817,0.4084154213508251,1.0,1.0,6.0,0.2614460065960884
04_2-1_37_481,2-1,37,481,485,0.12982827507549916,0.5766302347183228,0.046689293335824625,0.12982827507549916,0.3913536071777344,0.14358261227607727,0.3315631003036543,0.0,1.0,4.0,-0.327401727437973
04_2-1_37_526,2-1,37,526,521,0.16149175517333908,0.5581128597259521,0.009627306847429781,0.16149175517333908,0.3696046471595764,0.1629026085138321,0.4121922647861628,1.0,2.0,3.0,0.7774039432406425
04_2-1_37_592,2-1,37,592,588,0.2401585596252243,0.4706253409385681,0.1479380273960739,0.2401585596252243,0.23974552750587463,0.257354699075222,1.2067047617370745,1.0,,13.0,3.030265584588051
04_2-1_37_621,2-1,37,621,626,0.16006870244141203,0.6412940621376038,0.007080173543928716,0.16006870244141203,0.3254601061344147,0.25517407059669495,0.6608672852663202,1.0,1.0,5.0,0.31676526367664337
04_2-1_37_719,2-1,37,719,715,0.14067586439058247,0.47182533144950867,0.0046015371078402915,0.14067586439058247,0.36907583475112915,0.21996884793043137,0.8733896577007098,0.0,1.0,7.0,1.854507453739643
04_2-1_37_752,2-1,37,752,750,0.13702353758571154,0.4849890470504761,0.022830380727247218,0.13702353758571154,0.22543177008628845,0.15802158415317535,0.48329452341503887,0.0,1.0,3.0,0.4944741949439049
04_2-1_37_815,2-1,37,815,810,0.3050446434620716,0.5943261981010437,0.09385390595425548,0.3050446434620716,0.5166878700256348,0.36495422571897507,1.5911020946842838,3.0,27.0,10.0,4.606510378420353
04_2-1_37_847,2-1,37,847,842,0.19682737830342598,0.776455819606781,0.015221389427480789,0.19682737830342598,0.5290919840335846,0.27278774976730347,0.5416022299254404,1.0,3.0,3.0,0.3451162874698639
04_2-1_38_101,2-1,38,101,97,0.14589060263436868,0.3916628062725067,0.006675788094697183,0.14589060263436868,0.6211508214473724,0.1318434178829193,0.5074425688556624,1.0,1.0,2.0,1.3816399313509464
04_2-1_38_177,2-1,38,177,172,0.20513948201703702,0.5345096588134766,0.005287401085716492,0.20513948201703702,0.44651463627815247,0.20442530512809753,0.6193123147028841,3.0,26.0,13.0,2.6797965914011
04_2-1_38_238,2-1,38,238,233,0.3915781981199633,0.6001160144805908,0.15597364156409513,0.3915781981199633,0.4400159418582916,0.2500257343053818,0.7141750241687711,2.0,28.0,10.0,4.470075368881226
04_2-1_38_411,2-1,38,411,406,0.2587774716619467,0.4488413333892822,0.006208856496439829,0.2587774716619467,0.33077867329120636,0.20605117827653885,0.8486801212382594,3.0,3.0,10.0,2.95113892108202
04_2-1_38_446,2-1,38,446,441,0.4105397753090272,0.6917334198951721,0.12175378952848695,0.4105397753090272,0.37631163001060486,0.23847541213035583,0.5261361256613353,3.0,,14.0,5.280602812767029
04_2-1_38_504,2-1,38,504,499,0.1333122654906497,0.7213488817214966,0.012361960476410408,0.1333122654906497,0.3536252975463867,0.09981369972229004,0.1605921959256322,0.0,1.0,4.0,-0.6520095765590668
04_2-1_38_579,2-1,38,579,576,0.26781440571079984,0.5619774460792542,0.019744978604810965,0.26781440571079984,0.33461886644363403,0.16966857016086578,0.4324872073405797,0.0,15.0,7.0,2.599277228116989
04_2-1_38_611,2-1,38,611,606,0.25848292416614316,0.6919838786125183,0.003114550139649386,0.25848292416614316,0.3685513734817505,0.13522252440452576,0.24287340236982377,2.0,15.0,4.0,1.8527336120605469
04_2-1_38_640,2-1,38,640,640,0.1830337926137192,0.7999824285507202,0.006344430733218124,0.1830337926137192,0.5491958856582642,0.1239391565322876,0.18333021222480023,0.0,1.0,3.0,0.7513752281665802
04_2-1_38_691,2-1,38,691,690,0.11748278646027688,0.7721182107925415,0.0018569835350462532,0.11748278646027688,0.35806435346603394,0.10171544551849365,0.15172289075644596,0.0,3.0,4.0,-0.6735694408416748
04_2-1_38_757,2-1,38,757,756,0.15616913337942234,0.5699390769004822,0.034375715382649843,0.15616913337942234,0.20022699236869812,0.12626372277736664,0.2845858387309242,0.0,1.0,4.0,-0.637704074382782
04_2-1_38_853,2-1,38,853,850,0.3461476515162861,0.5533769726753235,0.04914667088595856,0.3461476515162861,0.37232542037963867,0.290404736995697,1.1043171011767607,5.0,19.0,9.0,4.753387987613678
04_2-1_39_169,2-1,39,169,165,0.42553314008907683,0.5863334536552429,0.0902495190820226,0.42553314008907683,0.239079549908638,0.4245755523443222,2.624759278548194,3.0,,13.0,6.241852592676878
04_2-1_39_258,2-1,39,258,255,0.2835318004777174,0.5419598817825317,5.831603166880244e-05,0.2835318004777174,0.3598751127719879,0.20165413618087769,0.5925675331292366,0.0,29.0,11.0,2.618522509932518
04_2-1_39_409,2-1,39,409,404,0.47435070663334905,0.6652485132217407,0.19062143063614329,0.47435070663334905,0.20804950594902039,0.5287160873413086,3.8724580181731345,4.0,,16.0,9.248696875758469
04_2-1_39_497,2-1,39,497,492,0.12469536809581036,0.5259291529655457,0.005467062220852852,0.12469536809581036,0.29918619990348816,0.05509340763092041,0.11701194774786111,0.0,2.0,2.0,0.12757959961891174
04_2-1_39_591,2-1,39,591,591,0.2510721004857285,0.3429449200630188,0.005900724839215675,0.2510721004857285,0.20295599848031998,0.22149669006466866,1.8237951270897703,0.0,22.0,8.0,2.370062906295061
04_2-1_39_650,2-1,39,650,645,0.34835257117779095,0.546985924243927,0.006879251686600757,0.34835257117779095,0.3962692469358444,0.2753102332353592,1.0133782386392338,4.0,33.0,15.0,4.267338320612907
04_2-1_39_711,2-1,39,711,706,0.3108229638250802,0.6749416589736938,0.017701112359010836,0.3108229638250802,0.2656436562538147,0.21486112475395203,0.46700764056088256,5.0,23.0,8.0,3.4114478528499603
04_2-1_40_55,2-1,40,55,50,0.2336347934565613,0.8583861589431763,0.0489427595527938,0.2336347934565613,0.44911861419677734,0.1639944314956665,0.2361699095962561,1.0,4.0,7.0,1.498376339673996
04_2-1_40_103,2-1,40,103,102,0.23434218413485747,0.8243514895439148,0.011516640500928195,0.23434218413485747,0.27556830644607544,0.15905460715293884,0.2390731286479515,0.0,1.0,5.0,0.9894828200340271
04_2-1_40_238,2-1,40,238,233,0.32834822490682025,0.4758613705635071,0.19863211843545883,0.32834822490682025,0.36552460491657257,0.3028327152132988,1.750188225183675,5.0,39.0,14.0,5.380851925816387
04_2-1_40_302,2-1,40,302,299,0.35350967541493683,0.5716146230697632,0.3073767825310226,0.35350967541493683,0.5012249648571014,0.2427828013896942,0.7383190597225879,2.0,,11.0,4.377291865646839
04_2-1_40_339,2-1,40,339,342,0.14541419056561022,0.7961716055870056,0.011622132308583829,0.14541419056561022,0.1889687180519104,0.1175084114074707,0.17314687523246589,0.0,1.0,6.0,-0.19286105036735535
04_2-1_40_388,2-1,40,388,385,0.13113172916305507,0.723348081111908,0.003756654309228359,0.13113172916305507,0.33387935161590576,0.04628148674964905,0.06835588572087566,0.0,2.0,3.0,-0.33786720037460327
04_2-1_40_466,2-1,40,466,464,0.22574089893142538,0.6575723886489868,0.008551773864006944,0.22574089893142538,0.33514365553855896,0.11793160438537598,0.21853723407192885,0.0,14.0,9.0,0.9279454946517944
04_2-1_40_548,2-1,40,548,545,0.24869061985116045,0.6312017440795898,0.11730398286264616,0.24869061985116045,0.2901011109352112,0.2830928862094879,0.8132309184592053,3.0,5.0,8.0,2.88032665848732
04_2-1_40_642,2-1,40,642,637,0.3588449967275854,0.6065592169761658,0.20515284034477285,0.3588449967275854,0.46157074719667435,0.2593417167663574,0.7469143018702933,6.0,,15.0,4.98323542624712
04_2-1_40_691,2-1,40,691,687,0.24032035563707158,0.7575188875198364,0.05114029043494934,0.24032035563707158,0.18873661756515503,0.1678641140460968,0.2846820234443038,3.0,20.0,7.0,1.5751872062683105
04_2-1_40_797,2-1,40,797,792,0.17343474652007068,0.610031247138977,0.0031824879083464535,0.17343474652007068,0.24009284377098083,0.16676074266433716,0.3762053666575006,0.0,15.0,6.0,1.7151013910770416
04_2-1_40_819,2-1,40,819,816,0.1914708715590137,0.7228959798812866,0.002020458961343674,0.1914708715590137,0.42869117856025696,0.21160510182380676,0.41386441828914833,1.0,2.0,10.0,1.6352607160806656
04_2-1_41_51,2-1,41,51,46,0.2579888931648664,0.6440372467041016,0.01409554568417559,0.2579888931648664,0.30443209409713745,0.23423485457897186,0.5715800080235994,0.0,16.0,7.0,1.9781384468078613
04_2-1_41_90,2-1,41,90,87,0.2980886676104947,0.6283430457115173,0.0014537056477130022,0.2980886676104947,0.27657371759414673,0.15600694715976715,0.3302880038982976,2.0,31.0,9.0,2.8925588876008987
04_2-1_41_151,2-1,41,151,146,0.350995935321741,0.7317007780075073,0.02528240416176824,0.350995935321741,0.2688339948654175,0.23908324539661407,0.48533239190546673,1.0,,11.0,3.642337068915367
04_2-1_41_164,2-1,41,164,165,0.20455333628818964,0.9260265231132507,0.00798662994540842,0.20455333628818964,0.34975171089172363,0.35881438851356506,0.6325929341529357,4.0,34.0,17.0,5.798605382442474
04_2-1_41_238,2-1,41,238,233,0.3050458746490565,0.918815553188324,0.0011452531899876104,0.3050458746490565,0.29638659954071045,0.2837817966938019,0.446876711342588,2.0,24.0,12.0,2.461584061384201
04_2-1_41_359,2-1,41,359,356,0.325099501458016,0.38365134596824646,0.011268873332344788,0.325099501458016,0.21992020308971405,0.21260050684213638,1.2429082951495674,2.0,,11.0,3.9525507874786854
04_2-1_41_408,2-1,41,408,403,0.28835660306942124,0.6155550479888916,0.0014079391241954276,0.28835660306942124,0.30187028646469116,0.22624965012073517,0.5811623762724135,1.0,17.0,13.0,2.506132483482361
04_2-1_41_445,2-1,41,445,440,0.35266008339211147,0.7800726890563965,0.014299613523529958,0.35266008339211147,0.37529686093330383,0.22750169038772583,0.41171485824600623,2.0,32.0,9.0,3.1947363168001175
04_2-1_41_505,2-1,41,505,501,0.214359106608322,0.7679956555366516,0.003846424095569206,0.214359106608322,0.40608304738998413,0.19105857610702515,0.3311601609934833,0.0,7.0,2.0,0.4301827847957611
04_2-1_41_561,2-1,41,561,556,0.2299614737225963,0.5342606902122498,0.011410627967514788,0.2299614737225963,0.19967937469482422,0.12080097198486328,0.2921710789693605,3.0,8.0,5.0,1.5512972921133041
04_2-1_41_578,2-1,41,578,573,0.3547487980082609,0.762169599533081,0.011677580823549532,0.3547487980082609,0.2100875973701477,0.2687250226736069,0.5445900822011381,5.0,31.0,12.0,5.468455269932747
04_2-1_41_606,2-1,41,606,608,0.16557504469498413,0.8904647827148438,0.01778197330821244,0.16557504469498413,0.37951546907424927,0.13547545671463013,0.17944022789348918,0.0,1.0,4.0,-0.24158963561058044
04_2-1_41_633,2-1,41,633,635,0.1729135985506612,0.8373009562492371,0.001989407088596216,0.1729135985506612,0.22776907682418823,0.12970417737960815,0.18330238527485648,0.0,1.0,5.0,1.3010327219963074
04_2-1_41_686,2-1,41,686,686,0.16941874468927803,0.783706545829773,0.0007593218281170181,0.16941874468927803,0.25536155700683594,0.009433865547180176,0.012184164296920588,0.0,1.0,1.0,-0.6108430325984955
04_2-1_41_759,2-1,41,759,755,0.22360860749576156,0.5802541375160217,0.00046528917394544553,0.22360860749576156,0.2148101031780243,0.08562515676021576,0.17310986636767278,0.0,1.0,6.0,0.5977268218994141
04_2-1_41_853,2-1,41,853,848,0.43997625013044533,0.5116540789604187,0.043499768895602246,0.43997625013044533,0.2405324950814247,0.3198447823524475,1.6675144949108553,4.0,,15.0,6.669788107275963
04_2-1_42_70,2-1,42,70,70,0.28118915805400174,0.612923264503479,0.29528411480949723,0.28118915805400174,0.16836488246917725,0.13672514259815216,0.2871181894861285,0.0,2.0,6.0,1.797731637954712
04_2-1_42_116,2-1,42,116,112,0.2217194566015736,0.9005897045135498,0.0011383750453431828,0.2217194566015736,0.32667458057403564,0.250428706407547,0.38517952805086114,0.0,12.0,5.0,1.781685084104538
04_2-1_42_748,2-1,42,748,743,0.17485556187755955,0.37565430998802185,0.01056128059132211,0.17485556187755955,0.2788996994495392,0.12257127463817596,0.48431248846348485,1.0,12.0,5.0,2.3262617737054825
04_2-1_42_781,2-1,42,781,776,0.29307290582913376,0.5123878121376038,0.5632629863278449,0.29307290582913376,0.2804243266582489,0.12834355235099792,0.33418948228079753,3.0,,8.0,3.4328638464212418
04_2-1_44_70,2-1,44,70,65,0.22446640385264227,0.46815308928489685,0.010229626417923032,0.22446640385264227,0.16321298480033875,0.15097156167030334,0.4759784178029072,3.0,21.0,9.0,1.7136687487363815
04_2-1_44_94,2-1,44,94,90,0.2237677059001243,0.6796985864639282,0.008810978631759914,0.2237677059001243,0.1413557231426239,0.25573430955410004,0.6031977774591879,1.0,18.0,8.0,1.640859842300415
04_2-1_44_124,2-1,44,124,120,0.24460438822648536,0.6676294207572937,0.0013745549084573888,0.24460438822648536,0.2261413335800171,0.18001241981983185,0.3691676448396001,1.0,7.0,9.0,1.1920706778764725
04_2-1_44_146,2-1,44,146,141,0.2785567163871162,0.7187156677246094,0.010909595841537383,0.2785567163871162,0.24078667163848877,0.1524639129638672,0.26925110903768873,2.0,34.0,14.0,3.395458549261093
04_2-1_44_201,2-1,44,201,198,0.16726818949015565,0.5956875085830688,0.019494875079334655,0.16726818949015565,0.20519375801086426,0.04890647530555725,0.08944435217952304,1.0,1.0,5.0,-0.7497942298650742
04_2-1_44_236,2-1,44,236,232,0.29954837860889705,0.6816120743751526,0.0029382712101819215,0.29954837860889705,0.22864249348640442,0.19038021564483643,0.387556735707067,1.0,28.0,14.0,2.562050461769104
04_2-1_44_299,2-1,44,299,294,0.30641620574065576,0.8355585932731628,0.006557688212978695,0.30641620574065576,0.3066161274909973,0.31991174817085266,0.6204086211511263,3.0,48.0,15.0,5.2571490705013275
04_2-1_44_387,2-1,44,387,382,0.18708383996877506,0.5186485648155212,0.004285111272676953,0.18708383996877506,0.12919923663139343,0.06512917578220367,0.14360836020931178,2.0,5.0,6.0,1.0687151700258255
04_2-1_44_399,2-1,44,399,402,0.22408371704583718,0.6174176931381226,0.004730219617842933,0.22408371704583718,0.28908032178878784,0.15251539647579193,0.32805902997413544,0.0,2.0,10.0,2.7850261330604553
04_2-1_44_439,2-1,44,439,434,0.1864711097055951,0.6084017157554626,0.0016853817339026684,0.1864711097055951,0.22997760772705078,0.05346471071243286,0.0963437475363302,0.0,7.0,6.0,0.42830970883369446
04_2-1_44_563,2-1,44,563,559,0.29137914698403156,0.3202105164527893,0.07223339095193189,0.29137914698403156,0.2790975645184517,0.23962338641285896,2.9734696631351345,4.0,,13.0,3.98423277400434
04_2-1_44_689,2-1,44,689,686,0.34476481966632555,0.4479394257068634,0.08539934347278957,0.34476481966632555,0.1716257929801941,0.3354605846107006,2.98243279661729,2.0,,14.0,4.921274963766336
04_2-1_44_747,2-1,44,747,744,0.20829855723766555,0.4311821460723877,0.00011973613803118473,0.20829855723766555,0.14941848814487457,0.12904493510723114,0.42710705740284677,1.0,22.0,10.0,1.2626242339611053
04_2-1_44_808,2-1,44,808,805,0.3720713201337643,0.5149564743041992,0.04911420856781434,0.3720713201337643,0.2368805855512619,0.29168417304754257,1.3064055478706464,0.0,47.0,14.0,5.434939973056316
04_2-1_46_127,2-1,46,127,125,0.07003084078263032,0.5032593607902527,0.08997382522973568,0.07003084078263032,0.3582739979028702,0.15582455694675446,0.4485001364945163,0.0,1.0,2.0,-1.3506818562746048
04_2-1_46_196,2-1,46,196,194,0.0961680741289925,0.3461482524871826,0.0034766826185643174,0.0961680741289925,0.26818665862083435,0.07059229910373688,0.2561813607616208,1.0,1.0,7.0,0.5468325167894363
04_2-1_46_233,2-1,46,233,229,0.3295632170045705,0.6593324542045593,0.3182080766404642,0.3295632170045705,0.2738710641860962,0.3361862748861313,1.040353550195788,2.0,,12.0,4.337670281529427
04_2-1_46_292,2-1,46,292,289,0.08722783234871838,0.6053560376167297,0.02436464492431252,0.08722783234871838,0.2727169394493103,0.0719098448753357,0.13480243341092962,0.0,3.0,2.0,-1.2570014595985413
04_2-1_46_348,2-1,46,348,345,0.07240668995757518,0.4352514147758484,0.023877013494874543,0.07240668995757518,0.3454093635082245,0.05060368776321411,0.13155852539732274,0.0,4.0,4.0,-0.5705890655517578
04_2-1_46_452,2-1,46,452,451,0.08745430430790108,0.4280945062637329,0.019589830916285876,0.08745430430790108,0.3233950138092041,0.17240959405899048,0.6743049191769738,0.0,2.0,7.0,0.5228390097618103
04_2-1_46_532,2-1,46,532,527,0.11234329937761797,0.3484828472137451,0.036502309231429414,0.11234329937761797,0.34203359484672546,0.10442288964986801,0.42785752604475363,1.0,4.0,4.0,0.9923671558499336
04_2-1_46_576,2-1,46,576,571,0.13043970997414506,0.430702269077301,0.037307947205623276,0.13043970997414506,0.1710641086101532,0.14403404295444489,0.5024416026236436,2.0,5.0,4.0,0.3517732471227646
04_2-1_46_673,2-1,46,673,669,0.12935389721075546,0.34637874364852905,0.040999759000416455,0.12935389721075546,0.22731725871562958,0.12640827894210815,0.5746602350038965,3.0,5.0,9.0,0.4704948589205742
04_2-1_46_745,2-1,46,745,742,0.12992223922134208,0.46001124382019043,0.00836338791918641,0.12992223922134208,0.281560480594635,0.1621558964252472,0.5444115670357113,0.0,6.0,9.0,1.2877921611070633
04_2-1_48_75,2-1,48,75,73,0.28509465773830966,0.7641817331314087,0.08801998116890958,0.28509465773830966,0.13295269012451172,0.2964796721935272,0.633907132243543,2.0,39.0,11.0,3.7355542555451393
04_2-1_48_168,2-1,48,168,164,0.33120873297519826,0.551226794719696,0.032506441948355974,0.33120873297519826,0.2516951560974121,0.22222204506397247,0.6754371944371915,2.0,34.0,11.0,3.7675155997276306
04_2-1_48_281,2-1,48,281,276,0.3044355033477448,0.49459561705589294,0.18133714418078853,0.3044355033477448,0.19375282526016235,0.2837895080447197,1.3462110247937746,7.0,,13.0,5.374016355723143
04_2-1_48_358,2-1,48,358,353,0.2508526123112715,0.576776921749115,0.013944684130118963,0.2508526123112715,0.3118715286254883,0.17091891169548035,0.4211298224048681,4.0,12.0,14.0,1.632927656173706
04_2-1_48_494,2-1,48,494,489,0.2912125062146482,0.42060911655426025,0.05767517709828511,0.2912125062146482,0.32878541946411133,0.26674070954322815,1.7335638596954037,4.0,,13.0,3.6756570115685463
04_2-1_48_550,2-1,48,550,546,0.1947238023310114,0.5489310026168823,0.00035773062447480027,0.1947238023310114,0.2599679231643677,0.2358941286802292,0.7535665869445313,2.0,1.0,8.0,1.1525030583143234
04_2-1_48_591,2-1,48,591,586,0.30982634634551004,0.729956865310669,0.07870113756116996,0.30982634634551004,0.34068435430526733,0.2722699046134949,0.594882371564089,3.0,29.0,11.0,3.6564960330724716
04_2-1_48_634,2-1,48,634,630,0.19522482442579037,0.804999828338623,0.0037455698493259804,0.19522482442579037,0.29750436544418335,0.16923457384109497,0.26619034721368684,0.0,5.0,5.0,0.7941741645336151
04_2-1_48_685,2-1,48,685,680,0.23900460769506174,0.7549865245819092,0.0014299921285421582,0.23900460769506174,0.2968164086341858,0.20620110630989075,0.3757408623559351,0.0,1.0,9.0,1.2588945031166077
04_2-1_48_720,2-1,48,720,716,0.19522680799350317,0.7571540474891663,0.0036717849806416083,0.19522680799350317,0.3644116222858429,0.11270913481712341,0.17489335799052377,0.0,1.0,4.0,0.3528534770011902
04_2-1_48_770,2-1,48,770,766,0.18440153419375993,0.6901178956031799,0.012683813086124993,0.18440153419375993,0.1994720697402954,0.06825289130210876,0.10975515719656842,1.0,2.0,5.0,0.1583842784166336
04_2-1_48_833,2-1,48,833,830,0.3321547401614968,0.7281205058097839,0.16972576082256716,0.3321547401614968,0.300687700510025,0.2717040628194809,0.5952985852993327,0.0,,15.0,3.588072046637535
04_2-1_49_141,2-1,49,141,136,0.4488678010619679,0.6716299653053284,0.04858648147189183,0.4488678010619679,0.33460375666618347,0.3452646881341934,1.0579087675223129,4.0,,15.0,7.065425664186478
04_2-1_49_187,2-1,49,187,182,0.21260636508934844,0.9416802525520325,0.0026735915240142178,0.21260636508934844,0.25331687927246094,0.19616985321044922,0.2631349654997458,2.0,10.0,4.0,1.3419527113437653
04_2-1_49_433,2-1,49,433,429,0.5040132437752476,0.5076371431350708,0.16944376888387028,0.5040132437752476,0.13479896634817123,0.42889393866062164,5.446742249355505,4.0,,14.0,9.792728494852781
04_2-1_49_449,2-1,49,449,452,0.14411285881750124,0.8701679706573486,0.004265797481320041,0.14411285881750124,0.11361372470855713,0.3880777060985565,0.8049897179602337,14.0,34.0,21.0,7.249993532896042
04_2-1_49_570,2-1,49,570,565,0.41050431612094496,0.5739585161209106,0.054523773334679206,0.41050431612094496,0.24485763907432556,0.2976633459329605,1.0773382166994618,7.0,,16.0,7.182692438364029
04_2-1_49_755,2-1,49,755,750,0.4601276496696574,0.5105677843093872,0.05079979443455074,0.4601276496696574,0.1411040872335434,0.3499574735760689,2.1789228348928833,6.0,,15.0,8.376785814762115
04_2-1_50_147,2-1,50,147,143,0.0696877255937945,0.3244604766368866,0.0011032438331206316,0.0696877255937945,0.27120696008205414,0.11302785575389862,0.534580970911064,1.0,2.0,8.0,0.14516713470220566
04_2-1_50_245,2-1,50,245,241,0.31988361376059515,0.5725898742675781,0.01735227740998104,0.31988361376059515,0.1344662457704544,0.36785726249217987,1.796769255773171,3.0,,11.0,4.612444639205933
04_2-1_50_448,2-1,50,448,444,0.36446041223267805,0.48616698384284973,0.027844153233170264,0.36446041223267805,0.21643445640802383,0.2966351807117462,1.5650944897440606,5.0,,13.0,5.486591752618551
04_2-1_50_855,2-1,50,855,850,0.47986583538399075,0.5125413537025452,0.40089950246775646,0.47986583538399075,0.11133097112178802,0.3763192817568779,2.762542636313551,6.0,,12.0,9.056046038866043
04_2-1_51_241,2-1,51,241,237,0.349274978828389,0.4097972810268402,0.021403657690145083,0.349274978828389,0.18112090975046158,0.28394629806280136,2.256210411514523,4.0,,13.0,5.52831656485796
04_2-1_51_448,2-1,51,448,443,0.5211548454391766,0.6909795999526978,0.23817655163537504,0.5211548454391766,0.19749348610639572,0.5104622915387154,2.827774776965245,5.0,,17.0,10.04170673713088
04_2-1_51_854,2-1,51,854,849,0.4604848815659782,0.6396371126174927,0.13668663743312126,0.4604848815659782,0.36897604167461395,0.4901663362979889,3.2793456243929953,4.0,,16.0,8.935233522206545
04_2-1_52_87,2-1,52,87,92,0.1968295602246492,0.487297922372818,0.006866075898003947,0.1968295602246492,0.3130585253238678,0.12138387560844421,0.3317278379493531,0.0,1.0,6.0,0.8257971554994583
04_2-1_52_127,2-1,52,127,122,0.2541035092195225,0.6649314165115356,0.006038068782845003,0.2541035092195225,0.262640118598938,0.1896727830171585,0.3990938189224974,0.0,15.0,7.0,0.968645304441452
04_2-1_52_149,2-1,52,149,144,0.2513404037004327,0.8242316842079163,0.07158523785780577,0.2513404037004327,0.20724496245384216,0.28157562017440796,0.51888413091984,0.0,7.0,8.0,2.3539502322673798
04_2-1_52_202,2-1,52,202,198,0.24136862313278346,0.522688627243042,0.11881485223441973,0.24136862313278346,0.486267551779747,0.13612639904022217,0.3521461464900289,2.0,13.0,9.0,1.6291881054639816
04_2-1_52_235,2-1,52,235,231,0.28332360781934246,0.7270013093948364,0.03325207932426076,0.28332360781934246,0.5098122954368591,0.23894557356834412,0.48958665174522437,0.0,5.0,6.0,1.6308687031269073
04_2-1_52_283,2-1,52,283,278,0.22715552520369348,0.6772845387458801,0.0015494348447830585,0.22715552520369348,0.5749678313732147,0.200429305434227,0.4203147861926359,0.0,8.0,7.0,1.1979044675827026
04_2-1_52_299,2-1,52,299,295,0.29008231191820344,0.7927898168563843,0.028351289471700014,0.29008231191820344,0.4445776343345642,0.2582320272922516,0.48307597856315704,1.0,2.0,8.0,3.9197630882263184
04_2-1_52_346,2-1,52,346,343,0.14019871597449177,0.7893645763397217,0.004654604486514268,0.14019871597449177,0.20951008796691895,0.1452186405658722,0.225443696064639,0.0,1.0,8.0,0.4640718698501587
04_2-1_52_385,2-1,52,385,384,0.1254784200120249,0.6793213486671448,0.009676182953401904,0.1254784200120249,0.34600070118904114,0.09172487258911133,0.15610180850868507,0.0,1.0,4.0,-1.1429227888584137
04_2-1_52_413,2-1,52,413,408,0.1658747480542864,0.7936288118362427,0.0026429916414187397,0.1658747480542864,0.40963488817214966,0.2758546769618988,0.5327702918741676,0.0,1.0,3.0,0.0780191421508789
04_2-1_52_434,2-1,52,434,431,0.22654451793181418,0.8868369460105896,0.002106857176112318,0.22654451793181418,0.4718368649482727,0.3743077218532562,0.7303148858851283,0.0,1.0,6.0,1.9767481833696365
04_2-1_52_496,2-1,52,496,492,0.21495598141720912,0.4744427800178528,0.040279660211505225,0.21495598141720912,0.5779638886451721,0.08005957305431366,0.2029994473413651,0.0,1.0,6.0,0.026804260909557343
04_2-1_52_559,2-1,52,559,559,0.28892100282579414,0.4000721573829651,0.09418054656156194,0.28892100282579414,0.45083899796009064,0.16775786131620407,0.7221159616797533,0.0,1.0,7.0,2.11681117862463
04_2-1_52_634,2-1,52,634,632,0.19092356955677,0.7048569321632385,0.002928415020934023,0.19092356955677,0.4692196846008301,0.34885676205158234,0.979934256610514,0.0,1.0,3.0,0.5014657974243164
04_2-1_52_690,2-1,52,690,685,0.29414134344509635,0.5911837220191956,0.03090720854095484,0.29414134344509635,0.5588240921497345,0.2527837008237839,0.7469967050557955,1.0,12.0,8.0,2.596392437815666
04_2-1_52_719,2-1,52,719,715,0.24135167045173295,0.6660403609275818,0.0028673824724554874,0.24135167045173295,0.3313511312007904,0.142441064119339,0.27204212264537286,1.0,2.0,7.0,0.9531559944152832
04_2-1_52_744,2-1,52,744,740,0.19400915139671093,0.7202613353729248,0.0003143227995132567,0.19400915139671093,0.6639540195465088,0.10619372129440308,0.1729348997728187,2.0,1.0,4.0,1.192918300628662
04_2-1_52_809,2-1,52,809,806,0.1595897549395339,0.7601696848869324,0.0019278817593006566,0.1595897549395339,0.18079176545143127,0.24990829825401306,0.48976525522162706,0.0,1.0,7.0,0.9157639741897583
04_2-1_52_856,2-1,52,856,853,0.0971261895791927,0.5236486196517944,0.01877825588104267,0.0971261895791927,0.35441409051418304,0.0965915322303772,0.22617943847648003,0.0,1.0,5.0,-1.3209763914346695
04_2-1_53_69,2-1,53,69,64,0.195208335951934,1.0,0.0889152945973472,0.195208335951934,0.5490178912878036,0.3966217041015625,0.6573350529802999,0.0,1.0,1.0,-1.3971093446016312
04_2-1_53_115,2-1,53,115,111,0.2667229368978459,0.7062339782714844,0.15080236254713858,0.2667229368978459,0.3306513726711273,0.30102236568927765,0.7428769471116975,1.0,3.0,6.0,2.8035797104239464
04_2-1_53_171,2-1,53,171,167,0.18373358914792365,0.6915058493614197,0.15039932474184567,0.18373358914792365,0.26687318086624146,0.21594400703907013,0.4540818623809962,2.0,7.0,7.0,1.5665393024682999
04_2-1_53_213,2-1,53,213,215,0.2801861061941913,0.5616766214370728,0.0253957491898058,0.2801861061941913,0.4286339432001114,0.17965230345726013,0.47026405127108567,0.0,2.0,6.0,0.6871289238333702
04_2-1_53_259,2-1,53,259,259,0.18970911172761026,0.770504355430603,0.0036983441273311136,0.18970911172761026,0.4558478593826294,0.261993408203125,0.5152168495714301,1.0,1.0,3.0,0.3642822653055191
04_2-1_53_293,2-1,53,293,290,0.13921816702568532,0.8554925918579102,0.01141163301197086,0.13921816702568532,0.44411247968673706,0.3212415874004364,0.6012933709439702,0.0,2.0,5.0,0.49085552990436554
04_2-1_53_308,2-1,53,308,312,0.14773309733021178,0.71246737241745,0.022572759194736735,0.14773309733021178,0.5212454199790955,0.17961713671684265,0.3370874678898785,0.0,1.0,4.0,0.7541501522064209
04_2-1_53_333,2-1,53,333,336,0.1173970259513885,0.569160521030426,0.00018666793148680927,0.1173970259513885,0.3177419900894165,0.018546313047409058,0.03368295401483918,0.0,2.0,2.0,-0.6809826046228409
04_2-1_53_386,2-1,53,386,391,0.08046629583831846,0.6239304542541504,0.0007694036882866715,0.08046629583831846,0.477772057056427,0.22392845153808594,0.5598183259523284,1.0,1.0,1.0,-1.22800662368536
04_2-1_53_481,2-1,53,481,478,0.28009714136140135,0.48118603229522705,0.098872410570112,0.28009714136140135,0.4251832515001297,0.2413184493780136,1.0060486141693474,0.0,49.0,8.0,2.697248123586178
04_2-1_53_545,2-1,53,545,541,0.21554850826838784,0.6203526854515076,0.09458407286345315,0.21554850826838784,0.45246583223342896,0.23418529331684113,0.6064346656052584,1.0,1.0,5.0,0.9625546932220459
04_2-1_53_571,2-1,53,571,567,0.21370671125792218,0.7473108768463135,0.058918199539849135,0.21370671125792218,0.5914180278778076,0.28317950665950775,0.6101279181916369,1.0,1.0,7.0,1.6731023043394089
04_2-1_53_664,2-1,53,664,660,0.1165631759864641,0.6904314756393433,0.006639860101052248,0.1165631759864641,0.648204892873764,0.2419501543045044,0.5394876950156481,0.0,4.0,3.0,-1.0672037079930305
04_2-1_53_710,2-1,53,710,710,0.23583338221467248,0.6256017684936523,0.03999153179232556,0.23583338221467248,0.4606795832514763,0.25764158368110657,0.7001887549664101,2.0,1.0,9.0,2.194470502436161
04_2-1_53_766,2-1,53,766,761,0.10447418228070651,0.6640302538871765,0.039161149790508464,0.10447418228070651,0.24463480710983276,0.17170296609401703,0.34875776815798654,1.0,1.0,6.0,-0.37442512810230255
04_2-1_53_805,2-1,53,805,802,0.12443786837453095,0.4662994146347046,0.0172382433472045,0.12443786837453095,0.2953633666038513,0.10176059603691101,0.2791488610961525,0.0,2.0,9.0,1.7471651509404182
04_2-1_54_111,2-1,54,111,106,0.405794207913303,0.737596333026886,0.09738070549608478,0.405794207913303,0.1996389627456665,0.3762606829404831,1.0413051766425796,3.0,43.0,12.0,5.9236695766448975
04_2-1_54_157,2-1,54,157,153,0.07343362372730551,0.6810499429702759,0.0005804231322264559,0.07343362372730551,0.36127716302871704,0.0019428730010986328,0.002860922948699112,0.0,1.0,2.0,-2.898577183485031
04_2-1_54_215,2-1,54,215,210,0.4329042378589154,0.5885178446769714,0.12882029613730864,0.4329042378589154,0.09144121408462524,0.2841353118419647,0.9334810023280239,5.0,,14.0,6.622799023985863
04_2-1_54_268,2-1,54,268,264,0.1339953000820873,0.7006089091300964,0.009088431547027372,0.1339953000820873,0.2782766819000244,0.04253765940666199,0.06463989944027969,0.0,1.0,5.0,-0.8030476868152618
04_2-1_54_312,2-1,54,312,309,0.3301283940191736,0.6581082940101624,0.014800772160394254,0.3301283940191736,0.30030617117881775,0.1932690590620041,0.4157761318997925,1.0,37.0,13.0,2.7434993386268616
04_2-1_54_384,2-1,54,384,382,0.3382408552135727,0.6072604060173035,0.04667695233264937,0.3382408552135727,0.07348319888114929,0.2417534738779068,0.6614196684666629,0.0,,8.0,3.646256983280182
04_2-1_54_484,2-1,54,484,479,0.35667936058584626,0.594980776309967,0.00019679791693453933,0.35667936058584626,0.13693693280220032,0.3335307836532593,1.2756962823525335,4.0,36.0,15.0,4.244980163872242
04_2-1_54_579,2-1,54,579,574,0.3546232351133638,0.4564920663833618,0.020720200382168145,0.3546232351133638,0.23364830017089844,0.2623065561056137,1.3508039592162693,7.0,48.0,15.0,5.5000704899430275
04_2-1_54_707,2-1,54,707,704,0.425890196052762,0.4407159984111786,0.09116325923169846,0.425890196052762,0.099942646920681,0.3504977524280548,3.8849985233986803,3.0,,15.0,7.0325799733400345
04_2-1_54_767,2-1,54,767,762,0.3227601656527299,0.6242113709449768,0.002875933761365004,0.3227601656527299,0.1750815510749817,0.20806843042373657,0.4999926952097764,4.0,36.0,13.0,3.8140687346458435
04_2-1_57_116,2-1,57,116,111,0.34555882414865013,0.4611850678920746,0.3001772965970887,0.34555882414865013,0.30712708085775375,0.34708579257130623,3.0419631640563947,4.0,,14.0,5.702743660658598
04_2-1_57_153,2-1,57,153,149,0.2638887820585343,0.7549259662628174,0.04427092805251358,0.2638887820585343,0.2832016348838806,0.2590639889240265,0.5224518127289776,1.0,19.0,5.0,3.00069260597229
04_2-1_57_240,2-1,57,240,235,0.25963071792385817,0.6740164756774902,0.005154956416541495,0.25963071792385817,0.6269197463989258,0.08421391248703003,0.1427832256806173,1.0,2.0,3.0,0.875581294298172
04_2-1_57_290,2-1,57,290,285,0.19038659909142877,0.7814094424247742,0.0009399282051231395,0.19038659909142877,0.3056422472000122,0.14225870370864868,0.2225745744961611,1.0,1.0,4.0,1.1011246144771576
04_2-1_57_361,2-1,57,361,357,0.26583921401787863,0.6448663473129272,0.00822908037302998,0.26583921401787863,0.2604134678840637,0.11450353264808655,0.2158966079106551,3.0,1.0,4.0,1.4876401275396347
04_2-1_57_443,2-1,57,443,440,0.2860050991747024,0.6455096006393433,0.0318924816973799,0.2860050991747024,0.3830915689468384,0.18223251402378082,0.3933553359072157,0.0,3.0,10.0,1.5107453912496567
04_2-1_57_532,2-1,57,532,527,0.3177851524975799,0.7150092720985413,0.012373921136311325,0.3177851524975799,0.32989221811294556,0.2520785331726074,0.5445275329036607,3.0,,13.0,3.852848470211029
04_2-1_57_630,2-1,57,630,626,0.3223470145358983,0.7437217235565186,0.11954958446253845,0.3223470145358983,0.37506020069122314,0.3266519010066986,0.7832067518327325,3.0,39.0,11.0,3.0108150988817215
04_2-1_57_684,2-1,57,684,679,0.1595380033857392,0.76221764087677,0.011477005684504792,0.1595380033857392,0.3013876676559448,0.13374218344688416,0.21280414671054157,0.0,2.0,1.0,-0.5296603888273239
04_2-1_57_745,2-1,57,745,740,0.2990401693137003,0.7625784873962402,0.03556084723427693,0.2990401693137003,0.5885605812072754,0.2387794852256775,0.45586090129267676,2.0,29.0,8.0,2.416910320520401
04_2-1_57_812,2-1,57,812,817,0.21867259521320853,0.6790589690208435,0.020467949839965267,0.21867259521320853,0.2918310761451721,0.1849530190229416,0.37431854245780066,0.0,2.0,5.0,0.4657486826181412
04_2-1_58_55,2-1,58,55,57,0.17165904058089784,0.8756487369537354,0.0030669269767018424,0.17165904058089784,0.346188485622406,0.14863795042037964,0.20445081857607353,0.0,1.0,5.0,0.0803595781326294
04_2-1_58_111,2-1,58,111,106,0.2563112241888824,0.8595463037490845,0.0010364854599117838,0.2563112241888824,0.40299397706985474,0.27690187096595764,0.47525017898699573,2.0,14.0,8.0,2.0289712846279144
04_2-1_58_146,2-1,58,146,141,0.28519731064673454,0.7774239182472229,0.03682259990994847,0.28519731064673454,0.21045058965682983,0.11719384789466858,0.17750455963341472,0.0,7.0,7.0,0.5034926235675812
04_2-1_58_173,2-1,58,173,168,0.17872177982005122,0.8476637601852417,0.02420968748616215,0.17872177982005122,0.4549099802970886,0.17594796419143677,0.2619381072185765,0.0,1.0,3.0,-0.43587908148765564
04_2-1_58_237,2-1,58,237,233,0.3265659523618578,0.794712483882904,0.008042012585168576,0.3265659523618578,0.4806627035140991,0.19360607862472534,0.3220828740654833,3.0,33.0,11.0,3.9465209543704987
04_2-1_58_413,2-1,58,413,409,0.25787334181396954,0.42013469338417053,0.0110354078871883,0.25787334181396954,0.3646828532218933,0.2289617508649826,1.1976681838330852,1.0,29.0,14.0,2.558634102344513
04_2-1_58_456,2-1,58,456,452,0.14014544755035044,0.48415473103523254,0.0028300081223204218,0.14014544755035044,0.3217400908470154,0.1231808215379715,0.3412457751019431,1.0,2.0,7.0,0.6135663092136383
04_2-1_58_480,2-1,58,480,478,0.0926868130845338,0.4345654845237732,0.006260165886717445,0.0926868130845338,0.3203597217798233,0.04332423210144043,0.11073533742467746,0.0,1.0,4.0,-0.07912637293338776
04_2-1_58_522,2-1,58,522,522,0.069796866171509,0.3478717505931854,0.002073933607216855,0.069796866171509,0.38976556062698364,0.04019467532634735,0.13063916215235682,0.0,1.0,5.0,-0.48259612172842026
04_2-1_58_581,2-1,58,581,576,0.2738164685946234,0.6664648056030273,0.13827492009804707,0.2738164685946234,0.32905855774879456,0.4749690741300583,2.480311547816947,4.0,14.0,10.0,4.406756401062012
04_2-1_58_638,2-1,58,638,634,0.122893297552848,0.4951801896095276,0.002925140204517077,0.122893297552848,0.19531092047691345,0.2611168920993805,1.1155823868031278,0.0,4.0,3.0,0.9015925973653793
04_2-1_58_714,2-1,58,714,710,0.16176584956403808,0.3872664272785187,0.0006902789572670833,0.16176584956403808,0.31090332567691803,0.13783104717731476,0.5525721616612378,0.0,13.0,6.0,1.8274348005652428
04_2-1_58_749,2-1,58,749,745,0.3570374284261435,0.6005456447601318,0.056946750706109654,0.3570374284261435,0.43204034864902496,0.23093818128108978,0.624820124321393,3.0,34.0,13.0,4.156680792570114
04_2-1_58_807,2-1,58,807,802,0.24161904207270515,0.6609989404678345,0.002453223927599862,0.24161904207270515,0.20718234777450562,0.14649617671966553,0.2847335078483082,0.0,6.0,8.0,0.8122467696666718
04_2-1_58_856,2-1,58,856,851,0.3419105520896072,0.6856873631477356,0.04439347530283009,0.3419105520896072,0.2062847912311554,0.16609671711921692,0.3196684127952919,4.0,24.0,11.0,3.650443285703659
04_2-1_60_130,2-1,60,130,125,0.3951165768353167,0.5551480650901794,0.3375339024424273,0.3951165768353167,0.25575077533721924,0.32689790427684784,1.432191342656677,6.0,,13.0,6.624946117401123
04_2-1_60_220,2-1,60,220,217,0.34110440528303987,0.7206670045852661,0.0868314390905307,0.34110440528303987,0.30813151597976685,0.23702140152454376,0.4900724828770653,0.0,,11.0,3.602722004055977
04_2-1_60_317,2-1,60,317,312,0.23622352775115674,0.7762003540992737,0.010123863025842414,0.23622352775115674,0.3385644555091858,0.18033498525619507,0.302643843199564,1.0,4.0,7.0,1.6874401569366455
04_2-1_60_367,2-1,60,367,363,0.1288494198734675,0.7826871871948242,0.01628446360090013,0.1288494198734675,0.4425160884857178,0.1119859516620636,0.16696845887440387,0.0,1.0,7.0,-0.39422568678855896
04_2-1_60_497,2-1,60,497,492,0.39036670978099863,0.5727136135101318,0.6170004271491378,0.39036670978099863,0.6132268607616425,0.41171951591968536,2.557357829148869,8.0,,14.0,8.77294272556901
04_2-1_60_516,2-1,60,516,519,0.14402905540559494,0.9257407784461975,0.005024021706370121,0.14402905540559494,0.38259708881378174,0.34179311990737915,0.5853146509100322,0.0,1.0,10.0,3.783194273710251
04_2-1_60_597,2-1,60,597,592,0.2783525310689299,0.7539430260658264,0.00931490823473302,0.2783525310689299,0.27870965003967285,0.1894354522228241,0.33557645813891035,1.0,3.0,8.0,2.326545685529709
04_2-1_60_624,2-1,60,624,626,0.18154729067685138,0.9844589233398438,0.0052006082891735755,0.18154729067685138,0.49808210134506226,0.24634557962417603,0.333750340271686,0.0,1.0,6.0,0.2720874547958374
04_2-1_60_671,2-1,60,671,671,0.15966431724487812,0.8308692574501038,0.005930582300039402,0.15966431724487812,0.4526389241218567,0.190021812915802,0.29651645572822594,0.0,1.0,5.0,0.6174118518829346
04_2-1_60_704,2-1,60,704,702,0.1506417811610702,0.7863771319389343,0.0027699754228620362,0.1506417811610702,0.5735858082771301,0.11093208193778992,0.16423553912727906,0.0,1.0,4.0,0.07586032152175903
04_2-1_60_750,2-1,60,750,754,0.14949814024712138,0.8021392822265625,0.004916010361453385,0.14949814024712138,0.18739932775497437,0.16844117641448975,0.26580665914826335,0.0,1.0,4.0,-0.2296338528394699
04_2-1_60_827,2-1,60,827,822,0.2342532861473658,0.773902952671051,0.003862435319090875,0.2342532861473658,0.26237237453460693,0.24579322338104248,0.4654207444946853,3.0,3.0,9.0,2.0583537817001343
04_2-1_61_71,2-1,61,71,67,0.38561884889114334,0.5244199633598328,0.1545358164459597,0.38561884889114334,0.3608851283788681,0.2685230150818825,1.049340435237305,3.0,1.0,9.0,4.357314778491855
04_2-1_61_121,2-1,61,121,116,0.1867363333233987,0.5938155651092529,0.0007900963377214657,0.1867363333233987,0.4651155173778534,0.1773892492055893,0.42597992113117716,1.0,1.0,7.0,-0.41915901750326157
04_2-1_61_159,2-1,61,159,156,0.24799641126389135,0.5412095785140991,0.023297616618227646,0.24799641126389135,0.3707245737314224,0.1686408668756485,0.45264366439686843,0.0,4.0,4.0,0.3514867052435875
04_2-1_61_199,2-1,61,199,194,0.20766279238055452,0.5866541266441345,0.004655379536729579,0.20766279238055452,0.35651689767837524,0.16223469376564026,0.3822508612891105,0.0,1.0,6.0,1.6302841678261757
04_2-1_61_236,2-1,61,236,232,0.3039010834880883,0.820378303527832,0.009855710394353553,0.3039010834880883,0.3531513810157776,0.33591340482234955,0.693369954603376,0.0,26.0,11.0,2.468126341700554
04_2-1_61_272,2-1,61,272,268,0.18246901476839922,0.7768146395683289,0.026684751284425656,0.18246901476839922,0.644011527299881,0.12020793557167053,0.18307448711684537,0.0,3.0,1.0,-1.1028399765491486
04_2-1_61_329,2-1,61,329,325,0.2794766933773486,0.5650683641433716,0.02381307242744617,0.2794766933773486,0.24331851303577423,0.20280735194683075,0.5598376450093939,3.0,6.0,7.0,2.2753765285015106
04_2-1_61_359,2-1,61,359,354,0.2601874806167818,0.6937674283981323,0.0031136688193613713,0.2601874806167818,0.33589044213294983,0.18276888132095337,0.3576700606417747,2.0,7.0,6.0,1.2799802273511887
04_2-1_61_438,2-1,61,438,433,0.1460765893330263,0.5627588629722595,0.007573591338380241,0.1460765893330263,0.22207728028297424,0.16001729667186737,0.3973200435748307,0.0,2.0,3.0,-0.5568947121500969
04_2-1_61_492,2-1,61,492,487,0.39781761891848466,0.709661066532135,0.14809771607811084,0.39781761891848466,0.3084200322628021,0.42066746950149536,1.4556290306213788,4.0,,11.0,5.6471581142395735
04_2-1_61_581,2-1,61,581,577,0.22932436130237643,0.7044211030006409,0.0033187022109852373,0.22932436130237643,0.490298867225647,0.13984203338623047,0.24769255700842424,1.0,2.0,8.0,0.3833656907081604
04_2-1_61_608,2-1,61,608,607,0.15573722479514016,0.7858105897903442,0.0012663731711784975,0.15573722479514016,0.34192854166030884,0.15085524320602417,0.2375840191243922,0.0,2.0,7.0,0.7452700138092041
04_2-1_61_638,2-1,61,638,633,0.1561548025016525,0.9026980400085449,0.0006458630134357581,0.1561548025016525,0.2956520915031433,0.25723329186439514,0.3985241527194108,0.0,4.0,3.0,0.12890586256980896
04_2-1_61_740,2-1,61,740,737,0.10032104311470635,0.3979923725128174,0.001471910605360044,0.10032104311470635,0.2920425422489643,0.18014932423830032,0.826968432847503,1.0,4.0,6.0,0.5557772573083639
04_2-1_61_781,2-1,61,781,778,0.19764546599603472,0.44100144505500793,0.012996727219032665,0.19764546599603472,0.5824912339448929,0.18709886074066162,0.736892305550629,0.0,2.0,6.0,1.4235556349158287
04_2-1_61_811,2-1,61,811,808,0.26672042312508965,0.4932231307029724,0.023205889191120238,0.26672042312508965,0.5614570267498493,0.1980741322040558,0.6710987779441265,1.0,14.0,9.0,2.150274407118559
04_2-1_62_74,2-1,62,74,69,0.33464548191425914,0.6240741014480591,0.0006316824614552574,0.33464548191425914,0.2618744373321533,0.30815060436725616,0.9753962817410865,4.0,32.0,16.0,4.094259150326252
04_2-1_62_147,2-1,62,147,143,0.3514229005467525,0.558377742767334,0.03158252699309991,0.3514229005467525,0.13823004066944122,0.30007652938365936,1.161731009516911,2.0,,16.0,4.500744566321373
04_2-1_62_175,2-1,62,175,171,0.2937275878691817,0.7142761945724487,0.002105754744185245,0.2937275878691817,0.29043048620224,0.14499929547309875,0.25470785078843244,2.0,29.0,9.0,2.916760891675949
04_2-1_62_304,2-1,62,304,299,0.3629520252349384,0.5225544571876526,0.05215346598621639,0.3629520252349384,0.22163307666778564,0.4381791390478611,5.19321465931416,3.0,,16.0,6.561013909056783
04_2-1_62_347,2-1,62,347,342,0.29957426153940103,0.7138200998306274,0.0032391825715271643,0.29957426153940103,0.17184433341026306,0.2694852948188782,0.6064915279633616,0.0,34.0,12.0,2.668315678834915
04_2-1_62_407,2-1,62,407,402,0.2966118127822364,0.6657195687294006,0.009694553902338872,0.2966118127822364,0.13229826092720032,0.23001153767108917,0.527902910378777,1.0,33.0,15.0,3.667869582772255
04_2-1_62_454,2-1,62,454,449,0.2531706051395002,0.7481136918067932,0.0006468298151269774,0.2531706051395002,0.19528645277023315,0.1689836084842682,0.2917886902279242,2.0,3.0,10.0,1.449913039803505
04_2-1_62_498,2-1,62,498,495,0.23062986223828508,0.7239190936088562,0.0019288829668229386,0.23062986223828508,0.18335306644439697,0.12493228912353516,0.20857269006265194,0.0,16.0,12.0,1.9566430747509003
04_2-1_62_564,2-1,62,564,559,0.295083848080879,0.6145786643028259,0.0054929001824384595,0.295083848080879,0.2653326690196991,0.14143764972686768,0.29893339484345466,1.0,26.0,12.0,1.621553897857666
04_2-1_62_614,2-1,62,614,609,0.35171791541460024,0.6820728182792664,0.010359248455353694,0.35171791541460024,0.26867425441741943,0.19238686561584473,0.3928780569862068,1.0,44.0,15.0,3.329212039709091
04_2-1_62_687,2-1,62,687,683,0.32237819753523006,0.6201644539833069,0.007769399691449088,0.32237819753523006,0.2095765769481659,0.12671548128128052,0.2567955113725585,0.0,38.0,12.0,2.0210717916488647
04_2-1_62_751,2-1,62,751,746,0.27430109874565195,0.6418588161468506,0.004098030493819202,0.27430109874565195,0.2233681082725525,0.178522989153862,0.38529934175921926,0.0,25.0,10.0,1.8963228166103363
04_2-1_62_817,2-1,62,817,812,0.3164894454734032,0.5326183438301086,0.00953988094988863,0.3164894454734032,0.22309264540672302,0.13263647258281708,0.3316062104745084,2.0,31.0,14.0,2.9497796148061752
04_2-1_63_72,2-1,63,72,67,0.27469302328835266,0.536083996295929,0.017953949037319356,0.27469302328835266,0.4049700200557709,0.059406206011772156,0.12462549592746701,0.0,25.0,11.0,1.236873596906662
04_2-1_63_122,2-1,63,122,118,0.2032771646669036,0.639168381690979,0.0020349817751158642,0.2032771646669036,0.14684683084487915,0.1671111136674881,0.35400601788673697,0.0,3.0,7.0,1.5269245952367783
04_2-1_63_164,2-1,63,164,159,0.3500972944958661,0.7530430555343628,0.014129423808727906,0.3500972944958661,0.16026419401168823,0.2234949767589569,0.4220485083730169,3.0,,6.0,2.9520691484212875
04_2-1_63_189,2-1,63,189,193,0.1823896719369312,0.752662718296051,0.005761399374147112,0.1823896719369312,0.3533511161804199,0.015255570411682129,0.020688123861357415,0.0,1.0,4.0,0.42138752341270447
04_2-1_63_237,2-1,63,237,232,0.25140222457736144,0.8554893136024475,0.0016408748323104966,0.25140222457736144,0.27912336587905884,0.1565665304660797,0.2240111987242685,0.0,17.0,12.0,2.121153861284256
04_2-1_63_264,2-1,63,264,267,0.15835194764968455,0.8639529943466187,0.014596757463491934,0.15835194764968455,0.2168865203857422,0.03180691599845886,0.03822275538640613,0.0,1.0,7.0,-1.3852719962596893
04_2-1_63_329,2-1,63,329,325,0.2932504612468383,0.6911728978157043,0.006862095275733611,0.2932504612468383,0.16329649090766907,0.19040413200855255,0.380223658122236,0.0,25.0,11.0,2.005470648407936
04_2-1_63_364,2-1,63,364,359,0.2301991180619131,0.742095947265625,0.004544812568025562,0.2301991180619131,0.2296537160873413,0.08240744471549988,0.12491872208920045,2.0,8.0,5.0,1.3683225512504578
04_2-1_63_440,2-1,63,440,437,0.3051926179392251,0.5972421169281006,0.003127504581133435,0.3051926179392251,0.2097392976284027,0.21027307212352753,0.543384735669799,1.0,36.0,12.0,2.698505476117134
04_2-1_63_491,2-1,63,491,487,0.35949540460873547,0.7744250297546387,0.020612439066774305,0.35949540460873547,0.34811195731163025,0.2668476700782776,0.5257280786684884,1.0,42.0,15.0,4.090744465589523
04_2-1_63_659,2-1,63,659,655,0.475417086192778,0.4665818214416504,0.2807611894642523,0.475417086192778,0.14049259759485722,0.3794199042022228,4.353046791754057,4.0,,13.0,8.652514065615833
04_2-1_63_748,2-1,63,748,744,0.30120281622643275,0.6736981868743896,0.005250278891525134,0.30120281622643275,0.21016159653663635,0.33885326981544495,1.0119707737889736,1.0,26.0,13.0,2.714822441339493
04_2-1_63_814,2-1,63,814,809,0.3435318686784529,0.639938235282898,0.06697313631259984,0.3435318686784529,0.3069300651550293,0.318399041891098,0.9902340008147138,3.0,43.0,13.0,4.022121086716652
04_2-1_66_52,2-1,66,52,50,0.17208187265309574,0.48002851009368896,0.0025063345497643645,0.17208187265309574,0.21486561000347137,0.14795923233032227,0.4455673627108568,0.0,2.0,5.0,0.2988606244325638
04_2-1_66_101,2-1,66,101,96,0.35380420560579773,0.6373046636581421,0.8653979935208873,0.35380420560579773,0.3074151575565338,0.272494912147522,0.7469507353330419,6.0,45.0,7.0,4.890551634132862
04_2-1_66_165,2-1,66,165,162,0.08517190960111104,0.7160485982894897,0.002749124313073535,0.08517190960111104,0.23427140712738037,0.1863880157470703,0.3519008623454491,0.0,1.0,3.0,-0.9607014507055283
04_2-1_66_194,2-1,66,194,190,0.07372539103102348,0.5702260136604309,0.04218958521747559,0.07372539103102348,0.08186870813369751,0.11611847579479218,0.2557069991406954,0.0,1.0,4.0,-1.11777763068676
04_2-1_66_242,2-1,66,242,238,0.19883576054796387,0.5069782137870789,0.08358113143574537,0.19883576054796387,0.1355883777141571,0.11033794283866882,0.2781813923604852,6.0,3.0,7.0,2.8198069483041763
04_2-1_66_269,2-1,66,269,265,0.10429415256610008,0.49770495295524597,0.006638480058853529,0.10429415256610008,0.34669095277786255,0.05536043643951416,0.12515230634162341,0.0,1.0,3.0,-0.7401179373264313
04_2-1_66_295,2-1,66,295,296,0.1067682965198648,0.5827583074569702,0.0029936590261905173,0.1067682965198648,0.3259609043598175,0.15322035551071167,0.35670970356975995,0.0,2.0,5.0,-0.18740224838256836
04_2-1_66_353,2-1,66,353,352,0.2706644838021981,0.6053972840309143,0.16498770657783776,0.2706644838021981,0.22976845502853394,0.1948791891336441,0.4747152234115563,2.0,38.0,9.0,2.784994125366211
04_2-1_66_417,2-1,66,417,412,0.23682629299543687,0.8195602297782898,0.019283086748306786,0.23682629299543687,0.49695175886154175,0.32322925329208374,0.6512373166397905,0.0,6.0,4.0,2.8146112710237503
04_2-1_66_443,2-1,66,443,441,0.2539947408588638,0.6791872978210449,0.025854141985654673,0.2539947408588638,0.22201520204544067,0.10385063290596008,0.18050411044338296,1.0,1.0,9.0,1.7046763598918915
04_2-1_66_516,2-1,66,516,512,0.20598736882293572,0.6287005543708801,0.09803076836895132,0.20598736882293572,0.42494308948516846,0.16426695883274078,0.35369310146998434,1.0,12.0,5.0,2.3706133663654327
04_2-1_66_540,2-1,66,540,545,0.10979379606710993,0.5590866804122925,0.03856458430296783,0.10979379606710993,0.26275551319122314,0.03598982095718384,0.06880144720171548,0.0,1.0,1.0,-1.5339555144309998
04_2-1_66_597,2-1,66,597,599,0.07392072692658923,0.4161663353443146,0.0053722426546477745,0.07392072692658923,0.35737085342407227,0.06394563615322113,0.18154990975850666,0.0,1.0,5.0,-0.9940562099218369
04_2-1_66_738,2-1,66,738,743,0.18449360132995402,0.46684032678604126,0.00010536452213798526,0.18449360132995402,0.33705028891563416,0.2801862955093384,1.5010996204736655,0.0,2.0,9.0,2.544358290731907
04_2-1_66_803,2-1,66,803,798,0.09787534822736099,0.377397358417511,0.001563491620793749,0.09787534822736099,0.3220056891441345,0.1682988777756691,0.8048785302459603,2.0,3.0,5.0,0.8249007537961006
04_2-1_66_854,2-1,66,854,849,0.3462855265620819,0.39561963081359863,0.5325719823351055,0.3462855265620819,0.17369307205080986,0.2346932217478752,1.4583884839686252,4.0,,14.0,4.530249547213316
04_2-1_69_98,2-1,69,98,93,0.30889202464113585,0.48927801847457886,0.013486397897613822,0.30889202464113585,0.18087829649448395,0.20472900569438934,0.7194859110354387,2.0,22.0,9.0,4.032255090773106
04_2-1_69_123,2-1,69,123,120,0.17099685076136012,0.6971037983894348,0.0025195016182337276,0.17099685076136012,0.5369452238082886,0.17487362027168274,0.3348592777651627,2.0,1.0,8.0,0.9004657864570618
04_2-1_69_147,2-1,69,147,142,0.16213024188460493,0.7674166560173035,0.005564445791329279,0.16213024188460493,0.522537112236023,0.17609456181526184,0.2977980419502036,2.0,2.0,4.0,0.008760452270507812
04_2-1_69_239,2-1,69,239,235,0.37105870852569633,0.5159648656845093,0.08273874190423412,0.37105870852569633,0.3761691451072693,0.24750539660453796,0.9219469793811171,1.0,35.0,10.0,3.4906810261309147
04_2-1_69_294,2-1,69,294,289,0.31166768647739307,0.6399587988853455,0.013916522207745892,0.31166768647739307,0.22714459896087646,0.37529022991657257,1.4179629692290794,1.0,24.0,11.0,2.76662028580904
04_2-1_69_354,2-1,69,354,352,0.23659541671397938,0.5976123213768005,0.028295956380197433,0.23659541671397938,0.3819125294685364,0.19321300089359283,0.47777775853512056,0.0,1.0,8.0,0.9276795461773872
04_2-1_69_410,2-1,69,410,407,0.31221218943072604,0.5045576691627502,0.054492026032853934,0.31221218943072604,0.4269275441765785,0.24389365315437317,0.935662915385049,1.0,26.0,6.0,2.196412716060877
04_2-1_69_444,2-1,69,444,440,0.31588373577028583,0.7905266284942627,0.016970607311092248,0.31588373577028583,0.361865371465683,0.3392412066459656,0.7517220593046411,0.0,31.0,9.0,3.2730227261781693
04_2-1_69_508,2-1,69,508,504,0.23498839878483269,0.484144002199173,0.011347922834490768,0.23498839878483269,0.30218398562283255,0.22473125159740448,0.8663076547937132,1.0,1.0,4.0,1.577881079254439
04_2-1_69_574,2-1,69,574,570,0.3090264394120474,0.4183664917945862,0.15662293803070482,0.3090264394120474,0.362190879881382,0.2620237246155739,1.675956805315829,6.0,,10.0,5.731018353253603
04_2-1_69_607,2-1,69,607,603,0.2858984353185512,0.6630511283874512,0.025379930380226644,0.2858984353185512,0.43964487314224243,0.1713634729385376,0.348520999133244,0.0,21.0,11.0,1.6100105345249176
04_2-1_69_635,2-1,69,635,631,0.13195514690585994,0.6706277132034302,0.00105726601978346,0.13195514690585994,0.2396533489227295,0.05828443169593811,0.0951826099119616,0.0,1.0,3.0,-0.25354889035224915
04_2-1_69_699,2-1,69,699,695,0.2899877125600663,0.6936907768249512,0.025224580353504243,0.2899877125600663,0.13267365097999573,0.20823357999324799,0.42894323403230494,4.0,22.0,6.0,2.9171014577150345
04_2-1_69_789,2-1,69,789,785,0.2287742483882857,0.6484949588775635,0.003432504735938802,0.2287742483882857,0.3139868974685669,0.11089962720870972,0.206288300280519,0.0,10.0,5.0,0.8691262602806091
04_2-1_69_853,2-1,69,853,848,0.31700814099369157,0.541247546672821,0.008366071146824588,0.31700814099369157,0.533278077840805,0.23708026111125946,0.7794403683931876,1.0,16.0,7.0,1.7600353611633182
04_2-1_70_70,2-1,70,70,66,0.24274598774826178,0.5623334646224976,0.017389379434871118,0.24274598774826178,0.2199888527393341,0.10653173923492432,0.23372386127836442,0.0,1.0,9.0,1.336792677640915
04_2-1_70_106,2-1,70,106,106,0.15438802072940655,0.7703443169593811,0.01654790903883613,0.15438802072940655,0.3014698624610901,0.2500605285167694,0.4806233330184793,0.0,2.0,6.0,0.7746682465076447
04_2-1_70_143,2-1,70,143,141,0.2897558224350741,0.7174351215362549,0.02481096509932843,0.2897558224350741,0.13888895511627197,0.2108878791332245,0.41632420726008645,0.0,25.0,8.0,2.1747492849826813
04_2-1_70_242,2-1,70,242,237,0.2102984831635092,0.5108332633972168,0.02155373394946894,0.2102984831635092,0.3148224353790283,0.19421516358852386,0.6134051202564623,0.0,3.0,8.0,1.831710085272789
04_2-1_70_349,2-1,70,349,345,0.19914413106946352,0.39329245686531067,0.004413960776421615,0.19914413106946352,0.3106783330440521,0.2341998592019081,1.4720977760223166,3.0,20.0,5.0,2.3280977942049503
04_2-1_70_414,2-1,70,414,411,0.13274674425010102,0.3613411784172058,0.006654815724374895,0.13274674425010102,0.2355310320854187,0.15984664112329483,0.7933050854382904,2.0,8.0,11.0,1.3485438823699951
04_2-1_70_486,2-1,70,486,482,0.22569646716451058,0.49940764904022217,0.014901153484652683,0.22569646716451058,0.18959340453147888,0.3236789330840111,1.8419239640074927,2.0,21.0,10.0,2.8300500959157944
04_2-1_70_577,2-1,70,577,575,0.260043005318757,0.40187594294548035,0.004681867347870842,0.260043005318757,0.33114199340343475,0.22863465547561646,1.3197469195406926,1.0,44.0,11.0,2.6033545285463333
04_2-1_70_643,2-1,70,643,638,0.2775398971753027,0.5807475447654724,0.0517876444585939,0.2775398971753027,0.51019686460495,0.28471897542476654,0.9617955998600836,2.0,26.0,7.0,3.6065646409988403
04_2-1_70_718,2-1,70,718,714,0.30483075519731606,0.5671836733818054,0.1729145262274567,0.30483075519731606,0.15972545742988586,0.2648816704750061,0.8762154002554524,3.0,,11.0,4.036097884178162
04_2-1_70_751,2-1,70,751,746,0.2664790009995424,0.7631700038909912,0.012878196859662523,0.2664790009995424,0.3125053346157074,0.1581941843032837,0.26148844165555807,3.0,3.0,3.0,2.367466539144516
04_2-1_70_801,2-1,70,801,806,0.13319962276308667,0.7508922815322876,0.020544172603505318,0.13319962276308667,0.49027252197265625,0.06821626424789429,0.09992479964251673,0.0,1.0,5.0,-1.6192224323749542
04_2-1_72_75,2-1,72,75,80,0.09829169973047538,0.7220280170440674,0.007558068604271847,0.09829169973047538,0.6907413005828857,-0.011846393346786499,-0.01614226246215239,0.0,0.0,1.0,-2.6750552654266357
04_2-1_72_116,2-1,72,116,113,0.22598352792762452,0.753523051738739,0.004445792943095005,0.22598352792762452,0.4769330322742462,0.24804836511611938,0.49072361421989236,0.0,1.0,7.0,1.1944888830184937
04_2-1_72_189,2-1,72,189,185,0.33812832966143813,0.4431382715702057,0.050000569478718705,0.33812832966143813,0.6289987042546272,0.15608766674995422,0.5437635877746885,0.0,,9.0,3.0478351302444935
04_2-1_72_217,2-1,72,217,212,0.29696640004775715,0.7764228582382202,0.020958258921986637,0.29696640004775715,0.3996170163154602,0.2411607801914215,0.45054710595495706,0.0,1.0,8.0,2.8274823427200317
04_2-1_72_295,2-1,72,295,291,0.35914172485711326,0.6341676115989685,0.0747581864662526,0.35914172485711326,0.5212210416793823,0.27651427686214447,0.7731349046853289,0.0,18.0,9.0,4.226833790540695
04_2-1_72_334,2-1,72,334,330,0.24046971225372832,0.831518828868866,0.0016611720270380361,0.24046971225372832,0.46382707357406616,0.2578866481781006,0.4495679581078499,0.0,2.0,7.0,1.6893458813428879
04_2-1_72_350,2-1,72,350,351,0.1601369405728186,0.8819213509559631,0.0002418184047688201,0.1601369405728186,0.3605310320854187,0.2715736925601959,0.44494918400112815,0.0,2.0,8.0,2.4363729059696198
04_2-1_72_413,2-1,72,413,409,0.36859509174901506,0.9521167874336243,0.009714679127589127,0.36859509174901506,0.49797968566417694,0.6131941080093384,1.8092448373503542,1.0,23.0,10.0,5.2665679678320885
04_2-1_72_492,2-1,72,492,487,0.349469159665576,0.511635422706604,0.07363543515027995,0.349469159665576,0.11177203059196472,0.14108338952064514,0.38073840347772014,1.0,30.0,11.0,2.2665160447359085
04_2-1_72_584,2-1,72,584,579,0.3590094780071743,0.5841847658157349,0.050904415437361725,0.3590094780071743,0.6047772318124771,0.26243820786476135,0.815667491630946,0.0,29.0,9.0,3.732693649828434
04_2-1_72_619,2-1,72,619,615,0.21427179829943993,0.6453597545623779,0.006565280628817961,0.21427179829943993,0.25528019666671753,0.11076945066452026,0.20720437661676072,0.0,1.0,7.0,-0.3829396963119507
04_2-1_72_634,2-1,72,634,629,0.1884168043541411,0.8506304621696472,0.00474076834836376,0.1884168043541411,0.3104528784751892,0.31594118475914,0.5908874520342708,2.0,3.0,5.0,1.9992516934871674
04_2-1_72_655,2-1,72,655,653,0.2588945571748685,0.8156217336654663,0.004656537070078257,0.2588945571748685,0.6374101936817169,0.23424071073532104,0.4029039502437729,1.0,2.0,6.0,2.4028797149658203
04_2-1_72_685,2-1,72,685,689,0.1779665472928219,1.0,0.020290166419282937,0.1779665472928219,0.8177091479301453,0.28260573744773865,0.3939336459735781,0.0,1.0,4.0,0.06454899907112122
04_2-1_72_745,2-1,72,745,750,0.16776764130446403,0.8313494920730591,0.0013292953128969712,0.16776764130446403,0.4730110764503479,0.1486465036869049,0.217732317297001,0.0,3.0,6.0,0.03941607475280762
04_2-1_72_803,2-1,72,803,803,0.1218616044908385,0.7036452889442444,0.011636928507375927,0.1218616044908385,0.5958812832832336,0.19860219955444336,0.39323812903646865,1.0,2.0,3.0,-0.06634938716888428
04_2-1_72_850,2-1,72,850,845,0.2532751825815951,0.7046977877616882,0.02312687867688126,0.2532751825815951,0.7270542234182358,0.35141853988170624,0.9947330390634553,3.0,16.0,12.0,3.528528653085232
04_2-1_73_100,2-1,73,100,95,0.1524072444101023,0.9185394644737244,0.023107555868557225,0.1524072444101023,0.5548938512802124,0.23775091767311096,0.3492287271729653,0.0,2.0,8.0,0.869173139333725
04_2-1_73_139,2-1,73,139,135,0.12901827983316877,0.7829485535621643,0.00782785570914445,0.12901827983316877,0.2401822805404663,0.19045203924179077,0.3214399319466881,0.0,1.0,4.0,0.3694337159395218
04_2-1_73_204,2-1,73,204,199,0.20573780326372598,0.48418572545051575,0.023170427400916297,0.20573780326372598,0.19796550273895264,0.15837858617305756,0.4861114662014264,0.0,6.0,1.0,0.8279100060462952
04_2-1_73_233,2-1,73,233,229,0.19604189547060996,0.5833656787872314,0.015238128548790603,0.19604189547060996,0.3898410499095917,0.20334605872631073,0.5350935793623299,0.0,3.0,7.0,0.6061792150139809
04_2-1_73_288,2-1,73,288,287,0.31150269049252904,0.7304961681365967,0.15355154600828844,0.31150269049252904,0.594383031129837,0.3224869668483734,0.7903914074245698,0.0,,12.0,3.6645775884389877
04_2-1_73_345,2-1,73,345,341,0.14981413793466555,0.8228131532669067,0.010068470902445361,0.14981413793466555,0.220100998878479,0.1431671679019928,0.21064961904413196,1.0,3.0,8.0,0.21789732575416565
04_2-1_73_379,2-1,73,379,378,0.15040447934236995,0.6727281808853149,0.011741692125393527,0.15040447934236995,0.5383945107460022,0.0893508791923523,0.15316139132094406,0.0,1.0,4.0,-0.8634203970432281
04_2-1_73_434,2-1,73,434,429,0.18154963599772264,0.5874062180519104,0.014040495352050562,0.18154963599772264,0.1299668252468109,0.13726770877838135,0.30494549111098135,2.0,3.0,8.0,0.8138662129640579
04_2-1_73_503,2-1,73,503,498,0.3489733872161707,0.6451004147529602,0.18954937975623853,0.3489733872161707,0.49209071695804596,0.33824174106121063,1.102272055705313,6.0,38.0,11.0,5.765135906636715
04_2-1_73_567,2-1,73,567,565,0.27307740661314756,0.7164884805679321,0.006225837740530249,0.27307740661314756,0.6216774582862854,0.2520667314529419,0.5427539341843581,0.0,1.0,9.0,2.8265032917261124
04_2-1_73_637,2-1,73,637,634,0.3621511045845132,0.6319965720176697,0.1769790088633045,0.3621511045845132,0.4065546840429306,0.23798400163650513,0.6040010383584496,1.0,,13.0,3.821949854493141
04_2-1_73_722,2-1,73,722,717,0.33881258850831786,0.6777491569519043,0.3718046671802053,0.33881258850831786,0.5912560820579529,0.26107077300548553,0.6265522356423869,2.0,48.0,6.0,4.355441033840179
04_2-1_73_814,2-1,73,814,809,0.22206793668737757,0.43764787912368774,0.024738811326999947,0.22206793668737757,0.5033650115092314,0.15214726328849792,0.5329139583233949,0.0,13.0,8.0,1.3360643975456696
04_2-1_74_114,2-1,74,114,109,0.21803390620751026,0.49780991673469543,0.010416956601997124,0.21803390620751026,0.2107674926519394,0.35018981248140335,2.3722365883208876,3.0,1.0,8.0,2.8925404846668243
04_2-1_74_149,2-1,74,149,146,0.25362686074490076,0.5640974044799805,0.022241457563279,0.25362686074490076,0.2758922576904297,0.2623998522758484,0.869744717379429,1.0,17.0,7.0,2.796412542462349
04_2-1_74_173,2-1,74,173,171,0.23792574970400793,0.6188918948173523,0.003555421468855548,0.23792574970400793,0.4498788118362427,0.1623125970363617,0.3554970578500011,0.0,9.0,9.0,2.8402540385723114
04_2-1_74_239,2-1,74,239,234,0.3021779188944155,0.6859100461006165,0.019108917320821053,0.3021779188944155,0.32238927483558655,0.24041761457920074,0.5396671134415072,2.0,27.0,13.0,3.4244048297405243
04_2-1_74_287,2-1,74,287,282,0.30421120045082617,0.6839353442192078,0.03412751995589026,0.30421120045082617,0.3137258291244507,0.14404705166816711,0.26680899300024924,0.0,2.0,6.0,2.7164784967899323
04_2-1_74_361,2-1,74,361,356,0.21947067438486578,0.6968144774436951,0.009652300654068538,0.21947067438486578,0.27091842889785767,0.20378753542900085,0.413339552188057,0.0,31.0,10.0,2.3402165472507477
04_2-1_74_439,2-1,74,439,440,0.26388836664606075,0.6138374209403992,0.02945412792896476,0.26388836664606075,0.15319642424583435,0.26959311962127686,0.7831447567562139,0.0,1.0,7.0,2.4336951076984406
04_2-1_74_531,2-1,74,531,527,0.3728855090928033,0.580354630947113,0.23330292756074267,0.3728855090928033,0.20891115069389343,0.23175731301307678,0.6648281587092743,2.0,,12.0,4.723884433507919
04_2-1_74_628,2-1,74,628,623,0.29351231109021764,0.5744865536689758,0.056883867062025785,0.29351231109021764,0.2864978313446045,0.169176384806633,0.4173998034184311,3.0,43.0,14.0,3.2078870981931686
04_2-1_74_682,2-1,74,682,678,0.2087131120629769,0.6155934929847717,0.002502525249342064,0.2087131120629769,0.4580075144767761,0.09361329674720764,0.17934262146719887,1.0,17.0,7.0,1.3587781190872192
04_2-1_74_741,2-1,74,741,739,0.3210290184845872,0.6971015930175781,0.06203776614237901,0.3210290184845872,0.27573882043361664,0.22158387303352356,0.46598447065432996,0.0,2.0,10.0,1.7592697441577911
04_2-1_74_814,2-1,74,814,810,0.24992644390239463,0.6731478571891785,0.023107442445361472,0.24992644390239463,0.27478307485580444,0.2806043326854706,0.7148362287729447,2.0,19.0,11.0,2.730077385902405
04_2-1_74_859,2-1,74,859,854,0.2008254612829269,0.6294514536857605,0.001453614578944819,0.2008254612829269,0.3072203993797302,0.09908789396286011,0.18683013217316563,0.0,4.0,7.0,0.9756498038768768
04_2-1_75_100,2-1,75,100,95,0.20217887020970632,0.2674313187599182,0.0007993264225607762,0.20217887020970632,0.12012777850031853,0.2164105661213398,4.2416184577744716,2.0,,14.0,3.092913516331464
04_2-1_75_163,2-1,75,163,158,0.2769802602717194,0.37987688183784485,0.006470572891572399,0.2769802602717194,0.152653306722641,0.22720098495483398,1.4881260866535375,3.0,,18.0,3.74820214509964
04_2-1_75_238,2-1,75,238,233,0.45153134828169256,0.5830623507499695,0.31065978394671767,0.45153134828169256,0.11753466725349426,0.32529354095458984,1.2619585015456767,7.0,,12.0,8.35934666544199
04_2-1_75_321,2-1,75,321,318,0.17617376688582706,0.5467028617858887,0.0048273753669727535,0.17617376688582706,0.11132797598838806,0.0895722359418869,0.19594450880754136,0.0,19.0,7.0,0.38657207787036896
04_2-1_75_450,2-1,75,450,445,0.10375699005796128,0.199979767203331,0.004971400678126122,0.10375699005796128,0.19435127079486847,0.1035090833902359,1.0729589477231984,4.0,19.0,12.0,1.6172987641766667
04_2-1_75_479,2-1,75,479,474,0.4345159827871733,0.47763317823410034,0.13478325607857838,0.4345159827871733,0.1864660531282425,0.27871420979499817,1.4011444558658308,3.0,,15.0,6.810266233980656
04_2-1_75_631,2-1,75,631,628,0.3672028757147952,0.297227144241333,0.12089214797030451,0.3672028757147952,0.1012454479932785,0.2083108015358448,2.3427729391189542,5.0,,11.0,5.89043116569519
04_2-1_75_658,2-1,75,658,653,0.18267597324251766,0.6299018263816833,0.0016197256200397368,0.18267597324251766,0.10954838991165161,0.1221642792224884,0.24060517073437013,0.0,15.0,10.0,1.5756626427173615
04_2-1_75_697,2-1,75,697,693,0.19572271906317884,0.7107568979263306,0.00034450247664462324,0.19572271906317884,0.07867759466171265,0.18452787399291992,0.35066076860152473,1.0,1.0,9.0,0.9799149930477142
04_2-1_75_804,2-1,75,804,800,0.14097642817677025,0.42129018902778625,0.0018583000679113617,0.14097642817677025,0.16130802035331726,0.1222638338804245,0.40887310357701495,0.0,14.0,9.0,0.545666791498661
04_2-1_76_72,2-1,76,72,71,0.20076469404768293,0.7988154888153076,0.003654145477025462,0.20076469404768293,0.3273518681526184,0.16254395246505737,0.2554631838435428,0.0,1.0,4.0,1.8047745525836945
04_2-1_76_144,2-1,76,144,142,0.20952974268769103,0.8008778691291809,0.03170396524870227,0.20952974268769103,0.5092277526855469,0.15962103009223938,0.2489190295918917,1.0,2.0,2.0,1.9352179765701294
04_2-1_76_201,2-1,76,201,198,0.17760281681541956,0.8289472460746765,0.002689378657041452,0.17760281681541956,0.578501969575882,0.25070637464523315,0.43356737137150675,0.0,2.0,3.0,2.6205221116542816
04_2-1_76_284,2-1,76,284,281,0.25688087900938467,0.6172976493835449,0.08693453536114643,0.25688087900938467,0.5942797064781189,0.23190179467201233,0.6017236351584269,1.0,2.0,8.0,1.7181649953126907
04_2-1_76_345,2-1,76,345,342,0.1668906943842591,0.39700013399124146,0.023254259749347934,0.1668906943842591,0.3319327235221863,0.07533378899097443,0.23419854194230946,0.0,1.0,3.0,-0.2636233940720558
04_2-1_76_410,2-1,76,410,406,0.2770210381576769,0.48861074447631836,0.0662468424950328,0.2770210381576769,0.17835301160812378,0.25979992002248764,1.1354354438546672,4.0,17.0,2.0,2.7464666813611984
04_2-1_76_430,2-1,76,430,425,0.16363533074469894,0.6815749406814575,0.010006379065482305,0.16363533074469894,0.4937136173248291,0.3287559896707535,0.931797990807981,2.0,7.0,4.0,2.40142622590065
04_2-1_76_481,2-1,76,481,486,0.11865749450464061,0.5149970650672913,0.0001802011224208318,0.11865749450464061,0.5576381981372833,0.2226484715938568,0.7615855747706505,0.0,2.0,4.0,0.493745893239975
04_2-1_76_544,2-1,76,544,539,0.276964986440949,0.47322767972946167,0.14596501972096412,0.276964986440949,0.38611580431461334,0.2862752228975296,1.531272858076893,1.0,3.0,9.0,3.569768287241459
04_2-1_76_597,2-1,76,597,594,0.2529564921806625,0.6042219996452332,0.48790928249852944,0.2529564921806625,0.3510560691356659,0.3362357169389725,1.2546751033056416,0.0,6.0,6.0,3.106459751725197
04_2-1_76_671,2-1,76,671,668,0.21085952642968375,0.5552995800971985,0.04480310571848897,0.21085952642968375,0.21617689728736877,0.0756388008594513,0.15769227782111492,2.0,5.0,4.0,0.925496444106102
04_2-1_76_724,2-1,76,724,719,0.27373022581676987,0.8604395389556885,0.3266230773510854,0.27373022581676987,0.2512347996234894,0.3210364580154419,0.5951698634272453,1.0,7.0,8.0,1.9732688069343567
04_2-1_76_807,2-1,76,807,802,0.215618063099432,0.6021744608879089,0.09082520867585052,0.215618063099432,0.30277472734451294,0.11266198754310608,0.23015141324856336,0.0,2.0,6.0,0.05044229328632355
04_2-1_77_125,2-1,77,125,120,0.3769562100570822,0.579886794090271,0.038784938712025714,0.3769562100570822,0.3913671672344208,0.1500605195760727,0.3491190010328598,3.0,22.0,11.0,4.98857094347477
04_2-1_77_144,2-1,77,144,148,0.15539571750516615,0.8554419279098511,0.016108360259654612,0.15539571750516615,0.3216792941093445,0.16985741257667542,0.24775561404581795,1.0,3.0,5.0,1.622307687997818
04_2-1_77_169,2-1,77,169,165,0.12440364298949727,0.9066823124885559,0.003853601219035583,0.12440364298949727,0.45960545539855957,0.19623827934265137,0.276219195583489,0.0,2.0,4.0,-0.05272665619850159
04_2-1_77_219,2-1,77,219,214,0.33952935516178595,0.6992424130439758,0.007931667722184664,0.33952935516178595,0.30770131945610046,0.1796802580356598,0.3458301500669999,0.0,45.0,12.0,3.664369821548462
04_2-1_77_372,2-1,77,372,367,0.4488569697323961,0.5478716492652893,0.18075102916618424,0.4488569697323961,0.3632619082927704,0.41584135591983795,3.149590487024123,3.0,,14.0,8.516052480787039
04_2-1_77_461,2-1,77,461,456,0.3342919383788825,0.6656537652015686,0.00191634376403319,0.3342919383788825,0.29477930068969727,0.2060093879699707,0.4481929904391502,3.0,,13.0,3.085330307483673
04_2-1_77_548,2-1,77,548,543,0.2838139929359462,0.6929668188095093,0.023576931098030215,0.2838139929359462,0.5031920075416565,0.10035434365272522,0.1693422731713082,0.0,5.0,5.0,0.8280382752418518
04_2-1_77_601,2-1,77,601,606,0.16004092321366326,0.8270286917686462,0.00615900393435474,0.16004092321366326,0.4325193166732788,0.1066133975982666,0.14798880376497436,0.0,1.0,5.0,-0.05117139220237732
04_2-1_77_639,2-1,77,639,638,0.16058394208082244,0.8521081209182739,0.007247663817647162,0.16058394208082244,0.45103055238723755,0.1520186960697174,0.21714182599258963,0.0,1.0,3.0,0.23141658306121826
04_2-1_77_711,2-1,77,711,706,0.26097796477601864,0.7918442487716675,0.005584661482928934,0.26097796477601864,0.14838528633117676,0.2039928436279297,0.3470142996052729,2.0,17.0,8.0,2.426445707678795
04_2-1_77_765,2-1,77,765,760,0.22557876904245217,0.8087236881256104,0.013443033800588948,0.22557876904245217,0.4612233638763428,0.09578388929367065,0.1343505993782368,0.0,5.0,3.0,0.7425525188446045
04_2-1_77_794,2-1,77,794,790,0.13742352980603367,0.8837373852729797,0.0035764627364037365,0.13742352980603367,0.26046115159988403,0.108406662940979,0.13981989855234794,0.0,1.0,2.0,-0.9615663886070251
04_2-1_77_833,2-1,77,833,828,0.16900821403655927,0.7851758599281311,0.007296045124327096,0.16900821403655927,0.3416402339935303,0.09322309494018555,0.13472465124380215,0.0,5.0,4.0,0.8099489510059357
04_2-1_78_73,2-1,78,73,73,0.2879597764201364,0.8111476302146912,0.17308960959147934,0.2879597764201364,0.42442867159843445,0.29529663920402527,0.5724456177266889,1.0,1.0,6.0,1.8086401224136353
04_2-1_78_116,2-1,78,116,113,0.18401531107373553,0.7156205773353577,0.03489134701815561,0.18401531107373553,0.36515069007873535,0.13128459453582764,0.22467313052817398,0.0,1.0,4.0,-0.34746623039245605
04_2-1_78_152,2-1,78,152,147,0.17812823903884278,0.6761259436607361,0.015100717921236302,0.17812823903884278,0.1523934006690979,0.13943329453468323,0.2598010141591013,0.0,3.0,7.0,0.47447265684604645
04_2-1_78_199,2-1,78,199,197,0.27616413495321884,0.4871041178703308,0.023039533926811663,0.27616413495321884,0.46862632036209106,0.11390040814876556,0.3051963450034911,1.0,20.0,6.0,1.3304289728403091
04_2-1_78_248,2-1,78,248,250,0.203546828203222,0.48338213562965393,0.028731604434981482,0.203546828203222,0.32262058556079865,0.13016773760318756,0.368523305761262,0.0,1.0,6.0,-0.027673155069351196
04_2-1_78_283,2-1,78,283,278,0.16883209711098476,0.5828965902328491,0.004432587028727184,0.16883209711098476,0.24866947531700134,0.15598759055137634,0.3653883864424561,1.0,2.0,6.0,0.529150515794754
04_2-1_78_309,2-1,78,309,305,0.2678616915734254,0.6138095259666443,0.01807448641337884,0.2678616915734254,0.25801053643226624,0.15062890946865082,0.3252055550327706,2.0,11.0,5.0,1.9098864644765854
04_2-1_78_361,2-1,78,361,356,0.2620521256280323,0.6878830194473267,0.029854974009948538,0.2620521256280323,0.3542501926422119,0.12953820824623108,0.23200396179481303,3.0,3.0,7.0,1.4450373649597168
04_2-1_78_422,2-1,78,422,423,0.11021589387729985,0.7163974642753601,0.017055640289266316,0.11021589387729985,0.40094661712646484,0.09272265434265137,0.148671475688838,0.0,1.0,2.0,-0.9138367772102356
04_2-1_78_455,2-1,78,455,452,0.21698867788380316,0.6756210923194885,0.009939899274560194,0.21698867788380316,0.5347740054130554,0.1880292445421219,0.38562835986539223,0.0,5.0,3.0,0.35299813747406006
04_2-1_78_465,2-1,78,465,469,0.2357535632422076,0.75276780128479,0.07198460986949039,0.2357535632422076,0.2657851576805115,0.27728888392448425,0.58317808382314,0.0,4.0,7.0,2.858643114566803
04_2-1_78_506,2-1,78,506,501,0.23321651540635574,0.7515830397605896,0.02951063260659596,0.23321651540635574,0.4725611209869385,0.1212306022644043,0.1923219377812558,2.0,5.0,3.0,0.11019492149353027
04_2-1_78_552,2-1,78,552,548,0.1631228618459115,0.7129061818122864,0.010261039514218804,0.1631228618459115,0.7128316462039948,0.10988634824752808,0.18222675628749013,1.0,1.0,6.0,-1.1434256285429
04_2-1_78_573,2-1,78,573,569,0.11612069499767065,0.7330062985420227,0.024913789494262876,0.11612069499767065,0.5160800218582153,0.1361473798751831,0.22810646807336918,0.0,1.0,5.0,-1.0765961557626724
04_2-1_78_613,2-1,78,613,608,0.25173703025159033,0.5801688432693481,0.01751723317932081,0.25173703025159033,0.6113741099834442,0.2012692540884018,0.5311941734312204,0.0,11.0,4.0,1.6463823467493057
04_2-1_78_646,2-1,78,646,643,0.28565516032249466,0.5370891094207764,0.06143091561823128,0.28565516032249466,0.41650933027267456,0.12583903968334198,0.3059915339678479,1.0,1.0,4.0,1.621953547000885
04_2-1_78_707,2-1,78,707,702,0.21851905137185074,0.5956169366836548,0.0013661729482904803,0.21851905137185074,0.29056838154792786,0.2637590914964676,0.794795408099188,0.0,4.0,9.0,1.5700968652963638
04_2-1_78_755,2-1,78,755,752,0.20867725837000684,0.5971662998199463,0.03250478734649475,0.20867725837000684,0.2931165099143982,0.1427101343870163,0.3140239812811559,0.0,1.0,6.0,1.129658505320549
04_2-1_78_814,2-1,78,814,815,0.30613952294592117,0.5096569061279297,0.1792719202528233,0.30613952294592117,0.5055186897516251,0.1996273696422577,0.64389790697082,0.0,1.0,6.0,2.4610437229275703
04_2-1_79_122,2-1,79,122,117,0.3234304668787655,0.763667643070221,0.00034834824746158454,0.3234304668787655,0.233936607837677,0.38681598007678986,1.0264409529314786,2.0,33.0,14.0,4.25646910071373
04_2-1_79_166,2-1,79,166,162,0.2269796379877594,0.5947908759117126,0.008379590282404953,0.2269796379877594,0.33180850744247437,0.05953988432884216,0.1112373171935056,0.0,5.0,9.0,0.39018934965133667
04_2-1_79_252,2-1,79,252,247,0.3737375319896362,0.5159491896629333,0.03050819482487091,0.3737375319896362,0.1944137830287218,0.3306814730167389,1.7848844850192702,3.0,,16.0,5.252026677131653
04_2-1_79_301,2-1,79,301,296,0.30530496495365655,0.5898774266242981,0.038673764509762516,0.30530496495365655,0.15225964784622192,0.17439642548561096,0.4197458488057258,3.0,36.0,9.0,2.949411153793335
04_2-1_79_341,2-1,79,341,342,0.13014127823561855,0.625541090965271,0.011727166638414629,0.13014127823561855,0.37548118829727173,0.0500141978263855,0.08690158257177416,0.0,1.0,3.0,-0.7910156846046448
04_2-1_79_383,2-1,79,383,378,0.2874815244848131,0.6483876705169678,0.002363561058888148,0.2874815244848131,0.18480563163757324,0.16029581427574158,0.3284132120338425,2.0,39.0,5.0,2.6994240432977676
04_2-1_79_403,2-1,79,403,398,0.21884854665670045,0.816057026386261,0.006524935863643484,0.21884854665670045,0.32912248373031616,0.19050338864326477,0.30453565793431064,1.0,1.0,9.0,2.563799738883972
04_2-1_79_470,2-1,79,470,465,0.19744847980895985,0.7088680863380432,0.0013066219631951894,0.19744847980895985,0.22672444581985474,0.08172586560249329,0.13031472431666344,1.0,3.0,4.0,0.16567528247833252
04_2-1_79_491,2-1,79,491,488,0.19987824231786033,0.8530352115631104,0.0006582249089420212,0.19987824231786033,0.19442623853683472,0.22079479694366455,0.34922600934418907,0.0,7.0,10.0,1.937802791595459
04_2-1_79_537,2-1,79,537,534,0.21322487170810028,0.7078538537025452,0.021080486123475663,0.21322487170810028,0.1838964819908142,0.0594731867313385,0.09172572496517635,0.0,8.0,5.0,0.16355714201927185
04_2-1_79_572,2-1,79,572,570,0.18358259702467866,0.8378912806510925,0.0015694386319601793,0.18358259702467866,0.5220469236373901,0.1775350272655487,0.2688473477086864,0.0,2.0,8.0,0.4350174367427826
04_2-1_79_621,2-1,79,621,620,0.14784360879910832,0.8038452863693237,0.0007268236459142971,0.14784360879910832,0.31719112396240234,0.1517956256866455,0.232797645393634,0.0,1.0,5.0,0.5921262800693512
04_2-1_79_661,2-1,79,661,660,0.1308499665206807,0.6965544819831848,0.0034329203532258426,0.1308499665206807,0.38991600275039673,0.06729796528816223,0.10694838035468304,0.0,3.0,5.0,-0.1724754273891449
04_2-1_79_704,2-1,79,704,699,0.22993325396452152,0.6585192680358887,0.0014615882363960028,0.22993325396452152,0.2874596118927002,0.08109089732170105,0.1404345567942989,3.0,6.0,7.0,0.8668795526027679
04_2-1_79_733,2-1,79,733,729,0.17672581831410777,0.9033099412918091,0.003601747681961241,0.17672581831410777,0.40288957953453064,0.25898829102516174,0.4019549722067876,0.0,2.0,7.0,0.9281757473945618
04_2-1_79_773,2-1,79,773,777,0.15091737765407526,0.7982377409934998,0.007068074598641251,0.15091737765407526,0.3339688181877136,0.12562307715415955,0.18676827001821908,0.0,2.0,4.0,0.231618732213974
04_2-1_79_805,2-1,79,805,802,0.13146370694340181,0.730695903301239,0.004790752799825452,0.13146370694340181,0.5770739316940308,0.07140028476715088,0.10829782992628702,0.0,1.0,7.0,-0.6252574920654297
04_2-1_80_82,2-1,80,82,78,0.18056939325186577,0.639677882194519,0.0045193015189388475,0.18056939325186577,0.29381293058395386,0.11901471018791199,0.22858292383007595,0.0,11.0,7.0,0.896278440952301
04_2-1_80_115,2-1,80,115,111,0.22864432444595448,0.7380326390266418,0.005047005117969884,0.22864432444595448,0.42256009578704834,0.15599223971366882,0.2680092995225047,1.0,12.0,5.0,1.2656038105487823
04_2-1_80_147,2-1,80,147,142,0.22448973434011216,0.7605734467506409,0.012595970296347037,0.22448973434011216,0.2677205204963684,0.12496450543403625,0.19660595896461736,1.0,6.0,6.0,0.8375199437141418
04_2-1_80_173,2-1,80,173,168,0.20044184450558566,0.7578915953636169,0.017022917553253407,0.20044184450558566,0.3291022479534149,0.10730242729187012,0.16493116171899871,0.0,2.0,7.0,0.8710321485996246
04_2-1_80_209,2-1,80,209,205,0.20134828870716528,0.8831206560134888,0.0052708139734015695,0.20134828870716528,0.3758806586265564,0.17375001311302185,0.2449354436244989,1.0,1.0,10.0,1.1864799559116364
04_2-1_80_405,2-1,80,405,401,0.2901859056874235,0.3995197117328644,0.013616950311326044,0.2901859056874235,0.1790286898612976,0.2428438812494278,1.5499766651953424,1.0,33.0,13.0,3.446055121719837
04_2-1_80_451,2-1,80,451,446,0.2231867896987681,0.6252318620681763,0.0345715382674812,0.2231867896987681,0.3979145735502243,0.2805594205856323,0.8139885491826923,1.0,6.0,8.0,2.118749037384987
04_2-1_80_500,2-1,80,500,497,0.21315861939564812,0.587640643119812,0.008852562331572956,0.21315861939564812,0.23783007264137268,0.13840730488300323,0.3080966907448067,1.0,9.0,9.0,1.4503511637449265
04_2-1_80_536,2-1,80,536,531,0.30630614714378135,0.7872680425643921,0.06507907373406736,0.30630614714378135,0.21190452575683594,0.187116801738739,0.31178274576474196,4.0,,12.0,4.244008764624596
04_2-1_80_568,2-1,80,568,572,0.12124126908530652,0.817502498626709,0.0014037600876357307,0.12124126908530652,0.32948732376098633,0.01356777548789978,0.01687671286908345,0.0,1.0,4.0,-1.3109135329723358
04_2-1_80_640,2-1,80,640,635,0.1995825180848642,0.6999387741088867,0.009839782556107256,0.1995825180848642,0.19310760498046875,0.22813285887241364,0.48353115445377903,1.0,1.0,7.0,1.3414819985628128
04_2-1_80_713,2-1,80,713,711,0.22098534306745493,0.5625882744789124,0.0049288453697268015,0.22098534306745493,0.23204419016838074,0.08070120215415955,0.16746911629074265,0.0,2.0,7.0,1.2178870737552643
04_2-1_80_740,2-1,80,740,737,0.19124154477151883,0.6942276358604431,0.004645370462185278,0.19124154477151883,0.3386163115501404,0.13083168864250183,0.23221979016453867,0.0,36.0,10.0,1.6647154688835144
04_2-1_80_857,2-1,80,857,853,0.3146266924061464,0.47397270798683167,0.16258179959395658,0.3146266924061464,0.22306644916534424,0.16366462409496307,0.5274262340906156,0.0,,12.0,3.2595723792910576
04_2-1_81_114,2-1,81,114,109,0.3325125535455235,0.5003995299339294,0.0031833804486132,0.3325125535455235,0.2361130490899086,0.3244018107652664,1.8432159933526413,4.0,,13.0,4.949984684586525
04_2-1_81_151,2-1,81,151,146,0.2565353361224581,0.5649147033691406,0.004845406814667968,0.2565353361224581,0.26211535930633545,0.1323992758989334,0.3061145741629145,3.0,,11.0,2.532635360956192
04_2-1_81_173,2-1,81,173,169,0.2933055735745972,0.8229366540908813,0.003092322575620467,0.2933055735745972,0.23430651426315308,0.2603195607662201,0.4626940131305276,0.0,14.0,12.0,3.5756473541259766
04_2-1_81_236,2-1,81,236,232,0.3103181844236875,0.6642395853996277,0.011364973380500522,0.3103181844236875,0.17658698558807373,0.1304706633090973,0.24443285832023148,1.0,34.0,10.0,2.331722676753998
04_2-1_81_288,2-1,81,288,283,0.29905808242759213,0.8802881836891174,0.007951540568595018,0.29905808242759213,0.2607307434082031,0.24358871579170227,0.38258036652065996,1.0,15.0,11.0,2.1682248413562775
04_2-1_81_361,2-1,81,361,356,0.30311094414042233,0.659463107585907,0.007061160527673267,0.30311094414042233,0.5226117372512817,0.14602142572402954,0.2843972955107903,3.0,31.0,11.0,2.2851762175559998
04_2-1_81_444,2-1,81,444,440,0.29575608394368236,0.6311541795730591,0.003683464652221138,0.29575608394368236,0.3634825646877289,0.1971065253019333,0.4541126380072812,0.0,45.0,9.0,2.6310555189847946
04_2-1_81_526,2-1,81,526,524,0.3964121579865961,0.6350789070129395,0.019150750185368243,0.3964121579865961,0.151330828666687,0.284018874168396,0.8090322098675509,0.0,47.0,11.0,3.975032165646553
04_2-1_81_628,2-1,81,628,623,0.4018743118872775,0.661855936050415,0.07669934921847027,0.4018743118872775,0.24397066235542297,0.2930295616388321,0.7944918855283185,2.0,,13.0,6.049214169383049
04_2-1_81_677,2-1,81,677,674,0.2017410487821915,0.7615077495574951,4.1083997171903467e-05,0.2017410487821915,0.41919445991516113,0.10599908232688904,0.16170508129925132,0.0,2.0,2.0,-0.1599881649017334
04_2-1_81_742,2-1,81,742,739,0.310666817677397,0.808420717716217,0.0014457639521070912,0.310666817677397,0.1288379728794098,0.2742787003517151,0.5134939612221997,0.0,28.0,10.0,2.873441904783249
04_2-1_81_816,2-1,81,816,812,0.3114978209308828,0.6887385249137878,0.01897542753904733,0.3114978209308828,0.18942049145698547,0.24166658520698547,0.5405541340068775,1.0,30.0,14.0,2.8736783415079117
04_2-1_81_857,2-1,81,857,853,0.28631331429297435,0.6722850799560547,0.0052180362395816745,0.28631331429297435,0.3026581108570099,0.07122212648391724,0.11849362212808341,0.0,1.0,4.0,0.9437499940395355
04_2-1_82_323,2-1,82,323,318,0.5420758754334143,0.5670244097709656,0.18909867803338298,0.5420758754334143,0.11614875122904778,0.49183810502290726,6.541591672459591,6.0,,15.0,11.501731380820274
04_2-1_82_447,2-1,82,447,442,0.3673475232321076,0.7209706902503967,0.0054226510653128165,0.3673475232321076,0.12935703992843628,0.21121704578399658,0.4143512225500503,2.0,,13.0,4.9365426152944565
04_2-1_82_556,2-1,82,556,552,0.3117819277967634,0.7767021059989929,0.00023128248146785164,0.3117819277967634,0.3058249354362488,0.1873677670955658,0.3179311890160694,1.0,,14.0,3.131587862968445
04_2-1_82_717,2-1,82,717,713,0.4258211823015964,0.6235312223434448,0.022108620156041016,0.4258211823015964,0.18050235509872437,0.26620253920555115,0.7449794874228531,3.0,,13.0,6.2365187257528305
04_2-1_82_750,2-1,82,750,745,0.18306098293288642,0.873062014579773,0.0036382641534717505,0.18306098293288642,0.16535383462905884,0.07846394181251526,0.09874670541203011,0.0,8.0,5.0,0.9112162888050079
04_2-1_83_108,2-1,83,108,104,0.3405255621819245,0.6032152771949768,0.03005257374856268,0.3405255621819245,0.33940526843070984,0.16797228157520294,0.38592759278300415,1.0,36.0,10.0,2.659594416618347
04_2-1_83_147,2-1,83,147,150,0.1816767715840506,0.6516314744949341,0.010820393027594936,0.1816767715840506,0.32759130001068115,0.0076913535594940186,0.011944206160536992,0.0,1.0,4.0,-1.496263027191162
04_2-1_83_212,2-1,83,212,207,0.39796413058414604,0.626320481300354,0.23245661943606133,0.39796413058414604,0.383708119392395,0.2845247834920883,0.8324410907351322,2.0,,13.0,5.383592300117016
04_2-1_83_314,2-1,83,314,309,0.35799326830363687,0.5669399499893188,0.10932599860647207,0.35799326830363687,0.4000522494316101,0.2789422422647476,0.9685571613351733,4.0,,14.0,4.277689538896084
04_2-1_83_350,2-1,83,350,345,0.26925896030971896,0.7299907803535461,0.007509922640016513,0.26925896030971896,0.3938903510570526,0.14796105027198792,0.25421562271613607,0.0,16.0,9.0,0.491091251373291
04_2-1_83_368,2-1,83,368,373,0.2208315005347253,0.7642480134963989,0.0014528150666832992,0.2208315005347253,0.1237330436706543,0.1312074065208435,0.20726538720431567,1.0,2.0,10.0,1.529732495546341
04_2-1_83_415,2-1,83,415,410,0.129278844235577,0.833595871925354,0.005253146508777626,0.129278844235577,0.2645989656448364,0.12864071130752563,0.1824807001835179,2.0,1.0,4.0,-0.5987522304058075
04_2-1_83_479,2-1,83,479,474,0.2965956862382081,0.8162112832069397,0.0020546529705962276,0.2965956862382081,0.16352546215057373,0.2163669764995575,0.3607052264732193,0.0,12.0,11.0,1.793735221028328
04_2-1_83_532,2-1,83,532,533,0.12749510563862906,0.6746425628662109,0.0046047621707963875,0.12749510563862906,0.42297399044036865,0.07895058393478394,0.13253591911109536,0.0,2.0,7.0,0.15819010138511658
04_2-1_83_561,2-1,83,561,558,0.1735221572680021,0.7156503796577454,0.004298483002360729,0.1735221572680021,0.335491806268692,0.12375709414482117,0.2090868357081893,1.0,1.0,7.0,0.3412955403327942
04_2-1_83_603,2-1,83,603,598,0.2215074601505071,0.6145351529121399,0.0035875089371458285,0.2215074601505071,0.2744499742984772,0.10545191168785095,0.20714080360266968,0.0,5.0,2.0,-0.23399695754051208
04_2-1_83_668,2-1,83,668,667,0.19245371917597004,0.3960987627506256,0.001106148200319305,0.19245371917597004,0.26415426284074783,0.19124393165111542,0.9335583184670752,0.0,1.0,6.0,1.3108973428606987
04_2-1_83_761,2-1,83,761,758,0.11811458457026838,0.21915769577026367,6.740404109346833e-05,0.11811458457026838,0.18909019976854324,0.13011259585618973,1.461198830499879,0.0,13.0,9.0,1.7915100064128637
04_2-1_83_791,2-1,83,791,788,0.14411874046245043,0.36738237738609314,0.002114001569883317,0.14411874046245043,0.26684746891260147,0.18712443113327026,1.0380925502769056,0.0,9.0,11.0,1.5234662592411041
04_2-1_83_824,2-1,83,824,819,0.35591006333227904,0.500266432762146,0.07058859097596064,0.35591006333227904,0.1666436493396759,0.2055811882019043,0.6976297320508624,8.0,,14.0,5.68626244366169
04_2-1_86_104,2-1,86,104,99,0.20879218356912144,0.7398080229759216,0.006649148519323344,0.20879218356912144,0.4772290885448456,0.13558948040008545,0.22440469936929724,2.0,4.0,7.0,0.22454124689102173
04_2-1_86_119,2-1,86,119,116,0.204129354688113,0.7663775086402893,0.002553702479746247,0.204129354688113,0.2358875870704651,0.13360142707824707,0.21113539365844022,3.0,1.0,4.0,1.788138896226883
04_2-1_86_241,2-1,86,241,236,0.33211965877777866,0.5468944311141968,0.1552622509809475,0.33211965877777866,0.3277113139629364,0.2732456624507904,0.9985269211530354,3.0,,12.0,4.498109497129917
04_2-1_86_285,2-1,86,285,280,0.22054150792599003,0.9399962425231934,0.03900714030095879,0.22054150792599003,0.24239319562911987,0.28760242462158203,0.4408417381186096,0.0,2.0,10.0,2.1844577491283417
04_2-1_86_375,2-1,86,375,370,0.1926916684211969,0.5580528378486633,0.0015996213297690069,0.1926916684211969,0.367847740650177,0.11021299660205841,0.24609913288480548,2.0,3.0,2.0,-0.2166416049003601
04_2-1_86_415,2-1,86,415,412,0.28802807207921866,0.676555871963501,0.0913385278443981,0.28802807207921866,0.32986870408058167,0.2168634533882141,0.4717577332694186,0.0,9.0,11.0,2.9536907374858856
04_2-1_86_447,2-1,86,447,443,0.17708856597747136,0.8021900057792664,0.01046846718750008,0.17708856597747136,0.3723057508468628,0.13579392433166504,0.20377359368122652,1.0,2.0,8.0,0.5592624843120575
04_2-1_86_486,2-1,86,486,485,0.0954815304447301,0.7599518895149231,0.0012961388938356234,0.0954815304447301,0.16938292980194092,0.1388271152973175,0.22350922239768953,0.0,1.0,3.0,-1.0109879225492477
04_2-1_86_544,2-1,86,544,540,0.2149920732363378,0.6960629820823669,0.019309470574103753,0.2149920732363378,0.4945529103279114,0.3081662803888321,0.7944545004981886,0.0,4.0,5.0,0.6068368852138519
04_2-1_86_581,2-1,86,581,577,0.24663085490948475,0.6141899824142456,0.007324291914209895,0.24663085490948475,0.17416644096374512,0.17300383746623993,0.3921334326730243,0.0,14.0,9.0,1.6271269917488098
04_2-1_86_624,2-1,86,624,619,0.25303092710812203,0.732790470123291,0.008453633346762034,0.25303092710812203,0.41718634963035583,0.253542959690094,0.5290438743456669,1.0,3.0,4.0,1.4193895608186722
04_2-1_86_676,2-1,86,676,673,0.1963755735800987,0.7394543886184692,0.0009638185599662307,0.1963755735800987,0.5494404137134552,0.230470210313797,0.4528042719941682,1.0,24.0,8.0,2.3727332055568695
04_2-1_86_766,2-1,86,766,761,0.30185359777386367,0.46252524852752686,0.04069876141429273,0.30185359777386367,0.3739181384444237,0.24284536391496658,1.105451071877893,2.0,3.0,11.0,3.02811477240175
04_2-1_86_789,2-1,86,789,786,0.22253985915469693,0.6073264479637146,0.015098593105225442,0.22253985915469693,0.31106188893318176,0.2075100690126419,0.5190134270062904,0.0,11.0,9.0,2.8387091010808945
04_2-1_86_839,2-1,86,839,834,0.27919322663418056,0.7599086165428162,0.049719153760206365,0.27919322663418056,0.4171418249607086,0.285438671708107,0.6015948424458057,0.0,13.0,8.0,3.3083765357732773
04_2-1_88_47,2-1,88,47,45,0.4564066691243335,0.46969056129455566,0.27189381173473404,0.4564066691243335,0.48203323781490326,0.3086463734507561,1.9165322113339427,2.0,,10.0,6.611372067593038
04_2-1_88_128,2-1,88,128,124,0.40065044228166535,0.523472011089325,0.12397517043557653,0.40065044228166535,0.1907481849193573,0.1638185977935791,0.455490179538126,3.0,,10.0,4.158878728747368
04_2-1_88_202,2-1,88,202,206,0.17668101800708705,0.913663923740387,0.005542397790748287,0.17668101800708705,0.3928890824317932,0.19682875275611877,0.2745802113557824,5.0,1.0,6.0,1.253807008266449
04_2-1_88_274,2-1,88,274,271,0.4085522199551853,0.5730143785476685,0.11327954267482161,0.4085522199551853,0.2623988389968872,0.21245282888412476,0.5892276341788916,2.0,,10.0,2.6259892284870148
04_2-1_88_345,2-1,88,345,342,0.29688010182507624,0.6149840354919434,0.014394880842041342,0.29688010182507624,0.3549147844314575,0.13729290664196014,0.2874093705120414,0.0,2.0,9.0,0.3584553301334381
04_2-1_88_405,2-1,88,405,402,0.2617598899168029,0.6348604559898376,0.013420463111920293,0.2617598899168029,0.3225955069065094,0.16409428417682648,0.34856855484086247,0.0,1.0,8.0,0.6209553927183151
04_2-1_88_478,2-1,88,478,473,0.3834397951835374,0.5605578422546387,0.09356308960206919,0.3834397951835374,0.16963500529527664,0.2745232731103897,0.9597555775572916,5.0,44.0,11.0,3.8363443166017532
04_2-1_88_537,2-1,88,537,538,0.24479239902420222,0.530399739742279,0.0008732435338108465,0.24479239902420222,0.13359040021896362,0.07956273853778839,0.17647783639147294,0.0,1.0,4.0,0.039041079580783844
04_2-1_88_601,2-1,88,601,597,0.30660989749083456,0.673672616481781,0.046014152126107544,0.30660989749083456,0.4291286915540695,0.34157121181488037,1.028514806064967,4.0,1.0,9.0,2.9287764206528664
04_2-1_88_676,2-1,88,676,671,0.37945374343000726,0.535955548286438,0.028223082730110455,0.37945374343000726,0.43091362714767456,0.21725687384605408,0.6816999607153822,2.0,32.0,10.0,3.7297720462083817
04_2-1_88_729,2-1,88,729,724,0.24731002646580125,0.7275846004486084,0.007672743346511499,0.24731002646580125,0.30416736006736755,0.26416927576065063,0.5700486403606309,0.0,5.0,7.0,1.6189832091331482
04_2-1_88_808,2-1,88,808,803,0.3979086761879314,0.549806535243988,0.11625171949695012,0.3979086761879314,0.12370270490646362,0.39569346606731415,2.567552954342208,5.0,46.0,12.0,6.039507690817118
04_2-1_89_116,2-1,89,116,113,0.413980596273148,0.42080214619636536,0.5821169940453871,0.413980596273148,0.1533903032541275,0.2660074904561043,1.7184539684784317,3.0,,10.0,6.029399063438177
04_2-1_89_151,2-1,89,151,146,0.2762342646604203,0.8702619671821594,0.005083646443721878,0.2762342646604203,0.24053949117660522,0.20338425040245056,0.30497982656336814,0.0,26.0,5.0,1.8956787288188934
04_2-1_89_204,2-1,89,204,201,0.17566514662637572,0.7011242508888245,0.005696798578781912,0.17566514662637572,0.2150517702102661,0.0649353563785553,0.10206930196186745,2.0,2.0,3.0,-0.45934751629829407
04_2-1_89_236,2-1,89,236,232,0.1977032452763301,0.7467859387397766,0.0032124320610042206,0.1977032452763301,0.3159481883049011,0.146463543176651,0.24397481129995582,0.0,4.0,8.0,0.950741171836853
04_2-1_89_297,2-1,89,297,294,0.13625522015522923,0.7010971903800964,0.002776459674037017,0.13625522015522923,0.4204288125038147,0.07798504829406738,0.12515411436694568,0.0,1.0,3.0,-0.7326999604701996
04_2-1_89_331,2-1,89,331,326,0.24314941379065427,0.7498773336410522,0.008474089621321033,0.24314941379065427,0.20208606123924255,0.19852593541145325,0.360071518905954,2.0,5.0,2.0,0.4810856878757477
04_2-1_89_366,2-1,89,366,366,0.2383810447909277,0.7094225287437439,0.005963028159789418,0.2383810447909277,0.22203600406646729,0.120568186044693,0.20475044047745514,0.0,1.0,4.0,0.6857050955295563
04_2-1_89_434,2-1,89,434,429,0.2537850150297211,0.638364315032959,0.0033530734306546493,0.2537850150297211,0.1718795895576477,0.19168324768543243,0.4291277640748967,3.0,2.0,10.0,0.996270552277565
04_2-1_89_493,2-1,89,493,489,0.28357356164734915,0.5444892048835754,0.01447300787817565,0.28357356164734915,0.2574970871210098,0.21772272884845734,0.6662945706372227,3.0,23.0,10.0,2.022843576967716
04_2-1_89_528,2-1,89,528,524,0.24202654706745919,0.6195313930511475,0.005105203845324471,0.24202654706745919,0.5557631254196167,0.1631636768579483,0.3575267729693536,0.0,16.0,8.0,1.5326274782419205
04_2-1_89_614,2-1,89,614,609,0.29001332494303056,0.6011275053024292,0.01023549850009526,0.29001332494303056,0.27185074985027313,0.2187606394290924,0.5721223750113308,1.0,20.0,11.0,1.7457591146230698
04_2-1_89_664,2-1,89,664,661,0.25199002840289997,0.5710420608520508,0.0030875220640961165,0.25199002840289997,0.6610325872898102,0.1738882064819336,0.43783587788092576,0.0,13.0,10.0,1.2981071919202805
04_2-1_89_716,2-1,89,716,711,0.29627061770869834,0.6186693906784058,0.11482110983089487,0.29627061770869834,0.26726043224334717,0.23905622959136963,0.6297364108947735,0.0,25.0,9.0,4.092509761452675
04_2-1_89_750,2-1,89,750,751,0.17958309330796318,0.6642939448356628,0.00019290133849155262,0.17958309330796318,0.422174870967865,0.07772102952003479,0.1325002015788847,0.0,1.0,2.0,-0.7157656848430634
04_2-1_89_810,2-1,89,810,807,0.27503783141566207,0.5668574571609497,0.01992315604189171,0.27503783141566207,0.18204668164253235,0.15063287317752838,0.3619028740107486,1.0,27.0,9.0,1.3684014827013016
04_2-1_91_232,2-1,91,232,228,0.29924752879046457,0.5191656947135925,1.0,0.29924752879046457,0.06926247477531433,0.22440770268440247,0.7613286450335814,8.0,,11.0,5.212590590119362
04_2-1_93_149,2-1,93,149,145,0.35526089829132984,0.3824506998062134,0.02247254484198638,0.35526089829132984,0.30580049008131027,0.3015233092010021,3.7258498877336317,2.0,,16.0,5.404666383750737
04_2-1_93_204,2-1,93,204,200,0.4076918630714612,0.668042778968811,0.030507527224623233,0.4076918630714612,0.09632611274719238,0.30422911047935486,0.8362223215595646,3.0,,14.0,6.002630174160004
04_2-1_93_342,2-1,93,342,337,0.33303889488817856,0.4942881166934967,0.005331706133950025,0.33303889488817856,0.16433894634246826,0.28261901438236237,1.335192577927307,3.0,,17.0,4.972682900726795
04_2-1_93_424,2-1,93,424,419,0.34235447595007995,0.5991296172142029,0.008703469874514183,0.34235447595007995,0.3345380425453186,0.3008265495300293,1.0084594565702805,4.0,,17.0,4.571166470646858
04_2-1_93_501,2-1,93,501,497,0.4073969556457935,0.6771101951599121,0.056171468635035166,0.4073969556457935,0.13550502061843872,0.28335531055927277,0.7196236075818135,4.0,,14.0,5.321792617440224
04_2-1_93_530,2-1,93,530,526,0.2130102978406051,0.8893717527389526,0.007972429717326765,0.2130102978406051,0.23374253511428833,0.109068363904953,0.13977686815884893,0.0,27.0,5.0,1.527223527431488
04_2-1_93_700,2-1,93,700,695,0.28364555984275086,0.35187849402427673,0.0025197470512288806,0.28364555984275086,0.13856632262468338,0.22161772102117538,1.7013389058876454,4.0,,16.0,3.80579299852252
04_2-1_93_745,2-1,93,745,740,0.3312385914331662,0.6494690775871277,0.01054720571821195,0.3312385914331662,0.1308642029762268,0.31206749379634857,0.9249141343386815,3.0,,15.0,4.85061739385128
04_2-1_98_69,2-1,98,69,65,0.1866979527610922,0.8930819630622864,0.0028195603299295178,0.1866979527610922,0.13267886638641357,0.08115053176879883,0.09994751852323042,0.0,13.0,6.0,0.8614498972892761
04_2-1_98_129,2-1,98,129,126,0.21722573763385689,0.5550200939178467,0.0005720324530237348,0.21722573763385689,0.32969236373901367,0.014846652746200562,0.02748497355589697,0.0,2.0,6.0,-0.8098171055316925
04_2-1_98_149,2-1,98,149,144,0.2987716483758963,0.7779194712638855,0.008732391057145251,0.2987716483758963,0.1563909649848938,0.22375380992889404,0.40376700604268506,4.0,,15.0,3.816044569015503
04_2-1_98_173,2-1,98,173,168,0.2319878804062728,0.8561939597129822,0.003151905483615083,0.2319878804062728,0.16694092750549316,0.09716981649398804,0.12801940144076884,4.0,24.0,8.0,2.009274482727051
04_2-1_98_234,2-1,98,234,229,0.3053184857551472,0.785485565662384,0.004896280321954897,0.3053184857551472,0.20484000444412231,0.16640520095825195,0.2687941831877991,3.0,27.0,11.0,1.746212214231491
04_2-1_98_281,2-1,98,281,277,0.19746550390967874,0.699873685836792,0.0017727213296131576,0.19746550390967874,0.27361994981765747,0.06271180510520935,0.0984236612416366,0.0,13.0,5.0,0.5213565528392792
04_2-1_98_317,2-1,98,317,312,0.2832997223278433,0.8143932819366455,0.010520699643506373,0.2832997223278433,0.24493271112442017,0.13954943418502808,0.20678774008234058,0.0,22.0,10.0,1.0135033130645752
04_2-1_98_341,2-1,98,341,343,0.14545308153731568,0.8451437950134277,0.002052563792993777,0.14545308153731568,0.2139860987663269,0.052048176527023315,0.06562660959640082,0.0,1.0,4.0,0.2553446292877197
04_2-1_98_416,2-1,98,416,413,0.3760807566201335,0.6659603714942932,0.03556199201942416,0.3760807566201335,0.1834276020526886,0.18717266619205475,0.39093039382433714,2.0,38.0,11.0,3.414671912789345
04_2-1_98_506,2-1,98,506,501,0.42999115010743266,0.636410653591156,0.02651323102191794,0.42999115010743266,0.19056867063045502,0.3467465043067932,1.1970639278745978,3.0,,15.0,6.591879665851593
04_2-1_98_544,2-1,98,544,539,0.18325610665867392,0.6827630996704102,0.005704864627618393,0.18325610665867392,0.2286645770072937,0.004836231470108032,0.007133854250306991,0.0,11.0,1.0,-0.2714485228061676
04_2-1_98_573,2-1,98,573,568,0.2694532323371508,0.773205578327179,0.001020652516539246,0.2694532323371508,0.13757532835006714,0.08709529042243958,0.12694065656472422,0.0,6.0,8.0,1.202650785446167
04_2-1_98_620,2-1,98,620,617,0.1336843609336827,0.7389816045761108,0.005321776551456396,0.1336843609336827,0.22194111347198486,0.048937857151031494,0.07091993418336837,0.0,1.0,2.0,-0.40521785616874695
04_2-1_98_776,2-1,98,776,771,0.3122203268390429,0.29707232117652893,0.008912030602712593,0.3122203268390429,0.11342487297952175,0.2363283671438694,3.890566080318139,2.0,,17.0,5.058822317281738
04_2-1_98_799,2-1,98,799,794,0.2625503006515561,0.540627121925354,0.003880845575157202,0.2625503006515561,0.17688721418380737,0.1838422417640686,0.5152747551436662,4.0,32.0,12.0,3.4949900805950165
04_2-1_98_845,2-1,98,845,840,0.32901026239395215,0.6193696856498718,0.006225565594385483,0.32901026239395215,0.2560020685195923,0.18773695826530457,0.4349460695505569,1.0,33.0,15.0,3.3975397795438766
04_2-1_101_89,2-1,101,89,84,0.13506135178611506,0.3666918873786926,0.004149738465349763,0.13506135178611506,0.47719746083021164,0.16165965050458908,0.7884596733139743,0.0,2.0,10.0,1.0844075605273247
04_2-1_101_126,2-1,101,126,125,0.16621728613851794,0.3702356815338135,0.00858144313918424,0.16621728613851794,0.3300299048423767,0.15903086215257645,0.7529698546580817,0.0,9.0,7.0,1.7581240683794022
04_2-1_101_159,2-1,101,159,158,0.1453488229607298,0.4396703541278839,0.05100216341037766,0.1453488229607298,0.12963736057281494,0.13751643896102905,0.45512049342498173,1.0,1.0,8.0,0.06351003050804138
04_2-1_101_209,2-1,101,209,205,0.22475857692331275,0.49021056294441223,0.01351206374727366,0.22475857692331275,0.5194145143032074,0.2366759479045868,0.9335054618376648,2.0,21.0,11.0,3.270831450819969
04_2-1_101_298,2-1,101,298,294,0.2211560679077486,0.41369372606277466,0.14057692859668844,0.2211560679077486,0.2589021474123001,0.2214270904660225,1.1516667453963756,2.0,,7.0,2.7748351991176605
04_2-1_101_321,2-1,101,321,316,0.20700573763384317,0.6897002458572388,0.028104887425317852,0.20700573763384317,0.5093417167663574,0.3634018301963806,1.1137100664751198,0.0,13.0,8.0,2.3324829190969467
04_2-1_101_380,2-1,101,380,375,0.20352567280863165,0.46179649233818054,0.07921967606702775,0.20352567280863165,0.18245002627372742,0.15066270530223846,0.48423768674417206,2.0,13.0,4.0,1.3127207607030869
04_2-1_101_439,2-1,101,439,434,0.2172198936764484,0.5074606537818909,0.14438492229340438,0.2172198936764484,0.5060822814702988,0.17045754194259644,0.5058040592333817,6.0,2.0,11.0,2.328808940947056
04_2-1_101_497,2-1,101,497,497,0.08223860313823558,0.47700050473213196,0.0010287184830165517,0.08223860313823558,0.25803138315677643,0.15759150683879852,0.49338468195384455,0.0,1.0,4.0,-0.11190168559551239
04_2-1_101_538,2-1,101,538,535,0.19393603224704037,0.503912091255188,0.06708479129758721,0.19393603224704037,0.24597212672233582,0.1794653981924057,0.5531429415977377,0.0,10.0,5.0,0.9565500169992447
04_2-1_101_576,2-1,101,576,571,0.19857518395524118,0.6926065683364868,0.04758565049290544,0.19857518395524118,0.3856561481952667,0.29086659848690033,0.7240170765079768,3.0,8.0,3.0,1.478414237499237
04_2-1_101_636,2-1,101,636,631,0.24250940557420647,0.6930970549583435,0.15130517445770394,0.24250940557420647,0.2723318040370941,0.27715831995010376,0.6663440949894057,2.0,20.0,9.0,3.591519668698311
04_2-1_101_672,2-1,101,672,670,0.1464137075291498,0.6309694647789001,0.022879731427190436,0.1464137075291498,0.23950636386871338,0.07945331931114197,0.1440634512045973,0.0,2.0,4.0,0.3861750364303589
04_2-1_101_700,2-1,101,700,695,0.1887712384210843,0.7577636241912842,0.0042835968895488154,0.1887712384210843,0.14015591144561768,0.20766371488571167,0.37750181625708557,0.0,8.0,6.0,1.3825421929359436
04_2-1_101_788,2-1,101,788,789,0.10220459680539093,0.5470466017723083,0.0016237192409002024,0.10220459680539093,0.2807893455028534,0.14295423030853271,0.3537662188244196,0.0,1.0,2.0,-0.3476705998182297
04_2-1_101_844,2-1,101,844,841,0.249184575860876,0.4780904948711395,0.019601386796241117,0.249184575860876,0.3770810067653656,0.1924808919429779,0.6739300428613108,1.0,29.0,14.0,2.0086721256375313
04_2-1_102_224,2-1,102,224,219,0.44781953237918726,0.5372030138969421,0.16649488342183574,0.44781953237918726,0.2948741614818573,0.4620284028351307,6.146069747607117,5.0,,17.0,8.567829266190529
04_2-1_102_249,2-1,102,249,244,0.31582886195819077,0.8351795077323914,0.0005088121352467379,0.31582886195819077,0.14529097080230713,0.18601149320602417,0.2865382906176271,6.0,47.0,13.0,4.092912256717682
04_2-1_102_388,2-1,102,388,384,0.32504573399449127,0.5384564995765686,0.006354564397671515,0.32504573399449127,0.11722517013549805,0.245096817612648,0.8354822856768427,2.0,41.0,14.0,3.7485726922750473
04_2-1_102_543,2-1,102,543,538,0.38921714641147276,0.45015835762023926,0.04390332211841812,0.38921714641147276,0.1862112581729889,0.3301708437502384,2.7517100163268524,4.0,,16.0,6.594134904444218
04_2-1_102_607,2-1,102,607,603,0.4132629634141683,0.78386390209198,0.02085814537647703,0.4132629634141683,0.2405807375907898,0.40153059363365173,1.0502108624873208,4.0,,15.0,6.542511969804764
04_2-1_102_675,2-1,102,675,670,0.21714781317955703,0.6966451406478882,0.002889125643390884,0.21714781317955703,0.18112987279891968,0.09043678641319275,0.14918432875667673,2.0,12.0,4.0,0.21873816847801208
04_2-1_102_729,2-1,102,729,724,0.29750780964635304,0.8041996955871582,0.004434897672357219,0.29750780964635304,0.1794682741165161,0.21780261397361755,0.371425132905348,3.0,39.0,9.0,2.651690036058426
04_2-1_104_86,2-1,104,86,81,0.20527143832858324,0.6419755816459656,0.009205776256734634,0.20527143832858324,0.2119862139225006,0.3689282685518265,1.3511514336880888,4.0,4.0,7.0,2.867883622646332
04_2-1_104_133,2-1,104,133,128,0.16504587316655264,0.5245497226715088,0.007196409482255068,0.16504587316655264,0.2686125487089157,0.19915063679218292,0.6120196565826798,0.0,2.0,7.0,1.1871655359864235
04_2-1_104_160,2-1,104,160,162,0.22964964710567543,0.5990290641784668,0.05528742203027588,0.22964964710567543,0.1486194133758545,0.197784885764122,0.4929289854017008,0.0,1.0,5.0,0.9862633496522903
04_2-1_104_204,2-1,104,204,199,0.3629652905777,0.7481914162635803,0.229965900609112,0.3629652905777,0.655117928981781,0.23365816473960876,0.4541167437625222,3.0,25.0,12.0,2.740266337990761
04_2-1_104_299,2-1,104,299,294,0.2937278077745217,0.7960183620452881,0.0011035592528512057,0.2937278077745217,0.6386796832084656,0.4580661952495575,1.3554172461525533,2.0,32.0,8.0,4.279650866985321
04_2-1_104_313,2-1,104,313,315,0.2341768481328539,0.6998932361602783,0.016054964926003928,0.2341768481328539,0.26877015829086304,0.22285085916519165,0.46715107485615875,3.0,3.0,7.0,4.225669041275978
04_2-1_104_378,2-1,104,378,374,0.22125813700587388,0.5445184707641602,0.003767548356037722,0.22125813700587388,0.19080689549446106,0.1603064090013504,0.4172341916228395,1.0,12.0,6.0,0.9099421948194504
04_2-1_104_438,2-1,104,438,435,0.29181628057011905,0.9182161688804626,0.06103822125027873,0.29181628057011905,0.5706258118152618,0.5842158645391464,1.7491477012012957,0.0,14.0,5.0,3.861289367079735
04_2-1_104_501,2-1,104,501,497,0.23674276329602434,0.5660566091537476,0.03398846843159247,0.23674276329602434,0.23468083143234253,0.23245105147361755,0.696784109623551,2.0,4.0,7.0,2.0027212128043175
04_2-1_104_540,2-1,104,540,538,0.15969581978820757,0.519714891910553,0.0031760051409867895,0.15969581978820757,0.3898223042488098,0.10293060541152954,0.2469637381873098,2.0,1.0,4.0,-0.15313613414764404
04_2-1_104_574,2-1,104,574,572,0.07826241190348669,0.5130869746208191,0.009202748831239086,0.07826241190348669,0.5985660254955292,0.11028783023357391,0.2738035365029098,0.0,1.0,7.0,-0.6466515362262726
04_2-1_104_629,2-1,104,629,624,0.273615883903818,0.4818969666957855,0.11097677483128274,0.273615883903818,0.38707883656024933,0.21277514100074768,0.790627591988244,0.0,18.0,11.0,3.1729640886187553
04_2-1_104_671,2-1,104,671,667,0.2609955920328894,0.5636083483695984,0.028102318061884637,0.2609955920328894,0.3591333329677582,0.09880779683589935,0.21258106624414275,3.0,5.0,7.0,1.425417497754097
04_2-1_104_698,2-1,104,698,694,0.2827821680174945,0.6306601762771606,0.03936318042042248,0.2827821680174945,0.3677535355091095,0.105817049741745,0.20161652957191697,2.0,17.0,7.0,1.4266084432601929
04_2-1_104_719,2-1,104,719,720,0.23004590706618777,0.9778304696083069,0.003246893241378944,0.23004590706618777,0.6209807395935059,0.38556426763534546,0.6509982611720051,0.0,3.0,6.0,2.875650256872177
04_2-1_104_792,2-1,104,792,788,0.1472974121871288,0.5688847303390503,0.0021675560902987808,0.1472974121871288,0.3462943434715271,0.11457301676273346,0.25219032073996284,0.0,4.0,4.0,-0.27005888521671295
04_2-1_104_847,2-1,104,847,842,0.1892531517934809,0.46270713210105896,0.008145527700995059,0.1892531517934809,0.11576516926288605,0.17189021408557892,0.5910598848875405,0.0,7.0,5.0,1.7676240876317024
04_2-1_106_135,2-1,106,135,130,0.24019522017260925,0.6201291084289551,0.0037051789125612097,0.24019522017260925,0.43307843804359436,0.1456821709871292,0.30705682657081534,3.0,1.0,6.0,1.731324940919876
04_2-1_106_263,2-1,106,263,258,0.26825362399455777,0.37263303995132446,0.003105282190281105,0.26825362399455777,0.22796940803527832,0.23020241409540176,1.6162423826478556,5.0,,16.0,4.929225251078606
04_2-1_106_300,2-1,106,300,296,0.21378742872400314,0.5208708643913269,0.0028568272083034853,0.21378742872400314,0.336193710565567,0.1266019642353058,0.32110563167728046,1.0,4.0,3.0,0.9663843959569931
04_2-1_106_341,2-1,106,341,336,0.2551434509328292,0.5791218876838684,0.003459802636834443,0.2551434509328292,0.09648558497428894,0.1551104038953781,0.36581651635820284,2.0,10.0,9.0,2.4183690696954727
04_2-1_106_383,2-1,106,383,378,0.21206275155951582,0.6062499284744263,0.0006389199989877197,0.21206275155951582,0.14874380826950073,0.09631878137588501,0.1888858563041884,0.0,8.0,6.0,1.1361362040042877
04_2-1_106_492,2-1,106,492,489,0.346887350528184,0.43719521164894104,0.05231424628736786,0.346887350528184,0.21719078719615936,0.19682571291923523,0.8188464591365008,3.0,,12.0,4.547683373093605
04_2-1_106_535,2-1,106,535,532,0.16159591558792374,0.7045448422431946,0.004939759990506889,0.16159591558792374,0.2822076380252838,0.13875320553779602,0.24523728619559515,0.0,1.0,3.0,0.2974154055118561
04_2-1_106_648,2-1,106,648,644,0.43992632995424735,0.5078675150871277,0.1454734277691661,0.43992632995424735,0.0911356657743454,0.37812623381614685,2.914463539375591,3.0,,16.0,7.544957907870412
04_2-1_106_713,2-1,106,713,709,0.25465833311733543,0.6539091467857361,0.001819661711895686,0.25465833311733543,0.326897531747818,0.19472163915634155,0.42405691775373683,0.0,11.0,6.0,1.0735970586538315
04_2-1_106_752,2-1,106,752,749,0.1605683479941552,0.7169206738471985,8.665536950824742e-05,0.1605683479941552,0.36923831701278687,0.19117259979248047,0.36362016187354385,0.0,2.0,4.0,-0.543777346611023
04_2-1_106_822,2-1,106,822,818,0.36088888887634585,0.551985502243042,0.02915432262902193,0.36088888887634585,0.213972270488739,0.23322932422161102,0.7316856591433039,2.0,,12.0,4.934260189533234
04_2-1_110_89,2-1,110,89,84,0.0898230642730543,0.8099923729896545,0.0042953151198955545,0.0898230642730543,0.2787061929702759,0.08919787406921387,0.12374938238680881,1.0,1.0,3.0,-1.953567385673523
04_2-1_110_133,2-1,110,133,129,0.17873483895892872,0.653678834438324,0.008741064707399472,0.17873483895892872,0.1715676486492157,0.16232596337795258,0.3303653503186877,0.0,1.0,5.0,0.004751667380332947
04_2-1_110_258,2-1,110,258,254,0.11335456693636135,0.2896340787410736,0.01032039280773484,0.11335456693636135,0.2230820134282112,0.16763683035969734,1.3741033718698878,0.0,6.0,8.0,1.3654597736895084
04_2-1_110_302,2-1,110,302,298,0.2887143671618918,0.3635117709636688,0.020987542381528303,0.2887143671618918,0.26937761902809143,0.16355443745851517,0.8179466818820114,3.0,,10.0,3.4394421204924583
04_2-1_110_340,2-1,110,340,336,0.21579881108893423,0.5692933201789856,0.018557782724679887,0.21579881108893423,0.30425408482551575,0.14966651797294617,0.3566657734590055,1.0,5.0,9.0,1.06966233253479
04_2-1_110_384,2-1,110,384,379,0.2190741790461526,0.5819771885871887,0.004347504500246441,0.2190741790461526,0.19701415300369263,0.13188359141349792,0.29301370257574255,3.0,3.0,12.0,1.414968341588974
04_2-1_110_496,2-1,110,496,492,0.2796983782032259,0.3551952540874481,0.08249471022548602,0.2796983782032259,0.2111714705824852,0.1410805657505989,0.6589018569741855,5.0,,8.0,2.589187830686569
04_2-1_110_534,2-1,110,534,530,0.24276097742636218,0.6804149150848389,0.06717626861167007,0.24276097742636218,0.3139194846153259,0.2387620210647583,0.5406101132757494,2.0,4.0,8.0,2.075477659702301
04_2-1_110_622,2-1,110,622,617,0.22005190165922536,0.46678030490875244,0.011380851269706393,0.22005190165922536,0.19364088773727417,0.19922612607479095,0.7446197511959868,3.0,,14.0,2.2735312581062317
04_2-1_110_648,2-1,110,648,643,0.2771082111591825,0.6982163190841675,0.09045704317536804,0.2771082111591825,0.38696032762527466,0.27766549587249756,0.6602424262352331,2.0,17.0,11.0,3.6070264726877213
04_2-1_110_714,2-1,110,714,709,0.28388653665027136,0.6134629249572754,0.03463825018418827,0.28388653665027136,0.20365843176841736,0.2368977665901184,0.6291016609644468,3.0,36.0,13.0,2.4760113954544067
04_2-1_110_753,2-1,110,753,748,0.17468305883918384,0.6853636503219604,0.009950799215554224,0.17468305883918384,0.24699950218200684,0.150638610124588,0.28171227977090013,1.0,2.0,8.0,0.6780987977981567
04_2-1_110_822,2-1,110,822,818,0.3236665739214279,0.5200908780097961,0.27717292724775466,0.3236665739214279,0.20039695501327515,0.17163966596126556,0.49257876002842094,2.0,,10.0,3.4027998000383377
04_2-1_113_167,2-1,113,167,163,0.3971912743807002,0.5429952144622803,0.026701604928491697,0.3971912743807002,0.38632071018218994,0.3661127910017967,2.069808768102887,3.0,,13.0,6.3528332486748695
04_2-1_113_272,2-1,113,272,267,0.29478671938229795,0.675581157207489,0.0037765224497826565,0.29478671938229795,0.27938663959503174,0.2868042141199112,0.7377089079464886,4.0,,12.0,5.774125844240189
04_2-1_113_492,2-1,113,492,487,0.3305356052470349,0.3806135058403015,0.0029383080948803195,0.3305356052470349,0.20399919152259827,0.21273326128721237,1.2671726911854675,3.0,,13.0,4.984583526849747
04_2-1_113_631,2-1,113,631,626,0.47386777865515384,0.7541059255599976,0.10830913088127131,0.47386777865515384,0.3349457383155823,0.4937441349029541,1.8963770899599053,3.0,,17.0,8.538670971989632
04_2-1_113_700,2-1,113,700,695,0.2265794588595811,0.7980193495750427,0.0006307098567686446,0.2265794588595811,0.3376525044441223,0.17078804969787598,0.2722887868180719,3.0,14.0,8.0,1.4646414518356323
04_2-1_113_732,2-1,113,732,728,0.10527610977516819,0.7261403203010559,0.007272772389385268,0.10527610977516819,0.2304168939590454,0.04065576195716858,0.05930952267603494,0.0,2.0,3.0,-1.2365637719631195
04_2-1_113_808,2-1,113,808,803,0.39248221935897987,0.6801024675369263,0.012881033987318312,0.39248221935897987,0.24389681220054626,0.2507708817720413,0.5840960462419159,3.0,,15.0,4.956710234284401
04_2-1_115_166,2-1,115,166,162,0.415264298724181,0.5285912156105042,0.10779877371368075,0.415264298724181,0.37893085181713104,0.34774742275476456,1.9229159998439382,3.0,,14.0,6.540566377341747
04_2-1_115_254,2-1,115,254,250,0.2691143937633327,0.5254026055335999,0.002087446964744268,0.2691143937633327,0.15271833539009094,0.1475193351507187,0.39038334510349787,1.0,,11.0,2.295780897140503
04_2-1_115_270,2-1,115,270,266,0.3344203075774246,0.845671534538269,0.0006086237829521507,0.3344203075774246,0.28572410345077515,0.3467904180288315,0.695136389317055,3.0,41.0,13.0,5.7975709438323975
04_2-1_115_492,2-1,115,492,488,0.2937369837489283,0.4180348217487335,0.011414542222564666,0.2937369837489283,0.2312355451285839,0.27946843951940536,2.0168560008796614,2.0,,13.0,4.193759899586439
04_2-1_115_557,2-1,115,557,553,0.3092392558180136,0.5838252902030945,0.005847061523586608,0.3092392558180136,0.27629464864730835,0.29381580650806427,1.0131248218662972,3.0,39.0,14.0,4.255080386996269
04_2-1_115_632,2-1,115,632,628,0.3261964271117635,0.6260333061218262,0.014375556389793556,0.3261964271117635,0.25333473086357117,0.3190758526325226,1.0394790841709967,0.0,48.0,13.0,4.500156328082085
04_2-1_115_705,2-1,115,705,700,0.24818993395344197,0.6475397944450378,0.0004066452598963943,0.24818993395344197,0.23833805322647095,0.2247120887041092,0.5314507201233234,0.0,1.0,11.0,2.6208696216344833
04_2-1_115_741,2-1,115,741,736,0.2801712470845841,0.7923059463500977,0.01797013796791985,0.2801712470845841,0.19177258014678955,0.2541373670101166,0.47222631860409775,0.0,16.0,6.0,1.9233191907405853
04_2-1_115_808,2-1,115,808,804,0.288007424758741,0.658441960811615,0.0023596481327562086,0.288007424758741,0.31618380546569824,0.22363834083080292,0.5143433277778876,2.0,39.0,12.0,3.0074510276317596
04_2-1_115_860,2-1,115,860,855,0.2926729751435955,0.7387840747833252,0.0020605472680992726,0.2926729751435955,0.3194580376148224,0.1787565052509308,0.31919233083504606,0.0,19.0,14.0,2.090945154428482
04_2-1_116_75,2-1,116,75,71,0.16464798099354425,0.5824605226516724,0.011775614716678299,0.16464798099354425,0.4115390479564667,0.06797587871551514,0.13212421306776712,2.0,1.0,2.0,-0.6360450088977814
04_2-1_116_96,2-1,116,96,92,0.19266926467514522,0.6708352565765381,0.013029970824334575,0.19266926467514522,0.41421306133270264,0.15114164352416992,0.2908283644981794,2.0,5.0,12.0,1.253081738948822
04_2-1_116_123,2-1,116,123,119,0.24922136050986718,0.6974206566810608,0.005644508142380612,0.24922136050986718,0.3862817585468292,0.14965975284576416,0.27322094694579474,0.0,1.0,3.0,0.9191616773605347
04_2-1_116_163,2-1,116,163,162,0.1400527877007615,0.7391887307167053,0.0035420182426302684,0.1400527877007615,0.5224847197532654,0.14725622534751892,0.2487719866907388,0.0,1.0,8.0,0.6532460153102875
04_2-1_116_241,2-1,116,241,236,0.3239422426567534,0.7537464499473572,0.0671353763735623,0.3239422426567534,0.47478193044662476,0.20681989192962646,0.37814929426579724,3.0,1.0,9.0,2.970661833882332
04_2-1_116_328,2-1,116,328,326,0.2208750745719842,0.7118255496025085,0.0005768840841390584,0.2208750745719842,0.2857746183872223,0.17743882536888123,0.3320419788185216,0.0,1.0,7.0,1.0347238183021545
04_2-1_116_380,2-1,116,380,375,0.30985876634515586,0.735289454460144,0.06363046030142142,0.30985876634515586,0.4374040365219116,0.23336242139339447,0.4649329604097263,2.0,1.0,10.0,2.9254313707351685
04_2-1_116_426,2-1,116,426,422,0.11766138887911387,0.8378410935401917,0.013614654241008349,0.11766138887911387,0.17487028241157532,0.1786508858203888,0.2710156851970814,0.0,2.0,2.0,-1.5926426351070404
04_2-1_116_464,2-1,116,464,461,0.12021225437192179,0.6025791168212891,0.0016860183220791195,0.12021225437192179,0.1455347239971161,0.06393551826477051,0.11869725814268989,0.0,1.0,8.0,-0.20378358662128448
04_2-1_116_552,2-1,116,552,557,0.2455482459726555,0.8239989876747131,0.22681082893747095,0.2455482459726555,0.33081966638565063,0.3505726009607315,0.7405007637914537,0.0,6.0,3.0,3.0006920248270035
04_2-1_116_595,2-1,116,595,593,0.1898778033694823,0.8726674914360046,0.006137982307015946,0.1898778033694823,0.256014883518219,0.17312586307525635,0.24748471864490193,0.0,2.0,5.0,0.19326087832450867
04_2-1_116_760,2-1,116,760,757,0.21307688803592023,0.39748644828796387,0.011121591339402073,0.21307688803592023,0.4965169280767441,0.19081856310367584,0.9233101840352256,0.0,23.0,11.0,1.7537511363625526
04_2-1_117_73,2-1,117,73,69,0.14697305062876848,0.8337641954421997,0.006614727713760635,0.14697305062876848,0.15612268447875977,0.044977933168411255,0.057021699438268576,0.0,1.0,5.0,0.13379445672035217
04_2-1_117_119,2-1,117,119,115,0.17744373063198216,0.9529997110366821,0.005960391108635464,0.17744373063198216,0.12117773294448853,0.1709088385105133,0.21852810781242646,1.0,1.0,5.0,0.5888064205646515
04_2-1_117_166,2-1,117,166,164,0.16409911358331603,0.854118824005127,0.0003736947562314134,0.16409911358331603,0.11467635631561279,0.08005139231681824,0.10341656170990059,0.0,2.0,3.0,0.1159311830997467
04_2-1_117_353,2-1,117,353,348,0.42851579163028797,0.5351182222366333,0.17079240079445696,0.42851579163028797,0.2376486212015152,0.40306375175714493,3.0522537426686482,3.0,,16.0,7.436885422561318
04_2-1_117_402,2-1,117,402,397,0.23698843765737782,0.7311365008354187,0.00019590400105202153,0.23698843765737782,0.20364367961883545,0.17851734161376953,0.32303863996537313,0.0,30.0,8.0,1.6719343066215515
04_2-1_117_526,2-1,117,526,521,0.37413355927400266,0.4695253372192383,0.031449400702223164,0.37413355927400266,0.22658248245716095,0.2853158041834831,1.548865574335413,4.0,,17.0,5.8785203620791435
04_2-1_117_591,2-1,117,591,586,0.3359694696726271,0.63463294506073,0.024092305613283852,0.3359694696726271,0.26310959458351135,0.28138574957847595,0.7965689556128743,3.0,,13.0,4.302590504288673
04_2-1_117_641,2-1,117,641,636,0.24945181957636509,0.7424939870834351,0.0008922583114361383,0.24945181957636509,0.2028712034225464,0.16052201390266418,0.27582430305935574,0.0,15.0,10.0,1.9707183241844177
04_2-1_117_758,2-1,117,758,754,0.30968848126191806,0.5280784368515015,0.008342828969058148,0.30968848126191806,0.1839362233877182,0.3091753125190735,1.412384192605481,3.0,47.0,15.0,4.195206560194492
04_2-1_117_822,2-1,117,822,817,0.2959250405093482,0.5373542308807373,0.006047724658376171,0.2959250405093482,0.12552884221076965,0.19650481641292572,0.576515047619314,3.0,25.0,14.0,2.9477225244045258
04_2-1_118_181,2-1,118,181,176,0.3787083110152625,0.5071679949760437,0.1023673122654885,0.3787083110152625,0.09684938192367554,0.40229256451129913,3.835908589157455,4.0,,14.0,6.497318118810654
04_2-1_118_245,2-1,118,245,240,0.40444314223353317,0.7160619497299194,0.06513332218177394,0.40444314223353317,0.2995574176311493,0.24459971487522125,0.5188108331743801,2.0,38.0,14.0,4.693950325250626
04_2-1_118_552,2-1,118,552,547,0.40136079527929547,0.45562833547592163,0.13952999996280394,0.40136079527929547,0.12480998784303665,0.31327418237924576,2.2006676697833627,3.0,,14.0,6.799845531582832
04_2-1_118_620,2-1,118,620,615,0.3016865675757672,0.5847032070159912,0.02081467380877043,0.3016865675757672,0.25606682896614075,0.13633187115192413,0.3040601845994364,2.0,,9.0,3.1515334397554398
04_2-1_118_659,2-1,118,659,655,0.25669052875458276,0.7974385023117065,0.002265408542429416,0.25669052875458276,0.26890093088150024,0.17478975653648376,0.2807196797913139,2.0,20.0,11.0,2.2627487182617188
04_2-1_118_701,2-1,118,701,697,0.20162212610990882,0.8916046023368835,0.005076431210384671,0.20162212610990882,0.36833906173706055,0.1567612886428833,0.21332614139857445,0.0,7.0,6.0,0.6978273093700409
04_2-1_120_87,2-1,120,87,84,0.16168371655472563,0.6860109567642212,0.015333799764725814,0.16168371655472563,0.14853155612945557,0.05846723914146423,0.0931683920969652,0.0,7.0,5.0,0.3381456434726715
04_2-1_120_215,2-1,120,215,212,0.3014114628952588,0.5869510769844055,0.3155826467042871,0.3014114628952588,0.34515276551246643,0.21250110864639282,0.5675020072496573,2.0,46.0,11.0,4.632190749049187
04_2-1_120_267,2-1,120,267,270,0.1322421604828566,0.7493563890457153,0.0007253837226911102,0.1322421604828566,0.4864078760147095,0.10501959919929504,0.1629886743302781,1.0,1.0,2.0,-1.4621207863092422
04_2-1_120_299,2-1,120,299,298,0.11481781280073014,0.6613829135894775,0.030181796489784668,0.11481781280073014,0.29126501083374023,0.07529041171073914,0.12846165318510866,0.0,1.0,4.0,-0.9926760792732239
04_2-1_120_331,2-1,120,331,326,0.20481368926986476,0.7314474582672119,0.050131049994096934,0.20481368926986476,0.15174955129623413,0.21736550331115723,0.422822667116838,0.0,1.0,4.0,0.007579535245895386
04_2-1_120_387,2-1,120,387,385,0.29582647521532063,0.672961950302124,0.24555038459106332,0.29582647521532063,0.2778586447238922,0.19000433385372162,0.3934182366787895,1.0,2.0,7.0,2.447819083929062
04_2-1_120_544,2-1,120,544,540,0.22843999884216776,0.337820440530777,0.16417807139847648,0.22843999884216776,0.1770385205745697,0.19303447008132935,1.33324015774531,0.0,46.0,10.0,3.068257551640272
04_2-1_120_601,2-1,120,601,596,0.22458956081557965,0.44659891724586487,0.06555339184331921,0.22458956081557965,0.3259391784667969,0.18082740902900696,0.6803867361186803,2.0,12.0,10.0,2.029936634004116
04_2-1_120_717,2-1,120,717,713,0.2200797547133052,0.3733232319355011,0.013238423754961405,0.2200797547133052,0.17366252839565277,0.2554231695830822,2.166437951657638,0.0,35.0,11.0,2.5678070187568665
04_2-1_120_818,2-1,120,818,813,0.28568259856010975,0.44068604707717896,0.12212938184003835,0.28568259856010975,0.27067282795906067,0.23185093700885773,1.1102105241451343,5.0,,12.0,5.440724268555641
04_2-1_121_95,2-1,121,95,91,0.4431386728997979,0.5542614459991455,0.1039596305767542,0.4431386728997979,0.32978810369968414,0.23665988445281982,0.7451471060172995,2.0,,12.0,6.364338576793671
04_2-1_121_175,2-1,121,175,171,0.24621830487919988,0.6074793338775635,0.0002836502462969927,0.24621830487919988,0.2368943691253662,0.11550194025039673,0.2347708283887676,1.0,32.0,10.0,1.8406191915273666
04_2-1_121_213,2-1,121,213,212,0.21967936403277097,0.7397240400314331,0.005321536360773805,0.21967936403277097,0.3653038740158081,0.1211494505405426,0.19585261437954157,0.0,1.0,5.0,0.8068258464336395
04_2-1_121_275,2-1,121,275,270,0.2169092141998289,0.8709138631820679,0.001776998936992774,0.2169092141998289,0.31115466356277466,0.24099963903427124,0.3825912001912907,1.0,1.0,5.0,1.549597054719925
04_2-1_121_311,2-1,121,311,314,0.14556669127743466,0.6973180770874023,0.0026313517646165898,0.14556669127743466,0.2855525612831116,0.0876220166683197,0.1437142575730136,0.0,1.0,2.0,-0.2087385356426239
04_2-1_121_353,2-1,121,353,348,0.2686339800306927,0.7883440256118774,0.01052359926644461,0.2686339800306927,0.20984047651290894,0.17908599972724915,0.29394114171449853,1.0,1.0,5.0,1.7601991891860962
04_2-1_121_420,2-1,121,420,415,0.102581180015193,0.7492660284042358,0.0016406634684707699,0.102581180015193,0.3253561854362488,0.1178961992263794,0.18673080938932246,0.0,2.0,3.0,-0.2782115042209625
04_2-1_121_501,2-1,121,501,497,0.44043665660588077,0.5513947010040283,0.1993887425777013,0.44043665660588077,0.5235107243061066,0.36234092712402344,1.9166024548867582,1.0,,10.0,6.852359153330326
04_2-1_121_592,2-1,121,592,587,0.311663415679856,0.5375617146492004,0.022880303673407487,0.311663415679856,0.3498619496822357,0.13274738192558289,0.32792164504761906,0.0,12.0,9.0,2.950887158513069
04_2-1_121_638,2-1,121,638,633,0.276296781218414,0.7474822402000427,0.0074277131096083995,0.276296781218414,0.29403799772262573,0.17546719312667847,0.30675275768431626,1.0,2.0,12.0,1.9900431334972382
04_2-1_121_722,2-1,121,722,718,0.28666086133838903,0.5931417346000671,0.0008206342250011899,0.28666086133838903,0.2898947298526764,0.21098248660564423,0.552080023479435,0.0,26.0,9.0,1.712280049920082
04_2-1_121_806,2-1,121,806,802,0.4208839773023558,0.4479156732559204,0.09775792060122436,0.4208839773023558,0.3177092894911766,0.25299083441495895,1.2978891552213792,3.0,,12.0,5.846530199050903
04_2-1_125_57,2-1,125,57,52,0.44203792876390835,0.6558185815811157,0.2759900305929649,0.44203792876390835,0.4264765791594982,0.5115854293107986,3.546933706004025,3.0,,14.0,7.887321153655648
04_2-1_125_149,2-1,125,149,146,0.2685418754163148,0.6521244049072266,0.002920802264334885,0.2685418754163148,0.3561389744281769,0.1638941764831543,0.33569035045654183,0.0,9.0,4.0,1.8629638105630875
04_2-1_125_278,2-1,125,278,282,0.05809804391365854,0.393123596906662,0.008420784874969535,0.05809804391365854,0.4618716686964035,0.1408730149269104,0.5584645784413628,0.0,1.0,4.0,-0.6336499508470297
04_2-1_125_336,2-1,125,336,332,0.31929281102605833,0.4333295226097107,0.0008467860818081089,0.31929281102605833,0.329718429595232,0.2341214269399643,1.1752606045092582,3.0,,6.0,4.173571122810245
04_2-1_125_392,2-1,125,392,397,0.15503195258392846,0.5865867733955383,0.023588303087738384,0.15503195258392846,0.5953896641731262,0.14821158349514008,0.33809300094928896,0.0,1.0,8.0,-0.0799097865819931
04_2-1_125_455,2-1,125,455,452,0.28881519283474,0.7607723474502563,0.008364271906840432,0.28881519283474,0.504475474357605,0.3605203777551651,0.9007335504927225,0.0,1.0,10.0,3.320256605744362
04_2-1_125_501,2-1,125,501,496,0.11377497587258442,0.7323184609413147,0.0015796097227128627,0.11377497587258442,0.26811638474464417,0.09903192520141602,0.15637775258511113,1.0,2.0,4.0,-1.0828103721141815
04_2-1_125_552,2-1,125,552,550,0.22257568284898,0.6507531404495239,0.001596002704232054,0.22257568284898,0.17884355783462524,0.15756499767303467,0.3194825341623074,0.0,1.0,5.0,0.8723254650831223
04_2-1_125_681,2-1,125,681,677,0.3942866420937948,0.5284187197685242,0.1011285613748497,0.3942866420937948,0.4382009357213974,0.29023265093564987,1.21851228477722,2.0,,10.0,5.007162522524595
04_2-1_125_761,2-1,125,761,756,0.20321182676913305,0.7604055404663086,0.010692571239741346,0.20321182676913305,0.2569979429244995,0.186309814453125,0.3245274368213056,2.0,5.0,6.0,3.017691746354103
04_2-1_125_842,2-1,125,842,837,0.3373247072711788,0.6068269610404968,0.06611162956094002,0.3373247072711788,0.4218294620513916,0.22880563139915466,0.6052717491265377,1.0,48.0,13.0,3.8792718425393105
04_2-1_127_95,2-1,127,95,91,0.2237748790615724,0.7305770516395569,0.001298386860982725,0.2237748790615724,0.29513877630233765,0.09328263998031616,0.1463729137957577,1.0,19.0,5.0,1.2342562079429626
04_2-1_127_171,2-1,127,171,166,0.38788885781002785,0.6853938102722168,0.026239411846213596,0.38788885781002785,0.18344467878341675,0.27637486159801483,0.6757018531631823,3.0,,14.0,4.74230383336544
04_2-1_127_352,2-1,127,352,348,0.42259039145405947,0.39504334330558777,0.06057774391679085,0.42259039145405947,0.1361074559390545,0.30999693274497986,3.6450325263764314,4.0,,14.0,7.072182558476925
04_2-1_127_500,2-1,127,500,495,0.33049927272356217,0.46116137504577637,0.0048216222962121896,0.33049927272356217,0.26760950684547424,0.3009445071220398,1.8783571981028224,3.0,,16.0,5.249409262090921
04_2-1_127_634,2-1,127,634,631,0.41903182381091014,0.46820688247680664,0.04386187418991348,0.41903182381091014,0.1855044886469841,0.34666863083839417,2.8523417620796896,3.0,,15.0,6.804224502295256
04_2-1_127_741,2-1,127,741,737,0.40513990202915884,0.5322777628898621,0.04389254084545005,0.40513990202915884,0.17090502381324768,0.29882484674453735,1.2800219062524734,2.0,,15.0,5.706928379833698
04_2-1_127_859,2-1,127,859,854,0.357835820165084,0.5666033029556274,0.016931943448271782,0.357835820165084,0.17381983995437622,0.31996816396713257,1.2973340509361018,3.0,,15.0,5.55821718275547
04_2-1_128_139,2-1,128,139,134,0.2818099778467045,0.6988785266876221,0.04150442110763173,0.2818099778467045,0.13899526000022888,0.26802392303943634,0.622075105546026,3.0,26.0,12.0,2.542888879776001
04_2-1_128_499,2-1,128,499,494,0.22723796350053985,0.3730287253856659,0.03610644792846554,0.22723796350053985,0.28742945194244385,0.22752997279167175,1.5637932885004244,4.0,27.0,15.0,3.2562978863716125
04_2-1_128_537,2-1,128,537,532,0.29513851183270734,0.5597185492515564,0.11023020115655362,0.29513851183270734,0.2726043164730072,0.20907071232795715,0.5962412720472889,1.0,29.0,13.0,3.3168645724654198
04_2-1_128_645,2-1,128,645,641,0.22989997639917828,0.6482566595077515,0.0023524117672099566,0.22989997639917828,0.3156149089336395,0.2821531742811203,0.7706924016482863,0.0,18.0,6.0,1.8203746229410172
04_2-1_128_715,2-1,128,715,710,0.3305583376575482,0.7003813982009888,0.046992772265484234,0.3305583376575482,0.25071218609809875,0.33451294898986816,0.9142984307915574,2.0,,12.0,3.7002194672822952
04_2-1_128_823,2-1,128,823,818,0.3387396309003317,0.5462689399719238,0.12297529533782643,0.3387396309003317,0.1443219780921936,0.18174800276756287,0.4985941388208099,5.0,,8.0,3.8800017088651657
04_2-1_129_127,2-1,129,127,122,0.3100413217037802,0.5460997223854065,0.006812755711059799,0.3100413217037802,0.20612609386444092,0.1999664306640625,0.5777151041138403,4.0,,12.0,3.324242264032364
04_2-1_129_170,2-1,129,170,167,0.37275425429337217,0.7370864748954773,0.007908366272702153,0.37275425429337217,0.17507830262184143,0.2408088892698288,0.48523023453949715,1.0,,13.0,4.234475940465927
04_2-1_129_244,2-1,129,244,239,0.30183974022422977,0.7870293259620667,0.00847910933277348,0.30183974022422977,0.13136017322540283,0.1689990758895874,0.27344790302702515,2.0,28.0,9.0,2.9003087878227234
04_2-1_129_379,2-1,129,379,376,0.48435695859748984,0.5265933275222778,0.04867204529180506,0.48435695859748984,0.16776305437088013,0.25879697501659393,0.9663946972955916,2.0,,12.0,6.686095491051674
04_2-1_129_466,2-1,129,466,463,0.24136387981464963,0.7602148652076721,0.0009188917557249342,0.24136387981464963,0.31539320945739746,0.08011928200721741,0.11780591432484375,1.0,30.0,5.0,1.2013789415359497
04_2-1_129_602,2-1,129,602,597,0.3581849141250942,0.5894083380699158,0.003448463043420929,0.3581849141250942,0.2089136838912964,0.29813216626644135,1.0235377800405612,3.0,,16.0,4.977515339851379
04_2-1_129_767,2-1,129,767,762,0.4453562113467536,0.5659981369972229,0.08800247290437668,0.4453562113467536,0.23068439960479736,0.48021626845002174,5.598109210990018,4.0,,16.0,8.837645152583718
04_2-1_132_77,2-1,132,77,74,0.26014443757276323,0.5635475516319275,0.018280430790858174,0.26014443757276323,0.23133695125579834,0.18309207260608673,0.48124441018669367,2.0,1.0,5.0,2.2662974298000336
04_2-1_132_124,2-1,132,124,119,0.34089842043997515,0.6966599225997925,0.006742955546978425,0.34089842043997515,0.30268341302871704,0.25493381917476654,0.5771309804833311,3.0,45.0,15.0,3.9779244661331177
04_2-1_132_185,2-1,132,185,180,0.254079833802738,0.7022129893302917,0.0025362064045610765,0.254079833802738,0.16618496179580688,0.18511706590652466,0.35799366717269343,0.0,5.0,2.0,2.1206203997135162
04_2-1_132_260,2-1,132,260,256,0.18132351717728973,0.5949810147285461,0.00037805097812386847,0.18132351717728973,0.19701051712036133,0.16747039556503296,0.3917338846289086,1.0,8.0,9.0,1.5954692959785461
04_2-1_132_332,2-1,132,332,328,0.2643579216645791,0.4690195918083191,0.006340009325869582,0.2643579216645791,0.18654972314834595,0.19689610600471497,0.7235542548753695,3.0,27.0,7.0,2.782981716096401
04_2-1_132_479,2-1,132,479,474,0.33183901706041646,0.5932087302207947,0.035008202595538905,0.33183901706041646,0.2750489115715027,0.36880602687597275,1.6435008196369971,5.0,,16.0,8.125351674854755
04_2-1_132_606,2-1,132,606,601,0.4544205349500436,0.5893376469612122,0.34783166644781144,0.4544205349500436,0.36618393659591675,0.37711720913648605,1.7770070262881514,5.0,,16.0,8.402285777032375
04_2-1_132_702,2-1,132,702,697,0.283125498145517,0.5945594906806946,0.003937018715176839,0.283125498145517,0.2536134123802185,0.17300650477409363,0.4104027502071231,3.0,36.0,13.0,2.898845687508583
04_2-1_132_761,2-1,132,761,756,0.25281657017625864,0.6953868269920349,0.0050658473507101875,0.25281657017625864,0.336001992225647,0.1926804482936859,0.38328626104285934,0.0,26.0,7.0,2.25792096555233
04_2-1_132_843,2-1,132,843,838,0.2638547724379849,0.6151105165481567,0.0017538260101420476,0.2638547724379849,0.2666443884372711,0.2562168389558792,0.7139073629682473,4.0,,11.0,2.7282825112342834
04_2-1_133_147,2-1,133,147,142,0.499736812741684,0.5305927991867065,0.13809499433177236,0.499736812741684,0.2016606256365776,0.40013042092323303,3.0670176816427115,3.0,,15.0,9.38946633413434
04_2-1_133_425,2-1,133,425,420,0.4900586123677726,0.5172940492630005,0.19565283891835913,0.4900586123677726,0.28018707036972046,0.38788190484046936,2.997260470192299,5.0,,14.0,9.927638851106167
04_2-1_133_558,2-1,133,558,553,0.336023574251629,0.7364045977592468,0.0030282289167026934,0.336023574251629,0.2246541976928711,0.24092046916484833,0.4862324648991228,2.0,,10.0,3.9102403968572617
04_2-1_133_728,2-1,133,728,723,0.22629442971567199,0.8090351223945618,0.013295467547223152,0.22629442971567199,0.31724536418914795,0.15437963604927063,0.23581813529298787,4.0,25.0,8.0,2.0006425380706787
04_2-1_134_60,2-1,134,60,56,0.3301971457347739,0.5035930275917053,0.004618888851471762,0.3301971457347739,0.26563969999551773,0.3013502284884453,1.4900418201519428,3.0,32.0,12.0,3.7865251190960407
04_2-1_134_126,2-1,134,126,121,0.30663867565573383,0.3984384536743164,0.0014663796740985492,0.30663867565573383,0.22660140693187714,0.2105436772108078,1.120540342704513,5.0,,13.0,3.282256670296192
04_2-1_134_172,2-1,134,172,168,0.2541390049858319,0.5338849425315857,0.0006843600426226047,0.2541390049858319,0.31470954418182373,0.13606086373329163,0.3420126407237346,1.0,15.0,9.0,2.998017445206642
04_2-1_134_220,2-1,134,220,216,0.36920387634732027,0.6796346306800842,0.004515818058281388,0.36920387634732027,0.4727831184864044,0.2629935294389725,0.63122320062892,1.0,,7.0,3.319369211792946
04_2-1_134_245,2-1,134,245,243,0.1984903315725003,0.8531465530395508,0.0016877208044413002,0.1984903315725003,0.3440789580345154,0.23314672708511353,0.3760432137641392,0.0,1.0,12.0,2.2886635065078735
04_2-1_134_306,2-1,134,306,304,0.2922429740180167,0.511865496635437,0.012036473340054416,0.2922429740180167,0.26968859136104584,0.11553716659545898,0.29151881871226476,1.0,2.0,7.0,0.7071382701396942
04_2-1_134_386,2-1,134,386,381,0.30879188473278585,0.5232372879981995,0.0006363821683971569,0.30879188473278585,0.5499405711889267,0.3795340582728386,2.641096230044286,2.0,40.0,14.0,4.641990829259157
04_2-1_134_461,2-1,134,461,456,0.3224714343367743,0.5445364713668823,0.008974034227426831,0.3224714343367743,0.3582383692264557,0.3741544857621193,2.195974441981499,3.0,33.0,15.0,4.2769728428684175
04_2-1_134_543,2-1,134,543,538,0.35621293815669086,0.5484147667884827,1.025144654052284e-05,0.35621293815669086,0.17894721031188965,0.4094278961420059,2.945802680768428,4.0,,16.0,6.080218818038702
04_2-1_134_603,2-1,134,603,598,0.45868216508019205,0.6239979267120361,0.07804175169703062,0.45868216508019205,0.27569591999053955,0.31039275228977203,0.989756475994345,2.0,48.0,15.0,7.234054327011108
04_2-1_134_672,2-1,134,672,667,0.2309996484951052,0.5759099721908569,0.009106871991343355,0.2309996484951052,0.26679766178131104,0.07503043115139008,0.149797356457564,0.0,5.0,3.0,0.5789029449224472
04_2-1_134_691,2-1,134,691,687,0.2509652267663414,0.787300705909729,0.012771151489574448,0.2509652267663414,0.1999407410621643,0.2954772114753723,0.6007789681035854,1.0,12.0,10.0,3.8976503014564514
04_2-1_134_727,2-1,134,727,723,0.35333324535753496,0.925857663154602,0.015327724815597434,0.35333324535753496,0.2105899453163147,0.30796900391578674,0.4984215186845759,1.0,36.0,14.0,2.890805423259735
04_2-1_134_770,2-1,134,770,766,0.14920829600320373,0.8748648762702942,0.005194569118145988,0.14920829600320373,0.29278987646102905,0.10219258069992065,0.13225863187508727,0.0,2.0,4.0,-0.49942344427108765
04_2-1_134_838,2-1,134,838,834,0.21987980426428388,0.5936881899833679,0.0010593974904495366,0.21987980426428388,0.3807293474674225,0.22042807936668396,0.5905481810057398,1.0,4.0,5.0,0.8306594640016556
04_2-1_135_54,2-1,135,54,49,0.1789352642665692,0.8058093786239624,0.033161474189198306,0.1789352642665692,0.16644513607025146,0.0952107310295105,0.13398664823219383,0.0,1.0,6.0,0.6682394742965698
04_2-1_135_112,2-1,135,112,107,0.1843712597182921,0.7063279151916504,0.03414994208765051,0.1843712597182921,0.17880690097808838,0.10970926284790039,0.18388507033248083,2.0,9.0,8.0,1.1227968633174896
04_2-1_135_142,2-1,135,142,137,0.19433657475160213,0.751666247844696,0.019841762722214187,0.19433657475160213,0.17842072248458862,0.1054806113243103,0.16323577214174526,0.0,1.0,4.0,0.7682116031646729
04_2-1_135_174,2-1,135,174,170,0.19324479387458793,0.7605252861976624,0.013290462876998067,0.19324479387458793,0.26300108432769775,0.09255078434944153,0.13855436711036492,1.0,12.0,6.0,0.9372474849224091
04_2-1_135_202,2-1,135,202,199,0.15282400566243484,0.7497222423553467,0.0062652956120813185,0.15282400566243484,0.2512386441230774,0.01992318034172058,0.027299542269552265,0.0,1.0,6.0,-0.2501014173030853
04_2-1_135_277,2-1,135,277,272,0.22827875364659136,0.8537107706069946,0.02083053520880451,0.22827875364659136,0.24228209257125854,0.28239116072654724,0.4942787816886586,0.0,23.0,7.0,2.434106230735779
04_2-1_135_343,2-1,135,343,340,0.24265637741067936,0.7669898867607117,0.20153132278397792,0.24265637741067936,0.23107987642288208,0.19395533204078674,0.33847056943290954,10.0,,13.0,3.969436854124069
04_2-1_135_443,2-1,135,443,438,0.14450475175810115,0.8064672946929932,0.014327296732095238,0.14450475175810115,0.16771715879440308,0.005983233451843262,0.007474519158527982,0.0,3.0,3.0,-0.09924784302711487
04_2-1_135_510,2-1,135,510,507,0.18370165742177602,0.6016082763671875,0.005436589722582298,0.18370165742177602,0.201870858669281,0.06570574641227722,0.12260764362841423,0.0,1.0,5.0,-0.2425360381603241
04_2-1_135_736,2-1,135,736,731,0.1834268115179365,0.26199281215667725,0.06563824150316595,0.1834268115179365,0.15004590153694153,0.1579015925526619,1.5169540058551758,5.0,,14.0,2.7173406071960926
04_2-1_135_767,2-1,135,767,762,0.177359438264109,0.43804916739463806,0.024530282559697962,0.177359438264109,0.15433356165885925,0.17612989246845245,0.6724586898695775,4.0,1.0,8.0,1.5405177623033524
04_2-1_135_818,2-1,135,818,814,0.23848918225003957,0.47000446915626526,0.0342307280557499,0.23848918225003957,0.1239767074584961,0.14033643901348114,0.425690167629234,0.0,39.0,10.0,1.7553398311138153
04_2-1_137_127,2-1,137,127,124,0.3446059985621911,0.49007362127304077,0.00847343397094331,0.3446059985621911,0.17706328630447388,0.3129676356911659,1.7671206010509632,2.0,48.0,9.0,4.501766659319401
04_2-1_137_225,2-1,137,225,223,0.2861402355937088,0.4490245282649994,0.0006158837266664533,0.2861402355937088,0.3322243243455887,0.2230478674173355,0.987039398585048,0.0,15.0,8.0,3.057623215019703
04_2-1_137_246,2-1,137,246,242,0.29548181692480224,0.8770157694816589,0.022009149745016013,0.29548181692480224,0.5291414856910706,0.4746813029050827,1.1798176451152655,2.0,41.0,13.0,6.023306205868721
04_2-1_137_291,2-1,137,291,286,0.17252807028116668,0.8693905472755432,0.0035822234344162845,0.17252807028116668,0.3194187879562378,0.2266598343849182,0.3526513201236883,2.0,1.0,3.0,0.5368475019931793
04_2-1_137_335,2-1,137,335,330,0.26321403442395847,0.7414789199829102,0.03027013752309426,0.26321403442395847,0.32041797041893005,0.1469547152519226,0.2471803739570489,3.0,5.0,1.0,0.40991756319999695
04_2-1_137_548,2-1,137,548,544,0.3021273370248018,0.356479287147522,0.10080806316830639,0.3021273370248018,0.25066792592406273,0.22664926201105118,1.7457384127655284,3.0,,12.0,3.8449077494442463
04_2-1_137_598,2-1,137,598,598,0.2729833949029866,0.6424416899681091,0.010365116621671337,0.2729833949029866,0.35217928886413574,0.27074430882930756,0.7283998289140609,0.0,1.0,11.0,2.2611928284168243
04_2-1_137_668,2-1,137,668,666,0.30399938781237756,0.5597507953643799,0.00794293162468624,0.30399938781237756,0.4170018136501312,0.2056078314781189,0.5805786149803426,1.0,3.0,5.0,2.0532999485731125
04_2-1_137_720,2-1,137,720,720,0.1574684534211752,0.4121445417404175,0.004455495961990778,0.1574684534211752,0.41754868626594543,0.03324955701828003,0.08775401723161784,0.0,1.0,1.0,-1.2885146364569664
04_2-1_137_759,2-1,137,759,757,0.3325740141736855,0.527609646320343,0.009806316957255512,0.3325740141736855,0.23262564837932587,0.2539493143558502,0.9279726898409227,0.0,38.0,13.0,3.3826916962862015
04_2-1_138_104,2-1,138,104,101,0.4210303748316631,0.5005761981010437,0.23643019748535304,0.4210303748316631,0.5948959439992905,0.35112931579351425,2.349525867464842,2.0,,8.0,6.25008924305439
04_2-1_138_169,2-1,138,169,165,0.19333748930195438,0.6706864833831787,0.0053201610899075965,0.19333748930195438,0.409222275018692,0.14470240473747253,0.2751079559481145,0.0,1.0,3.0,0.7683257907629013
04_2-1_138_256,2-1,138,256,252,0.1979719803580804,0.6761988401412964,0.006938505796948871,0.1979719803580804,0.4547891914844513,0.17498773336410522,0.34912979979490844,1.0,1.0,3.0,1.1468103975057602
04_2-1_138_514,2-1,138,514,509,0.33284307829723214,0.5803913474082947,0.09221349008761999,0.33284307829723214,0.6257347166538239,0.4031815528869629,2.2751651734375753,4.0,9.0,11.0,5.529011324048042
04_2-1_138_599,2-1,138,599,599,0.15504400421734715,0.6950669884681702,0.006887135954363249,0.15504400421734715,0.5672067701816559,0.16023042798042297,0.2995876494200395,1.0,1.0,8.0,-0.08191794157028198
04_2-1_138_672,2-1,138,672,669,0.2694925160157638,0.6827983856201172,0.024094611340891043,0.2694925160157638,0.2793058454990387,0.31848832964897156,0.8742232733597579,1.0,2.0,8.0,2.4720908477902412
04_2-1_138_702,2-1,138,702,698,0.1268610925998832,0.7174909710884094,0.0003297506886353116,0.1268610925998832,0.51519575715065,0.18871575593948364,0.3568922115351666,0.0,1.0,6.0,-0.3603385388851166
04_2-1_142_79,2-1,142,79,74,0.22485483250552535,0.7147899866104126,0.013163891587394045,0.22485483250552535,0.3309382200241089,0.08781951665878296,0.14006962188435793,2.0,9.0,3.0,0.27735254168510437
04_2-1_142_98,2-1,142,98,94,0.2150964154238786,0.7876134514808655,0.0178215804130513,0.2150964154238786,0.24493354558944702,0.14143520593643188,0.2188795536087206,0.0,13.0,6.0,1.987228125333786
04_2-1_142_187,2-1,142,187,183,0.37203721500220654,0.5601718425750732,0.03414163101688659,0.37203721500220654,0.24055072665214539,0.3162119910120964,1.2961640572668904,3.0,,16.0,5.171621300280094
04_2-1_142_221,2-1,142,221,216,0.2577360128021732,0.7366148829460144,0.005854823306849186,0.2577360128021732,0.4841863512992859,0.151532381772995,0.25899318723289616,0.0,20.0,10.0,0.9355897903442383
04_2-1_142_332,2-1,142,332,328,0.37101572519670456,0.47162750363349915,0.05135021502776985,0.37101572519670456,0.29025081917643547,0.3293291851878166,2.3143575327176245,3.0,,14.0,5.395393161103129
04_2-1_142_375,2-1,142,375,370,0.2320164442022826,0.6350516676902771,0.0005575136179300599,0.2320164442022826,0.1771160364151001,0.19358542561531067,0.43850561416752104,2.0,12.0,10.0,0.7764112800359726
04_2-1_142_462,2-1,142,462,457,0.35340725472407736,0.6166083812713623,0.015632619931485795,0.35340725472407736,0.192803293466568,0.40373221039772034,1.896558965434256,2.0,,16.0,5.675415277481079
04_2-1_142_479,2-1,142,479,474,0.3019974228317578,0.9098372459411621,0.005115583055408262,0.3019974228317578,0.3411217927932739,0.39075711369514465,0.7527876515026118,2.0,27.0,10.0,5.080138713121414
04_2-1_142_526,2-1,142,526,521,0.29741050035248406,0.7515594959259033,0.018708408480958345,0.29741050035248406,0.22697651386260986,0.16587001085281372,0.2832046930672051,2.0,27.0,13.0,2.0653138756752014
04_2-1_142_606,2-1,142,606,602,0.3385507406260426,0.6233645677566528,0.0037148859417407082,0.3385507406260426,0.31861764192581177,0.3042140007019043,0.9531989979191171,2.0,,12.0,3.8704710453748703
04_2-1_142_623,2-1,142,623,620,0.2978176050663505,0.7496287822723389,0.0008652632228928139,0.2978176050663505,0.22302919626235962,0.24425159394741058,0.4833055381011201,2.0,,15.0,5.587153926491737
04_2-1_142_648,2-1,142,648,644,0.19435934412932504,0.899360179901123,0.004884707518819734,0.19435934412932504,0.24688208103179932,0.14359694719314575,0.19000255765105578,0.0,1.0,11.0,1.9034956097602844
04_2-1_142_724,2-1,142,724,719,0.26316659794000863,0.6968840956687927,0.006720616403333142,0.26316659794000863,0.13664892315864563,0.28278475999832153,0.6828911221034989,3.0,16.0,12.0,2.5233303904533386
04_2-1_142_811,2-1,142,811,807,0.29629025668720466,0.47275659441947937,0.0050212903500348955,0.29629025668720466,0.21866771578788757,0.21962997317314148,0.8676684107413651,3.0,27.0,12.0,3.586349055171013
04_2-1_143_55,2-1,143,55,51,0.34217386486328916,0.8024331331253052,0.016726511458674088,0.34217386486328916,0.21110519766807556,0.24374261498451233,0.4362748374460294,1.0,30.0,13.0,2.6103651225566864
04_2-1_143_92,2-1,143,92,96,0.2565462222105446,0.8141828775405884,0.008014226817403132,0.2565462222105446,0.3502771854400635,0.08230653405189514,0.11245961805454462,0.0,1.0,3.0,-1.4390524625778198
04_2-1_143_179,2-1,143,179,176,0.3994625883309753,0.6065362691879272,0.01333151512278162,0.3994625883309753,0.280226469039917,0.1871166080236435,0.44613218060455023,0.0,,12.0,3.9335155338048935
04_2-1_143_227,2-1,143,227,222,0.2738733284443443,0.8448536992073059,0.0018679340615845074,0.2738733284443443,0.3251039385795593,0.15872755646705627,0.23133873872394714,0.0,2.0,9.0,1.723883330821991
04_2-1_143_350,2-1,143,350,345,0.2795681835333031,0.4274330735206604,0.003339764203610053,0.2795681835333031,0.2655886113643646,0.21165401488542557,0.9808830209201048,4.0,,14.0,3.486065410077572
04_2-1_143_378,2-1,143,378,373,0.3294694052515305,0.5737426280975342,0.002982911011421183,0.3294694052515305,0.32907697558403015,0.14337240159511566,0.3331373611978011,3.0,33.0,12.0,4.2037003338336945
04_2-1_143_429,2-1,143,429,425,0.27408081591873784,0.7756880521774292,0.00414395818904152,0.27408081591873784,0.38255590200424194,0.19853267073631287,0.34398478662815335,2.0,1.0,11.0,0.9627091884613037
04_2-1_143_502,2-1,143,502,497,0.28924344474258146,0.6407287120819092,0.0032668392688026612,0.28924344474258146,0.4255220293998718,0.2531789094209671,0.6532809659110244,1.0,27.0,13.0,2.2590031772851944
04_2-1_143_616,2-1,143,616,612,0.4208364622749541,0.561779797077179,0.07913761329932202,0.4208364622749541,0.22676155902445316,0.454776369035244,4.250110275504592,3.0,,15.0,6.932843211106956
04_2-1_143_680,2-1,143,680,677,0.3809162289413598,0.5768071413040161,0.020284953102797546,0.3809162289413598,0.2230367362499237,0.209029421210289,0.568358032011886,2.0,43.0,10.0,4.3225513100624084
04_2-1_143_768,2-1,143,768,764,0.3320670457673497,0.6112375855445862,0.024405229074114153,0.3320670457673497,0.15055839717388153,0.28166817128658295,0.8546550714383926,2.0,22.0,15.0,4.072910711169243
04_2-1_143_818,2-1,143,818,814,0.339094566597372,0.7924613356590271,0.002101861962173098,0.339094566597372,0.3071118891239166,0.3206840008497238,0.6797359202924558,1.0,,15.0,3.5752690732479095
04_2-1_144_127,2-1,144,127,123,0.2888408444877383,0.434663861989975,0.03583626663493408,0.2888408444877383,0.2655266970396042,0.21651752293109894,0.9925333785806165,3.0,46.0,13.0,3.6122857853770256
04_2-1_144_229,2-1,144,229,224,0.3047653646625187,0.5366472601890564,0.03357608251428098,0.3047653646625187,0.2699488401412964,0.2930705398321152,1.2031960172657097,3.0,,13.0,4.491619095206261
04_2-1_144_247,2-1,144,247,242,0.3001203876124831,0.7441453337669373,0.005123318264849547,0.3001203876124831,0.25847548246383667,0.28520773351192474,0.6214520957826221,2.0,36.0,12.0,4.563372269272804
04_2-1_144_292,2-1,144,292,287,0.19628833405443213,0.7788843512535095,0.003924854483926444,0.19628833405443213,0.24053168296813965,0.14676883816719055,0.23218673664657938,0.0,3.0,3.0,-0.10349375009536743
04_2-1_144_334,2-1,144,334,330,0.22309214994411283,0.6870138049125671,0.012879692579126125,0.22309214994411283,0.17477458715438843,0.08311909437179565,0.13763838781989784,2.0,15.0,4.0,0.8442448973655701
04_2-1_144_528,2-1,144,528,523,0.2972332150458976,0.4181801676750183,0.06326592485388965,0.2972332150458976,0.38105523586273193,0.2554013878107071,1.5690091056316064,3.0,,14.0,3.890712581574917
04_2-1_144_547,2-1,144,547,542,0.36693374962903946,0.6726318001747131,0.1133776254199381,0.36693374962903946,0.2287350296974182,0.27191266417503357,0.6785617150443521,6.0,,14.0,6.854811176657677
04_2-1_144_599,2-1,144,599,596,0.2129559397055203,0.7217065691947937,0.004802557291908558,0.2129559397055203,0.12666326761245728,0.042221665382385254,0.06213775338567606,2.0,1.0,2.0,0.5409556925296783
04_2-1_144_669,2-1,144,669,664,0.2813890460257781,0.6325820088386536,0.019184556138323358,0.2813890460257781,0.4824625253677368,0.10191985964775085,0.19206167201325255,3.0,28.0,6.0,1.8388847410678864
04_2-1_144_761,2-1,144,761,756,0.30082743796718125,0.5634807348251343,0.01835337313566269,0.30082743796718125,0.15217816829681396,0.1677148938179016,0.4237730406218575,4.0,35.0,11.0,3.5124400854110718
04_2-1_145_76,2-1,145,76,71,0.14015587000956287,0.7620765566825867,0.001089463158865365,0.14015587000956287,0.37207087874412537,0.17905861139297485,0.3071236706170823,0.0,3.0,8.0,-0.1346704661846161
04_2-1_145_120,2-1,145,120,115,0.21645876976798822,0.5786696672439575,0.00703014378701706,0.21645876976798822,0.3021630644798279,0.1389288604259491,0.315933518727195,0.0,6.0,5.0,1.8215885758399963
04_2-1_145_175,2-1,145,175,170,0.16460668444715837,0.6324111819267273,0.012488000600645857,0.16460668444715837,0.2664814591407776,0.1527021825313568,0.3183225303753401,0.0,9.0,7.0,1.3982875496149063
04_2-1_145_210,2-1,145,210,207,0.2774267046013954,0.7270162105560303,0.028316986912094805,0.2774267046013954,0.4344973564147949,0.2560105174779892,0.5435401763510547,0.0,2.0,8.0,1.5498958975076675
04_2-1_145_355,2-1,145,355,350,0.36874539778516335,0.45663684606552124,0.18868716244631512,0.36874539778516335,0.2752053588628769,0.3271096795797348,2.525413690846313,3.0,,14.0,5.925988578237593
04_2-1_145_392,2-1,145,392,397,0.25282399554065105,0.7675672173500061,0.022525513455127124,0.25282399554065105,0.48435652256011963,0.2731090933084488,0.5523401882370428,3.0,2.0,7.0,1.3216756135225296
04_2-1_145_460,2-1,145,460,456,0.2821463971326572,0.668942391872406,0.08348757885043805,0.2821463971326572,0.40722066164016724,0.17135998606681824,0.3443851391597856,0.0,1.0,10.0,1.5840664952993393
04_2-1_145_517,2-1,145,517,518,0.23528732858231505,0.6961649656295776,0.01633270724775679,0.23528732858231505,0.4353324770927429,0.1744653582572937,0.334417269616221,0.0,3.0,6.0,-0.4535515010356903
04_2-1_145_555,2-1,145,555,560,0.18708936317393254,0.6937243342399597,0.01980535328238093,0.18708936317393254,0.5545098781585693,0.08211323618888855,0.13425726977575525,0.0,1.0,3.0,-1.010417878627777
04_2-1_145_589,2-1,145,589,584,0.21215262437546847,0.7975924611091614,0.00855029044204991,0.21215262437546847,0.30375510454177856,0.22227248549461365,0.3863458508583605,0.0,5.0,10.0,1.443308174610138
04_2-1_145_604,2-1,145,604,600,0.1748033286156111,0.7828699946403503,0.01566554276492786,0.1748033286156111,0.2412031888961792,0.1831549108028412,0.3054032085217093,0.0,7.0,3.0,2.5607097148895264
04_2-1_145_639,2-1,145,639,636,0.21769244733278406,0.7290177941322327,0.01428088082876586,0.21769244733278406,0.4222259521484375,0.12766575813293457,0.21229787294356742,0.0,1.0,3.0,0.5362224578857422
04_2-1_145_713,2-1,145,713,708,0.13940028655225417,0.538615345954895,0.010134713918977934,0.13940028655225417,0.4045773148536682,0.14377108216285706,0.3641209847702901,0.0,4.0,6.0,0.2071167379617691
04_2-1_145_761,2-1,145,761,757,0.2541728183751665,0.6238783597946167,0.02903683286047962,0.2541728183751665,0.5721512138843536,0.1984093189239502,0.4663308016910739,2.0,2.0,3.0,1.3320474326610565
04_2-1_145_822,2-1,145,822,817,0.27144237690381207,0.5379779934883118,0.06221674239164337,0.27144237690381207,0.48726141452789307,0.18431855738162994,0.5211752849315464,3.0,13.0,5.0,2.2355514615774155
04_2-1_148_81,2-1,148,81,77,0.12240631275180439,0.5482891201972961,0.009635054047928325,0.12240631275180439,0.6181038245558739,0.19258548319339752,0.5414211808896594,0.0,2.0,3.0,0.08698976784944534
04_2-1_148_124,2-1,148,124,120,0.17483649109450303,0.45856329798698425,0.0010468249215613886,0.17483649109450303,0.43065503239631653,0.20030035078525543,0.7755675096079544,1.0,14.0,9.0,1.9516695141792297
04_2-1_148_330,2-1,148,330,329,0.25272421518089516,0.5397418141365051,0.051588513161489116,0.25272421518089516,0.44399893283843994,0.3050369545817375,1.2996618611152282,1.0,3.0,9.0,2.7819939106702805
04_2-1_148_389,2-1,148,389,387,0.09823599009229594,0.39574649930000305,0.005726340804824327,0.09823599009229594,0.44122715294361115,0.06937171518802643,0.21255231275534306,0.0,7.0,3.0,0.12799467146396637
04_2-1_148_463,2-1,148,463,459,0.3779490279282968,0.6502145528793335,0.504628490417075,0.3779490279282968,0.23746222257614136,0.3653974235057831,1.2829194097611594,2.0,,11.0,5.48763407766819
04_2-1_148_551,2-1,148,551,550,0.15569998420551598,0.6273494958877563,0.00899932659512856,0.15569998420551598,0.4175333082675934,0.09377440810203552,0.1757473507453079,0.0,1.0,2.0,0.24804328382015228
04_2-1_148_607,2-1,148,607,603,0.36131269436583413,0.5756087899208069,0.30782893222897284,0.36131269436583413,0.3532266616821289,0.1848595142364502,0.47308984492085876,1.0,,10.0,5.360210075974464
04_2-1_148_681,2-1,148,681,685,0.09079802984028656,0.7321023344993591,0.017076850081049786,0.09079802984028656,0.6556568443775177,0.21074044704437256,0.4042114548746479,0.0,1.0,4.0,-0.9497996270656586
04_2-1_148_760,2-1,148,760,755,0.24638857782873907,0.6651439666748047,0.007383372139945602,0.24638857782873907,0.3993123173713684,0.29570166766643524,0.8004001395079461,3.0,32.0,8.0,2.810660094022751
04_2-1_148_840,2-1,148,840,837,0.22002456196269737,0.5690582394599915,0.037149435828186285,0.22002456196269737,0.24332821369171143,0.16675196588039398,0.41449009580856466,0.0,1.0,3.0,1.2701892256736755
04_2-1_149_52,2-1,149,52,49,0.2523507942761367,0.7140480875968933,0.01078858284290487,0.2523507942761367,0.33279719948768616,0.1293218731880188,0.22116653914474482,0.0,1.0,8.0,0.7659872770309448
04_2-1_149_103,2-1,149,103,98,0.30686854527490387,0.6447175145149231,0.16076522590827283,0.30686854527490387,0.4884766936302185,0.19156403839588165,0.4227354494475038,1.0,4.0,5.0,1.8777167946100235
04_2-1_149_148,2-1,149,148,145,0.24089010979275857,0.8130518794059753,0.03708872289854826,0.24089010979275857,0.2165539264678955,0.18255218863487244,0.289535730638679,0.0,1.0,9.0,1.144640564918518
04_2-1_149_204,2-1,149,204,199,0.23153588688566093,0.7788439989089966,0.011572394430505013,0.23153588688566093,0.49331197142601013,0.20048698782920837,0.3466491872466466,2.0,2.0,5.0,-0.7352361381053925
04_2-1_149_255,2-1,149,255,252,0.2811523297785489,0.6386152505874634,0.02979798619017893,0.2811523297785489,0.4555845856666565,0.2505399137735367,0.6455960737686994,1.0,14.0,5.0,1.325108341872692
04_2-1_149_310,2-1,149,310,305,0.2807335589727832,0.549854576587677,0.011313029978061303,0.2807335589727832,0.4248918816447258,0.11443863809108734,0.26282601984259624,3.0,1.0,4.0,1.3191089108586311
04_2-1_149_371,2-1,149,371,366,0.4058684258417991,0.47612521052360535,0.08143139176394085,0.4058684258417991,0.3680173084139824,0.21917344629764557,0.8529750591823433,4.0,29.0,11.0,5.062685437500477
04_2-1_149_412,2-1,149,412,408,0.3005189720141238,0.7996253967285156,0.020615227973709987,0.3005189720141238,0.3520164489746094,0.25851887464523315,0.47775967225441085,1.0,2.0,8.0,1.462087407708168
04_2-1_149_471,2-1,149,471,468,0.19443722657391754,0.7761026620864868,0.04161614737743875,0.19443722657391754,0.5830761790275574,0.16518941521644592,0.27039750089358683,0.0,1.0,4.0,-1.507535457611084
04_2-1_149_509,2-1,149,509,506,0.14574509102070188,0.6023865938186646,0.004745628086707734,0.14574509102070188,0.48172396421432495,0.12418898940086365,0.25970224077567694,0.0,2.0,5.0,-0.7045797258615494
04_2-1_149_542,2-1,149,542,540,0.17972179827302426,0.6321614980697632,0.005603425631722869,0.17972179827302426,0.40556418895721436,0.20324739813804626,0.47386504237189503,0.0,1.0,10.0,1.3385392278432846
04_2-1_149_585,2-1,149,585,586,0.28904555189275755,0.5886571407318115,0.06156820805469088,0.28904555189275755,0.6583547368645668,0.24835304915905,0.7297974232729694,0.0,1.0,7.0,1.9132752753794193
04_2-1_149_651,2-1,149,651,648,0.3138659805829922,0.5556057095527649,0.027288384636171833,0.3138659805829922,0.22656114399433136,0.26862290501594543,0.93602439159898,0.0,,7.0,2.9822492003440857
04_2-1_149_705,2-1,149,705,702,0.23177214012831782,0.6990007162094116,0.0027485146321614626,0.23177214012831782,0.6389118432998657,0.15155819058418274,0.27684767530817883,0.0,1.0,3.0,1.1265447288751602
04_2-1_149_748,2-1,149,748,743,0.2238547346053129,0.7696556448936462,0.0010035033963957502,0.2238547346053129,0.1498003602027893,0.19048082828521729,0.32888313307655154,0.0,6.0,6.0,0.7813328802585602
04_2-1_149_787,2-1,149,787,783,0.17289624015730204,0.6943868398666382,0.026778734542476552,0.17289624015730204,0.4184093773365021,0.18901869654655457,0.37402178796781876,0.0,1.0,3.0,0.14464138448238373
04_2-1_149_806,2-1,149,806,808,0.23265178079876705,0.7337419986724854,0.027037518160391866,0.23265178079876705,0.33863164484500885,0.24437318742275238,0.4993640416083744,0.0,1.0,10.0,0.9630341529846191
04_2-1_153_61,2-1,153,61,57,0.2628875183923284,0.7093008756637573,0.05808628922709083,0.2628875183923284,0.36446434259414673,0.16992723941802979,0.31504550463533304,2.0,1.0,9.0,1.618263065814972
04_2-1_153_127,2-1,153,127,122,0.2715786144474726,0.6859717965126038,0.02680268578545115,0.2715786144474726,0.41191738843917847,0.19592902064323425,0.39982024078539413,0.0,20.0,12.0,2.5446866154670715
04_2-1_153_171,2-1,153,171,166,0.18008431927899649,0.7891649007797241,0.013747514787178897,0.18008431927899649,0.5899414122104645,0.19997718930244446,0.33941167713942727,3.0,2.0,5.0,-0.4188174307346344
04_2-1_153_244,2-1,153,244,239,0.3502376718580883,0.7913175225257874,0.14560192762042995,0.3502376718580883,0.5297278761863708,0.315924271941185,0.6645535491988694,1.0,38.0,13.0,5.24837888777256
04_2-1_153_312,2-1,153,312,307,0.14707766685106025,0.7273178696632385,0.027910138179767376,0.14707766685106025,0.37542998790740967,0.10162416100502014,0.1624183839453175,1.0,5.0,2.0,-0.05488970875740051
04_2-1_153_332,2-1,153,332,329,0.14303280622547793,0.7068405151367188,0.014807820331980625,0.14303280622547793,0.38696467876434326,0.12160190939903259,0.2077817632105026,0.0,1.0,3.0,0.34864532947540283
04_2-1_153_386,2-1,153,386,381,0.2859915500723291,0.7226561307907104,0.029783866794021164,0.2859915500723291,0.3243781328201294,0.19183513522148132,0.3613932697137681,4.0,11.0,10.0,2.603325828909874
04_2-1_153_457,2-1,153,457,461,0.22871754293468807,0.6663092374801636,0.012877491285138537,0.22871754293468807,0.2799328863620758,0.17058111727237701,0.34410216067806926,0.0,1.0,3.0,0.4199301302433014
04_2-1_153_548,2-1,153,548,544,0.22316296851037343,0.4143033027648926,0.03196249330961394,0.22316296851037343,0.3817485272884369,0.11316333711147308,0.37578319060350895,0.0,40.0,5.0,1.8675366342067719
04_2-1_153_600,2-1,153,600,597,0.3116595535538254,0.5800756812095642,0.019011492979954248,0.3116595535538254,0.2109285593032837,0.17178143560886383,0.4207295044193715,2.0,35.0,7.0,2.7203096449375153
04_2-1_153_768,2-1,153,768,763,0.3385255125684936,0.5482316017150879,0.3459081339604485,0.3385255125684936,0.22409065067768097,0.34973662346601486,1.761941921911811,5.0,,9.0,4.771144315600395
04_2-1_156_75,2-1,156,75,75,0.11278693840368398,0.6071950197219849,0.026632396109989406,0.11278693840368398,0.5865261256694794,0.1268242746591568,0.26401331880143813,0.0,1.0,4.0,-1.857774019241333
04_2-1_156_100,2-1,156,100,98,0.38336655636537625,0.6762732267379761,0.07184857586129523,0.38336655636537625,0.5938612371683121,0.29436883330345154,0.7707919530753434,1.0,24.0,9.0,4.398576498031616
04_2-1_156_172,2-1,156,172,177,0.12122031901727229,0.6142319440841675,0.022273676966068093,0.12122031901727229,0.4407837986946106,0.07746624946594238,0.14432041809423066,1.0,1.0,5.0,-3.266857147216797
04_2-1_156_351,2-1,156,351,354,0.10338756561506146,0.50206059217453,0.000614046910036842,0.10338756561506146,0.5547934621572495,0.20237821340560913,0.6753090196259385,0.0,1.0,3.0,-0.5687683671712875
04_2-1_156_439,2-1,156,439,435,0.1558926789416081,0.56597900390625,0.01851882931907201,0.1558926789416081,0.7340316027402878,0.2624173164367676,0.8644612520911383,1.0,6.0,5.0,1.0550360828638077
04_2-1_156_488,2-1,156,488,491,0.08503451633231976,0.5578932166099548,0.012677525127516737,0.08503451633231976,0.4295145869255066,0.25214841961860657,0.8247022421962643,0.0,1.0,7.0,0.37882252782583237
04_2-1_156_530,2-1,156,530,525,0.08876670867855627,0.5212478041648865,0.08382949084711593,0.08876670867855627,0.45761793851852417,0.20867963135242462,0.6676291750204221,1.0,4.0,2.0,-0.3517894372344017
04_2-1_156_551,2-1,156,551,549,0.13969747229826257,0.5350618362426758,0.05083936696961404,0.13969747229826257,0.5152434259653091,0.24466855823993683,0.8425420861072037,1.0,1.0,4.0,-0.32513683289289474
04_2-1_156_607,2-1,156,607,607,0.08515849212238848,0.438987672328949,0.0002929705507818746,0.08515849212238848,0.49886953830718994,0.1755317896604538,0.666266351248358,1.0,1.0,6.0,0.7101949825882912
04_2-1_156_681,2-1,156,681,678,0.1772500243750985,0.5196931958198547,0.041063651370855284,0.1772500243750985,0.267733097076416,0.2768601179122925,1.140125226340388,0.0,2.0,7.0,2.0346392020583153
04_2-1_156_747,2-1,156,747,742,0.08835885955650288,0.5644636154174805,0.00825473734306142,0.08835885955650288,0.4225667640566826,0.29185469448566437,1.0705984730362583,2.0,1.0,2.0,0.5737621709704399
04_2-1_156_806,2-1,156,806,810,0.115045744254747,0.37146833539009094,0.0015406076392535009,0.115045744254747,0.3657662868499756,0.13482169806957245,0.5697173625457753,1.0,3.0,5.0,0.7541124075651169
04_2-1_156_856,2-1,156,856,851,0.0959165094137966,0.49788546562194824,0.02016686357702302,0.0959165094137966,0.4861411303281784,0.21250119805335999,0.744614269958971,1.0,1.0,5.0,0.2716737575829029
04_2-1_157_61,2-1,157,61,57,0.10317739091797908,0.4654642343521118,0.004259522035558481,0.10317739091797908,0.3421158641576767,0.18773342669010162,0.6759546348872013,0.0,9.0,3.0,0.051852934062480927
04_2-1_157_85,2-1,157,85,80,0.19500231830507175,0.5610239505767822,0.007795931850646122,0.19500231830507175,0.3640718162059784,0.2646148204803467,0.8927350530473042,0.0,2.0,9.0,1.5636321008205414
04_2-1_157_149,2-1,157,149,144,0.21031956946411295,0.6490756869316101,0.007690852589192344,0.21031956946411295,0.1788163185119629,0.37559273838996887,1.3733680304122513,4.0,17.0,7.0,3.752011440694332
04_2-1_157_181,2-1,157,181,177,0.10254666085808005,0.46459177136421204,0.0060560319381852195,0.10254666085808005,0.26366809010505676,0.06445272266864777,0.16107581321733236,0.0,1.0,3.0,-0.49577024579048157
04_2-1_157_212,2-1,157,212,209,0.2246659870174878,0.5061300992965698,0.0013100928302532363,0.2246659870174878,0.2682749778032303,0.14717558026313782,0.4100117771450324,0.0,1.0,10.0,0.8016285225749016
04_2-1_157_228,2-1,157,228,227,0.25421309263129116,0.5825662016868591,0.025013208909824655,0.25421309263129116,0.1566290557384491,0.18165172636508942,0.4530934589460699,3.0,,6.0,3.7862171083688736
04_2-1_157_240,2-1,157,240,243,0.2217911599344858,0.7693267464637756,0.049489012241690535,0.2217911599344858,0.3574831485748291,0.2659466862678528,0.5283218532024142,4.0,2.0,9.0,3.007618471980095
04_2-1_157_272,2-1,157,272,268,0.23513722136000365,0.7962635159492493,0.015532450350906672,0.23513722136000365,0.2733399271965027,0.16752639412879944,0.2664490266516193,0.0,7.0,3.0,1.747767060995102
04_2-1_157_311,2-1,157,311,316,0.12897148665719727,0.7006880640983582,0.0023809039913856972,0.12897148665719727,0.32893311977386475,0.037338197231292725,0.056287336587006895,0.0,1.0,1.0,-1.869706928730011
04_2-1_157_352,2-1,157,352,347,0.2015782872889885,0.8246639966964722,0.02372061706583605,0.2015782872889885,0.24202722311019897,0.29562053084373474,0.5587830677905444,0.0,8.0,4.0,0.7701277136802673
04_2-1_157_397,2-1,157,397,393,0.1099136092318305,0.46104949712753296,0.01691921955466364,0.1099136092318305,0.20411556959152222,0.042603254318237305,0.10181296893052397,0.0,4.0,1.0,-1.370958261191845
04_2-1_157_443,2-1,157,443,439,0.26253423618867483,0.4791496992111206,0.06077966004094016,0.26253423618867483,0.33197927474975586,0.1760108321905136,0.5806277298600203,2.0,15.0,8.0,3.2450389862060547
04_2-1_157_529,2-1,157,529,525,0.09753059230644368,0.5640613436698914,0.0029382887418823067,0.09753059230644368,0.2995729446411133,0.18537575006484985,0.4895241677933795,0.0,1.0,3.0,-0.8879937827587128
04_2-1_157_601,2-1,157,601,599,0.09109255084146713,0.26120835542678833,0.022426571228058162,0.09109255084146713,0.14464926719665527,0.10203907638788223,0.6410726806329291,0.0,3.0,3.0,0.5910777896642685
04_2-1_157_629,2-1,157,629,626,0.19789535841867634,0.31179729104042053,0.0024665671263044467,0.19789535841867634,0.33057478070259094,0.1291671171784401,0.707260549815037,1.0,19.0,10.0,1.6761396378278732
04_2-1_157_680,2-1,157,680,677,0.19268544236119092,0.3973101079463959,0.03972575723336309,0.19268544236119092,0.31571050733327866,0.18771840631961823,0.8956385432372248,2.0,3.0,7.0,0.8068727201316506
04_2-1_157_704,2-1,157,704,700,0.27761574848777576,0.4641215205192566,0.097863663518348,0.27761574848777576,0.09228584170341492,0.17595307528972626,0.6105910560386898,3.0,,5.0,3.7259521782398224
04_2-1_157_736,2-1,157,736,731,0.22913824765194807,0.6714783310890198,0.004986580871549519,0.22913824765194807,0.27533605694770813,0.20776523649692535,0.44804694739036044,0.0,6.0,8.0,1.2954964488744736
04_2-1_157_846,2-1,157,846,844,0.31075947758575534,0.5357066988945007,0.37207797991877267,0.31075947758575534,0.25510694086551666,0.32882022112607956,1.5893751233666666,1.0,,15.0,5.206182770431042
04_2-1_158_102,2-1,158,102,98,0.3627559221714812,0.7208161354064941,0.012610330859719734,0.3627559221714812,0.20513826608657837,0.3192349672317505,0.7949450634917196,2.0,,13.0,4.280167385935783
04_2-1_158_342,2-1,158,342,340,0.09974997669882943,0.36030271649360657,0.002953606054990198,0.09974997669882943,0.16303935647010803,0.14695285260677338,0.6887881244898348,1.0,3.0,4.0,0.9904149621725082
04_2-1_158_817,2-1,158,817,818,0.09109023751012182,0.2708702087402344,0.0032332054880122364,0.09109023751012182,0.14109580218791962,0.10903048515319824,0.6736942126236548,0.0,2.0,8.0,0.9235697500407696
04_2-1_159_70,2-1,159,70,66,0.14619079911943308,0.8391922116279602,0.004652651049720884,0.14619079911943308,0.40759021043777466,0.0958814024925232,0.12899234252229588,0.0,6.0,4.0,0.7275592982769012
04_2-1_159_124,2-1,159,124,119,0.1412187555969503,0.7895298004150391,0.009451146735581254,0.1412187555969503,0.5280333161354065,0.11919525265693665,0.17781457490976516,0.0,2.0,7.0,0.10691371560096741
04_2-1_159_216,2-1,159,216,212,0.2087127428268755,0.3620603084564209,0.017449803743070005,0.2087127428268755,0.1686469502747059,0.23120402544736862,1.7668545990365214,1.0,16.0,9.0,1.6129285560455173
04_2-1_159_237,2-1,159,237,232,0.3134308359557153,0.5300416350364685,0.18517425663316175,0.3134308359557153,0.26967665553092957,0.27647367119789124,1.090333601345223,2.0,,14.0,5.0869049951434135
04_2-1_159_265,2-1,159,265,261,0.2024012535808682,0.6745235919952393,0.0013600021720862224,0.2024012535808682,0.15301206707954407,0.16206055879592896,0.3162385348737913,0.0,5.0,8.0,1.2038477659225464
04_2-1_159_288,2-1,159,288,284,0.2067437613224704,0.664566695690155,0.02293679593156891,0.2067437613224704,0.13727504014968872,0.10617652535438538,0.19014755451468568,2.0,1.0,6.0,1.5053329765796661
04_2-1_159_332,2-1,159,332,327,0.19733893473013248,0.7745542526245117,0.0037441192825172455,0.19733893473013248,0.405403733253479,0.1884196400642395,0.3214613776879868,0.0,6.0,9.0,2.12224318087101
04_2-1_159_389,2-1,159,389,392,0.20040024093100348,0.8111235499382019,0.00981687501511657,0.20040024093100348,0.3287320137023926,0.14005959033966064,0.2087127289974717,1.0,1.0,3.0,0.873111367225647
04_2-1_159_433,2-1,159,433,428,0.16325073358081504,0.8454819917678833,0.006072964806491536,0.16325073358081504,0.487851083278656,0.15118014812469482,0.21774412600060505,0.0,1.0,9.0,-0.12494704127311707
04_2-1_159_460,2-1,159,460,464,0.1288572308711204,0.7877519130706787,0.01121977971378077,0.1288572308711204,0.45581334829330444,0.0571635365486145,0.07824315084335061,0.0,1.0,7.0,-0.804356575012207
04_2-1_159_543,2-1,159,543,539,0.22683227179238116,0.6307907104492188,0.057150544453755434,0.22683227179238116,0.22351166605949402,0.11235678195953369,0.21672343530226568,1.0,14.0,10.0,1.1055051982402802
04_2-1_159_594,2-1,159,594,590,0.21408883044354893,0.7374221682548523,0.019569190756128545,0.21408883044354893,0.23127508163452148,0.12647384405136108,0.2070123430099399,0.0,1.0,5.0,0.6056768745183945
04_2-1_159_641,2-1,159,641,636,0.11731381277111265,0.724981963634491,0.005018435588616272,0.11731381277111265,0.2830110788345337,0.0855262279510498,0.13374847261263612,0.0,5.0,6.0,-0.7647611498832703
04_2-1_159_686,2-1,159,686,682,0.1965052226703728,0.7289050221443176,0.021736305347573915,0.1965052226703728,0.29756125807762146,0.1594504415988922,0.28000554749453427,0.0,1.0,5.0,0.07314899563789368
04_2-1_159_816,2-1,159,816,812,0.21790525080126644,0.7876747250556946,0.00211188666860909,0.21790525080126644,0.20284301042556763,0.19658595323562622,0.3325827906192547,0.0,9.0,6.0,0.2998165190219879
04_2-1_159_843,2-1,159,843,840,0.15131865108082712,0.7611294388771057,0.004196842929772539,0.15131865108082712,0.6721729040145874,0.12828460335731506,0.20271099036772228,0.0,1.0,7.0,0.7441002428531647
04_2-1_161_76,2-1,161,76,75,0.19928043964103215,0.7217344045639038,0.021730719176051266,0.19928043964103215,0.30253148078918457,0.11925610899925232,0.1979425812966154,0.0,1.0,1.0,1.0448183119297028
04_2-1_161_189,2-1,161,189,185,0.3075913470836983,0.610938310623169,0.11021627045278186,0.3075913470836983,0.43676086515188217,0.3958000913262367,1.83974791935949,3.0,,14.0,4.023860342800617
04_2-1_161_288,2-1,161,288,283,0.20831462987957453,0.39601144194602966,0.02609455854940334,0.20831462987957453,0.15346933901309967,0.1854095235466957,0.8803790818046132,2.0,13.0,12.0,2.2705957628786564
04_2-1_161_334,2-1,161,334,329,0.2999462109191034,0.5545754432678223,0.14405091388022898,0.2999462109191034,0.17510583996772766,0.22605982422828674,0.688125042240629,3.0,36.0,8.0,2.6459138691425323
04_2-1_161_376,2-1,161,376,371,0.1402671526915117,0.5888263583183289,0.0013108667028134326,0.1402671526915117,0.18145915865898132,0.11914047598838806,0.2536599043543219,1.0,3.0,5.0,-0.5248823463916779
04_2-1_161_479,2-1,161,479,483,0.212712552602896,0.5939868092536926,0.0017479610151236316,0.212712552602896,0.43777230381965637,0.2570960819721222,0.7631438361235852,0.0,3.0,8.0,1.8991159200668335
04_2-1_161_557,2-1,161,557,553,0.19418809132259812,0.5827798843383789,0.005499956498242449,0.19418809132259812,0.32071152329444885,0.28450460731983185,0.9538323462931226,2.0,4.0,5.0,1.1969766020774841
04_2-1_161_623,2-1,161,623,618,0.31915246091001487,0.5948207974433899,0.13278151289204634,0.31915246091001487,0.15923944115638733,0.23959800601005554,0.6745006564563906,4.0,,13.0,3.7738155275583267
04_2-1_161_647,2-1,161,647,649,0.15995036491720233,0.7362521290779114,0.003502169151900157,0.15995036491720233,0.2571065425872803,0.1406812071800232,0.23621235021299994,0.0,1.0,9.0,0.9249632358551025
04_2-1_161_762,2-1,161,762,760,0.2263574419716517,0.3463476300239563,0.06350114498552178,0.2263574419716517,0.60617595911026,0.13630253821611404,0.6489203677313684,0.0,17.0,9.0,2.0330060496926308
04_2-1_161_847,2-1,161,847,843,0.284062131321795,0.40884268283843994,0.023753178772788854,0.284062131321795,0.15415534377098083,0.1800946220755577,0.7873055687332879,3.0,43.0,11.0,2.9099325090646744
04_2-1_163_73,2-1,163,73,68,0.42970508039383,0.5128728151321411,0.31410335728128774,0.42970508039383,0.14570534229278564,0.25701964646577835,1.0045591688603892,3.0,,11.0,5.089475527405739
04_2-1_163_108,2-1,163,108,105,0.20477008551913875,0.7382240295410156,0.023376481771987333,0.20477008551913875,0.27537161111831665,0.15420418977737427,0.2640393001713473,0.0,1.0,5.0,0.5882266759872437
04_2-1_163_126,2-1,163,126,122,0.20476306654744653,0.8620710968971252,0.0004032658412292685,0.20476306654744653,0.4320875406265259,0.27322107553482056,0.46399094102556626,1.0,11.0,9.0,2.5689111053943634
04_2-1_163_150,2-1,163,150,152,0.18196058572603566,0.7898430824279785,0.00030416673683841713,0.18196058572603566,0.28761762380599976,0.11426308751106262,0.16913332006687812,0.0,1.0,9.0,0.7523649632930756
04_2-1_163_219,2-1,163,219,217,0.1794598212102268,0.8336930871009827,0.003602711938075055,0.1794598212102268,0.4493293762207031,0.1343129575252533,0.19204571569216966,0.0,2.0,10.0,1.2055191397666931
04_2-1_163_289,2-1,163,289,285,0.22604593951265275,0.7503271102905273,0.009522594341035888,0.22604593951265275,0.2788289189338684,0.30122460424900055,0.6707257256345558,1.0,1.0,9.0,1.1948274374008179
04_2-1_163_344,2-1,163,344,343,0.1528071491598681,0.5358874201774597,0.0005178974252793857,0.1528071491598681,0.2688734531402588,0.13989701867103577,0.353283862787685,1.0,1.0,7.0,1.414507120847702
04_2-1_163_381,2-1,163,381,379,0.20651038730019755,0.5920159220695496,0.0032842173518493533,0.20651038730019755,0.6063861846923828,0.17015622556209564,0.4033479068297038,2.0,3.0,7.0,0.6497129946947098
04_2-1_163_399,2-1,163,399,404,0.17448288386744662,0.6301262974739075,0.002011173573572696,0.17448288386744662,0.4400971233844757,0.15157628059387207,0.3167407277134623,3.0,1.0,7.0,1.7699009031057358
04_2-1_163_431,2-1,163,431,430,0.20825889613092463,0.7604116797447205,0.009223414785854811,0.20825889613092463,0.5607467293739319,0.19426357746124268,0.3431320827142371,0.0,1.0,7.0,0.5464476943016052
04_2-1_163_489,2-1,163,489,486,0.175365027314631,0.6948797702789307,0.0452374088581902,0.175365027314631,0.42612630128860474,0.115008145570755,0.1983338047082984,0.0,1.0,5.0,-0.49274972081184387
04_2-1_163_522,2-1,163,522,518,0.202222257521542,0.7532631754875183,0.005599637931365106,0.202222257521542,0.35760849714279175,0.1829816997051239,0.32086207859738597,2.0,1.0,9.0,1.3425490260124207
04_2-1_163_586,2-1,163,586,582,0.15609698355652551,0.44036954641342163,0.015374050766131039,0.15609698355652551,0.31367480754852295,0.08615882694721222,0.24324172649843112,2.0,4.0,6.0,-0.38683947920799255
04_2-1_163_622,2-1,163,622,617,0.1777857459454398,0.5030006766319275,0.0088464935510488,0.1777857459454398,0.2960134446620941,0.1706179678440094,0.5133178210930185,3.0,1.0,7.0,0.7029024660587311
04_2-1_163_670,2-1,163,670,665,0.13740822877849568,0.41148853302001953,0.0020122190293988796,0.13740822877849568,0.16417887806892395,0.12729306519031525,0.44790673884564497,3.0,2.0,10.0,0.5821628868579865
04_2-1_163_733,2-1,163,733,728,0.2709311598057613,0.45751506090164185,0.036988065586851984,0.2709311598057613,0.20858293771743774,0.2918885126709938,1.762329262966442,4.0,26.0,11.0,3.6300452947616577
04_2-1_163_776,2-1,163,776,773,0.3133664881460821,0.4582655131816864,0.0043544844866934915,0.3133664881460821,0.42980180494487286,0.15972542762756348,0.5350217118451469,2.0,,11.0,2.672942184843123
04_2-1_163_804,2-1,163,804,800,0.19528000177212576,0.6158214807510376,0.0038451022672396137,0.19528000177212576,0.19971349835395813,0.10273563861846924,0.2002308974098041,1.0,1.0,5.0,1.3049082458019257
04_2-1_164_61,2-1,164,61,56,0.3067730079788147,0.548768937587738,0.08784988181100645,0.3067730079788147,0.3273649662733078,0.29111944139003754,1.1299049510527852,0.0,,11.0,2.805679813027382
04_2-1_164_98,2-1,164,98,93,0.18224564884998878,0.5949409008026123,0.018288929768485902,0.18224564884998878,0.14559346437454224,0.16633497178554535,0.3880836930254456,0.0,9.0,6.0,0.6096758842468262
04_2-1_164_117,2-1,164,117,121,0.14482219165611981,0.7810669541358948,0.008926394890384024,0.14482219165611981,0.36085420846939087,0.3386407643556595,0.7654175367056621,1.0,1.0,3.0,0.5641008764505386
04_2-1_164_150,2-1,164,150,146,0.2178225198722839,0.657001256942749,0.006228589760098083,0.2178225198722839,0.3841189742088318,0.1803494691848755,0.378367340303543,0.0,16.0,10.0,1.5311716198921204
04_2-1_164_184,2-1,164,184,181,0.20180472418216566,0.6483500003814697,0.010506663388484811,0.20180472418216566,0.3293139934539795,0.1002272367477417,0.1828554539192912,1.0,2.0,8.0,0.19161507487297058
04_2-1_164_213,2-1,164,213,209,0.21961237876257095,0.7357475757598877,0.02133174977515581,0.21961237876257095,0.2508828639984131,0.14459452033042908,0.2445974337819917,2.0,1.0,6.0,0.076915442943573
04_2-1_164_265,2-1,164,265,267,0.18075541994254046,0.7906892895698547,0.004882448426430699,0.18075541994254046,0.22169125080108643,0.16629710793495178,0.266334385385033,2.0,1.0,9.0,0.6961913108825684
04_2-1_164_320,2-1,164,320,316,0.23115647248729987,0.5163072347640991,0.00852059092183353,0.23115647248729987,0.18118220567703247,0.02032431960105896,0.04097786230071639,1.0,13.0,5.0,-0.7543785125017166
04_2-1_164_356,2-1,164,356,351,0.31653134421998974,0.7127244472503662,0.07861538433315916,0.31653134421998974,0.30530813336372375,0.21317395567893982,0.4267315502149995,2.0,15.0,4.0,2.3526801466941833
04_2-1_164_397,2-1,164,397,392,0.14058696885168315,0.576036274433136,0.026214441984332697,0.14058696885168315,0.26130855083465576,0.0493912398815155,0.09378468729619113,0.0,5.0,4.0,-0.8944995850324631
04_2-1_164_441,2-1,164,441,437,0.2768446378874739,0.750495433807373,0.015303084393017627,0.2768446378874739,0.3616621494293213,0.35649409890174866,0.9048042920644929,1.0,24.0,12.0,4.4960252195596695
04_2-1_164_504,2-1,164,504,499,0.1252927789656788,0.46352893114089966,0.05464723894057712,0.1252927789656788,0.2750775218009949,0.054518923163414,0.13329483900162914,1.0,2.0,4.0,0.036476582288742065
04_2-1_164_546,2-1,164,546,541,0.1760626786494185,0.4962649345397949,0.011481310777244272,0.1760626786494185,0.2621612250804901,0.1939079463481903,0.6413211995130412,2.0,10.0,7.0,1.929336279630661
04_2-1_164_586,2-1,164,586,583,0.3828300143500261,0.5476700663566589,0.06124138551355915,0.3828300143500261,0.25860000401735306,0.30066972225904465,1.2172846291267525,2.0,,11.0,4.072835240513086
04_2-1_164_630,2-1,164,630,625,0.21560055849668372,0.7282004952430725,0.011799907173491164,0.21560055849668372,0.14568257331848145,0.19080039858818054,0.3550434765007288,1.0,21.0,7.0,1.6427893191576004
04_2-1_164_678,2-1,164,678,674,0.19297327541140405,0.6021792888641357,0.013340711023062503,0.19297327541140405,0.273434579372406,0.08129402995109558,0.15606897787957427,1.0,1.0,6.0,-1.1127838641405106
04_2-1_164_700,2-1,164,700,704,0.19976405952843665,0.7540185451507568,0.008418464561434875,0.19976405952843665,0.2740146815776825,0.27917779982089996,0.587939856818656,2.0,3.0,6.0,1.6451572626829147
04_2-1_164_743,2-1,164,743,738,0.27675583141116167,0.7455976009368896,0.017132555957837147,0.27675583141116167,0.3219297230243683,0.17947149276733398,0.3170168098193097,2.0,12.0,10.0,1.1110092997550964
04_2-1_164_820,2-1,164,820,815,0.14870405472370268,0.48343926668167114,0.009338000635986547,0.14870405472370268,0.2751288414001465,0.2120290994644165,0.7812128102581153,3.0,5.0,5.0,-0.16803011298179626
04_2-1_164_854,2-1,164,854,849,0.32008730673864216,0.7704511880874634,0.04573304878078443,0.32008730673864216,0.41202041506767273,0.4831899553537369,1.6820576544751664,2.0,31.0,11.0,5.431748613715172
04_2-1_166_87,2-1,166,87,82,0.3140582111673482,0.7802197933197021,0.005552575250278321,0.3140582111673482,0.2943906784057617,0.23468780517578125,0.43019989712109513,1.0,6.0,12.0,1.933019995689392
04_2-1_166_143,2-1,166,143,139,0.3557285398457477,0.6563705801963806,0.000647218941011513,0.3557285398457477,0.3634272813796997,0.14762592315673828,0.2901768522066955,2.0,34.0,7.0,2.7419785857200623
04_2-1_166_223,2-1,166,223,218,0.3574621758955592,0.6445539593696594,0.007680241600122203,0.3574621758955592,0.23228952288627625,0.34111906588077545,1.1241919541902388,3.0,,13.0,4.928024142980576
04_2-1_166_296,2-1,166,296,291,0.3805235846951937,0.6866816878318787,0.006557506786078259,0.3805235846951937,0.11659783124923706,0.27668797969818115,0.6748590873691022,3.0,40.0,14.0,4.637766003608704
04_2-1_166_379,2-1,166,379,374,0.38332439664298334,0.6122195720672607,0.018345212225023496,0.38332439664298334,0.24969986081123352,0.3696097955107689,1.5234744483790619,2.0,,15.0,6.093671917915344
04_2-1_166_413,2-1,166,413,408,0.25765732810077646,0.8563950061798096,0.0029222576107771564,0.25765732810077646,0.28129109740257263,0.24396082758903503,0.39834619966899076,1.0,12.0,7.0,1.4774209260940552
04_2-1_166_493,2-1,166,493,489,0.4327309365601098,0.5937502384185791,0.03360812614432329,0.4327309365601098,0.2471064031124115,0.24967122077941895,0.7256217554109975,1.0,,12.0,5.230867840349674
04_2-1_166_513,2-1,166,513,513,0.20560932338939367,0.8089925646781921,0.0012901339414626335,0.20560932338939367,0.3706998825073242,0.18814516067504883,0.30304573951974884,0.0,38.0,6.0,3.9613327383995056
04_2-1_166_616,2-1,166,616,611,0.3962617976665551,0.5706753730773926,0.014300163497276237,0.3962617976665551,0.17654745280742645,0.3425968214869499,1.5021001277759167,3.0,39.0,17.0,6.329010397195816
04_2-1_166_704,2-1,166,704,699,0.4278951576421553,0.5612010359764099,0.028203563081689274,0.4278951576421553,0.3633744791150093,0.3544004485011101,1.7137303758551437,3.0,,12.0,6.120735168457031
04_2-1_166_783,2-1,166,783,778,0.4428412656672666,0.6770572066307068,0.01620510115892187,0.4428412656672666,0.27092239260673523,0.41970594227313995,1.6308680018373474,4.0,,13.0,7.165035262703896
04_2-1_167_68,2-1,167,68,72,0.16348115112747633,0.8446971774101257,0.007066555638713337,0.16348115112747633,0.30072373151779175,0.13510003685951233,0.19038977067280904,1.0,2.0,2.0,1.175292730331421
04_2-1_167_120,2-1,167,120,118,0.1781372444434876,0.7159234881401062,0.0019115073016237286,0.1781372444434876,0.323056697845459,0.10545387864112854,0.1727422250022835,0.0,1.0,5.0,0.167630136013031
04_2-1_167_214,2-1,167,214,210,0.2704124787646488,0.42891350388526917,0.02189460525721244,0.2704124787646488,0.3352023512125015,0.24424227327108383,1.322578901211495,4.0,,13.0,2.659736253321171
04_2-1_167_237,2-1,167,237,232,0.2952931627123781,0.7203274965286255,0.044803094265243065,0.2952931627123781,0.37615230679512024,0.3326254338026047,0.8579408411289847,3.0,28.0,12.0,3.969683825969696
04_2-1_167_289,2-1,167,289,284,0.24470363063877837,0.626484215259552,0.01941918781122281,0.24470363063877837,0.1517569124698639,0.23862607777118683,0.6152406117258402,0.0,24.0,9.0,1.8773153722286224
04_2-1_167_380,2-1,167,380,376,0.28557452802674016,0.37940096855163574,0.10879068867081511,0.28557452802674016,0.24474647641181946,0.24600347876548767,1.8441387402406169,2.0,,13.0,3.151163812726736
04_2-1_167_400,2-1,167,400,395,0.2845059829566131,0.6698095202445984,0.024829058479912725,0.2845059829566131,0.37045803666114807,0.34238868951797485,1.0457144365498496,5.0,,15.0,5.220349311828613
04_2-1_167_434,2-1,167,434,430,0.2272439930325788,0.7446433901786804,0.004334899982373025,0.2272439930325788,0.11656039953231812,0.20215842127799988,0.3726525763242143,0.0,1.0,7.0,1.0817355513572693
04_2-1_167_542,2-1,167,542,539,0.26547615290295884,0.3022443354129791,0.022890828732742338,0.26547615290295884,0.11815588176250458,0.18028117716312408,1.47816094425661,3.0,,12.0,3.4501680843532085
04_2-1_167_590,2-1,167,590,585,0.2557239268123064,0.5174785852432251,0.0018696683636475757,0.2557239268123064,0.17479267716407776,0.23084890842437744,0.8053908129348235,2.0,1.0,10.0,2.5342666506767273
04_2-1_167_608,2-1,167,608,603,0.2683897183799389,0.6692649722099304,0.03981862137875246,0.2683897183799389,0.20407789945602417,0.23926763236522675,0.5564397967011605,4.0,20.0,15.0,3.7728587836027145
04_2-1_167_638,2-1,167,638,635,0.24927961689967665,0.7499452233314514,0.008473624890066256,0.24927961689967665,0.33046793937683105,0.12913870811462402,0.2080176430969319,0.0,2.0,3.0,0.7566725611686707
04_2-1_167_685,2-1,167,685,681,0.18760909885757637,0.7729670405387878,0.0008343067104443217,0.18760909885757637,0.23552227020263672,0.0735357403755188,0.10513647352978522,0.0,7.0,2.0,0.1002551019191742
04_2-1_167_702,2-1,167,702,698,0.1908853991617167,0.8456422686576843,0.010488114913783545,0.1908853991617167,0.14284735918045044,0.146450012922287,0.20945599972106899,3.0,12.0,4.0,2.0511112213134766
04_2-1_167_721,2-1,167,721,716,0.15996189660192256,1.0,0.0021233583198256916,0.15996189660192256,0.29006481170654297,0.2486562430858612,0.330948704634378,1.0,1.0,6.0,1.2666809856891632
04_2-1_167_818,2-1,167,818,813,0.12879654143219613,0.7832124829292297,0.0030551008450048988,0.12879654143219613,0.3394002914428711,0.07451948523521423,0.10515058774065761,1.0,2.0,7.0,0.14640268683433533
04_2-1_168_46,2-1,168,46,50,0.2411373108274281,0.9231712222099304,0.0017426697738994006,0.2411373108274281,0.274624764919281,0.2573052644729614,0.386422014045359,0.0,1.0,6.0,0.5428309738636017
04_2-1_168_284,2-1,168,284,279,0.40127802146583347,0.4187147915363312,0.11114698692832203,0.40127802146583347,0.20387525856494904,0.29741641506552696,2.451940608925737,5.0,,13.0,6.007120255380869
04_2-1_168_383,2-1,168,383,378,0.4375907714731767,0.5807021856307983,0.20542996756606072,0.4375907714731767,0.22404921054840088,0.28715290129184723,0.9782101902870994,5.0,,14.0,7.410250693559647
04_2-1_168_428,2-1,168,428,432,0.21493718504043924,0.6611044406890869,0.03525401652799503,0.21493718504043924,0.33590760827064514,0.03206416964530945,0.05097315882829698,0.0,1.0,3.0,-0.8818387091159821
04_2-1_168_547,2-1,168,547,542,0.3499424531726204,0.5355796217918396,0.015271708655147863,0.3499424531726204,0.36258450150489807,0.20399759709835052,0.6152251385970748,4.0,,10.0,4.119952410459518
04_2-1_168_594,2-1,168,594,590,0.270370885239151,0.7242315411567688,0.00351400030413582,0.270370885239151,0.2905229926109314,0.17647436261177063,0.3221762662801384,2.0,18.0,9.0,2.5165018141269684
04_2-1_168_662,2-1,168,662,659,0.26360084698598163,0.6332710981369019,0.0015634551778559898,0.26360084698598163,0.18134203553199768,0.10831254720687866,0.20632590328320358,1.0,1.0,7.0,1.5500158667564392
04_2-1_168_743,2-1,168,743,738,0.2700304632978177,0.586912214756012,0.0063702486188669145,0.2700304632978177,0.476330041885376,0.10512541234493256,0.2181990287381003,3.0,11.0,7.0,2.0899487137794495
04_2-1_168_774,2-1,168,774,769,0.20531943704254801,0.8021124005317688,0.0017240430853433185,0.20531943704254801,0.4545484185218811,0.14517980813980103,0.2209965068275643,3.0,3.0,7.0,1.9347320795059204
04_2-1_168_824,2-1,168,824,821,0.1537751640693186,0.6674807071685791,0.005822961269657361,0.1537751640693186,0.18834251165390015,0.06519767642021179,0.1082508938350801,1.0,1.0,4.0,0.18078911304473877
04_2-1_171_146,2-1,171,146,141,0.3823864723725914,0.4680916666984558,0.0580125666830954,0.3823864723725914,0.20007097721099854,0.35419467464089394,3.1097807610396693,3.0,,16.0,6.320603232830763
04_2-1_171_196,2-1,171,196,192,0.2872804150945797,0.6150567531585693,0.014382407941236101,0.2872804150945797,0.20834413170814514,0.18882669508457184,0.4430159053958362,2.0,22.0,13.0,2.927260935306549
04_2-1_171_252,2-1,171,252,247,0.33989059001731114,0.6798436641693115,0.0052381047638090355,0.33989059001731114,0.201096773147583,0.1842738389968872,0.37184233106358433,2.0,40.0,13.0,3.189513474702835
04_2-1_171_310,2-1,171,310,306,0.2842018827702178,0.751659095287323,0.006240734322633161,0.2842018827702178,0.1982906460762024,0.16503047943115234,0.28132019981721185,0.0,11.0,10.0,2.021295875310898
04_2-1_171_355,2-1,171,355,350,0.17590745323213677,0.8516077995300293,0.0025765654112294093,0.17590745323213677,0.20611613988876343,0.07495614886283875,0.09651192886598116,0.0,7.0,5.0,0.851932018995285
04_2-1_171_442,2-1,171,442,437,0.2940830152669184,0.6002305746078491,0.005408852967967888,0.2940830152669184,0.17775902152061462,0.10341453552246094,0.2081545831588722,3.0,24.0,10.0,2.181899607181549
04_2-1_171_508,2-1,171,508,503,0.2611432265848166,0.6441395878791809,0.0033610958403330294,0.2611432265848166,0.2504899501800537,0.1726764440536499,0.36625650661157577,2.0,23.0,12.0,1.3688556104898453
04_2-1_171_560,2-1,171,560,555,0.2766658149858707,0.9158918261528015,0.005396071620254806,0.2766658149858707,0.39211511611938477,0.28943705558776855,0.4620238669851773,2.0,41.0,14.0,4.76153028011322
04_2-1_171_621,2-1,171,621,616,0.2142510333647428,0.7846898436546326,0.0010591306516580961,0.2142510333647428,0.19385814666748047,0.06336843967437744,0.08785049122999827,1.0,7.0,6.0,0.3595581650733948
04_2-1_171_744,2-1,171,744,740,0.4243208463772259,0.5450806021690369,0.14192788278284577,0.4243208463772259,0.28435224294662476,0.31290435791015625,1.3477018672128331,3.0,,15.0,6.849390998482704
04_2-1_171_814,2-1,171,814,809,0.34590676274508647,0.6630157232284546,0.09301691335719917,0.34590676274508647,0.25851115584373474,0.24326863884925842,0.579560044375416,2.0,,10.0,4.681892246007919
04_2-1_172_68,2-1,172,68,64,0.23075938778439092,0.6060650944709778,0.03633959303962022,0.23075938778439092,0.8759374618530273,0.19335541129112244,0.46850224060979884,1.0,7.0,7.0,1.0904371440410614
04_2-1_172_157,2-1,172,157,152,0.34013038626912356,0.39811527729034424,0.23335123902153096,0.34013038626912356,0.43174679577350616,0.18063890933990479,0.8306139698869279,4.0,25.0,9.0,4.330641373991966
04_2-1_172_179,2-1,172,179,184,0.12569192389420894,0.5831893682479858,0.008711251234943864,0.12569192389420894,0.23773053288459778,0.1672922819852829,0.40224441937929833,1.0,1.0,10.0,1.6949802339076996
04_2-1_172_225,2-1,172,225,220,0.26148596418305337,0.5769677758216858,0.0006577963396650209,0.26148596418305337,0.38957536220550537,0.14908987283706665,0.3484402251135319,3.0,13.0,9.0,3.3635561615228653
04_2-1_172_271,2-1,172,271,267,0.31085120639253166,0.8319793939590454,0.11683812016859536,0.31085120639253166,0.6141443252563477,0.328092485666275,0.6511232585460336,0.0,23.0,10.0,4.0843502432107925
04_2-1_172_323,2-1,172,323,319,0.20673134400805504,0.706646203994751,0.02751040320822657,0.20673134400805504,0.26407885551452637,0.1786912977695465,0.3384593942826699,0.0,4.0,5.0,0.8832669407129288
04_2-1_172_354,2-1,172,354,349,0.22403823272042167,0.7376543283462524,0.023679661397268337,0.22403823272042167,0.3901344835758209,0.18795356154441833,0.3419197732576116,0.0,3.0,5.0,1.7280487418174744
04_2-1_172_388,2-1,172,388,388,0.2394840122791308,0.6519941687583923,0.016394756237148426,0.2394840122791308,0.37502944469451904,0.0674874484539032,0.11546051757753396,0.0,1.0,6.0,0.10019585490226746
04_2-1_172_445,2-1,172,445,441,0.21899537750981968,0.6994399428367615,0.00398111542175903,0.21899537750981968,0.13879317045211792,0.18934684991836548,0.37120057602633905,1.0,3.0,5.0,2.270087420940399
04_2-1_172_505,2-1,172,505,500,0.26883519439642034,0.7288292646408081,0.061464023072111726,0.26883519439642034,0.2320168912410736,0.277875691652298,0.6161957866544678,0.0,1.0,8.0,2.4284348487854004
04_2-1_172_589,2-1,172,589,586,0.26157874877868514,0.4561519920825958,0.06550140112438362,0.26157874877868514,0.1787683069705963,0.1989695131778717,0.7736511212786855,1.0,42.0,11.0,2.9032099470496178
04_2-1_172_637,2-1,172,637,632,0.23726037462376234,0.616821825504303,0.0013964602808230393,0.23726037462376234,0.5050553381443024,0.15873432159423828,0.3465152841746197,3.0,1.0,8.0,1.5151433944702148
04_2-1_172_747,2-1,172,747,745,0.25865935223186365,0.4427347481250763,0.00690660146230673,0.25865935223186365,0.14497752487659454,0.28176601231098175,1.7504393687753004,1.0,2.0,12.0,3.6666499450802803
04_2-1_172_812,2-1,172,812,809,0.22801198748435453,0.3811761438846588,0.027269125964865627,0.22801198748435453,0.3436583876609802,0.15066557377576828,0.6536167677889808,1.0,18.0,9.0,2.2465596459805965
04_2-1_172_852,2-1,172,852,850,0.2728055164521651,0.6049197316169739,0.05117549892746636,0.2728055164521651,0.46509677171707153,0.27144449949264526,0.81398698716984,2.0,5.0,8.0,3.208745151758194
04_2-1_173_103,2-1,173,103,99,0.24944499656626568,0.5479223728179932,0.011232398666455664,0.24944499656626568,0.26107126474380493,0.16837593913078308,0.4436240843973895,0.0,1.0,6.0,0.9855778217315674
04_2-1_173_148,2-1,173,148,143,0.19681084969292548,0.9022212028503418,0.006586219740499837,0.19681084969292548,0.3822006583213806,0.3274141550064087,0.5696070642044485,0.0,2.0,4.0,1.2228330969810486
04_2-1_173_200,2-1,173,200,195,0.16114592327663518,0.6147204041481018,0.012802821723384879,0.16114592327663518,0.3270026445388794,0.14766907691955566,0.316173123403406,2.0,3.0,7.0,0.7577810436487198
04_2-1_173_264,2-1,173,264,259,0.2694124193658486,0.5868189334869385,0.2905915251742245,0.2694124193658486,0.29226377606391907,0.31240415573120117,1.138437799473318,2.0,,4.0,2.895146369934082
04_2-1_173_277,2-1,173,277,273,0.2846101100075793,0.762485682964325,0.009775907263347377,0.2846101100075793,0.15427598357200623,0.4279909133911133,1.2795145165862987,10.0,1.0,13.0,6.566071018576622
04_2-1_173_292,2-1,173,292,296,0.1831790084483575,0.7871996760368347,0.022906747765787334,0.1831790084483575,0.4847044348716736,0.22094443440437317,0.3901852347846013,4.0,2.0,10.0,2.476743668317795
04_2-1_173_362,2-1,173,362,358,0.22183116739255368,0.8166119456291199,0.016245941447732525,0.22183116739255368,0.1992095708847046,0.18933552503585815,0.3018374656212799,0.0,3.0,7.0,1.424783080816269
04_2-1_173_444,2-1,173,444,440,0.2699045426693661,0.4324793517589569,0.015551019506337568,0.2699045426693661,0.33988097310066223,0.1652088612318039,0.618133565385213,3.0,30.0,12.0,2.782107375562191
04_2-1_173_467,2-1,173,467,465,0.22901330067062528,0.6482983231544495,0.01120381725060842,0.22901330067062528,0.44450643658638,0.2244199812412262,0.5294443217558156,1.0,1.0,5.0,2.1959331929683685
04_2-1_173_509,2-1,173,509,505,0.2600599310151821,1.0,0.0535392302681616,0.2600599310151821,0.34832078218460083,0.4607468545436859,0.8544166286759507,1.0,5.0,6.0,2.985114738345146
04_2-1_173_608,2-1,173,608,607,0.20106823319843914,0.31767499446868896,0.041460728945742945,0.20106823319843914,0.16337648779153824,0.07803159952163696,0.325615481865785,1.0,14.0,8.0,1.0225164592266083
04_2-1_173_639,2-1,173,639,640,0.22435757633523973,0.5858887434005737,0.10260258812203404,0.22435757633523973,0.3273026943206787,0.29252348840236664,0.997130653403909,0.0,1.0,6.0,1.7316738963127136
04_2-1_173_675,2-1,173,675,673,0.20062303436704543,0.5646578073501587,0.01684999693338458,0.20062303436704543,0.40454739332199097,0.13258160650730133,0.30684774178414004,0.0,15.0,4.0,1.891185998916626
04_2-1_173_709,2-1,173,709,707,0.2035540031723725,0.6626075506210327,0.0019281644228231044,0.2035540031723725,0.5511646270751953,0.15842247009277344,0.31421491077599223,0.0,1.0,8.0,0.754800871014595
04_2-1_173_738,2-1,173,738,742,0.20778296620358921,0.8421207070350647,0.02529767774574956,0.20778296620358921,0.35265016555786133,0.2672043442726135,0.4647708111640915,0.0,3.0,4.0,2.069148913025856
04_2-1_173_820,2-1,173,820,817,0.17740378291264025,0.6034175753593445,0.008600243547795074,0.17740378291264025,0.5089928209781647,0.2733382284641266,0.8280985497432425,0.0,8.0,4.0,1.2509727254509926
04_2-1_173_833,2-1,173,833,834,0.23445331744456946,0.7219877243041992,0.006395539786528765,0.23445331744456946,0.4429427683353424,0.36736081540584564,1.0359078969699447,0.0,1.0,9.0,2.954116314649582
04_2-1_175_122,2-1,175,122,117,0.3964721941995758,0.6400318741798401,0.04608618798820658,0.3964721941995758,0.15765568614006042,0.22917385399341583,0.557793307501773,4.0,43.0,10.0,4.703926935791969
04_2-1_175_197,2-1,175,197,192,0.36625184564063823,0.6735234260559082,0.023698497208911373,0.36625184564063823,0.42024065554142,0.25280971825122833,0.6009067771297757,3.0,40.0,15.0,3.3148778676986694
04_2-1_175_285,2-1,175,285,283,0.41948887987380845,0.5462360382080078,0.049675487869057094,0.41948887987380845,0.2013716995716095,0.280253604054451,1.0536545578519487,1.0,,8.0,4.9978024661540985
04_2-1_175_355,2-1,175,355,351,0.3377125663502295,0.6480905413627625,0.007478870414391439,0.3377125663502295,0.2501792907714844,0.21740654110908508,0.5047936328747535,2.0,37.0,9.0,3.312723010778427
04_2-1_175_472,2-1,175,472,467,0.4239931300395505,0.4968505799770355,0.0518266185585579,0.4239931300395505,0.23413938283920288,0.26952986419200897,1.185681046539106,5.0,,14.0,6.735487975180149
04_2-1_175_519,2-1,175,519,514,0.2509395428513365,0.8037679195404053,0.003336944049613113,0.2509395428513365,0.4093528389930725,0.22588318586349487,0.3908793098344486,2.0,1.0,9.0,1.1719654351472855
04_2-1_175_629,2-1,175,629,625,0.2901832216831793,0.6362069845199585,0.0007374321570111913,0.2901832216831793,0.5229009538888931,0.4127411022782326,1.846998289572299,1.0,42.0,11.0,3.631278119981289
04_2-1_175_727,2-1,175,727,722,0.44227382160284157,0.5704658627510071,0.14648945755857948,0.44227382160284157,0.23210175335407257,0.3727080374956131,1.8846689733479824,4.0,,11.0,6.911559648811817
04_2-1_175_833,2-1,175,833,828,0.16911971286800415,0.4280473291873932,0.004060654714644724,0.16911971286800415,0.2823179364204407,0.11858144402503967,0.38318098928038186,2.0,1.0,8.0,0.7183636724948883
04_2-1_175_859,2-1,175,859,854,0.3530788211063295,0.6356433629989624,0.006482022168143743,0.3530788211063295,0.23981973528862,0.25306476652622223,0.6614713129783093,4.0,38.0,16.0,5.174517095088959
04_2-1_176_57,2-1,176,57,52,0.1806126357910901,0.7491675019264221,0.01120931784601458,0.1806126357910901,0.4390191435813904,0.1364222764968872,0.2226411089556105,0.0,3.0,6.0,0.7635155320167542
04_2-1_176_99,2-1,176,99,97,0.16115065610345836,0.713307797908783,0.009605881709867804,0.16115065610345836,0.3497989773750305,0.0812332034111023,0.12851838077064237,0.0,2.0,2.0,-0.2494843304157257
04_2-1_176_130,2-1,176,130,126,0.09055993669596218,0.6598256230354309,0.004816942581145478,0.09055993669596218,0.4962261915206909,0.05113518238067627,0.08400851888797745,0.0,1.0,6.0,-1.722005158662796
04_2-1_176_182,2-1,176,182,178,0.33321533131500725,0.6514264941215515,0.2723200690751569,0.33321533131500725,0.5844697654247284,0.2847656309604645,0.7766458315333123,0.0,30.0,12.0,3.777293249964714
04_2-1_176_231,2-1,176,231,227,0.24959506033112377,0.7727431058883667,0.022111694616000127,0.24959506033112377,0.6543466150760651,0.16776764392852783,0.27731313826355664,1.0,3.0,11.0,1.061126485466957
04_2-1_176_351,2-1,176,351,346,0.18160623728046915,0.4648085832595825,0.004793852319503059,0.18160623728046915,0.2591015100479126,0.21729209274053574,0.8778893571287718,3.0,2.0,4.0,0.9427891634404659
04_2-1_176_380,2-1,176,380,375,0.23007176921689976,0.5428860187530518,0.035857784446403855,0.23007176921689976,0.3516416847705841,0.19892284274101257,0.5783259854945926,2.0,20.0,4.0,2.5265330150723457
04_2-1_176_433,2-1,176,433,429,0.2348992588695155,0.6135509014129639,0.0008167895303217295,0.2348992588695155,0.30376896262168884,0.16874857246875763,0.37937879702496924,0.0,21.0,9.0,2.0851375311613083
04_2-1_176_499,2-1,176,499,496,0.2222349799276322,0.5132643580436707,0.011227662834394329,0.2222349799276322,0.20555460453033447,0.17263251543045044,0.5068008736531152,2.0,5.0,9.0,1.5780579298734665
04_2-1_176_615,2-1,176,615,612,0.2641663211944873,0.43102923035621643,0.0662321480595199,0.2641663211944873,0.4286070503294468,0.2532907724380493,1.4250757849754012,2.0,2.0,10.0,2.874165240675211
04_2-1_176_683,2-1,176,683,678,0.25006311007401094,0.5147049427032471,0.05294621904240877,0.25006311007401094,0.3704902231693268,0.25163528323173523,0.9565347966666036,2.0,4.0,9.0,3.045508474111557
04_2-1_176_773,2-1,176,773,768,0.2648673137737576,0.5483803749084473,0.012854463018377598,0.2648673137737576,0.3563091680407524,0.3145158216357231,1.3448631579021146,3.0,41.0,9.0,3.267584040760994
04_2-1_176_819,2-1,176,819,816,0.2709253108141341,0.592542290687561,0.05600626868375865,0.2709253108141341,0.3429161310195923,0.18810296058654785,0.4650956190130348,2.0,28.0,9.0,2.0415948629379272
04_2-1_178_60,2-1,178,60,55,0.23122181261392943,0.8565050363540649,0.011753046622902504,0.23122181261392943,0.49358218908309937,0.12381851673126221,0.1689924864388193,0.0,5.0,6.0,0.13639774918556213
04_2-1_178_101,2-1,178,101,99,0.21972185717280668,0.7981405854225159,0.004251451376684621,0.21972185717280668,0.3675066828727722,0.08997458219528198,0.12705295338275543,0.0,1.0,7.0,0.5584272742271423
04_2-1_178_180,2-1,178,180,175,0.32127158357594265,0.6743692755699158,0.07361954742268227,0.32127158357594265,0.18534082174301147,0.22395598888397217,0.4972233180148798,4.0,23.0,5.0,3.470283553004265
04_2-1_178_226,2-1,178,226,222,0.2585978460706183,0.8174756169319153,0.013768864162445426,0.2585978460706183,0.3092350363731384,0.20557615160942078,0.3359639340444173,2.0,12.0,8.0,2.29706871509552
04_2-1_178_287,2-1,178,287,287,0.12952635304516585,0.6871606111526489,0.007069235367964811,0.12952635304516585,0.4401705265045166,0.12827357649803162,0.2295161070918428,0.0,1.0,2.0,-0.013466835021972656
04_2-1_178_378,2-1,178,378,373,0.35007414948628435,0.4273187220096588,0.0355683143783961,0.35007414948628435,0.2870642840862274,0.24401257932186127,1.331175135453357,4.0,49.0,9.0,5.5448516048491
04_2-1_178_435,2-1,178,435,431,0.2904485169517613,0.5723764300346375,0.010968792747415083,0.2904485169517613,0.42634740471839905,0.21895501017570496,0.6195295414270602,1.0,18.0,11.0,2.9671817421913147
04_2-1_178_493,2-1,178,493,488,0.3638757930956068,0.6442363858222961,0.13993860045102768,0.3638757930956068,0.44803790748119354,0.2533196359872818,0.6480142794960688,4.0,,8.0,3.978074811398983
04_2-1_178_602,2-1,178,602,597,0.33183689219370116,0.6561017632484436,0.05346631712629919,0.33183689219370116,0.4395882785320282,0.2873477637767792,0.779239721300594,4.0,37.0,13.0,4.710542149841785
04_2-1_178_682,2-1,178,682,678,0.28778252877849175,0.5084443688392639,0.018944418026200602,0.28778252877849175,0.1590571403503418,0.13965743780136108,0.37869410775569895,5.0,1.0,9.0,3.033077195286751
04_2-1_178_742,2-1,178,742,737,0.3548358046901423,0.7790428400039673,0.00019756818350122302,0.3548358046901423,0.2908748984336853,0.29678991436958313,0.6154237716218477,1.0,10.0,10.0,3.630776882171631
04_2-1_178_817,2-1,178,817,814,0.20221616217514365,0.8074439764022827,0.014570713380423168,0.20221616217514365,0.25456488132476807,0.14186915755271912,0.21315283201058882,0.0,4.0,4.0,0.6427523195743561
04_2-1_179_150,2-1,179,150,146,0.5161763005388822,0.46995481848716736,0.3328537689742025,0.5161763005388822,0.20109087973833084,0.36238815635442734,3.3689634796627885,5.0,,13.0,9.816098682582378
04_2-1_179_219,2-1,179,219,214,0.18859190026441658,0.8090864419937134,0.010222421777742829,0.18859190026441658,0.2724052667617798,0.07223907113075256,0.0980380387951301,1.0,3.0,7.0,-0.20765668153762817
04_2-1_179_256,2-1,179,256,251,0.24529119872333316,0.8669090867042542,0.0020435800453142867,0.24529119872333316,0.36595165729522705,0.12236395478248596,0.16434726322989798,1.0,11.0,9.0,1.3953936398029327
04_2-1_179_384,2-1,179,384,381,0.451374479333128,0.6577939987182617,0.11892450846948584,0.451374479333128,0.08491319417953491,0.304544597864151,0.8621234661058225,4.0,,13.0,6.413462981581688
04_2-1_181_56,2-1,181,56,60,0.20150527501022852,0.8576847910881042,0.0033119472857913823,0.20150527501022852,0.4037904143333435,0.21502161026000977,0.3345790091521141,0.0,1.0,9.0,2.5329850614070892
04_2-1_181_123,2-1,181,123,120,0.24881099515241378,0.5577806234359741,0.026020800653621116,0.24881099515241378,0.19005414843559265,0.10572287440299988,0.23387028455802045,0.0,1.0,5.0,0.5466256886720657
04_2-1_181_148,2-1,181,148,143,0.25933581321643245,0.7005478739738464,0.012002786499747264,0.25933581321643245,0.3480679392814636,0.1602085530757904,0.2964961957784605,2.0,12.0,11.0,2.3387199342250824
04_2-1_181_292,2-1,181,292,287,0.25735729615287317,0.6164718270301819,0.04521291574259675,0.25735729615287317,0.4135221242904663,0.2826276421546936,0.8465854879578131,3.0,17.0,8.0,4.064687639474869
04_2-1_181_351,2-1,181,351,346,0.2455626064994234,0.5583217144012451,0.0884178557261951,0.2455626064994234,0.13441085815429688,0.21110570430755615,0.6079953060073287,2.0,21.0,8.0,2.690218433737755
04_2-1_181_421,2-1,181,421,417,0.30775997931100496,0.5265308022499084,0.08103330203526857,0.30775997931100496,0.2871963679790497,0.26027023792266846,0.9775020141653072,3.0,21.0,12.0,4.032514404505491
04_2-1_181_460,2-1,181,460,456,0.2655728719500479,0.6904719471931458,0.002485354363854656,0.2655728719500479,0.3813192844390869,0.24397727847099304,0.5464282007425639,2.0,15.0,8.0,1.93345807492733
04_2-1_181_480,2-1,181,480,479,0.26953377353825453,0.8502223491668701,0.02967690796007871,0.26953377353825453,0.6634053885936737,0.31467121839523315,0.5875652207882488,1.0,,12.0,4.243500679731369
04_2-1_181_557,2-1,181,557,553,0.23313240317565215,0.6816716194152832,0.021589590424819585,0.23313240317565215,0.18286430835723877,0.15878596901893616,0.3036724547682203,0.0,6.0,8.0,0.8459311127662659
04_2-1_181_622,2-1,181,622,625,0.21092630907850907,0.527906596660614,0.01620570257958274,0.21092630907850907,0.21107318997383118,0.19941803812980652,0.607077576831657,0.0,1.0,7.0,1.1660468727350235
04_2-1_181_654,2-1,181,654,650,0.21141260815293184,0.6270279884338379,0.012411764980389844,0.21141260815293184,0.4238288402557373,0.16380110383033752,0.35360880224070607,1.0,3.0,5.0,0.5878381580114365
04_2-1_181_673,2-1,181,673,670,0.1714170104657456,0.6082674264907837,0.004715446944440911,0.1714170104657456,0.41576191782951355,0.1309780776500702,0.2744207009190597,0.0,15.0,12.0,2.055189922451973
04_2-1_181_698,2-1,181,698,703,0.1608073476619572,0.7406966090202332,0.004602679245483476,0.1608073476619572,0.39920321106910706,0.19913411140441895,0.36770291938805033,0.0,1.0,3.0,1.1423323452472687
04_2-1_181_761,2-1,181,761,757,0.17159728834394652,0.6097133159637451,0.0028474218927936304,0.17159728834394652,0.2804965078830719,0.16392260789871216,0.3677120337707864,0.0,2.0,2.0,0.18412037193775177
04_2-1_181_854,2-1,181,854,849,0.20913253805243306,0.3527486324310303,0.008967444149008926,0.20913253805243306,0.14534111320972443,0.19324541091918945,1.2115455041442142,3.0,,8.0,2.6865424513816833
04_2-1_182_246,2-1,182,246,242,0.3987205096980297,0.4373474419116974,0.14893094544208207,0.3987205096980297,0.23030788451433182,0.3307627737522125,3.103286612079003,4.0,,13.0,6.272381918504834
04_2-1_182_338,2-1,182,338,333,0.32555904568228344,0.541513204574585,0.006617380400673236,0.32555904568228344,0.18721416592597961,0.2401607185602188,0.7969428815290073,4.0,35.0,12.0,3.5504501089453697
04_2-1_182_416,2-1,182,416,412,0.38326459363396465,0.5895442366600037,0.10251937482034669,0.38326459363396465,0.258674681186676,0.24202850461006165,0.6964533754554725,2.0,,12.0,4.982810482382774
04_2-1_182_484,2-1,182,484,480,0.29573041254435123,0.8323299288749695,0.018512211355410292,0.29573041254435123,0.34746235609054565,0.2579023540019989,0.4489727953241654,1.0,36.0,8.0,1.6023172438144684
04_2-1_182_562,2-1,182,562,558,0.3076791149579299,0.7286788821220398,0.016395438178174196,0.3076791149579299,0.26147377490997314,0.2166784107685089,0.4231996314294304,2.0,32.0,11.0,2.865260973572731
04_2-1_182_615,2-1,182,615,610,0.22149322914009056,0.7930743098258972,0.006016938076043682,0.22149322914009056,0.22633588314056396,0.16996780037879944,0.27277487524503197,0.0,10.0,6.0,2.018025279045105
04_2-1_182_697,2-1,182,697,692,0.27022772117268623,0.5568735599517822,0.005886581283163741,0.27022772117268623,0.42916738986968994,0.18402716517448425,0.49357367471503677,2.0,30.0,6.0,2.5780192017555237
04_2-1_182_762,2-1,182,762,757,0.39083423587380983,0.6084851622581482,0.07968107966587795,0.39083423587380983,0.4298592209815979,0.20428138971328735,0.5053920907940438,6.0,,14.0,5.1776334792375565
04_2-1_182_822,2-1,182,822,817,0.19997603565495037,0.8331312537193298,0.00809630931609274,0.19997603565495037,0.27061331272125244,0.21743318438529968,0.3531490436870889,0.0,9.0,7.0,1.3609919548034668
04_2-1_183_58,2-1,183,58,54,0.3923919366282057,0.8421096205711365,0.13711281854649787,0.3923919366282057,0.13713160157203674,0.3730308562517166,0.7952414064041934,4.0,,14.0,5.782840445637703
04_2-1_183_163,2-1,183,163,160,0.0846219311550609,0.5213767886161804,0.0006858535244117403,0.0846219311550609,0.12106722593307495,0.029871046543121338,0.060774562708325805,0.0,3.0,4.0,-0.17902883887290955
04_2-1_183_357,2-1,183,357,352,0.45829691366903763,0.5552852153778076,0.5100502353092549,0.45829691366903763,0.15760865807533264,0.33342885971069336,1.5029042495000178,5.0,,13.0,8.122506111860275
04_2-1_183_438,2-1,183,438,434,0.21386729027163487,0.8327538967132568,0.003053650297872207,0.21386729027163487,0.151228666305542,0.08305317163467407,0.11078176778603027,1.0,13.0,6.0,0.9804977476596832
04_2-1_183_530,2-1,183,530,525,0.14367637326780053,0.737467348575592,0.007270087724509681,0.14367637326780053,0.2986028790473938,0.148452490568161,0.25203522211707624,1.0,4.0,8.0,0.6648182272911072
04_2-1_183_594,2-1,183,594,591,0.07213462266216081,0.40969210863113403,0.00854230832257997,0.07213462266216081,0.18719586730003357,0.014396071434020996,0.0364184562438263,0.0,2.0,4.0,-0.6088395863771439
04_2-1_185_82,2-1,185,82,77,0.451105049487219,0.586621880531311,0.0897075650597475,0.451105049487219,0.19773215055465698,0.3149239122867584,1.1590955733732193,3.0,,15.0,7.3861724734306335
04_2-1_185_172,2-1,185,172,167,0.4022817307873204,0.757652223110199,0.03483340340965874,0.4022817307873204,0.17657247185707092,0.31994718313217163,0.7309652709236176,2.0,,15.0,5.987495332956314
04_2-1_185_195,2-1,185,195,190,0.142346298335225,0.8550919890403748,0.00556030208486418,0.142346298335225,0.26044946908950806,0.08849278092384338,0.11543552352638424,1.0,1.0,3.0,0.7214168906211853
04_2-1_185_279,2-1,185,279,275,0.3570511787921102,0.5710948705673218,0.01328697375824494,0.3570511787921102,0.17482173442840576,0.21652624011039734,0.6106751176249432,3.0,,12.0,4.04087533056736
04_2-1_185_342,2-1,185,342,337,0.38165658941692115,0.7605027556419373,0.02598272801742678,0.38165658941692115,0.37301406264305115,0.28262606263160706,0.591420478892235,4.0,,15.0,5.073023498058319
04_2-1_185_449,2-1,185,449,444,0.41470239530897657,0.7042655944824219,0.04879342762056805,0.41470239530897657,0.23370105028152466,0.29254521429538727,0.7105434376663381,3.0,,15.0,5.823569566011429
04_2-1_186_130,2-1,186,130,125,0.3746183568209693,0.4142809510231018,0.25976209396149125,0.3746183568209693,0.1539851278066635,0.22647543996572495,1.20590412225195,7.0,,13.0,6.648203819990158
04_2-1_186_173,2-1,186,173,168,0.20411691386731368,0.69487065076828,0.0104332040713976,0.20411691386731368,0.38449251651763916,0.09057614207267761,0.14988741543951872,0.0,3.0,6.0,-0.9846114963293076
04_2-1_186_452,2-1,186,452,447,0.2774221517191021,0.37274274230003357,0.09510451386256631,0.2774221517191021,0.23475706577301025,0.24600155651569366,1.9409756583332325,6.0,,13.0,4.2454495299607515
04_2-1_186_536,2-1,186,536,531,0.4293512836735177,0.6017563343048096,0.45789701497572066,0.4293512836735177,0.5058877468109131,0.3857995867729187,1.7864669253547947,5.0,,14.0,8.31379048526287
04_2-1_186_595,2-1,186,595,590,0.24538844588455305,0.7304126620292664,0.0009625432295040275,0.24538844588455305,0.2821052074432373,0.17640060186386108,0.3184057072894679,1.0,2.0,8.0,2.14800962805748
04_2-1_186_643,2-1,186,643,641,0.34585738181303255,0.6894238591194153,0.09436426783616564,0.34585738181303255,0.5762661993503571,0.22005034983158112,0.46881714770281063,2.0,1.0,13.0,3.7298139184713364
04_2-1_186_766,2-1,186,766,763,0.13502745519880296,0.43632227182388306,0.007122223731545397,0.13502745519880296,0.389216810464859,0.16532348096370697,0.6100524671676741,0.0,5.0,6.0,1.228570856153965
04_2-1_187_58,2-1,187,58,53,0.2827543885466148,0.8130515813827515,0.04803183932880291,0.2827543885466148,0.17985522747039795,0.2646038830280304,0.4824596471492379,4.0,3.0,7.0,2.7870235443115234
04_2-1_187_101,2-1,187,101,100,0.22079374125811793,0.7746570110321045,0.005953219621455976,0.22079374125811793,0.29110807180404663,0.06431853771209717,0.09054632422130074,0.0,1.0,4.0,-1.0089884996414185
04_2-1_187_183,2-1,187,183,178,0.2770341844596105,0.631824791431427,0.02565851397823638,0.2770341844596105,0.24449101090431213,0.156606525182724,0.32954651852705674,2.0,1.0,9.0,1.9762469679117203
04_2-1_187_229,2-1,187,229,227,0.19894225794063805,0.6347987055778503,0.0028698375468023556,0.19894225794063805,0.24854114651679993,0.09208637475967407,0.1696780587624525,0.0,13.0,3.0,1.0165932774543762
04_2-1_187_280,2-1,187,280,277,0.17062565174398622,0.5916631817817688,0.00015394699209878522,0.17062565174398622,0.2747842073440552,0.09686452150344849,0.19576552905168126,0.0,1.0,1.0,-0.12072688341140747
04_2-1_187_381,2-1,187,381,376,0.3897848418158937,0.5101266503334045,0.13281181316222931,0.3897848418158937,0.26587165892124176,0.32943691313266754,1.823218729720549,3.0,,14.0,6.391112044453621
04_2-1_187_436,2-1,187,436,431,0.2599885373731328,0.6783234477043152,0.028872882993938566,0.2599885373731328,0.23912057280540466,0.1518191397190094,0.28835308166794055,2.0,16.0,9.0,1.299490064382553
04_2-1_187_482,2-1,187,482,485,0.1992606777484627,0.6060103178024292,0.01235833977911936,0.1992606777484627,0.32888269424438477,0.06749916076660156,0.12534403398091673,0.0,1.0,4.0,-0.6914112567901611
04_2-1_187_600,2-1,187,600,597,0.40113563824956544,0.4935277998447418,0.29493832513344376,0.40113563824956544,0.2295164093375206,0.3386784493923187,2.1871480145238094,3.0,,13.0,5.819458976387978
04_2-1_187_738,2-1,187,738,736,0.3426333202322476,0.42265447974205017,0.10141890802017549,0.3426333202322476,0.4534890204668045,0.17952723056077957,0.7384085130948355,2.0,1.0,10.0,3.509374588727951
04_2-1_187_775,2-1,187,775,772,0.22239644221144467,0.6351223587989807,0.003674914301909829,0.22239644221144467,0.2151191532611847,0.08176198601722717,0.14775540504681978,0.0,2.0,6.0,1.0397588014602661
04_2-1_187_820,2-1,187,820,823,0.14160452058249173,0.5902848243713379,0.004077784380842385,0.14160452058249173,0.2254212200641632,0.052839189767837524,0.09831541344050464,0.0,2.0,3.0,-0.4011973887681961
04_2-1_189_64,2-1,189,64,61,0.2289981185187917,0.801257312297821,0.00328868828480601,0.2289981185187917,0.3040105700492859,0.26566922664642334,0.4960327418846682,0.0,5.0,4.0,0.9736686497926712
04_2-1_189_154,2-1,189,154,150,0.3622148160581689,0.6224457621574402,0.3055464604014829,0.3622148160581689,0.27728334069252014,0.32911333441734314,1.1219807402574298,0.0,1.0,10.0,4.165719985961914
04_2-1_189_190,2-1,189,190,186,0.23123196492508274,0.7287525534629822,0.0033951540832718396,0.23123196492508274,0.4754185080528259,0.17392998933792114,0.31348759150090383,0.0,6.0,3.0,1.6801666021347046
04_2-1_189_223,2-1,189,223,221,0.2321817510371652,0.6738458275794983,0.028165613355055456,0.2321817510371652,0.3668907582759857,0.08819058537483215,0.15058447192044874,0.0,2.0,2.0,-0.08579277992248535
04_2-1_189_264,2-1,189,264,261,0.24826889181128226,0.8819839358329773,0.0034303542919660243,0.24826889181128226,0.49417543411254883,0.22253578901290894,0.33745760009486875,1.0,2.0,5.0,0.9478746652603149
04_2-1_189_321,2-1,189,321,317,0.15581138011428805,0.8651687502861023,0.0017475927227746278,0.15581138011428805,0.36830878257751465,0.13501471281051636,0.184912642923009,0.0,1.0,2.0,-0.9794691205024719
04_2-1_189_362,2-1,189,362,358,0.19157879790688537,0.8390389680862427,0.004934268441377696,0.19157879790688537,0.23531347513198853,0.17193058133125305,0.25772510846037133,1.0,16.0,10.0,1.8971221148967743
04_2-1_189_384,2-1,189,384,388,0.1692232037441455,0.8595791459083557,0.010338152595159187,0.1692232037441455,0.3354256749153137,0.1562650501728058,0.2221838736352617,0.0,1.0,4.0,0.11001706123352051
04_2-1_189_439,2-1,189,439,434,0.23061433653581093,0.7154331207275391,0.002617739754116249,0.23061433653581093,0.3479045629501343,0.0689210295677185,0.106604393808129,1.0,5.0,5.0,0.16216400265693665
04_2-1_189_501,2-1,189,501,496,0.2599882029748818,0.814673662185669,0.019928889388265956,0.2599882029748818,0.3342001438140869,0.18978556990623474,0.3037112920714249,0.0,4.0,8.0,1.01462522149086
04_2-1_189_589,2-1,189,589,585,0.3359644481353117,0.7095968723297119,0.1525931894901852,0.3359644481353117,0.1409798264503479,0.36304834485054016,1.047611852491164,3.0,,11.0,3.7299919798970222
04_2-1_189_634,2-1,189,634,629,0.3022918546856612,0.7708404064178467,0.03779861987728738,0.3022918546856612,0.39792323112487793,0.17541435360908508,0.2946030876237532,2.0,20.0,7.0,2.9987285435199738
04_2-1_189_750,2-1,189,750,745,0.29078580468664145,0.47019249200820923,0.05026942375806087,0.29078580468664145,0.36623938381671906,0.19077663123607635,0.6827695131868591,3.0,26.0,12.0,3.0480830520391464
04_2-1_189_818,2-1,189,818,813,0.19993727322360902,0.503465473651886,0.011247075858765776,0.19993727322360902,0.25825637578964233,0.18450047075748444,0.5784348410742925,1.0,1.0,8.0,2.3571388870477676
04_2-1_189_858,2-1,189,858,854,0.26411756493610644,0.6715928316116333,0.01713009023949335,0.26411756493610644,0.4724178910255432,0.23187829554080963,0.5273382536152083,2.0,27.0,6.0,3.1874963343143463
04_2-1_190_139,2-1,190,139,136,0.15602358593127677,0.5283860564231873,0.004024866925601464,0.15602358593127677,0.2655014395713806,0.16083478927612305,0.43758464097953986,1.0,5.0,11.0,1.498533457517624
04_2-1_190_274,2-1,190,274,270,0.2301723944734844,0.3999081254005432,0.011732899199241765,0.2301723944734844,0.17045775055885315,0.22274835407733917,1.2573303319011682,2.0,23.0,12.0,2.7910961024463177
04_2-1_190_348,2-1,190,348,345,0.2546680483216297,0.3499533534049988,0.012218126486271812,0.2546680483216297,0.23432070948183537,0.11538226157426834,0.4918861087005968,0.0,32.0,10.0,1.5463282819837332
04_2-1_190_386,2-1,190,386,383,0.27203726617937524,0.6395211219787598,0.030121213587476416,0.27203726617937524,0.33701005578041077,0.23626495897769928,0.5858929897546983,0.0,1.0,8.0,2.076608419418335
04_2-1_190_540,2-1,190,540,537,0.1672105858655369,0.2721617817878723,0.0007590698644076596,0.1672105858655369,0.395283967256546,0.12761861830949783,0.8829100957693597,0.0,12.0,11.0,1.4956065118312836
04_2-1_190_604,2-1,190,604,599,0.2320985022058746,0.41029295325279236,0.04415745913723774,0.2320985022058746,0.18881428241729736,0.24438907951116562,1.473076390559567,4.0,33.0,11.0,3.3604368455708027
04_2-1_190_645,2-1,190,645,640,0.22651650586294247,0.4311865270137787,1.57428130554072e-05,0.22651650586294247,0.36106090247631073,0.10046009719371796,0.3037558783807377,3.0,21.0,9.0,2.3060676008462906
04_2-1_190_730,2-1,190,730,725,0.2515708723996243,0.533295750617981,0.006518952759515866,0.2515708723996243,0.3199836313724518,0.21457499265670776,0.673238210241644,2.0,23.0,9.0,2.618311919271946
04_2-1_190_774,2-1,190,774,769,0.20297863492523097,0.6313872933387756,0.0030114873631431325,0.20297863492523097,0.258025586605072,0.20658785104751587,0.48631855525335377,2.0,1.0,4.0,0.9985648393630981
04_2-1_190_820,2-1,190,820,815,0.2360180127064741,0.6334776878356934,0.0026163785622640265,0.2360180127064741,0.23037362098693848,0.15930816531181335,0.33597301754836073,2.0,12.0,12.0,1.5365015417337418
04_2-1_191_135,2-1,191,135,130,0.47511015694696623,0.5743230581283569,0.10089939197732543,0.47511015694696623,0.26662492752075195,0.4706617742776871,4.540381488576805,5.0,,16.0,10.063751370820682
04_2-1_191_278,2-1,191,278,273,0.3056933342276401,0.4377953112125397,0.0006886056575860674,0.3056933342276401,0.14267495274543762,0.21926724165678024,1.0033825041447695,3.0,,14.0,4.9487802386283875
04_2-1_191_348,2-1,191,348,343,0.4393270278358679,0.6768543124198914,0.03284234700633974,0.4393270278358679,0.22199925780296326,0.3956933468580246,1.4073551997777447,3.0,,16.0,7.3747585117816925
04_2-1_191_434,2-1,191,434,430,0.38851824251740774,0.7711329460144043,0.010569787133025489,0.38851824251740774,0.2387184202671051,0.3119748830795288,0.6794498632680608,2.0,,14.0,4.704698830842972
04_2-1_191_738,2-1,191,738,733,0.49508206013695466,0.567749559879303,0.1170488838955869,0.49508206013695466,0.1825343258678913,0.426176518201828,3.0102942845059673,3.0,,16.0,9.593260109424591
04_2-1_191_816,2-1,191,816,811,0.4165458048426329,0.7480309009552002,0.023993356836425467,0.4165458048426329,0.2657478153705597,0.29743094742298126,0.6600776255999198,4.0,,15.0,5.631415843963623
04_2-1_192_144,2-1,192,144,140,0.3703160105010979,0.4733365774154663,0.12648748533397008,0.3703160105010979,0.1881718784570694,0.34285030514001846,2.6274817968305837,5.0,,15.0,5.962992276996374
04_2-1_192_189,2-1,192,189,186,0.30240859509421414,0.6111387014389038,0.003910613573206925,0.30240859509421414,0.1905834972858429,0.18050704896450043,0.41916809395526194,1.0,30.0,3.0,2.1044898629188538
04_2-1_192_231,2-1,192,231,226,0.33197157106638286,0.8291213512420654,0.02363376426693419,0.33197157106638286,0.26714178919792175,0.31481069326400757,0.6121022156173913,2.0,32.0,9.0,3.572253793478012
04_2-1_192_282,2-1,192,282,277,0.3342345377723221,0.7575822472572327,0.014321218118742497,0.3342345377723221,0.25573205947875977,0.16380053758621216,0.27585985711308686,4.0,26.0,11.0,2.5993070751428604
04_2-1_192_319,2-1,192,319,323,0.08458636360697205,0.7198448181152344,0.00015139700425226694,0.08458636360697205,0.29612255096435547,-0.0032837986946105957,-0.004541099077363866,0.0,0.0,3.0,-2.360684782266617
04_2-1_192_382,2-1,192,382,377,0.3091090936410461,0.6306309700012207,0.05964036351249359,0.3091090936410461,0.27835091948509216,0.2384849190711975,0.6081533104964357,0.0,26.0,12.0,3.3408914357423782
04_2-1_192_614,2-1,192,614,610,0.34377742496414676,0.45049750804901123,0.059563935552913096,0.34377742496414676,0.25873640552163124,0.3296978026628494,2.729293102238128,5.0,,13.0,5.040553867816925
04_2-1_192_735,2-1,192,735,730,0.20851593421088613,0.36135199666023254,0.004285357569861275,0.20851593421088613,0.27162130177021027,0.20583750307559967,1.323590479131647,2.0,23.0,12.0,3.0912361033260822
04_2-1_192_784,2-1,192,784,780,0.32142025823685705,0.5767539143562317,0.013250732955426227,0.32142025823685705,0.27046267688274384,0.29382000863552094,1.0384757807201659,3.0,,15.0,4.133103504776955
04_2-1_192_825,2-1,192,825,821,0.3267748942821485,0.7414830923080444,0.0007206145607673349,0.3267748942821485,0.1542780101299286,0.21360281109809875,0.40464252729521033,2.0,23.0,12.0,3.1532548666000366
04_2-1_193_135,2-1,193,135,131,0.45930919331806563,0.5609641075134277,0.1449931195367325,0.45930919331806563,0.2134825587272644,0.3147182986140251,1.2780656045301269,3.0,,13.0,7.520205497741699
04_2-1_193_230,2-1,193,230,234,0.08719080951059696,0.6603319048881531,0.0024031315125068887,0.08719080951059696,0.32919058203697205,0.0785888135433197,0.13509195848229763,0.0,1.0,2.0,-1.4649031460285187
04_2-1_193_440,2-1,193,440,435,0.49702286648345806,0.5291158556938171,0.19797057937218362,0.49702286648345806,0.16710492968559265,0.39985038712620735,3.0932498180445878,7.0,,15.0,9.919423375278711
04_2-1_193_743,2-1,193,743,738,0.4991275403560359,0.5109661817550659,0.1812230533625066,0.4991275403560359,0.3033149838447571,0.397063534706831,3.4859904049348778,5.0,,15.0,9.404083410277963
04_2-1_194_55,2-1,194,55,51,0.2164225424407314,0.7654274106025696,0.006854922811184454,0.2164225424407314,0.13442158699035645,0.11508920788764954,0.17696824115082724,2.0,13.0,4.0,1.8638741672039032
04_2-1_194_96,2-1,194,96,98,0.1704044043960364,0.7910450100898743,0.019988756143000722,0.1704044043960364,0.22528916597366333,0.03320610523223877,0.043816838934228025,0.0,1.0,7.0,-0.1025313138961792
04_2-1_194_181,2-1,194,181,176,0.3181656874341408,0.8019202947616577,0.01760600099677968,0.3181656874341408,0.43050357699394226,0.34166595339775085,0.7423416200383163,2.0,28.0,11.0,2.872386783361435
04_2-1_194_228,2-1,194,228,224,0.27401060380270414,0.7824786305427551,0.012767353574645873,0.27401060380270414,0.3069676160812378,0.21754154562950134,0.3850721636780225,1.0,19.0,13.0,2.257019355893135
04_2-1_194_279,2-1,194,279,274,0.25011735439794064,0.540229082107544,0.00984665948482475,0.25011735439794064,0.16673097014427185,0.09432928264141083,0.21154816116613953,0.0,21.0,9.0,1.6243536919355392
04_2-1_194_314,2-1,194,314,314,0.08043074424186561,0.4526981711387634,0.017695418597757365,0.08043074424186561,0.22269555926322937,-0.04403010010719299,-0.08864021368614906,0.0,0.0,2.0,-2.5786817222833633
04_2-1_194_378,2-1,194,378,374,0.42331743065977423,0.492811381816864,0.24647320275398055,0.42331743065977423,0.25664349272847176,0.2894381433725357,1.4231869718284833,3.0,,15.0,5.486176759004593
04_2-1_194_435,2-1,194,435,431,0.26174878275535546,0.6278115510940552,0.01599732992084134,0.26174878275535546,0.3214178681373596,0.09761524200439453,0.1841115080035138,2.0,1.0,9.0,1.7971885800361633
04_2-1_194_489,2-1,194,489,484,0.21113210674509306,0.5832148194313049,0.0034475880450515056,0.21113210674509306,0.339834064245224,0.16218866407871246,0.38522230036489297,1.0,16.0,5.0,1.4414797872304916
04_2-1_194_528,2-1,194,528,523,0.12190205294457168,0.6720551252365112,0.015997634256017558,0.12190205294457168,0.27778857946395874,0.25811223685741425,0.623545527906328,0.0,1.0,1.0,-0.4898073226213455
04_2-1_194_604,2-1,194,604,600,0.37700690023888683,0.395986944437027,0.24419471129238726,0.37700690023888683,0.23276734352111816,0.24968592077493668,1.7066587404858713,3.0,,12.0,6.0377218425273895
04_2-1_194_680,2-1,194,680,677,0.18658970760898208,0.6522058844566345,0.002048892934980783,0.18658970760898208,0.5092542171478271,0.16598162055015564,0.34136844429894764,0.0,4.0,5.0,0.16802029311656952
04_2-1_194_740,2-1,194,740,736,0.31714068910147597,0.6631420254707336,0.03060870619915297,0.31714068910147597,0.22164154052734375,0.2476952224969864,0.596214053698323,1.0,12.0,8.0,1.8612626045942307
04_2-1_194_765,2-1,194,765,761,0.23284678584798096,0.6918519139289856,0.0006424019449848074,0.23284678584798096,0.28546231985092163,0.09929332137107849,0.16756709398552036,0.0,1.0,8.0,0.9728300869464874
04_2-1_194_823,2-1,194,823,820,0.1575896752233566,0.7878804206848145,0.006175526896005977,0.1575896752233566,0.3386455774307251,0.10782614350318909,0.15855520231422857,0.0,1.0,5.0,1.0399872362613678
04_2-1_195_67,2-1,195,67,63,0.279120421643694,0.7873051166534424,0.012736350034100494,0.279120421643694,0.33607494831085205,0.1758720576763153,0.2876391047133329,2.0,2.0,4.0,0.32124918699264526
04_2-1_195_91,2-1,195,91,86,0.2553263556329285,0.8389757871627808,0.0065905642785171,0.2553263556329285,0.43095529079437256,0.1739550232887268,0.2615783336979709,0.0,3.0,6.0,1.482587456703186
04_2-1_195_132,2-1,195,132,128,0.3115241862682982,0.7861760854721069,0.0015297997368417917,0.3115241862682982,0.5358784198760986,0.17410629987716675,0.2844549820539386,2.0,1.0,6.0,0.6603036224842072
04_2-1_195_189,2-1,195,189,184,0.18320665224427285,0.7787688970565796,0.012771784627025372,0.18320665224427285,0.2449623942375183,0.15727850794792175,0.2530666776255233,1.0,3.0,2.0,1.5496573895215988
04_2-1_195_212,2-1,195,212,209,0.22648856873296191,0.7226642370223999,0.005768828848197303,0.22648856873296191,0.39656031131744385,0.07069242000579834,0.10842864393937178,1.0,10.0,3.0,0.795200914144516
04_2-1_195_258,2-1,195,258,253,0.22243013991284988,0.732842206954956,0.006105759028794783,0.22243013991284988,0.44300615787506104,0.11463430523872375,0.18543002268408856,0.0,5.0,3.0,0.6936383247375488
04_2-1_195_288,2-1,195,288,284,0.22744477772647295,0.8714182376861572,0.003859932506253661,0.22744477772647295,0.6875506937503815,0.18940281867980957,0.27771046431143337,0.0,1.0,8.0,0.13255342841148376
04_2-1_195_358,2-1,195,358,353,0.45976849248466434,0.5339527726173401,0.18124517390551967,0.45976849248466434,0.14444708079099655,0.2265908569097519,0.7372118838734769,3.0,,12.0,4.929989762604237
04_2-1_195_391,2-1,195,391,392,0.22368898314914784,0.880967378616333,0.011985671593513148,0.22368898314914784,0.23243707418441772,0.1655236780643463,0.23135807602560443,0.0,1.0,5.0,-0.08005735278129578
04_2-1_195_435,2-1,195,435,436,0.21389230779915586,0.7674140334129333,0.00117811470984552,0.21389230779915586,0.3509290814399719,0.11655089259147644,0.1790712751752651,0.0,2.0,5.0,0.3382420539855957
04_2-1_195_468,2-1,195,468,463,0.19908656055737223,0.7781322598457336,0.008243664036182562,0.19908656055737223,0.257340669631958,0.06619352102279663,0.09297642818571124,0.0,2.0,4.0,-0.14776214957237244
04_2-1_195_521,2-1,195,521,516,0.28029281480101637,0.77620929479599,0.007519868439966025,0.28029281480101637,0.19207316637039185,0.1388823390007019,0.21791380034663316,0.0,10.0,7.0,0.5412249267101288
04_2-1_195_578,2-1,195,578,575,0.257960059433021,0.7749685049057007,0.002625510455324146,0.257960059433021,0.18301895260810852,0.20992955565452576,0.37153112353181594,1.0,12.0,5.0,-0.3875686228275299
04_2-1_195_609,2-1,195,609,604,0.22505335373018448,0.8235242366790771,0.004923069283951241,0.22505335373018448,0.4079638719558716,0.20578283071517944,0.3331213169919937,0.0,6.0,7.0,1.2241920232772827
04_2-1_195_625,2-1,195,625,630,0.17415854111818732,0.8073013424873352,0.003316482768277984,0.17415854111818732,0.3425688147544861,0.17956072092056274,0.28604285711572824,0.0,2.0,8.0,2.399795949459076
04_2-1_195_676,2-1,195,676,672,0.2449089436747629,0.7366204261779785,0.001773252824676979,0.2449089436747629,0.26306161284446716,0.16194254159927368,0.281797065704022,0.0,13.0,7.0,2.346008062362671
04_2-1_195_698,2-1,195,698,693,0.19383748288006414,0.7700054049491882,0.005520597452583294,0.19383748288006414,0.35159480571746826,0.0770653486251831,0.11121502923933851,1.0,5.0,5.0,1.0322563648223877
04_2-1_195_712,2-1,195,712,716,0.13483089832911405,0.8719436526298523,0.0004812883349316034,0.13483089832911405,0.3583664298057556,0.13469469547271729,0.1826990654447394,0.0,1.0,5.0,0.1602552831172943
04_2-1_195_752,2-1,195,752,748,0.16476082436948536,0.8424704670906067,0.009865777345555984,0.16476082436948536,0.22171103954315186,0.14841213822364807,0.2138323712157291,0.0,1.0,8.0,0.5238123536109924
04_2-1_195_803,2-1,195,803,799,0.3198612468543208,0.6188783645629883,0.02519132048269448,0.3198612468543208,0.41035883128643036,0.14774790406227112,0.31360295385113657,1.0,18.0,5.0,1.6184694319963455
04_2-1_197_90,2-1,197,90,85,0.34487920042358844,0.6520573496818542,0.1541977619667138,0.34487920042358844,0.2549273371696472,0.17152391374111176,0.35694480531894435,0.0,,14.0,4.188334107398987
04_2-1_197_158,2-1,197,158,154,0.24665123177841997,0.8977245688438416,0.02475382396773426,0.24665123177841997,0.28823399543762207,0.2296728789806366,0.3437950722460803,0.0,7.0,8.0,1.3109263181686401
04_2-1_197_188,2-1,197,188,184,0.15935668361656644,0.8143027424812317,0.005545967927553699,0.15935668361656644,0.36487990617752075,0.02101162075996399,0.026486645551223844,1.0,1.0,2.0,-0.08756214380264282
04_2-1_197_533,2-1,197,533,531,0.22205990191237904,0.262073278427124,0.01097823803210424,0.22205990191237904,0.15728693455457687,0.16691003739833832,1.7539339307269926,3.0,,8.0,2.765747569996165
04_2-1_197_607,2-1,197,607,604,0.33401448321339555,0.47902965545654297,0.03727454681342951,0.33401448321339555,0.3622894883155823,0.23404574394226074,0.9553514861265336,2.0,,14.0,3.9948457181453705
04_2-1_197_655,2-1,197,655,650,0.15960974793051141,0.6153784394264221,0.0062119879188892975,0.15960974793051141,0.2698710560798645,0.06404700875282288,0.11616788956612227,1.0,9.0,6.0,0.4685804545879364
04_2-1_197_733,2-1,197,733,731,0.23910188759590684,0.5371320843696594,0.03957787738178737,0.23910188759590684,0.27855637669563293,0.12054020166397095,0.28934841668321587,2.0,6.0,4.0,1.463247612118721
04_2-1_197_836,2-1,197,836,831,0.3046578926176384,0.6576719284057617,0.06609380682044634,0.3046578926176384,0.11612260341644287,0.32579706609249115,0.9816864821324058,4.0,,11.0,4.050560712814331
04_2-1_199_139,2-1,199,139,136,0.25966519003608013,0.5901561975479126,0.047137648920420994,0.25966519003608013,0.4819793403148651,0.24317412078380585,0.7008261724974515,1.0,17.0,11.0,2.9803528636693954
04_2-1_199_273,2-1,199,273,268,0.32004572250787544,0.41393107175827026,0.29082567099259277,0.32004572250787544,0.3051706850528717,0.23986680060625076,1.3780358198654246,5.0,,6.0,4.157791309058666
04_2-1_199_350,2-1,199,350,350,0.20251039883390667,0.48195889592170715,0.0016972430814655216,0.20251039883390667,0.24300095438957214,0.19552887976169586,0.6826410247886366,1.0,1.0,6.0,2.058031886816025
04_2-1_199_387,2-1,199,387,383,0.26629365596605664,0.5143152475357056,0.028291384509954075,0.26629365596605664,0.20546123385429382,0.11085677146911621,0.2747662474460438,1.0,4.0,7.0,1.7333463281393051
04_2-1_199_545,2-1,199,545,540,0.19909384486275603,0.37224867939949036,0.009122808127081803,0.19909384486275603,0.30600860714912415,0.17646054923534393,0.9012831834463179,2.0,42.0,6.0,2.1558856442570686
04_2-1_199_605,2-1,199,605,600,0.14942034533576992,0.44229045510292053,0.007036049406545338,0.14942034533576992,0.2067069113254547,0.16139520704746246,0.5745743588214696,0.0,3.0,6.0,0.5924547761678696
04_2-1_199_647,2-1,199,647,642,0.28165433326825745,0.6474882960319519,0.05393769616994821,0.28165433326825745,0.6136126518249512,0.28752899169921875,0.798781940731382,0.0,43.0,14.0,3.04441936314106
04_2-1_199_729,2-1,199,729,724,0.29673954842385913,0.7498053908348083,0.04925298573386915,0.29673954842385913,0.4951247423887253,0.372537299990654,0.9874604002609524,3.0,23.0,11.0,3.076839864253998
04_2-1_199_774,2-1,199,774,771,0.25870895664537047,0.7211844325065613,0.03623790402049535,0.25870895664537047,0.18092340230941772,0.17702174186706543,0.3253103252246692,1.0,3.0,10.0,2.5002450346946716
04_2-1_199_817,2-1,199,817,814,0.26354880944553505,0.8734902739524841,0.02249596066293769,0.26354880944553505,0.3163800835609436,0.20711669325828552,0.310811681703408,0.0,20.0,10.0,2.1133879125118256
04_2-1_201_57,2-1,201,57,52,0.14786833388806517,0.8404480814933777,0.054725486716537305,0.14786833388806517,0.33326974511146545,0.24793067574501038,0.4184361055720658,0.0,1.0,2.0,-0.6757573783397675
04_2-1_201_91,2-1,201,91,88,0.15670533229410827,0.6298698782920837,0.01065145193946379,0.15670533229410827,0.22556790709495544,0.09801733493804932,0.18429419237129196,1.0,1.0,5.0,0.024834737181663513
04_2-1_201_121,2-1,201,121,117,0.18163400533174778,0.5705124139785767,0.0005637657425629503,0.18163400533174778,0.285228967666626,0.04379168152809143,0.08314022750605911,1.0,1.0,5.0,-0.550293892621994
04_2-1_201_187,2-1,201,187,184,0.11371943817791025,0.5571017861366272,0.020789684172506463,0.11371943817791025,0.23391088843345642,0.022857218980789185,0.04278418609378536,0.0,1.0,3.0,-0.8588304072618484
04_2-1_201_215,2-1,201,215,220,0.10465355035668181,0.5712540149688721,0.004474130496911539,0.10465355035668181,0.2819441258907318,0.05311509966850281,0.10251131134921908,0.0,1.0,1.0,-1.8947744071483612
04_2-1_201_274,2-1,201,274,270,0.1725430741729952,0.43970513343811035,0.017123918046722225,0.1725430741729952,0.30810651183128357,0.09144479036331177,0.2625759498079615,2.0,2.0,4.0,0.40399907529354095
04_2-1_201_298,2-1,201,298,293,0.15978026183907953,0.6423777341842651,0.0008585627127581434,0.15978026183907953,0.4004457890987396,0.23667748272418976,0.5833801726087443,0.0,5.0,4.0,0.7964783012866974
04_2-1_201_318,2-1,201,318,314,0.16621803854224798,0.5466297268867493,0.000898691231600985,0.16621803854224798,0.27768951654434204,0.10497184097766876,0.2376768180230755,2.0,1.0,8.0,0.8078169524669647
04_2-1_201_381,2-1,201,381,381,0.16798419170679202,0.5342991948127747,0.018179953194794877,0.16798419170679202,0.6127928495407104,0.10511741042137146,0.24492514417971425,0.0,1.0,7.0,0.3346305787563324
04_2-1_201_434,2-1,201,434,429,0.20408091409900753,0.6340466737747192,0.0014737021500480223,0.20408091409900753,0.3541003465652466,0.16478675603866577,0.35116307575059935,1.0,9.0,4.0,2.0925471782684326
04_2-1_201_495,2-1,201,495,493,0.2536102178473146,0.6604158878326416,0.03517409681638961,0.2536102178473146,0.16864323616027832,0.13995540142059326,0.2689068720382946,0.0,6.0,7.0,1.1486868113279343
04_2-1_201_534,2-1,201,534,529,0.3140780785014755,0.820194661617279,0.018533392678462674,0.3140780785014755,0.26129579544067383,0.22175544500350952,0.3705563386341869,1.0,7.0,9.0,2.546902358531952
04_2-1_201_605,2-1,201,605,602,0.32116949992890187,0.7204461097717285,0.18209003579829638,0.32116949992890187,0.2544998824596405,0.15069201588630676,0.26448606074713193,0.0,33.0,10.0,1.9146692752838135
04_2-1_201_656,2-1,201,656,651,0.1847523661236662,0.6680819392204285,0.018794719306039157,0.1847523661236662,0.16397953033447266,0.07966747879981995,0.1353934754473442,0.0,7.0,4.0,-0.2214173823595047
04_2-1_201_731,2-1,201,731,729,0.19921867987037953,0.5265229344367981,0.0038477374837495985,0.19921867987037953,0.2931864261627197,0.12873470783233643,0.32362623934655316,0.0,3.0,6.0,0.2539425641298294
04_2-1_201_834,2-1,201,834,830,0.22941818093548705,0.2991221249103546,0.0288022231735153,0.22941818093548705,0.22814129665493965,0.16024502366781235,1.153862099900487,2.0,29.0,10.0,2.22747446782887
04_2-1_203_499,2-1,203,499,494,0.426959045125306,0.5493515133857727,0.24651840191776622,0.426959045125306,0.1942937672138214,0.3760889992117882,2.170631085464522,4.0,,15.0,7.020054876804352
04_2-1_203_532,2-1,203,532,530,0.29286091816337223,0.803820013999939,0.00871592916341005,0.29286091816337223,0.22465616464614868,0.18348243832588196,0.29577837216536573,1.0,24.0,8.0,3.361120045185089
04_2-1_203_605,2-1,203,605,602,0.23753381637550966,0.6618935465812683,0.0215000586994754,0.23753381637550966,0.30880820751190186,0.092715322971344,0.1628933067454891,0.0,6.0,10.0,1.0496136546134949
04_2-1_205_50,2-1,205,50,46,0.31913935630731965,0.7835962176322937,0.04843486904728161,0.31913935630731965,0.5336253643035889,0.335677370429039,0.7494155973229605,1.0,31.0,12.0,4.0583837032318115
04_2-1_205_108,2-1,205,108,104,0.34684315471266236,0.7578780651092529,0.044560298687838076,0.34684315471266236,0.41001951694488525,0.26876629889011383,0.5494987392507281,2.0,,15.0,4.737231522798538
04_2-1_205_157,2-1,205,157,153,0.10850967121458996,0.8390892148017883,0.003508415337633656,0.10850967121458996,0.3495374917984009,0.04273763298988342,0.053666789852597895,0.0,1.0,3.0,-1.4311779141426086
04_2-1_205_210,2-1,205,210,205,0.21877531621490087,0.6884040236473083,0.0376647783978009,0.21877531621490087,0.28003373742103577,0.15640315413475037,0.2939904107263089,0.0,1.0,6.0,-0.7973194271326065
04_2-1_205_251,2-1,205,251,249,0.09733573960468653,0.4754955768585205,0.005219380531359414,0.09733573960468653,0.29251527786254883,0.06385497748851776,0.15512312824887756,0.0,3.0,5.0,0.13382945954799652
04_2-1_205_285,2-1,205,285,281,0.36919246062533695,0.6979659199714661,0.014716034967008521,0.36919246062533695,0.2066512107849121,0.2988327592611313,0.7487044141591757,3.0,34.0,13.0,5.49213445186615
04_2-1_205_350,2-1,205,350,345,0.22790619500510723,0.5702800750732422,0.010588306246135123,0.22790619500510723,0.32612788677215576,0.12486308813095093,0.2803285276300617,2.0,1.0,4.0,0.4586503952741623
04_2-1_205_382,2-1,205,382,378,0.1960532330267155,0.7531378865242004,0.015783291354830677,0.1960532330267155,0.2974860668182373,0.3124142289161682,0.7088664824841807,1.0,1.0,4.0,0.2802491784095764
04_2-1_205_407,2-1,205,407,412,0.10450947039779092,0.4918978214263916,0.0005038678721993097,0.10450947039779092,0.3983461856842041,0.015730008482933044,0.03303459002341443,0.0,1.0,3.0,-1.1433074623346329
04_2-1_205_517,2-1,205,517,513,0.25287046157493986,0.48979946970939636,0.013162458814312489,0.25287046157493986,0.32202719151973724,0.20735709369182587,0.7341571637215173,2.0,24.0,8.0,2.1275089532136917
04_2-1_205_569,2-1,205,569,565,0.19764939575397966,0.7245924472808838,0.005870740689947875,0.19764939575397966,0.6810885518789291,0.3763025104999542,1.0804288920257958,0.0,2.0,4.0,2.045220285654068
04_2-1_205_669,2-1,205,669,665,0.14037390974101965,0.41841134428977966,0.0009320272362704497,0.14037390974101965,0.584279015660286,0.1464894562959671,0.5387188849589791,1.0,1.0,4.0,0.30465196818113327
04_2-1_205_692,2-1,205,692,694,0.09009818648824662,0.4248664677143097,0.0008902466938409772,0.09009818648824662,0.5046167075634003,0.12338194251060486,0.40924801174202574,0.0,2.0,11.0,0.08220991492271423
04_2-1_205_724,2-1,205,724,720,0.10902984503360161,0.4124605059623718,0.010315131967827771,0.10902984503360161,0.3051881045103073,0.0881965160369873,0.2719898563429197,1.0,4.0,3.0,-1.021748036146164
04_2-1_205_758,2-1,205,758,753,0.38115419295039343,0.7374147772789001,0.07875072067029873,0.38115419295039343,0.25378847122192383,0.40098148584365845,1.1918603064906295,4.0,,14.0,6.9891835898160934
04_2-1_205_798,2-1,205,798,802,0.14437581380059467,0.7805724740028381,0.0036585162793675856,0.14437581380059467,0.4206043481826782,0.1513451337814331,0.24052536199107238,0.0,1.0,3.0,-0.4153730869293213
04_2-1_208_72,2-1,208,72,67,0.2564234559806845,0.6975101828575134,0.10446711132909742,0.2564234559806845,0.4662000834941864,0.22173871099948883,0.46606138475166514,3.0,1.0,5.0,0.6897705048322678
04_2-1_208_111,2-1,208,111,106,0.246350763751405,0.7080773115158081,0.031136044619845742,0.246350763751405,0.17603275179862976,0.18888625502586365,0.36380876108084875,1.0,1.0,7.0,1.3213854432106018
04_2-1_208_163,2-1,208,163,160,0.17053668492773225,0.6423087120056152,0.023908282676167455,0.17053668492773225,0.46099045872688293,0.15333391726016998,0.31358245641269483,1.0,1.0,6.0,0.33752718567848206
04_2-1_208_200,2-1,208,200,204,0.21082291313877283,0.6468695998191833,0.043502074918465125,0.21082291313877283,0.44138002395629883,0.10671424865722656,0.19756214286809876,0.0,1.0,1.0,-0.7178232073783875
04_2-1_208_225,2-1,208,225,230,0.17293450506016306,0.7751559615135193,0.031125547663686283,0.17293450506016306,0.45240461826324463,0.24169883131980896,0.4530801401642952,0.0,1.0,2.0,1.5682098865509033
04_2-1_208_282,2-1,208,282,278,0.13414134157548885,0.7395637631416321,0.01300433053283488,0.13414134157548885,0.32296043634414673,0.18485426902770996,0.3332451868756837,0.0,1.0,3.0,-0.9085308685898781
04_2-1_208_317,2-1,208,317,312,0.18034300543946524,0.7462452054023743,0.037767841643130864,0.18034300543946524,0.2948981523513794,0.23688840866088867,0.46507361868210606,1.0,3.0,3.0,-0.4092564284801483
04_2-1_208_352,2-1,208,352,348,0.12127740234677448,0.5411828756332397,0.011546450116573584,0.12127740234677448,0.33684635162353516,0.1221095472574234,0.29137990654446533,2.0,1.0,7.0,0.3062800019979477
04_2-1_208_375,2-1,208,375,371,0.2358012285562251,0.626461923122406,0.011082175633076147,0.2358012285562251,0.41760140657424927,0.18500374257564545,0.41907421977436726,2.0,2.0,5.0,1.3716469705104828
04_2-1_208_386,2-1,208,386,390,0.22105793973832114,0.7453381419181824,0.04045839187434525,0.22105793973832114,0.4030832350254059,0.2524811923503876,0.5122808810381958,1.0,2.0,7.0,2.0966328978538513
04_2-1_208_417,2-1,208,417,414,0.13824428698072816,0.764464259147644,0.09925497534633197,0.13824428698072816,0.6701291501522064,0.20301896333694458,0.3616006133666062,0.0,5.0,9.0,0.6310764700174332
04_2-1_208_453,2-1,208,453,448,0.2095628972389996,0.6206473112106323,0.014481506223428978,0.2095628972389996,0.25877293944358826,0.19521062076091766,0.4588476385395137,2.0,1.0,6.0,0.7071099579334259
04_2-1_208_482,2-1,208,482,487,0.201852628705296,0.6771997809410095,0.007040439973662223,0.201852628705296,0.43967902660369873,0.17971071600914001,0.3612355098372889,0.0,1.0,5.0,-0.6346324533224106
04_2-1_208_526,2-1,208,526,523,0.12024323584319732,0.5589669942855835,0.006441499407615841,0.12024323584319732,0.24790507555007935,0.09171761572360992,0.19629264356837442,1.0,1.0,3.0,-0.9276925325393677
04_2-1_208_571,2-1,208,571,567,0.2623764814084467,0.4672313332557678,0.15246348702801066,0.2623764814084467,0.5979044735431671,0.14860469102859497,0.46639129104164345,2.0,7.0,6.0,1.6895941346883774
04_2-1_208_609,2-1,208,609,612,0.21715767500412728,0.6894274950027466,0.17196006218107907,0.21715767500412728,0.6759412735700607,0.2664250433444977,0.6298427876719427,1.0,1.0,6.0,-0.16723258793354034
04_2-1_208_649,2-1,208,649,654,0.12510307655640762,0.6230629086494446,0.02658097250447726,0.12510307655640762,0.38968661427497864,0.11006180942058563,0.2145449777515683,0.0,1.0,3.0,-0.7872635871171951
04_2-1_208_702,2-1,208,702,697,0.2270764608250308,0.6594058871269226,0.05153650720529409,0.2270764608250308,0.34137970209121704,0.33010363578796387,1.0024335832680968,1.0,2.0,5.0,1.1782973036170006
04_2-1_208_741,2-1,208,741,741,0.25197469868044375,0.4337233901023865,0.13886244468474204,0.25197469868044375,0.6379616491030902,0.1829386204481125,0.7294646349549352,0.0,2.0,7.0,1.6112826683092862
04_2-1_208_779,2-1,208,779,775,0.2733508677655436,0.5497353672981262,0.04230305897075584,0.2733508677655436,0.4689156264066696,0.19352640211582184,0.5432945855721988,1.0,21.0,7.0,2.0592087730765343
04_2-1_208_848,2-1,208,848,846,0.2612484555457582,0.5402300953865051,8.515996877919856e-05,0.2612484555457582,0.7585864961147308,0.18885058164596558,0.5374547298890447,0.0,26.0,5.0,0.691489040851593
04_2-1_209_399,2-1,209,399,395,0.4638453358322635,0.571725070476532,0.24500739006270172,0.4638453358322635,0.1839616820216179,0.48722563683986664,5.766022514835572,4.0,,15.0,9.719242915511131
04_2-1_209_436,2-1,209,436,432,0.3024950508967929,0.8612341284751892,0.01173786319309614,0.3024950508967929,0.38659799098968506,0.18753117322921753,0.27835884015196155,0.0,44.0,12.0,2.2192153930664062
04_2-1_209_515,2-1,209,515,510,0.2684384517569536,0.7399765849113464,0.00849372018720866,0.2684384517569536,0.10128635168075562,0.14578363299369812,0.24534729421345086,1.0,24.0,13.0,1.9162856042385101
04_2-1_209_547,2-1,209,547,542,0.2388912825963182,0.8995680212974548,0.006141500927892068,0.2388912825963182,0.49535030126571655,0.17015224695205688,0.2332719594729867,0.0,19.0,10.0,1.3540916442871094
04_2-1_209_591,2-1,209,591,586,0.1959171318345917,0.910865068435669,0.006958144589936953,0.1959171318345917,0.2218555212020874,0.14095452427864075,0.18307909321201887,0.0,24.0,13.0,2.2443080842494965
04_2-1_209_646,2-1,209,646,641,0.2001098030641262,0.8904529809951782,0.0034128653074945066,0.2001098030641262,0.39175528287887573,0.15489724278450012,0.21058532309367206,0.0,2.0,5.0,0.4486500322818756
04_2-1_209_687,2-1,209,687,684,0.16195568303980135,0.9151396155357361,0.004524208585833186,0.16195568303980135,0.22294849157333374,0.1214631199836731,0.15303857511766952,1.0,2.0,6.0,0.3377757966518402
04_2-1_209_734,2-1,209,734,732,0.21180023180689084,0.7673048973083496,0.014971099924958636,0.21180023180689084,0.314339280128479,0.014777451753616333,0.01963709342550687,0.0,1.0,5.0,-0.2864569127559662
04_2-1_209_835,2-1,209,835,830,0.19510266140613086,0.645386815071106,0.0030193258068191807,0.19510266140613086,0.13881412148475647,0.19815082848072052,0.4430565393258547,2.0,7.0,10.0,1.2960652858018875
04_2-1_210_72,2-1,210,72,68,0.2735937036414306,0.3596443831920624,0.007517930919138655,0.2735937036414306,0.0814598798751831,0.2898825332522392,4.15531602877924,4.0,,17.0,4.330012546852231
04_2-1_210_142,2-1,210,142,137,0.2836339574771214,0.47094058990478516,0.028345326734720466,0.2836339574771214,0.14920112490653992,0.251438245177269,1.1454922975396782,4.0,45.0,12.0,3.969200298190117
04_2-1_210_210,2-1,210,210,207,0.2516046211377839,0.4043711721897125,0.014895010989604773,0.2516046211377839,0.17610029876232147,0.13606290519237518,0.5071140994463859,2.0,35.0,9.0,2.2499613538384438
04_2-1_210_315,2-1,210,315,310,0.18352362790880328,0.32794585824012756,0.009275280302715443,0.18352362790880328,0.15572936832904816,0.17889554053544998,1.200235888727903,2.0,,16.0,2.095466647297144
04_2-1_210_337,2-1,210,337,333,0.21539331393280978,0.40404123067855835,0.005137735615046994,0.21539331393280978,0.15437531471252441,0.12418219447135925,0.4437312303877819,1.0,,14.0,2.5046674460172653
04_2-1_210_365,2-1,210,365,360,0.2638094580331629,0.691272497177124,0.017479480161845227,0.2638094580331629,0.18977919220924377,0.2571323662996292,0.5922796535300869,4.0,,11.0,2.758737027645111
04_2-1_210_397,2-1,210,397,393,0.31920754250490446,0.7450552582740784,0.0540771691348612,0.31920754250490446,0.12113302946090698,0.1346530020236969,0.22059715645687827,0.0,47.0,13.0,2.8579747676849365
04_2-1_210_450,2-1,210,450,446,0.19349468612784826,0.8000794649124146,0.02548719349253918,0.19349468612784826,0.19691753387451172,0.042742133140563965,0.05643737783342248,0.0,1.0,5.0,-0.16591408848762512
04_2-1_210_489,2-1,210,489,488,0.11634716527023412,0.7353278398513794,0.008862035620212923,0.11634716527023412,0.20828884840011597,0.022811561822891235,0.03201549568244274,0.0,2.0,2.0,-1.6568315625190735
04_2-1_210_535,2-1,210,535,531,0.20370704238821824,0.6447908878326416,0.003307621197986904,0.20370704238821824,0.3365195095539093,0.11373195052146912,0.2141606939096257,0.0,9.0,4.0,0.4533402621746063
04_2-1_210_578,2-1,210,578,573,0.24220711832115877,0.6989063620567322,0.005452633712430613,0.24220711832115877,0.12255442142486572,0.16659095883369446,0.31295536034656807,1.0,16.0,11.0,1.4872492849826813
04_2-1_210_630,2-1,210,630,626,0.2604527070074971,0.7747434377670288,0.00018386297930805858,0.2604527070074971,0.3599478006362915,0.14625480771064758,0.2327087567161353,6.0,,12.0,2.8688835501670837
04_2-1_210_703,2-1,210,703,699,0.12153770239267156,0.7229220867156982,0.0009337999644429654,0.12153770239267156,0.20568925142288208,0.0780869722366333,0.12109602979626267,0.0,1.0,2.0,-0.730840653181076
04_2-1_210_844,2-1,210,844,840,0.363456722422003,0.4451572895050049,0.34921992872804436,0.363456722422003,0.11584696173667908,0.29885806888341904,2.0427864729125136,10.0,,14.0,7.2057784758508205
04_2-1_211_138,2-1,211,138,134,0.3038140738293829,0.5213834047317505,0.03131169722425271,0.3038140738293829,0.3450339660048485,0.27214617282152176,1.0919162066426114,3.0,,13.0,4.0859326384961605
04_2-1_211_214,2-1,211,214,209,0.3080512346475919,0.6040517091751099,0.013403532809185844,0.3080512346475919,0.4575001001358032,0.31660741567611694,1.1014566051116481,2.0,45.0,16.0,4.348058611154556
04_2-1_211_272,2-1,211,272,267,0.2970516485897783,0.6639940738677979,0.008808625201759308,0.2970516485897783,0.30282890796661377,0.2499028444290161,0.6034970718112279,2.0,26.0,13.0,2.5558415800333023
04_2-1_211_310,2-1,211,310,308,0.2891897656013943,0.6908510327339172,4.481269230991817e-07,0.2891897656013943,0.39755740761756897,0.11750420928001404,0.2049443800388672,0.0,2.0,4.0,1.4535301327705383
04_2-1_211_329,2-1,211,329,334,0.26159557398773503,0.9239708781242371,0.007504708316652779,0.26159557398773503,0.44366276264190674,0.25067752599716187,0.3723154627997126,1.0,1.0,8.0,2.083233952522278
04_2-1_211_376,2-1,211,376,371,0.22653929185046118,0.8892285227775574,1.0743304301520599e-05,0.22653929185046118,0.31671494245529175,0.12396156787872314,0.16198473890083293,1.0,8.0,4.0,0.3840394616127014
04_2-1_211_472,2-1,211,472,467,0.2678252877946527,0.6155884265899658,0.01820571339717028,0.2678252877946527,0.19776597619056702,0.22520937025547028,0.5768992127039214,2.0,17.0,8.0,1.542235791683197
04_2-1_211_530,2-1,211,530,527,0.27978480101519826,0.5003672242164612,0.0005495202323468789,0.27978480101519826,0.337107390165329,0.1765352338552475,0.5451445166313984,0.0,,10.0,2.0357283651828766
04_2-1_211_563,2-1,211,563,558,0.24594242995314625,0.8519114255905151,0.0031454196584156874,0.24594242995314625,0.19975298643112183,0.3522944152355194,0.7051289446394182,0.0,6.0,4.0,1.7154452204704285
04_2-1_211_690,2-1,211,690,686,0.24171681802960746,0.44569194316864014,0.027974350558755304,0.24171681802960746,0.2243315950036049,0.2961479052901268,1.9803390993809569,3.0,,12.0,3.059965595602989
04_2-1_211_726,2-1,211,726,722,0.29069612455232485,0.5407600998878479,0.03189540284790769,0.29069612455232485,0.17887330055236816,0.22626091539859772,0.7194324391207809,0.0,,12.0,3.350979059934616
04_2-1_211_746,2-1,211,746,749,0.27485062796798393,0.6596291065216064,0.007113905626102482,0.27485062796798393,0.3487468361854553,0.16130003333091736,0.32368176373525526,0.0,1.0,3.0,2.6751274466514587
04_2-1_211_811,2-1,211,811,808,0.2045242017577787,0.8847784399986267,0.006708117529796411,0.2045242017577787,0.24338847398757935,0.140968918800354,0.18952287485276326,1.0,1.0,8.0,1.185190886259079
04_2-1_212_51,2-1,212,51,53,0.23072248093138065,0.6278961896896362,0.04477040566562977,0.23072248093138065,0.27144989371299744,0.06563186645507812,0.11672778041031545,0.0,1.0,5.0,-0.3026031255722046
04_2-1_212_93,2-1,212,93,89,0.17914668261920186,0.682199239730835,0.022055944168694004,0.17914668261920186,0.23609250783920288,0.10679927468299866,0.18560876115819683,0.0,4.0,4.0,0.11637634038925171
04_2-1_212_132,2-1,212,132,135,0.261760301861532,0.8966159820556641,0.11112069823415892,0.261760301861532,0.31741631031036377,0.2886147201061249,0.4746942780689135,1.0,2.0,5.0,2.6361650228500366
04_2-1_212_184,2-1,212,184,182,0.17116436695215875,0.8460150361061096,0.015797558692719968,0.17116436695215875,0.24553173780441284,0.06865492463111877,0.08831804413124629,0.0,1.0,8.0,-0.09976303577423096
04_2-1_212_217,2-1,212,217,220,0.15266065866962494,0.8117626309394836,0.02498864217001732,0.15266065866962494,0.1669222116470337,0.04881510138511658,0.06398225237537525,0.0,1.0,3.0,-1.735364407300949
04_2-1_212_272,2-1,212,272,269,0.2100570616459612,0.5996084213256836,0.013407258728244333,0.2100570616459612,0.24890205264091492,0.06413915753364563,0.11978121223883277,0.0,1.0,3.0,0.43909966945648193
04_2-1_212_296,2-1,212,296,292,0.2305669864182031,0.7834069728851318,0.0010110427182481745,0.2305669864182031,0.4237038493156433,0.18877124786376953,0.3174569571261261,1.0,3.0,7.0,2.1256360709667206
04_2-1_212_315,2-1,212,315,311,0.20187755584164344,0.7892224788665771,0.01051900416940278,0.20187755584164344,0.18718093633651733,0.10181856155395508,0.14812042670924927,2.0,1.0,6.0,1.9302120506763458
04_2-1_212_353,2-1,212,353,354,0.14875857733062658,0.8153571486473083,0.0389367003199392,0.14875857733062658,0.5863244533538818,0.041888296604156494,0.05415641042752623,0.0,1.0,4.0,0.208542138338089
04_2-1_212_389,2-1,212,389,384,0.11745217509000697,0.8387243747711182,0.023491543780716176,0.11745217509000697,0.3898767828941345,0.054322242736816406,0.0692530533999631,0.0,1.0,5.0,-1.7920204401016235
04_2-1_212_418,2-1,212,418,413,0.1596037425031771,0.762924075126648,0.007172274965969002,0.1596037425031771,0.24405831098556519,0.0835384726524353,0.12296179422731608,0.0,4.0,2.0,0.19355878233909607
04_2-1_212_440,2-1,212,440,435,0.19973361236256826,0.810558557510376,0.011889061252369531,0.19973361236256826,0.17956089973449707,0.12071359157562256,0.17498655137977745,2.0,9.0,9.0,1.5215266942977905
04_2-1_212_492,2-1,212,492,488,0.11953119164427556,0.7042660117149353,0.02084581172466447,0.11953119164427556,0.3051353096961975,0.011110693216323853,0.016029153812726765,0.0,1.0,3.0,-0.7864037156105042
04_2-1_212_533,2-1,212,533,528,0.1847951054667994,0.7202929258346558,0.002235107483013199,0.1847951054667994,0.20969367027282715,0.12282469868659973,0.2055752810034584,0.0,3.0,3.0,0.3291007876396179
04_2-1_212_557,2-1,212,557,552,0.1659164054878448,0.6808119416236877,0.06172503480289571,0.1659164054878448,0.38951319456100464,0.05120924115180969,0.08133580290146328,0.0,10.0,3.0,0.49932634830474854
04_2-1_212_606,2-1,212,606,602,0.2461145462180297,0.5381686091423035,0.0006815812161923614,0.2461145462180297,0.3121148347854614,0.08154313266277313,0.17857771163240946,4.0,1.0,6.0,0.7686312794685364
04_2-1_212_655,2-1,212,655,651,0.2503738217132479,0.5531200170516968,0.008284732726170288,0.2503738217132479,0.2406267523765564,0.14126749336719513,0.343005044872355,1.0,16.0,12.0,1.2069790363311768
04_2-1_212_696,2-1,212,696,696,0.08311118894239936,0.46289515495300293,0.0005631753550139193,0.08311118894239936,0.5021320283412933,0.013743966817855835,0.03059986744089465,0.0,1.0,4.0,-1.217493936419487
04_2-1_212_732,2-1,212,732,729,0.21968298262622116,0.5642603039741516,0.03813649680493121,0.21968298262622116,0.20135822892189026,0.18301591277122498,0.480048800701727,0.0,24.0,5.0,1.3000142723321915
04_2-1_212_833,2-1,212,833,830,0.23914917702776303,0.3287751078605652,0.010061490607132715,0.23914917702776303,0.13171561807394028,0.24224447086453438,2.799522565350423,2.0,,12.0,2.774448737502098
04_2-1_213_90,2-1,213,90,85,0.2334471215493305,0.43764728307724,0.1857807115395029,0.2334471215493305,0.42915865778923035,0.2071685940027237,0.8988622541832656,2.0,17.0,8.0,2.059927947819233
04_2-1_213_131,2-1,213,131,129,0.31397604715230953,0.6512236595153809,0.65058815709807,0.31397604715230953,0.3034704029560089,0.2820555865764618,0.7640302811969589,7.0,,7.0,5.599989905953407
04_2-1_213_183,2-1,213,183,178,0.16283700766261433,0.743212878704071,0.022627335468141687,0.16283700766261433,0.4717262387275696,0.115393728017807,0.18380090491293719,0.0,3.0,5.0,-0.22482891380786896
04_2-1_213_249,2-1,213,249,247,0.24021672762023571,0.5307152271270752,0.0370126895170702,0.24021672762023571,0.12777718901634216,0.07817889750003815,0.17275717413554437,0.0,,5.0,1.135514736175537
04_2-1_213_342,2-1,213,342,341,0.11095832305667386,0.6091761589050293,0.010652913651560186,0.11095832305667386,0.31021782755851746,0.14612160623073578,0.3155602409842103,0.0,1.0,5.0,-0.39890508353710175
04_2-1_213_403,2-1,213,403,399,0.19551567495046213,0.5729999542236328,0.04945937894653423,0.19551567495046213,0.419233113527298,0.162955179810524,0.39740825875359437,0.0,4.0,6.0,1.3665898889303207
04_2-1_213_432,2-1,213,432,427,0.20056932267827987,0.75221186876297,0.01009804007797543,0.20056932267827987,0.2672092318534851,0.2437276542186737,0.47932196761919643,0.0,8.0,6.0,1.300858974456787
04_2-1_213_501,2-1,213,501,496,0.26138399482443153,0.6636040210723877,0.10730454012592101,0.26138399482443153,0.493580162525177,0.26572540402412415,0.6678554529908076,2.0,13.0,11.0,1.9573247581720352
04_2-1_213_521,2-1,213,521,521,0.19954834569487132,0.6698674559593201,0.008929770271133569,0.19954834569487132,0.4554080367088318,0.1465998888015747,0.28016238345874855,2.0,1.0,5.0,1.2619766294956207
04_2-1_213_572,2-1,213,572,574,0.16448914903779221,0.7328611016273499,0.009943963793091813,0.16448914903779221,0.2801128625869751,0.13830500841140747,0.2326189403985726,0.0,1.0,5.0,0.005143582820892334
04_2-1_213_594,2-1,213,594,594,0.22455110173167872,0.7673408389091492,0.02626397004483767,0.22455110173167872,0.3680320382118225,0.15815573930740356,0.25961852877031594,0.0,1.0,3.0,1.7627304196357727
04_2-1_213_683,2-1,213,683,679,0.21058219380875992,0.6669628024101257,0.048409354332164735,0.21058219380875992,0.42310982942581177,0.24341389536857605,0.5747007991799573,0.0,2.0,4.0,1.2954627126455307
04_2-1_213_736,2-1,213,736,733,0.20647418781490776,0.7091752886772156,0.020297439001745545,0.20647418781490776,0.4036419987678528,0.09097838401794434,0.14716732376408206,2.0,1.0,4.0,1.0202596485614777
04_2-1_213_765,2-1,213,765,760,0.08647595877026384,0.6806363463401794,0.024360346495059738,0.08647595877026384,0.23479217290878296,0.08159372210502625,0.13620687210564295,0.0,1.0,3.0,-1.1090829968452454
04_2-1_213_799,2-1,213,799,794,0.21003359797462445,0.675955057144165,0.02963195806807712,0.21003359797462445,0.44670307636260986,0.18378011882305145,0.3734040572036326,1.0,3.0,6.0,0.9474232047796249
04_2-1_214_68,2-1,214,68,63,0.2885248889385885,0.733616054058075,0.04860819370842962,0.2885248889385885,0.2784922420978546,0.30603036284446716,0.7157170343466531,3.0,1.0,5.0,2.37231083214283
04_2-1_214_159,2-1,214,159,154,0.32486708655523283,0.5469293594360352,0.2409947279018955,0.32486708655523283,0.4372195303440094,0.30313488095998764,1.243403389834238,4.0,39.0,8.0,4.852068491280079
04_2-1_214_217,2-1,214,217,212,0.35824123315529266,0.6849369406700134,0.06948700161866991,0.35824123315529266,0.2888551652431488,0.2225722372531891,0.4813780887866325,3.0,32.0,10.0,3.753716826438904
04_2-1_214_274,2-1,214,274,274,0.2946739271534739,0.7431926131248474,0.016457988439696297,0.2946739271534739,0.45537036657333374,0.16322052478790283,0.2814282412381837,0.0,1.0,4.0,0.04945409297943115
04_2-1_214_318,2-1,214,318,318,0.20797322273086724,0.7514151930809021,0.0026312293827123138,0.20797322273086724,0.3314037024974823,0.20150211453437805,0.3664253904761977,0.0,1.0,5.0,-0.0791788399219513
04_2-1_214_361,2-1,214,361,358,0.2009629009418631,0.7193745970726013,0.0035176779087497684,0.2009629009418631,0.327798068523407,0.14705517888069153,0.25694598891170434,1.0,1.0,4.0,-0.3435095250606537
04_2-1_214_439,2-1,214,439,434,0.34278764544772045,0.4965510070323944,0.045502527397340974,0.34278764544772045,0.4336739778518677,0.19310133159160614,0.636353725905651,2.0,31.0,13.0,3.2595847100019455
04_2-1_214_509,2-1,214,509,506,0.20252960008829363,0.6009816527366638,0.003412392720032712,0.20252960008829363,0.4882071018218994,0.2786956876516342,0.8647465848477304,0.0,1.0,8.0,1.3748440146446228
04_2-1_214_589,2-1,214,589,588,0.28445312678533696,0.4215641915798187,0.040417867780610975,0.28445312678533696,0.3310592472553253,0.24468112736940384,1.3832931290603288,0.0,40.0,8.0,3.19460092484951
04_2-1_214_638,2-1,214,638,633,0.32719839786225086,0.6353896260261536,0.08075111768968826,0.32719839786225086,0.34001560509204865,0.3073347359895706,0.9368393684218463,3.0,39.0,11.0,3.746985800564289
04_2-1_214_708,2-1,214,708,703,0.2772402293952611,0.5778960585594177,0.027204985392280175,0.2772402293952611,0.4160306751728058,0.24222829937934875,0.7216311151569531,4.0,37.0,5.0,3.3977033272385597
04_2-1_214_800,2-1,214,800,795,0.33731287471707233,0.48026877641677856,0.08442609910953557,0.33731287471707233,0.22752615809440613,0.18311911821365356,0.6162521583264866,7.0,,13.0,5.425317615270615
04_2-1_214_847,2-1,214,847,842,0.2930546258130294,0.8438746929168701,0.013809629567315226,0.2930546258130294,0.4855465888977051,0.32110360264778137,0.6142336648388457,2.0,25.0,8.0,2.9831990897655487
04_2-1_215_62,2-1,215,62,57,0.30753189288050553,0.48671260476112366,0.05885163693665593,0.30753189288050553,0.22672809660434723,0.28313296288251877,1.3907724773941381,3.0,37.0,14.0,4.444165922701359
04_2-1_215_123,2-1,215,123,119,0.12705628851985892,0.4222843050956726,0.01861029331708562,0.12705628851985892,0.2623851150274277,0.1826222836971283,0.7619992630932451,0.0,3.0,9.0,0.7022617198526859
04_2-1_215_150,2-1,215,150,146,0.20295002332701045,0.4129875600337982,0.005077673356898418,0.20295002332701045,0.25137799978256226,0.11839546263217926,0.4018962615645799,3.0,1.0,5.0,1.2739006578922272
04_2-1_215_211,2-1,215,211,206,0.21325665785353026,0.6762744784355164,0.0005247351034352921,0.21325665785353026,0.3803001642227173,0.2034139186143875,0.43017738398680117,0.0,3.0,2.0,1.6789141744375229
04_2-1_215_314,2-1,215,314,312,0.29232709259322187,0.5356795787811279,0.01431438856101015,0.29232709259322187,0.27367643266916275,0.27130861580371857,1.0262421135368864,0.0,1.0,8.0,2.881617933511734
04_2-1_215_345,2-1,215,345,340,0.23114631034042948,0.5852118134498596,0.006767182317473673,0.23114631034042948,0.25525280833244324,0.105324387550354,0.219477281266399,0.0,16.0,7.0,1.987740159034729
04_2-1_215_440,2-1,215,440,435,0.30664821370381734,0.4627544581890106,0.041455296727196,0.30664821370381734,0.19870752096176147,0.22020737081766129,0.9078953419074249,3.0,,14.0,4.286446750164032
04_2-1_215_526,2-1,215,526,522,0.2954828596433694,0.7818467020988464,0.008764530074851767,0.2954828596433694,0.5111114829778671,0.4735359400510788,1.5359046726293397,2.0,35.0,13.0,5.4382594376802444
04_2-1_215_597,2-1,215,597,592,0.25777064845066827,0.567150354385376,0.00421792433977572,0.25777064845066827,0.4360700696706772,0.21844607591629028,0.6264508048921361,1.0,21.0,4.0,1.7193453460931778
04_2-1_215_656,2-1,215,656,652,0.2807823973200296,0.4658336639404297,0.042809737551798364,0.2807823973200296,0.35172899067401886,0.20828154683113098,0.8086966986287342,1.0,26.0,5.0,2.9989678487181664
04_2-1_215_707,2-1,215,707,702,0.32771636672769267,0.7668071389198303,0.0683774735555188,0.32771636672769267,0.3203357756137848,0.3332342505455017,0.7685772322964097,2.0,16.0,8.0,4.526803761720657
04_2-1_215_752,2-1,215,752,750,0.26023030504779043,0.6688595414161682,0.034057431628601746,0.26023030504779043,0.24025538563728333,0.10282784700393677,0.18166446864908056,1.0,1.0,6.0,0.6563308835029602
04_2-1_215_800,2-1,215,800,795,0.18237332934560307,0.7718340158462524,0.0021707529776965368,0.18237332934560307,0.625060647726059,0.20809027552604675,0.3691221039684658,1.0,2.0,6.0,0.4056149870157242
04_2-1_216_195,2-1,216,195,190,0.525126939844774,0.5384466052055359,0.17799974065998286,0.525126939844774,0.2564624845981598,0.41541408747434616,3.3764576644848696,6.0,,14.0,10.943325512111187
04_2-1_216_600,2-1,216,600,595,0.40535307264498754,0.5391556620597839,0.017874320966271843,0.40535307264498754,0.23365844786167145,0.3981875777244568,2.824664743100786,4.0,,16.0,6.797273863106966
04_2-1_216_626,2-1,216,626,621,0.3075110456518719,0.8129295706748962,0.016008481144836936,0.3075110456518719,0.29548317193984985,0.2234075963497162,0.37896398451550284,0.0,35.0,11.0,3.9989428520202637
04_2-1_217_59,2-1,217,59,54,0.13013765413166162,0.5141378045082092,0.003110054230148409,0.13013765413166162,0.19127997756004333,0.2123698741197586,0.7037522968275177,0.0,8.0,3.0,1.402361512184143
04_2-1_217_122,2-1,217,122,120,0.2679503178469026,0.47967270016670227,0.18753365631905017,0.2679503178469026,0.19111789762973785,0.24176770448684692,1.016236350127719,0.0,15.0,9.0,2.361647307872772
04_2-1_217_183,2-1,217,183,181,0.1548665186087093,0.4997658133506775,0.030954249226600266,0.1548665186087093,0.5175453796982765,0.1526869535446167,0.4399200620571776,0.0,7.0,1.0,0.10087405517697334
04_2-1_217_210,2-1,217,210,207,0.2487283903270916,0.6492499709129333,0.21244674445511497,0.2487283903270916,0.6581635475158691,0.27915968000888824,0.754301549837921,1.0,1.0,8.0,1.3618287295103073
04_2-1_217_229,2-1,217,229,224,0.1801238057534351,0.7290023565292358,0.0025886702229412457,0.1801238057534351,0.5467785000801086,0.2863575965166092,0.6469241757395721,2.0,3.0,7.0,2.2629107236862183
04_2-1_217_263,2-1,217,263,258,0.19630322977157588,0.8392075896263123,0.009305200484473997,0.19630322977157588,0.37383151054382324,0.3666348457336426,0.7758273207075023,1.0,4.0,5.0,1.8444583117961884
04_2-1_217_318,2-1,217,318,314,0.20128678025879443,0.6578941941261292,0.0051664973058365244,0.20128678025879443,0.3353801667690277,0.22094811499118805,0.5056644870886989,1.0,1.0,5.0,0.8092843890190125
04_2-1_217_355,2-1,217,355,352,0.25647743625613273,0.7285366058349609,0.0811136574307456,0.25647743625613273,0.4547612965106964,0.24326734244823456,0.5013038343917676,0.0,1.0,5.0,1.4776266068220139
04_2-1_217_374,2-1,217,374,379,0.22806897274142413,0.7903525829315186,0.1274369297295915,0.22806897274142413,0.6511929631233215,0.237074077129364,0.428489584618237,1.0,5.0,10.0,3.279371351003647
04_2-1_217_471,2-1,217,471,466,0.2741969788893039,0.8070096969604492,0.0857856695115437,0.2741969788893039,0.5076713263988495,0.38599126040935516,0.9168037000263572,2.0,9.0,11.0,3.2688238322734833
04_2-1_217_495,2-1,217,495,494,0.17693037380337973,0.6426841020584106,0.15304729493406224,0.17693037380337973,0.2905178666114807,0.08583027124404907,0.1541342925099896,0.0,1.0,4.0,0.13713307678699493
04_2-1_217_587,2-1,217,587,586,0.18401532711243468,0.4072798788547516,0.03794529138635964,0.18401532711243468,0.5401276536285877,0.1759779155254364,0.7608146208205271,0.0,10.0,7.0,1.1639299970120192
04_2-1_217_641,2-1,217,641,637,0.20126959639707678,0.5879645347595215,0.006158967264738916,0.20126959639707678,0.5123310387134552,0.23598477244377136,0.6704498318061728,0.0,1.0,6.0,2.432325914502144
04_2-1_217_669,2-1,217,669,665,0.24313428918935837,0.6808569431304932,0.05913860224274532,0.24313428918935837,0.5228776931762695,0.2470523715019226,0.5695015397704297,0.0,3.0,7.0,1.048492431640625
04_2-1_217_747,2-1,217,747,743,0.2699855213652652,0.641357958316803,0.21545208406707111,0.2699855213652652,0.41728639602661133,0.2872462719678879,0.8111742228265716,1.0,8.0,8.0,3.28250889480114
04_2-1_217_813,2-1,217,813,808,0.2613600609787332,0.7443815469741821,0.05718845814532107,0.2613600609787332,0.2382553219795227,0.3632543534040451,0.9531053137440247,2.0,1.0,5.0,2.6071786284446716
04_2-1_218_49,2-1,218,49,54,0.17878637033249836,0.9035104513168335,0.01545611621654147,0.17878637033249836,0.28418511152267456,0.15491744875907898,0.20694482613351303,1.0,1.0,4.0,-0.07207465171813965
04_2-1_218_100,2-1,218,100,96,0.12892808452508364,0.7875542044639587,0.010826487762664294,0.12892808452508364,0.24475562572479248,0.0712759792804718,0.09950878970558297,1.0,3.0,3.0,-1.0451095402240753
04_2-1_218_126,2-1,218,126,123,0.1549223764394057,0.748675525188446,0.005138856954604199,0.1549223764394057,0.1643378734588623,0.061948686838150024,0.09020862936850926,1.0,1.0,3.0,0.16673576831817627
04_2-1_218_183,2-1,218,183,188,0.1572441561317902,0.7603229284286499,0.0037506102539476764,0.1572441561317902,0.2860456705093384,0.10832971334457397,0.16615159611838082,1.0,3.0,4.0,0.22649839520454407
04_2-1_218_254,2-1,218,254,251,0.1603604593226044,0.790519118309021,0.0011582903257168393,0.1603604593226044,0.23997020721435547,0.1664614975452423,0.26674058934095146,0.0,20.0,9.0,1.663616269826889
04_2-1_218_327,2-1,218,327,322,0.18665449168135684,0.779608428478241,0.022684052865509403,0.18665449168135684,0.1875050663948059,0.177719384431839,0.29526934605265537,1.0,8.0,9.0,1.0999391973018646
04_2-1_218_348,2-1,218,348,348,0.1928108306909346,0.792873203754425,0.005953643273471182,0.1928108306909346,0.3150755763053894,0.14330986142158508,0.22062492151558682,0.0,1.0,9.0,0.7594196200370789
04_2-1_218_431,2-1,218,431,429,0.23030940510020853,0.49763408303260803,0.10913272772545775,0.23030940510020853,0.2534031569957733,0.09100957214832306,0.22381723116101596,1.0,2.0,4.0,0.7800907045602798
04_2-1_218_475,2-1,218,475,470,0.14522685272651809,0.5638378262519836,0.01831390729340177,0.14522685272651809,0.35790300369262695,0.07338951528072357,0.14963761448252627,0.0,2.0,4.0,-0.5097485780715942
04_2-1_218_668,2-1,218,668,663,0.301619155779316,0.5240767002105713,0.3788804217366903,0.301619155779316,0.2853611707687378,0.33531756699085236,1.7764309534126588,4.0,,16.0,5.8369661793112755
04_2-1_218_695,2-1,218,695,699,0.20056484644193445,0.6791349053382874,0.024334780760661635,0.20056484644193445,0.2634538412094116,0.1407768726348877,0.2614930289568961,1.0,1.0,5.0,1.4088975489139557
04_2-1_218_724,2-1,218,724,729,0.16383719752956322,0.741411566734314,0.00326479902078262,0.16383719752956322,0.24464130401611328,0.10469180345535278,0.16442367505009414,0.0,1.0,8.0,0.5154444873332977
04_2-1_218_802,2-1,218,802,797,0.17044619502744424,1.0,0.0011412576070125142,0.17044619502744424,0.33108043670654297,0.297584593296051,0.42365897794362545,0.0,5.0,3.0,1.4269478023052216
04_2-1_218_853,2-1,218,853,849,0.15108637174188796,0.763676106929779,0.0035278561786833396,0.15108637174188796,0.31979864835739136,0.08027112483978271,0.11745762314213266,0.0,6.0,4.0,-0.02327290177345276
04_2-1_219_69,2-1,219,69,64,0.2545811701788141,0.6981745958328247,0.007899814104717054,0.2545811701788141,0.16007623076438904,0.18751531839370728,0.3672024120154431,2.0,30.0,12.0,2.809071496129036
04_2-1_219_157,2-1,219,157,154,0.4357404125677111,0.6265902519226074,0.23084557676419526,0.4357404125677111,0.5592588484287262,0.3593338280916214,1.3445283108287998,1.0,,12.0,5.817326098680496
04_2-1_219_216,2-1,219,216,212,0.25538485918444237,0.7540319561958313,0.013427873700506195,0.25538485918444237,0.277498722076416,0.0882997214794159,0.13263549047918533,0.0,1.0,7.0,0.3587454557418823
04_2-1_219_279,2-1,219,279,275,0.2648913574733892,0.7946639657020569,0.0074392336169944425,0.2648913574733892,0.40810805559158325,0.17656952142715454,0.2856675433060904,1.0,1.0,7.0,1.4403613656759262
04_2-1_219_325,2-1,219,325,328,0.12864221911517887,0.7146866321563721,0.00882994304120043,0.12864221911517887,0.4682442545890808,0.08721736073493958,0.13899861667705643,0.0,1.0,2.0,-1.1644514799118042
04_2-1_219_364,2-1,219,364,361,0.2936949669787666,0.7313799858093262,0.004559664003447227,0.2936949669787666,0.7277968525886536,0.13342657685279846,0.2231387510368702,0.0,19.0,7.0,1.4217703640460968
04_2-1_219_436,2-1,219,436,432,0.29293736376451535,0.648277223110199,0.0031847025079203956,0.29293736376451535,0.5273651331663132,0.21017539501190186,0.4797409678115854,0.0,13.0,10.0,2.2443177849054337
04_2-1_219_511,2-1,219,511,506,0.27008069716372857,0.5217822790145874,0.004463542385995119,0.27008069716372857,0.44699811935424805,0.18493640422821045,0.5490238060522326,0.0,31.0,7.0,2.804306484758854
04_2-1_219_590,2-1,219,590,585,0.2840866736179157,0.468744695186615,0.043260854189580526,0.2840866736179157,0.2705917954444885,0.32472625374794006,2.254754672416123,3.0,7.0,9.0,3.842132270336151
04_2-1_219_640,2-1,219,640,636,0.36388161265378716,0.6039021611213684,0.17174835706592664,0.36388161265378716,0.39666232466697693,0.2854633182287216,0.8964462866264026,2.0,,12.0,5.932620398700237
04_2-1_219_709,2-1,219,709,705,0.3312832602322091,0.7959925532341003,0.013130810112133264,0.3312832602322091,0.4007159471511841,0.3446441888809204,0.7635879867977907,1.0,3.0,6.0,2.1912603229284286
04_2-1_219_795,2-1,219,795,795,0.36749325268676236,0.5754203796386719,0.06854361599824409,0.36749325268676236,0.3446752429008484,0.23374658823013306,0.6841220898639037,0.0,1.0,4.0,1.5576306581497192
04_2-1_219_846,2-1,219,846,841,0.31852489976117077,0.7497434020042419,0.00026723172200055005,0.31852489976117077,0.37448403239250183,0.16235798597335815,0.2764079283249035,0.0,14.0,5.0,1.684316724538803
04_2-1_220_136,2-1,220,136,134,0.2627573221240156,0.4174889922142029,0.036686314514075946,0.2627573221240156,0.32697417587041855,0.26855842769145966,1.8032458854370892,1.0,,5.0,3.5718552684411407
04_2-1_220_171,2-1,220,171,166,0.29022051256306725,0.7876040935516357,0.005209174790306709,0.29022051256306725,0.4198142886161804,0.41790248453617096,1.1303777812843923,1.0,26.0,5.0,3.23821984231472
04_2-1_220_236,2-1,220,236,233,0.27213549386727043,0.6164162755012512,0.0025383737061032835,0.27213549386727043,0.45014093816280365,0.26518043875694275,0.7549925463613439,2.0,1.0,10.0,1.4439173750579357
04_2-1_220_272,2-1,220,272,268,0.3009634772663236,0.789056658744812,0.0337961869098156,0.3009634772663236,0.6671894192695618,0.28153830766677856,0.5547352269504254,1.0,2.0,7.0,2.1005551666021347
04_2-1_220_363,2-1,220,363,362,0.27874417393938267,0.5355439186096191,0.010168632829396769,0.27874417393938267,0.19175773859024048,0.2510431259870529,0.8823986874444318,0.0,2.0,9.0,2.483337625861168
04_2-1_220_414,2-1,220,414,411,0.22677955576923917,0.6444001793861389,0.0202622616895637,0.22677955576923917,0.6119078397750854,0.18462762236595154,0.40156294573676576,2.0,1.0,5.0,1.1504132896661758
04_2-1_220_439,2-1,220,439,434,0.30149119603342633,0.9344802498817444,0.028902182749584712,0.30149119603342633,0.5402982532978058,0.38931575417518616,0.7141252910658004,0.0,13.0,10.0,3.924391031265259
04_2-1_220_481,2-1,220,481,476,0.1826581965125133,0.7775564789772034,0.0005794508147745646,0.1826581965125133,0.2174355387687683,0.07920968532562256,0.11342457078014717,1.0,1.0,3.0,-0.32388532161712646
04_2-1_220_574,2-1,220,574,570,0.2739644423578513,0.6105129718780518,0.03270800612357937,0.2739644423578513,0.403635174036026,0.26317182183265686,0.7576753338850357,2.0,6.0,4.0,1.3930237516760826
04_2-1_220_656,2-1,220,656,654,0.2471097225938882,0.514504611492157,0.028684170978323906,0.2471097225938882,0.31900592148303986,0.2700166031718254,1.1044165520709135,1.0,2.0,10.0,1.9266578033566475
04_2-1_220_696,2-1,220,696,693,0.21827551846009302,0.6779868602752686,0.008893806918097236,0.21827551846009302,0.23653602600097656,0.23064938187599182,0.5156048688371306,1.0,1.0,7.0,2.559902384877205
04_2-1_220_720,2-1,220,720,720,0.2036826927814274,0.7998698353767395,0.004182262314284717,0.2036826927814274,0.43758124113082886,0.22310250997543335,0.3868154455875286,0.0,4.0,9.0,2.4258099645376205
04_2-1_220_760,2-1,220,760,757,0.2754351196048275,1.0,0.049522680334050946,0.2754351196048275,0.32463473081588745,0.3697477877140045,0.5866663861010306,0.0,7.0,8.0,2.440172702074051
04_2-1_220_853,2-1,220,853,848,0.16759074575572921,0.770637035369873,0.012336032462484811,0.16759074575572921,0.5824512243270874,0.13165882229804993,0.20604587074278083,2.0,1.0,7.0,-0.2649970203638077
04_2-1_222_158,2-1,222,158,155,0.37306723853777735,0.4803350567817688,0.11645003870603059,0.37306723853777735,0.12762514501810074,0.287819467484951,1.4950449910900208,5.0,,13.0,5.168064344674349
04_2-1_222_264,2-1,222,264,259,0.39135789894555273,0.45986607670783997,0.18726061153226492,0.39135789894555273,0.14398442208766937,0.15045858919620514,0.48627972905971567,5.0,,10.0,4.930371105670929
04_2-1_222_361,2-1,222,361,357,0.3630284248517157,0.6367495059967041,0.16472900103295415,0.3630284248517157,0.475859597325325,0.27030450105667114,0.7376400207744822,4.0,,10.0,5.545710906386375
04_2-1_222_403,2-1,222,403,398,0.12137079784203927,0.7682502269744873,0.0029602119571140884,0.12137079784203927,0.3683892488479614,0.0776650607585907,0.11246268318238158,0.0,2.0,3.0,-0.8538330793380737
04_2-1_222_605,2-1,222,605,600,0.38867323772761775,0.5026224255561829,0.14713920294733857,0.38867323772761775,0.4991413503885269,0.3565136790275574,2.4400570636454644,2.0,,16.0,5.505812828429043
04_2-1_222_685,2-1,222,685,682,0.2994616920266277,0.6343933343887329,0.053777263310763615,0.2994616920266277,0.49088987708091736,0.20514555275440216,0.4779187255745968,2.0,,11.0,3.805359050631523
04_2-1_222_779,2-1,222,779,780,0.334176627543572,0.7350195050239563,0.1424532217259787,0.334176627543572,0.30861349403858185,0.3069371432065964,0.7170048817324322,0.0,1.0,10.0,2.327801078557968
04_2-1_222_850,2-1,222,850,846,0.12281014679911835,0.9007975459098816,0.014206532071465397,0.12281014679911835,0.467769980430603,0.2489340603351593,0.38188066342707316,0.0,1.0,2.0,-0.9910463988780975
04_2-1_224_133,2-1,224,133,128,0.34756108533821495,0.5740804672241211,0.052887858139665775,0.34756108533821495,0.39034798741340637,0.2477172464132309,0.75902316994466,7.0,,12.0,5.897980481386185
04_2-1_224_271,2-1,224,271,266,0.42219850086055477,0.5618621110916138,0.12661296351329646,0.42219850086055477,0.3531509544700384,0.3072284758090973,1.2065510334808154,5.0,,10.0,6.3598707020282745
04_2-1_224_439,2-1,224,439,434,0.46120830895541315,0.593468964099884,0.20880469921260802,0.46120830895541315,0.15941964462399483,0.4660586901009083,3.657936487167863,8.0,,15.0,9.019798189401627
04_2-1_224_536,2-1,224,536,531,0.32671697288249313,0.6565666198730469,0.025944409685646208,0.32671697288249313,0.32869952917099,0.22785180807113647,0.5314764076227355,5.0,,11.0,5.325657978653908
04_2-1_224_673,2-1,224,673,668,0.3743628291070674,0.7023881673812866,0.04275788385427374,0.3743628291070674,0.31456658244132996,0.4332973062992096,1.6102267633944172,4.0,,16.0,5.726711951196194
04_2-1_224_760,2-1,224,760,756,0.31074827850928793,0.6426748633384705,0.014223740083922621,0.31074827850928793,0.3858911991119385,0.20800182223320007,0.4785247819931524,2.0,,7.0,3.059483528137207
04_2-1_225_70,2-1,225,70,65,0.17421068048494165,0.6215720176696777,0.0008162683082138719,0.17421068048494165,0.5191402733325958,0.12079857289791107,0.2412239989142524,0.0,3.0,2.0,0.08365780115127563
04_2-1_225_134,2-1,225,134,132,0.1898106132856124,0.3506579101085663,0.0027723675601863526,0.1898106132856124,0.37705786526203156,0.11958111077547073,0.5174950973900907,0.0,2.0,6.0,0.21191228926181793
04_2-1_225_169,2-1,225,169,165,0.3998952049918997,0.7235739231109619,0.0336388027391611,0.3998952049918997,0.41129133105278015,0.3943413496017456,1.1977592174387528,1.0,37.0,15.0,5.428727522492409
04_2-1_225_217,2-1,225,217,212,0.3136822212174251,0.6478667855262756,0.009184231667156312,0.3136822212174251,0.24574699997901917,0.13917946815490723,0.27360514682008263,0.0,31.0,6.0,2.6994777768850327
04_2-1_225_276,2-1,225,276,272,0.23989897575623242,0.534530758857727,0.008463972126689933,0.23989897575623242,0.24254238605499268,0.12615811824798584,0.30892891859655225,1.0,4.0,4.0,1.5518966913223267
04_2-1_225_315,2-1,225,315,310,0.33786062098626857,0.5673862099647522,0.07409947734229479,0.33786062098626857,0.526781439781189,0.18009009957313538,0.4649933080686924,0.0,26.0,8.0,2.3784755170345306
04_2-1_225_348,2-1,225,348,344,0.25592226453729444,0.6410447359085083,0.028617054477949398,0.25592226453729444,0.389689177274704,0.05725759267807007,0.09807957119649821,0.0,1.0,4.0,0.8456122875213623
04_2-1_225_390,2-1,225,390,385,0.2368440403548845,0.6093528866767883,0.004783915713427034,0.2368440403548845,0.3528545945882797,0.16487669944763184,0.3709460803186451,1.0,7.0,4.0,-0.548485517501831
04_2-1_225_440,2-1,225,440,435,0.39055366615382914,0.808763861656189,0.0022504514640235562,0.39055366615382914,0.30194059014320374,0.5266808420419693,1.8671128902486394,4.0,41.0,16.0,6.351423196494579
04_2-1_225_495,2-1,225,495,492,0.20844068836259644,0.6542576551437378,0.008726177838512924,0.20844068836259644,0.389007568359375,0.20891273021697998,0.46910320186389937,1.0,1.0,5.0,0.3621263951063156
04_2-1_225_534,2-1,225,534,529,0.1480469042360654,0.5632998943328857,0.004828606152325394,0.1480469042360654,0.33753636479377747,0.1924760490655899,0.5190498171088487,0.0,7.0,9.0,1.1189647763967514
04_2-1_225_566,2-1,225,566,561,0.23961092040297985,0.4631219208240509,0.0011510109650206296,0.23961092040297985,0.1563541442155838,0.11993150413036346,0.3494605277320655,2.0,13.0,6.0,1.5691518485546112
04_2-1_225_590,2-1,225,590,585,0.29362391070214,0.7515180706977844,0.04688712760333703,0.29362391070214,0.3438866138458252,0.3006659597158432,0.6668837793861108,3.0,44.0,11.0,3.2436801195144653
04_2-1_225_637,2-1,225,637,638,0.25391343308654213,0.7686456441879272,0.0014161214975012544,0.25391343308654213,0.313778817653656,0.13419392704963684,0.21151164607910866,0.0,5.0,6.0,1.6454212963581085
04_2-1_225_704,2-1,225,704,701,0.2815872374432477,0.6583951115608215,0.008198295197823939,0.2815872374432477,0.45262689888477325,0.27033230662345886,0.6966199882699227,1.0,24.0,10.0,0.9610845819115639
04_2-1_225_773,2-1,225,773,769,0.16385580478411227,0.49871405959129333,0.002664774399640488,0.16385580478411227,0.27097249031066895,0.2752574384212494,1.231815987281874,1.0,2.0,7.0,1.252832554280758
04_2-1_225_815,2-1,225,815,810,0.34277699398515654,0.4878906309604645,0.009953915930222774,0.34277699398515654,0.25761696696281433,0.2803816795349121,1.3511787207671577,4.0,41.0,18.0,5.532593786716461
04_2-1_226_52,2-1,226,52,48,0.24028417190588336,0.7695876955986023,0.005823700389046751,0.24028417190588336,0.3556617200374603,0.2785155028104782,0.5671579594624804,0.0,7.0,6.0,1.318914219737053
04_2-1_226_114,2-1,226,114,112,0.1812976744951179,0.7351716756820679,0.003216372771319613,0.1812976744951179,0.20663905143737793,0.1864185333251953,0.33971292177851636,2.0,1.0,6.0,1.991158366203308
04_2-1_226_166,2-1,226,166,170,0.17202591380286736,0.8173078894615173,0.006288570707540905,0.17202591380286736,0.46301984786987305,0.1771562099456787,0.2767409906346977,2.0,3.0,2.0,1.8028914034366608
04_2-1_226_197,2-1,226,197,197,0.20822972128371417,0.7785922884941101,0.05407787655983864,0.20822972128371417,0.17393553256988525,0.08675703406333923,0.12540129099769756,0.0,1.0,1.0,-0.4878000020980835
04_2-1_226_273,2-1,226,273,271,0.29229849376097977,0.5768769979476929,0.06956035711628111,0.29229849376097977,0.43824602663517,0.25257641077041626,0.7788342690614593,0.0,1.0,11.0,1.4641461372375488
04_2-1_226_294,2-1,226,294,290,0.29798368771090006,0.7775493860244751,0.07425889625990877,0.29798368771090006,0.3403117060661316,0.32040514051914215,0.7008841162704833,2.0,26.0,8.0,4.024667516350746
04_2-1_226_322,2-1,226,322,323,0.24755716710186754,0.7416187524795532,0.039344682951926044,0.24755716710186754,0.3658182621002197,0.10906997323036194,0.17242934744071975,0.0,1.0,7.0,1.256484180688858
04_2-1_226_368,2-1,226,368,365,0.1508698541055227,0.8767389059066772,0.0013106124311685976,0.1508698541055227,0.184251606464386,0.2337878942489624,0.3636169630500917,0.0,1.0,6.0,1.2232742607593536
04_2-1_226_392,2-1,226,392,387,0.13402217531143534,0.8430373072624207,0.017693026177350572,0.13402217531143534,0.3403787612915039,0.19197604060173035,0.2948663212394439,0.0,2.0,6.0,-0.051011621952056885
04_2-1_226_446,2-1,226,446,441,0.12882768121719965,0.5846973061561584,0.02765024511666669,0.12882768121719965,0.3480938971042633,0.06142091751098633,0.1173775825620811,0.0,6.0,2.0,-0.529089167714119
04_2-1_226_484,2-1,226,484,481,0.10670811747054477,0.5104882121086121,0.0008640451144036409,0.10670811747054477,0.2780468463897705,0.10966786742210388,0.27360853528499884,0.0,2.0,3.0,0.23304235935211182
04_2-1_226_574,2-1,226,574,570,0.3098838487557498,0.5490572452545166,0.3760099994691459,0.3098838487557498,0.4513612575829029,0.4502883777022362,4.559011243739219,3.0,,13.0,4.621881432831287
04_2-1_226_618,2-1,226,618,613,0.24163754640472224,0.5819215774536133,0.05289886201741189,0.24163754640472224,0.3950759172439575,0.19384397566318512,0.49949797352093983,1.0,13.0,6.0,2.0908455178141594
04_2-1_226_653,2-1,226,653,650,0.19976037756580162,0.62843257188797,0.004188056789731797,0.19976037756580162,0.25045615434646606,0.12301674485206604,0.24339709655219627,1.0,16.0,9.0,2.243449866771698
04_2-1_226_677,2-1,226,677,675,0.10761628655697168,0.6750895977020264,0.03918968451307767,0.10761628655697168,0.42504769563674927,0.09443607926368713,0.16263757346665503,0.0,2.0,4.0,-0.6409112513065338
04_2-1_226_722,2-1,226,722,720,0.24338323609269516,0.6428228616714478,0.008989400579555556,0.24338323609269516,0.28560519218444824,0.17449353635311127,0.3725872520037116,0.0,2.0,8.0,2.032560423016548
04_2-1_226_775,2-1,226,775,773,0.21465262621149836,0.6143313646316528,0.032206339779775196,0.21465262621149836,0.23908165097236633,0.19307109713554382,0.45831784298842554,0.0,2.0,7.0,0.6348109394311905
04_2-1_226_802,2-1,226,802,798,0.19837543801931035,0.634909987449646,0.014747199156957498,0.19837543801931035,0.3261756896972656,0.13341569900512695,0.2660363279887821,2.0,12.0,5.0,1.6941483616828918
04_2-1_226_840,2-1,226,840,840,0.20512128273954078,0.7092384099960327,0.04899032909247049,0.20512128273954078,0.18871355056762695,0.13427689671516418,0.23354066944228657,1.0,1.0,4.0,-0.34829649329185486
04_2-1_227_88,2-1,227,88,89,0.07833914819325855,0.4062648415565491,0.0076724239369354045,0.07833914819325855,0.2450515478849411,0.10069955885410309,0.32955170156605296,2.0,1.0,8.0,0.31359414756298065
04_2-1_227_150,2-1,227,150,147,0.3701543831084526,0.5598588585853577,0.006253302627943546,0.3701543831084526,0.3215091824531555,0.3296055570244789,1.4314911221254802,3.0,,12.0,4.679900571703911
04_2-1_227_185,2-1,227,185,183,0.23797376973668255,0.781192421913147,0.0029894843494405634,0.23797376973668255,0.2840377688407898,0.1329098343849182,0.20501836227265752,1.0,25.0,9.0,2.2525381445884705
04_2-1_227_315,2-1,227,315,311,0.42890865017558266,0.7202169299125671,0.08310871589612458,0.42890865017558266,0.5811964273452759,0.33673983812332153,0.8781224363420115,2.0,,15.0,6.226562976837158
04_2-1_227_485,2-1,227,485,480,0.4603941831120859,0.5794943571090698,0.19233386265460845,0.4603941831120859,0.3393549621105194,0.3571038097143173,1.6057508464172408,6.0,,14.0,8.015016369521618
04_2-1_227_570,2-1,227,570,573,0.1356717789948775,0.4967479407787323,0.0036049150780123516,0.1356717789948775,0.16599798202514648,0.042998284101486206,0.0947621303261306,0.0,1.0,3.0,-1.18186454474926
04_2-1_227_669,2-1,227,669,665,0.32058027667445355,0.532834529876709,0.023088358268643756,0.32058027667445355,0.2574272006750107,0.37435948848724365,2.3622614968575695,4.0,,9.0,4.442302010953426
04_2-1_227_720,2-1,227,720,716,0.21869519972835358,0.5853335857391357,0.003989545651147937,0.21869519972835358,0.19367367029190063,0.21255269646644592,0.5701813118187056,0.0,2.0,7.0,0.90275938808918
04_2-1_227_739,2-1,227,739,737,0.27301909279788883,0.6328897476196289,0.0018545127856023197,0.27301909279788883,0.2311086356639862,0.2482764571905136,0.645522303489591,3.0,41.0,11.0,4.556415483355522
04_2-1_227_785,2-1,227,785,783,0.18007046917302438,0.7086960077285767,0.027119301546697675,0.18007046917302438,0.35760626196861267,0.1483236849308014,0.26468774223227975,0.0,1.0,8.0,-0.4925006031990051
04_2-1_227_822,2-1,227,822,820,0.2044558547767659,0.728772759437561,0.005182900406767627,0.2044558547767659,0.2683483958244324,0.19625240564346313,0.36853503203249444,0.0,1.0,6.0,0.730041891336441
04_2-1_230_84,2-1,230,84,81,0.22698264748282598,0.7723171710968018,0.000663735745111333,0.22698264748282598,0.3088865876197815,0.09361544251441956,0.13793311343107376,0.0,7.0,4.0,0.8173827081918716
04_2-1_230_190,2-1,230,190,185,0.3485098444581465,0.5484779477119446,0.01426892631231625,0.3485098444581465,0.20441073179244995,0.2583492398262024,0.8904642415735877,4.0,,16.0,4.708647087216377
04_2-1_230_222,2-1,230,222,218,0.22204740014039615,0.8969407081604004,0.006171386779463846,0.22204740014039615,0.28640228509902954,0.28882721066474915,0.47495609266067085,1.0,18.0,3.0,1.9358357787132263
04_2-1_230_261,2-1,230,261,260,0.1369057122864236,0.7506413459777832,0.001978127591269345,0.1369057122864236,0.18363100290298462,0.058798760175704956,0.08498863958704915,0.0,1.0,2.0,-0.8595977425575256
04_2-1_230_303,2-1,230,303,300,0.18729523530984954,0.7104990482330322,0.00476930492936071,0.18729523530984954,0.3660256266593933,0.11456999182701111,0.19225441450693714,0.0,5.0,5.0,0.4629417061805725
04_2-1_230_494,2-1,230,494,489,0.4215037910108092,0.4640848934650421,0.1100225967485736,0.4215037910108092,0.20139364153146744,0.3714342750608921,4.008977829383325,5.0,,14.0,7.483628612011671
04_2-1_230_574,2-1,230,574,571,0.3625922497831048,0.5372414588928223,0.053125103202014384,0.3625922497831048,0.35826417803764343,0.22480696439743042,0.7195331128866315,1.0,,14.0,3.6549669355154037
04_2-1_230_720,2-1,230,720,715,0.3828044687457284,0.3967914283275604,0.11029810443581159,0.3828044687457284,0.154452882707119,0.27157681435346603,2.1688907207720374,5.0,,13.0,6.341721802949905
04_2-1_230_821,2-1,230,821,818,0.41097157173958254,0.4147777557373047,0.056440544181471514,0.41097157173958254,0.2715546786785126,0.2509939670562744,1.5324713701982213,2.0,,11.0,5.394473355263472
04_2-1_232_141,2-1,232,141,139,0.20174534934665966,0.6208181977272034,0.004650505281191109,0.20174534934665966,0.3778824806213379,0.18494552373886108,0.4243108934693336,0.0,5.0,2.0,1.5539148598909378
04_2-1_232_209,2-1,232,209,204,0.24772861751087297,0.7402335405349731,0.0360619174984884,0.24772861751087297,0.41388577222824097,0.21348464488983154,0.40528731366083615,2.0,6.0,4.0,1.9840400665998459
04_2-1_232_249,2-1,232,249,245,0.24888330322669772,0.7597270011901855,0.1299775468532615,0.24888330322669772,0.1959657073020935,0.1154312789440155,0.1791588473404639,2.0,10.0,11.0,-0.10134600102901459
04_2-1_232_270,2-1,232,270,275,0.20312517340361513,0.7669665813446045,0.05024475211791212,0.20312517340361513,0.4114797115325928,0.1140516996383667,0.1746808088373169,0.0,1.0,6.0,-0.6506303250789642
04_2-1_232_324,2-1,232,324,320,0.17753998876669974,0.7677469253540039,0.026580220454109592,0.17753998876669974,0.266421914100647,0.23110619187355042,0.43065346600635596,0.0,2.0,3.0,-0.44478319585323334
04_2-1_232_390,2-1,232,390,386,0.19502070040532687,0.6339815258979797,0.007609927215248508,0.19502070040532687,0.39651769399642944,0.20150873064994812,0.46594544874060556,2.0,2.0,5.0,0.541841983795166
04_2-1_232_458,2-1,232,458,461,0.13000606485973612,0.5356626510620117,0.018389735252388767,0.13000606485973612,0.5368372350931168,0.20396126806735992,0.6148942347661195,2.0,3.0,4.0,1.0255943462252617
04_2-1_232_532,2-1,232,532,528,0.15668219517222282,0.5506501793861389,0.012634390373452781,0.15668219517222282,0.3975644111633301,0.16720421612262726,0.43605679063498504,1.0,1.0,8.0,0.29347988963127136
04_2-1_232_649,2-1,232,649,646,0.22632021169481054,0.5375737547874451,0.08744450100537593,0.22632021169481054,0.6330264136195183,0.29376373440027237,1.204887862827675,0.0,10.0,7.0,1.041331883519888
04_2-1_232_691,2-1,232,691,696,0.10346452290523059,0.5407639741897583,0.009583371214326094,0.10346452290523059,0.20196563005447388,0.2337217926979065,0.7612041823123542,0.0,1.0,6.0,0.5662191957235336
04_2-1_232_750,2-1,232,750,745,0.17863342554379397,0.48388296365737915,0.04577024141204636,0.17863342554379397,0.44784344732761383,0.17045770585536957,0.5438544010484552,0.0,10.0,7.0,1.3563185036182404
04_2-1_232_786,2-1,232,786,782,0.15287375753630733,0.5754983425140381,0.015644443819913603,0.15287375753630733,0.3169519007205963,0.1920083910226822,0.5006868896459473,2.0,1.0,7.0,0.814445286989212
04_2-1_232_844,2-1,232,844,839,0.21703062880604612,0.6968680620193481,0.07101639713133369,0.21703062880604612,0.43213680386543274,0.1627485454082489,0.30470435987971706,2.0,8.0,5.0,1.7746997326612473
04_2-1_233_49,2-1,233,49,45,0.3664305393586372,0.8430688381195068,0.006546140877843812,0.3664305393586372,0.17194408178329468,0.32920041680336,0.6406317320690665,2.0,49.0,15.0,3.5968241095542908
04_2-1_233_122,2-1,233,122,118,0.3934396715992621,0.7298651337623596,0.011328393343771188,0.3934396715992621,0.31864845752716064,0.2305595427751541,0.46176038669885855,3.0,48.0,14.0,4.0726654678583145
04_2-1_233_276,2-1,233,276,272,0.4512618114926644,0.579655110836029,0.05796013778828841,0.4512618114926644,0.20201782882213593,0.47300316393375397,4.435016684385196,4.0,,16.0,8.34226003382355
04_2-1_233_325,2-1,233,325,321,0.35409253226941956,0.7696276307106018,0.002717607833159376,0.35409253226941956,0.13342657685279846,0.2866475135087967,0.593497544307866,1.0,49.0,15.0,4.090280652046204
04_2-1_233_386,2-1,233,386,381,0.3358916175120929,0.9060484766960144,5.702073795333698e-05,0.3358916175120929,0.2670745253562927,0.28192687034606934,0.45171785029982264,0.0,33.0,11.0,2.7552621960639954
04_2-1_233_448,2-1,233,448,443,0.31057091877254567,0.8190578818321228,0.007305945530522599,0.31057091877254567,0.2491161823272705,0.16029366850852966,0.24332479704660495,1.0,29.0,13.0,2.038209080696106
04_2-1_233_598,2-1,233,598,593,0.47398455833848363,0.5885542631149292,0.062467382147405,0.47398455833848363,0.23075780272483826,0.4916920065879822,5.076198141751878,2.0,,17.0,10.07282986107748
04_2-1_233_631,2-1,233,631,626,0.19968127546318326,0.8326002359390259,0.0034350511987599223,0.19968127546318326,0.2608546018600464,0.10771733522415161,0.14859963604869358,0.0,3.0,12.0,1.1152022778987885
04_2-1_233_714,2-1,233,714,710,0.3579024763882451,0.7093607783317566,0.0016559220075432234,0.3579024763882451,0.23507729172706604,0.26344484090805054,0.5907948534652332,1.0,,13.0,3.910484179854393
04_2-1_233_810,2-1,233,810,805,0.35519854535162465,0.6687136292457581,0.007417082097479762,0.35519854535162465,0.1719556748867035,0.3198401927947998,0.9167800106780566,4.0,,15.0,4.904419541358948
04_2-1_234_66,2-1,234,66,63,0.3712345915572272,0.6119468212127686,0.10010347066359657,0.3712345915572272,0.3044686019420624,0.18957370519638062,0.44882995154697586,2.0,,11.0,4.430417448282242
04_2-1_234_146,2-1,234,146,143,0.29323290101905397,0.7377314567565918,0.012090267186757812,0.29323290101905397,0.3427042067050934,0.1974615454673767,0.3654868452625569,0.0,22.0,11.0,3.246426224708557
04_2-1_234_212,2-1,234,212,208,0.23908517352834024,0.7896615266799927,0.011839832736630704,0.23908517352834024,0.31118547916412354,0.21301662921905518,0.3694069437829113,1.0,9.0,9.0,1.5677672922611237
04_2-1_234_228,2-1,234,228,223,0.20602893792472515,0.7855178117752075,0.021269381888668067,0.20602893792472515,0.26231735944747925,0.13540473580360413,0.20827874535709007,3.0,10.0,2.0,2.282176047563553
04_2-1_234_442,2-1,234,442,438,0.2731910943003537,0.3950798809528351,0.06545792712206547,0.2731910943003537,0.33970144763588905,0.26359469443559647,2.00474822615122,5.0,,10.0,4.266368467360735
04_2-1_234_593,2-1,234,593,589,0.25150652395764495,0.4183058738708496,0.048193767760625235,0.25150652395764495,0.18573777377605438,0.2072855457663536,0.9823013148937341,4.0,,9.0,2.800814613699913
04_2-1_234_657,2-1,234,657,653,0.30217795100119915,0.6473388075828552,0.00149398644056023,0.30217795100119915,0.35119181871414185,0.27700571715831757,0.747990725972576,2.0,30.0,13.0,3.097252607345581
04_2-1_234_755,2-1,234,755,750,0.31543634312850055,0.6996546983718872,0.0037337996438962778,0.31543634312850055,0.4308275282382965,0.23375871777534485,0.5017401469659292,0.0,29.0,12.0,3.3779295831918716
04_2-1_234_810,2-1,234,810,815,0.0927405522048734,0.5854636430740356,0.003407930526958754,0.0927405522048734,0.384453147649765,0.04018300771713257,0.07369234319284335,0.0,1.0,3.0,-1.4771611988544464
04_2-1_236_190,2-1,236,190,185,0.2829441954603797,0.4999261200428009,0.021357812535942065,0.2829441954603797,0.33794280886650085,0.2693991959095001,1.1686235650015513,4.0,13.0,12.0,3.6975714787840843
04_2-1_236_221,2-1,236,221,219,0.32034816836599533,0.6733811497688293,0.00670280102113167,0.32034816836599533,0.2569800913333893,0.21426458656787872,0.46668886235345275,1.0,15.0,6.0,2.6451771706342697
04_2-1_236_329,2-1,236,329,326,0.3195390618517525,0.524272084236145,0.16822533662795386,0.3195390618517525,0.31776273250579834,0.26009097695350647,0.984517703134781,0.0,,10.0,3.3284279257059097
04_2-1_236_354,2-1,236,354,359,0.22803759253928366,0.7525864243507385,0.01375676841518899,0.22803759253928366,0.5724654197692871,0.2407953441143036,0.4704953904297473,0.0,2.0,9.0,3.0451237857341766
04_2-1_236_457,2-1,236,457,455,0.28473823544205906,0.6855364441871643,0.03389011850442584,0.28473823544205906,0.7124698460102081,0.2512630224227905,0.5785825469169968,2.0,1.0,11.0,3.261464402079582
04_2-1_236_483,2-1,236,483,484,0.2446873031697428,0.7269327640533447,0.005289912621067751,0.2446873031697428,0.7585463523864746,0.09638941287994385,0.15286722586253476,0.0,1.0,4.0,0.9642100632190704
04_2-1_236_586,2-1,236,586,581,0.33327265635762676,0.7891652584075928,0.023482341116284625,0.33327265635762676,0.3978434354066849,0.3702418804168701,0.8837937911048482,2.0,28.0,11.0,3.263120658695698
04_2-1_236_676,2-1,236,676,672,0.06950818260817446,0.40619245171546936,0.011729122982432415,0.06950818260817446,0.3192637413740158,0.09388494491577148,0.30061699725964547,0.0,1.0,2.0,-0.9166950583457947
04_2-1_236_752,2-1,236,752,748,0.26851415320969835,0.6097904443740845,0.08986695892670359,0.26851415320969835,0.20974445343017578,0.3304154574871063,1.1826952053541455,2.0,,5.0,3.6455956548452377
04_2-1_236_801,2-1,236,801,804,0.19903034804823688,0.7709229588508606,0.008690059111415153,0.19903034804823688,0.31458836793899536,0.28380322456359863,0.5826149190585564,0.0,1.0,6.0,0.9656717032194138
04_2-1_237_803,2-1,237,803,798,0.3257887817689021,0.46474015712738037,1.0,0.3257887817689021,0.20766906440258026,0.33434849977493286,2.5641862874032793,5.0,,17.0,5.28142099827528
04_2-1_238_90,2-1,238,90,92,0.17245506169436625,0.7089142203330994,0.013898983708570197,0.17245506169436625,0.5033112466335297,0.06537523865699768,0.10158706856689151,0.0,1.0,3.0,-0.9656181782484055
04_2-1_238_159,2-1,238,159,155,0.21447559798118945,0.6134938597679138,0.0016884559082758208,0.21447559798118945,0.12230738997459412,0.1268349438905716,0.26062389848938705,4.0,2.0,5.0,2.3087612986564636
04_2-1_238_197,2-1,238,197,197,0.16686842339463676,0.6156963109970093,0.006303797455688515,0.16686842339463676,0.35933586955070496,0.07346606254577637,0.1354886835539271,0.0,1.0,5.0,0.16004019975662231
04_2-1_238_245,2-1,238,245,240,0.269660348472309,0.6896101832389832,0.10488077153083154,0.269660348472309,0.6840217709541321,0.26547567546367645,0.6259233111122314,3.0,26.0,12.0,3.3835366293787956
04_2-1_238_288,2-1,238,288,290,0.1806825700851099,0.6328750252723694,0.008334455637440749,0.1806825700851099,0.3386569321155548,0.14849050343036652,0.30655501308277006,0.0,1.0,6.0,-0.09500813484191895
04_2-1_238_341,2-1,238,341,338,0.2639374825491561,0.6374079585075378,0.08945503249548131,0.2639374825491561,0.7237809300422668,0.24250011146068573,0.6140675939313897,0.0,1.0,13.0,1.1236282140016556
04_2-1_238_393,2-1,238,393,389,0.2899048595146293,0.7086523175239563,0.1276105360948251,0.2899048595146293,0.44190746545791626,0.18968060612678528,0.36549315109320474,2.0,43.0,8.0,3.171878397464752
04_2-1_238_445,2-1,238,445,441,0.1290698567044357,0.6784250140190125,0.04328771865398016,0.1290698567044357,0.21850338578224182,0.024901211261749268,0.03810299052106334,0.0,1.0,3.0,-0.618596613407135
04_2-1_238_494,2-1,238,494,492,0.11679596477562718,0.6849949359893799,0.003815009568524841,0.11679596477562718,0.1845352053642273,0.20607225596904755,0.43028293410597906,0.0,2.0,4.0,0.414095476269722
04_2-1_238_537,2-1,238,537,534,0.2670050712825131,0.6608105301856995,0.07088836610520156,0.2670050712825131,0.11343738436698914,0.21297891438007355,0.4755781120922771,0.0,25.0,7.0,1.9502756148576736
04_2-1_238_589,2-1,238,589,585,0.1112497774517851,0.5764277577400208,0.02428101966715363,0.1112497774517851,0.28573086857795715,0.12720461189746857,0.28316575642799224,0.0,1.0,8.0,-0.5415966659784317
04_2-1_238_640,2-1,238,640,642,0.09809307560680355,0.39530134201049805,0.0012873128624249599,0.09809307560680355,0.3394429087638855,0.0728941559791565,0.22609345925704763,0.0,1.0,4.0,-0.7083157524466515
04_2-1_238_715,2-1,238,715,710,0.3531625976787669,0.4261325001716614,0.7333379841274755,0.3531625976787669,0.27687497437000275,0.24614334851503372,1.3675454673213363,3.0,,10.0,5.3935926631093025
04_2-1_238_806,2-1,238,806,806,0.15278385984404913,0.470534086227417,0.0044965389363575085,0.15278385984404913,0.31607936322689056,0.1471976339817047,0.4552460230182929,0.0,2.0,8.0,1.276691421866417
04_2-1_238_830,2-1,238,830,828,0.28075599625364994,0.6129055619239807,0.0649234597171175,0.28075599625364994,0.19402942061424255,0.2710413783788681,0.7928335035515685,1.0,41.0,14.0,4.036879017949104
04_2-1_239_71,2-1,239,71,67,0.25912954198888705,0.7745689749717712,0.03185475524010729,0.25912954198888705,0.2643623352050781,0.20414859056472778,0.3578914711768968,0.0,14.0,7.0,1.8297100365161896
04_2-1_239_126,2-1,239,126,127,0.24088708154978009,0.7701517343521118,0.008093581991872415,0.24088708154978009,0.5834550857543945,0.11757087707519531,0.18016292657708963,0.0,2.0,1.0,0.6013487279415131
04_2-1_239_338,2-1,239,338,334,0.36704373088542036,0.5284366607666016,0.2792771171289194,0.36704373088542036,0.19868029654026031,0.2995259091258049,1.3084833585965263,5.0,,11.0,6.105941727757454
04_2-1_239_526,2-1,239,526,521,0.39341557507983377,0.5102397203445435,0.47001861336839657,0.39341557507983377,0.23491740226745605,0.3245401084423065,1.7476617485510055,8.0,,14.0,6.789846241474152
04_2-1_242_163,2-1,242,163,161,0.18309303947765065,0.3169306218624115,0.03914274494705325,0.18309303947765065,0.23953087627887726,0.1658765748143196,1.098127313076945,4.0,3.0,7.0,2.627737667411566
04_2-1_242_232,2-1,242,232,233,0.16031819293208754,0.38716429471969604,0.03375752586500138,0.16031819293208754,0.40062212012708187,0.15023189783096313,0.6340707298947992,0.0,1.0,7.0,0.05793813057243824
04_2-1_242_409,2-1,242,409,413,0.07342635264146746,0.2685517966747284,0.022916521359136223,0.07342635264146746,0.4960293024778366,0.08042246848344803,0.4274850139350869,2.0,1.0,5.0,0.09437713120132685
04_2-1_242_473,2-1,242,473,469,0.22494139693855442,0.5183640718460083,0.06244919219043884,0.22494139693855442,0.2874155789613724,0.3233960494399071,1.6587132876913608,1.0,1.0,9.0,2.812267892062664
04_2-1_242_534,2-1,242,534,530,0.07722335076866217,0.42897552251815796,0.12064885562387172,0.07722335076866217,0.6472904905676842,0.12301726639270782,0.4020720602560495,0.0,1.0,7.0,-0.02567242458462715
04_2-1_242_603,2-1,242,603,600,0.31818632675482367,0.5254685878753662,0.35080916083777886,0.31818632675482367,0.44703248143196106,0.34722500294446945,1.9480364641402668,1.0,2.0,5.0,4.310020241886377
04_2-1_242_667,2-1,242,667,664,0.3160959438857133,0.6649376153945923,0.4354915105866846,0.3160959438857133,0.479460209608078,0.24236449599266052,0.5735445177764248,0.0,20.0,5.0,3.174045205116272
04_2-1_242_693,2-1,242,693,691,0.09782749295860782,0.6448084712028503,0.020164123122473503,0.09782749295860782,0.15347722172737122,0.0792703628540039,0.14016803056020902,0.0,2.0,6.0,0.24586835503578186
04_2-1_242_768,2-1,242,768,764,0.17150819681796048,0.6226869821548462,0.033735002173592966,0.17150819681796048,0.4951363801956177,0.25152282416820526,0.6776592479526489,0.0,1.0,7.0,1.318975642323494
04_2-1_242_848,2-1,242,848,850,0.1525167117843016,0.5370286703109741,0.021342627953904642,0.1525167117843016,0.21907317638397217,0.24092009663581848,0.8136208068737605,0.0,2.0,3.0,1.7902479469776154
04_2-1_246_163,2-1,246,163,159,0.379895373035092,0.5432869791984558,0.08110874447793136,0.379895373035092,0.20540140569210052,0.3072632700204849,1.301832223087371,3.0,,11.0,5.007347714155912
04_2-1_246_241,2-1,246,241,238,0.2949401555319609,0.5884456634521484,0.05059735863323179,0.2949401555319609,0.2770259380340576,0.23827113211154938,0.6804353566187649,0.0,39.0,9.0,3.577680826187134
04_2-1_246_416,2-1,246,416,414,0.3384527245782153,0.33717334270477295,0.01799818885041859,0.3384527245782153,0.19713671505451202,0.21456554904580116,1.7500155792918504,2.0,,9.0,4.754658881574869
04_2-1_246_472,2-1,246,472,467,0.37871465337560317,0.7131387591362,0.0339034092099566,0.37871465337560317,0.5411274284124374,0.34017132222652435,0.9120670829740728,2.0,48.0,8.0,4.950596526265144
04_2-1_246_597,2-1,246,597,596,0.37209234854235607,0.47162172198295593,0.06511827748477865,0.37209234854235607,0.23338720202445984,0.2734212502837181,1.3795186658214675,1.0,,8.0,4.600138291716576
04_2-1_246_667,2-1,246,667,662,0.30331458574932,0.7570998072624207,0.01662737788891026,0.30331458574932,0.3449910283088684,0.28758853673934937,0.6125274403295023,2.0,1.0,9.0,2.934789001941681
04_2-1_246_762,2-1,246,762,757,0.38333162694101763,0.7274001240730286,0.11426565458282784,0.38333162694101763,0.294195756316185,0.37089143693447113,1.0403433361227572,2.0,,15.0,5.2461535930633545
04_2-1_246_835,2-1,246,835,833,0.2422537746774261,0.6614808440208435,6.780698402401285e-05,0.2422537746774261,0.23746877908706665,0.17611779272556305,0.36285784889385453,0.0,1.0,4.0,0.5881299078464508
04_2-1_247_85,2-1,247,85,82,0.44860878476025057,0.6668446063995361,0.20306433308188468,0.44860878476025057,0.21073727309703827,0.4372692257165909,1.9046869242503006,1.0,41.0,11.0,6.260425969958305
04_2-1_247_137,2-1,247,137,132,0.2484606308527341,0.7211259007453918,0.005501060740027351,0.2484606308527341,0.4398825764656067,0.23547790944576263,0.4848736402998532,2.0,1.0,7.0,0.9793633222579956
04_2-1_247_170,2-1,247,170,165,0.1935622227204195,0.7997450232505798,0.0007794967843830963,0.1935622227204195,0.3381434679031372,0.226849764585495,0.39597074884872036,1.0,2.0,3.0,-0.15372711420059204
04_2-1_247_216,2-1,247,216,212,0.3699420697479445,0.5272830724716187,0.0020537660242693078,0.3699420697479445,0.33438363671302795,0.20306415855884552,0.6263180519242542,3.0,28.0,7.0,3.524915672838688
04_2-1_247_269,2-1,247,269,265,0.37224603603629436,0.6848493218421936,0.004829185043946034,0.37224603603629436,0.3308825194835663,0.392743781208992,1.3445269828077735,1.0,30.0,10.0,4.566323421895504
04_2-1_247_309,2-1,247,309,306,0.20439155008217577,0.6148678064346313,0.006813931647085556,0.20439155008217577,0.2186937928199768,0.10754764080047607,0.21199165356661992,0.0,1.0,4.0,-0.0749468058347702
04_2-1_247_341,2-1,247,341,336,0.1663446301327523,0.6919132471084595,0.00029451227974708295,0.1663446301327523,0.5519646108150482,0.2068975567817688,0.4265791002398487,0.0,2.0,3.0,-0.03711594641208649
04_2-1_247_387,2-1,247,387,382,0.2751370248552084,0.6776831746101379,0.024497696685277952,0.2751370248552084,0.37082570791244507,0.26303721964359283,0.6343658161691592,2.0,11.0,9.0,1.5685929507017136
04_2-1_247_403,2-1,247,403,406,0.22454359311737593,0.7844067811965942,0.0008054486339528911,0.22454359311737593,0.497272253036499,0.3130229562520981,0.6640511186164597,0.0,1.0,9.0,3.4356333762407303
04_2-1_247_440,2-1,247,440,435,0.209268819721655,0.7053526639938354,0.0031954073745763816,0.209268819721655,0.3586937487125397,0.11414468288421631,0.1930702672010311,2.0,1.0,2.0,0.1794109046459198
04_2-1_247_488,2-1,247,488,483,0.2725080540535534,0.6404950618743896,0.0074683407207993486,0.2725080540535534,0.32126277685165405,0.15436823666095734,0.3175472503357174,2.0,9.0,11.0,-0.14727069437503815
04_2-1_247_522,2-1,247,522,518,0.24408683611120546,0.7076423168182373,0.009760314430290927,0.24408683611120546,0.3545563817024231,0.21993623673915863,0.4509606210025047,1.0,11.0,4.0,0.027006089687347412
04_2-1_247_560,2-1,247,560,555,0.284828204229508,0.7912660837173462,0.0009410260978124099,0.284828204229508,0.25623536109924316,0.3400825709104538,0.7537566450394874,3.0,5.0,9.0,2.917701616883278
04_2-1_247_596,2-1,247,596,593,0.2396838117013203,0.6753383278846741,0.01423458113192155,0.2396838117013203,0.6299073696136475,0.11945334076881409,0.21488858943390945,0.0,2.0,7.0,0.09503361582756042
04_2-1_247_646,2-1,247,646,642,0.33689100052104065,0.5432151556015015,0.016135618205408445,0.33689100052104065,0.20689189434051514,0.18252068758010864,0.5060257468913644,2.0,7.0,5.0,1.9139400869607925
04_2-1_247_686,2-1,247,686,682,0.24196435746514178,0.7355587482452393,0.0006956392795358146,0.24196435746514178,0.35722726583480835,0.21871381998062134,0.42317106741278243,0.0,1.0,5.0,1.078010469675064
04_2-1_247_718,2-1,247,718,719,0.16655340997510132,0.6195042133331299,0.012210961445763103,0.16655340997510132,0.35329559445381165,0.025804966688156128,0.04346471186207727,0.0,1.0,3.0,-1.0185447037220001
04_2-1_247_767,2-1,247,767,766,0.2643650711468496,0.5433800220489502,0.008789995572101757,0.2643650711468496,0.3737819045782089,0.14117716252803802,0.35100984288426634,0.0,6.0,5.0,0.694534420967102
04_2-1_247_809,2-1,247,809,807,0.3138538270334369,0.7029359936714172,0.018115403252100502,0.3138538270334369,0.4100169837474823,0.30965906381607056,0.7873817158051146,0.0,3.0,6.0,0.9132634438574314
04_2-1_247_858,2-1,247,858,855,0.2678291760515753,0.5445852875709534,0.0012568986907017022,0.2678291760515753,0.22631753981113434,0.23070426285266876,0.7350054469196764,0.0,6.0,7.0,0.48951826244592667
04_2-1_248_79,2-1,248,79,74,0.36161736396528843,0.5648279190063477,0.0816432347649828,0.36161736396528843,0.5046300366520882,0.29149654507637024,1.0664584196289388,4.0,,14.0,4.703352835029364
04_2-1_248_117,2-1,248,117,114,0.29132359156538806,0.687421977519989,0.007288794387451374,0.29132359156538806,0.32236433029174805,0.15701624751091003,0.29603045108170756,0.0,2.0,8.0,1.5195229947566986
04_2-1_248_157,2-1,248,157,162,0.16351242719589104,0.8872203230857849,0.003428275490916735,0.16351242719589104,0.40493160486221313,0.19535484910011292,0.2823595864304663,3.0,1.0,6.0,0.43489721417427063
04_2-1_248_264,2-1,248,264,259,0.269182783113594,0.8319166302680969,0.00880182082815776,0.269182783113594,0.33362144231796265,0.3727685362100601,0.8118699413852772,5.0,1.0,7.0,4.063780292868614
04_2-1_248_348,2-1,248,348,343,0.2046291333002592,0.9314509034156799,0.0027577334959600725,0.2046291333002592,0.2991785407066345,0.25101393461227417,0.368901082864,0.0,3.0,5.0,0.5965934693813324
04_2-1_248_415,2-1,248,415,411,0.11182508668859983,0.6487538814544678,0.010296278346636914,0.11182508668859983,0.3368474841117859,0.05670037865638733,0.09576901139579097,0.0,1.0,3.0,-1.060083955526352
04_2-1_248_484,2-1,248,484,479,0.36976498861212703,0.7145299315452576,0.10155709719933889,0.36976498861212703,0.44104595482349396,0.37301573157310486,1.092240766572871,1.0,34.0,11.0,5.3814529702067375
04_2-1_248_525,2-1,248,525,521,0.16334113881632584,0.8387593626976013,0.0007993930537973704,0.16334113881632584,0.40194469690322876,0.2223127782344818,0.3606359153211956,0.0,3.0,5.0,0.03016829490661621
04_2-1_248_578,2-1,248,578,575,0.22561191857886406,0.5869547128677368,0.008538511581764403,0.22561191857886406,0.27321097254753113,0.0961347222328186,0.19586553943831833,0.0,5.0,6.0,0.2082398533821106
04_2-1_248_633,2-1,248,633,628,0.27206447060991723,0.609805703163147,0.007744360091792433,0.27206447060991723,0.3883613646030426,0.18612217903137207,0.43929529573466247,1.0,11.0,9.0,1.7969358265399933
04_2-1_248_701,2-1,248,701,700,0.2935306365141922,0.4722302258014679,0.003622020110186622,0.2935306365141922,0.31331878900527954,0.19569556415081024,0.7076710130393336,0.0,,6.0,2.1955438554286957
04_2-1_248_740,2-1,248,740,739,0.2653366534102087,0.63129061460495,0.00980783770502667,0.2653366534102087,0.2398875653743744,0.17864012718200684,0.39465356195472473,0.0,1.0,6.0,1.53200364112854
04_2-1_248_784,2-1,248,784,779,0.28364104232743764,0.8645349740982056,0.02618583683356173,0.28364104232743764,0.4838138520717621,0.34923428297042847,0.6777291181312043,2.0,7.0,7.0,2.459010988473892
04_2-1_249_49,2-1,249,49,47,0.2716112614247913,0.6814303398132324,0.01157003590665726,0.2716112614247913,0.3547958731651306,0.32629038393497467,0.918765626154516,1.0,30.0,4.0,2.010475754737854
04_2-1_249_86,2-1,249,86,81,0.26220451110338394,0.7973573207855225,0.011743261555042383,0.26220451110338394,0.40625885128974915,0.27836117148399353,0.5363453502663078,1.0,2.0,8.0,1.269061803817749
04_2-1_249_112,2-1,249,112,110,0.29219803215039564,0.7658213376998901,0.009808968045248334,0.29219803215039564,0.20238840579986572,0.19032105803489685,0.3307054136371322,0.0,1.0,9.0,1.5250203013420105
04_2-1_249_182,2-1,249,182,186,0.09248759285587824,0.5373369455337524,0.014348838804151524,0.09248759285587824,0.15440645813941956,0.013144820928573608,0.02507634188223312,0.0,1.0,1.0,-2.332974076271057
04_2-1_249_237,2-1,249,237,232,0.2943456449135345,0.5990634560585022,0.0799343757221327,0.2943456449135345,0.32449033856391907,0.2758435904979706,0.8534239998509976,3.0,2.0,10.0,3.19212906062603
04_2-1_249_273,2-1,249,273,269,0.24496452077292985,0.6445851922035217,0.019525451030499224,0.24496452077292985,0.41822636127471924,0.11898729205131531,0.22638464121880644,1.0,3.0,2.0,0.7164688855409622
04_2-1_249_324,2-1,249,324,328,0.08691984297485575,0.6047620177268982,0.009714156803669554,0.08691984297485575,0.33245956897735596,0.043024927377700806,0.07659264114277171,0.0,1.0,2.0,-2.5593318343162537
04_2-1_249_384,2-1,249,384,381,0.36359377872486476,0.6869068741798401,0.22437320925380946,0.36359377872486476,0.4469083845615387,0.3655747324228287,1.1376849213524152,2.0,,12.0,4.579843983054161
04_2-1_249_451,2-1,249,451,448,0.24171261194113794,0.7641322016716003,0.0022904740640882736,0.24171261194113794,0.41058993339538574,0.11092114448547363,0.16980904298113808,2.0,1.0,6.0,1.2471948862075806
04_2-1_249_545,2-1,249,545,542,0.25847470398138056,0.6504713296890259,0.003043211918295564,0.25847470398138056,0.4706282913684845,0.11229398846626282,0.20865610620307024,0.0,5.0,5.0,2.4153238236904144
04_2-1_249_595,2-1,249,595,598,0.16255179180886248,0.5808915495872498,0.0008303286322107544,0.16255179180886248,0.3870038688182831,0.08255791664123535,0.16566796054517766,0.0,1.0,5.0,-0.7098921537399292
04_2-1_249_637,2-1,249,637,632,0.21654170016937202,0.7007085084915161,0.0010257261544146872,0.21654170016937202,0.5448436439037323,0.22667792439460754,0.47819261456823337,1.0,18.0,3.0,1.5680679678916931
04_2-1_249_721,2-1,249,721,718,0.2991984134782081,0.44182828068733215,0.03270994391810826,0.2991984134782081,0.3318772166967392,0.2642993927001953,1.4887683672042467,1.0,41.0,8.0,3.7095151022076607
04_2-1_249_778,2-1,249,778,773,0.4269942482417054,0.5793713927268982,0.2050420808926889,0.4269942482417054,0.23680108785629272,0.23970310389995575,0.7056976226063955,3.0,,12.0,5.031322710216045
04_2-1_250_116,2-1,250,116,111,0.4432465491318388,0.5300663113594055,0.04460693468830967,0.4432465491318388,0.23388360999524593,0.411166287958622,3.4580841634713457,4.0,,16.0,7.999978655949235
04_2-1_250_134,2-1,250,134,129,0.3242232724201739,0.8685266375541687,0.001801934012701255,0.3242232724201739,0.2729218006134033,0.30912530422210693,0.5526002277842437,7.0,47.0,15.0,6.103690057992935
04_2-1_250_256,2-1,250,256,251,0.43243773673236974,0.5986995697021484,0.051480526492971204,0.43243773673236974,0.12400956451892853,0.37447836995124817,1.6701291865678933,3.0,,15.0,6.1741019785404205
04_2-1_250_320,2-1,250,320,315,0.3441816114567666,0.7032558917999268,0.013083540419928551,0.3441816114567666,0.1672155261039734,0.21692782640457153,0.4460524527372739,3.0,,14.0,3.386343836784363
04_2-1_250_353,2-1,250,353,348,0.24417556965665962,0.8422689437866211,0.005574438905641973,0.24417556965665962,0.153286874294281,0.11496391892433167,0.15806836883341943,3.0,14.0,7.0,1.6643450856208801
04_2-1_250_373,2-1,250,373,368,0.1767387883574222,0.9146742820739746,0.00020651713784009044,0.1767387883574222,0.25542372465133667,0.09749633073806763,0.11930856746524117,2.0,1.0,7.0,0.9829195737838745
04_2-1_250_416,2-1,250,416,412,0.1661236322388991,0.9093400239944458,0.00047550307691671286,0.1661236322388991,0.05230778455734253,0.1142224669456482,0.1436548167413164,0.0,3.0,7.0,0.4167667627334595
04_2-1_250_514,2-1,250,514,510,0.4328271999872752,0.5980132222175598,0.02219876463961188,0.4328271999872752,0.18925981223583221,0.33246998488903046,1.2520371003751058,3.0,,15.0,6.022692747414112
04_2-1_250_579,2-1,250,579,575,0.32371049413446246,0.7212209105491638,0.0020461500777491553,0.32371049413446246,0.19730135798454285,0.23035497963428497,0.4692828838313305,1.0,,14.0,3.1910676062107086
04_2-1_250_602,2-1,250,602,597,0.20892301227003396,0.8664261698722839,0.0051690821550720596,0.20892301227003396,0.18491649627685547,0.14556050300598145,0.2019245883061015,1.0,5.0,12.0,1.4334516525268555
04_2-1_250_669,2-1,250,669,664,0.2920111545687293,0.734222948551178,0.0008738216801903381,0.2920111545687293,0.30607175827026367,0.19645372033119202,0.36531231246059404,2.0,30.0,12.0,2.391762465238571
04_2-1_250_718,2-1,250,718,714,0.3053625534653699,0.8005554676055908,0.0018070941593377665,0.3053625534653699,0.21843457221984863,0.18661987781524658,0.3039730566507413,2.0,30.0,10.0,2.316181778907776
04_2-1_250_843,2-1,250,843,839,0.4748017878118158,0.5473533272743225,0.0724628500686487,0.4748017878118158,0.12494679540395737,0.4131399095058441,3.0782310470516525,3.0,,14.0,8.088232772424817
04_2-1_251_87,2-1,251,87,83,0.33420722946113346,0.6670451164245605,0.003025473399419935,0.33420722946113346,0.23518773913383484,0.2208077311515808,0.4948212284286863,1.0,28.0,10.0,2.371131256222725
04_2-1_251_132,2-1,251,132,130,0.19176926215348034,0.640847384929657,0.004706673577637808,0.19176926215348034,0.3520127534866333,0.14485983550548553,0.29206345133797007,0.0,2.0,6.0,-0.19395914673805237
04_2-1_251_170,2-1,251,170,166,0.18974628464135507,0.5971443057060242,0.014413609324922104,0.18974628464135507,0.4400538504123688,0.15385855734348297,0.3470866318437329,0.0,2.0,5.0,-0.1725827306509018
04_2-1_251_217,2-1,251,217,213,0.2678247136624532,0.5066587924957275,0.004456485750970927,0.2678247136624532,0.3592222332954407,0.22922056913375854,0.8262039972577907,2.0,1.0,10.0,1.0972174350172281
04_2-1_251_270,2-1,251,270,266,0.45435598519653825,0.5580489039421082,0.029343674965370027,0.45435598519653825,0.27823060378432274,0.3607659265398979,1.8286723532379947,2.0,,14.0,6.401402706280351
04_2-1_251_307,2-1,251,307,303,0.22935748897482403,0.8285948634147644,0.004887652645310105,0.22935748897482403,0.4486202597618103,0.18298378586769104,0.2834272710482561,0.0,2.0,4.0,1.2194592654705048
04_2-1_251_343,2-1,251,343,338,0.21464558969712727,0.8790563941001892,0.0260192868221764,0.21464558969712727,0.42151883244514465,0.23367774486541748,0.36207851800255586,1.0,11.0,6.0,0.9156030416488647
04_2-1_251_389,2-1,251,389,385,0.17544633092290668,0.5650292038917542,0.0012378670246640437,0.17544633092290668,0.36188584566116333,0.11209103465080261,0.24747535593798245,0.0,3.0,3.0,-0.0866892859339714
04_2-1_251_441,2-1,251,441,436,0.35981813103731575,0.5236301422119141,0.00844267404581302,0.35981813103731575,0.16256898641586304,0.17036350071430206,0.4822518763506112,0.0,26.0,9.0,3.917881742119789
04_2-1_251_480,2-1,251,480,477,0.09270586443459314,0.5369822382926941,0.001119257123316598,0.09270586443459314,0.3906944990158081,0.013628363609313965,0.026040437013213832,0.0,1.0,1.0,-1.7486003041267395
04_2-1_251_526,2-1,251,526,521,0.1765981184958892,0.363821417093277,0.011294423354662245,0.1765981184958892,0.2423270344734192,0.0730837732553482,0.2513736174325215,1.0,15.0,4.0,0.26931457221508026
04_2-1_251_560,2-1,251,560,558,0.2831187142402025,0.5930561423301697,0.003967940954909818,0.2831187142402025,0.2212316244840622,0.29984721541404724,1.022640130939205,0.0,1.0,9.0,1.444706253707409
04_2-1_251_594,2-1,251,594,592,0.24423338091611077,0.686927080154419,0.0031183154860395376,0.24423338091611077,0.21007990837097168,0.19021116197109222,0.3829375202364454,0.0,4.0,8.0,2.080867439508438
04_2-1_251_646,2-1,251,646,642,0.1858290097524572,0.4999522268772125,0.006971917719581725,0.1858290097524572,0.444830060005188,0.18138329684734344,0.5693690744742023,0.0,1.0,5.0,0.24285365641117096
04_2-1_251_687,2-1,251,687,684,0.17812265175647812,0.305611252784729,0.007981607293733017,0.17812265175647812,0.3408847600221634,0.0632249191403389,0.26084358053411316,0.0,1.0,3.0,-0.09326253086328506
04_2-1_251_725,2-1,251,725,720,0.3033491016392548,0.5133525729179382,0.020722625868778106,0.3033491016392548,0.2875107228755951,0.2614448741078377,1.037859800803177,3.0,26.0,13.0,2.9262071400880814
04_2-1_251_769,2-1,251,769,767,0.19347749432444644,0.49175259470939636,0.009004643097401767,0.19347749432444644,0.2809188663959503,0.10159948468208313,0.2604092651599535,0.0,4.0,3.0,-0.3283226937055588
04_2-1_251_809,2-1,251,809,805,0.33871485809680946,0.7235502600669861,0.04314636025672021,0.33871485809680946,0.23126572370529175,0.36270609498023987,1.0051599279512973,1.0,34.0,13.0,4.791794031858444
04_2-1_253_76,2-1,253,76,71,0.2683439615966973,0.7946886420249939,0.03175851260438149,0.2683439615966973,0.23437458276748657,0.18979385495185852,0.31376341639543887,0.0,7.0,6.0,2.7540652751922607
04_2-1_253_106,2-1,253,106,104,0.16611791837457845,0.8050077557563782,0.044514849336821795,0.16611791837457845,0.5395388007164001,0.06677430868148804,0.09045148109458946,0.0,1.0,3.0,-2.246900498867035
04_2-1_253_199,2-1,253,199,194,0.24439603476850852,0.7624143958091736,0.031462073769566334,0.24439603476850852,0.3701057732105255,0.3012901544570923,0.6533817297777863,2.0,6.0,7.0,1.0695565044879913
04_2-1_253_242,2-1,253,242,238,0.1774758257446691,0.5738192200660706,0.02903512284469232,0.1774758257446691,0.4240657389163971,0.13295277953147888,0.30157155842994365,0.0,1.0,7.0,-0.24392813444137573
04_2-1_253_311,2-1,253,311,306,0.36287121015061796,0.5072693824768066,0.13608043095018096,0.36287121015061796,0.2901330962777138,0.33637917041778564,1.968393428534158,3.0,,17.0,5.47384736686945
04_2-1_253_372,2-1,253,372,370,0.30605494024551166,0.5737668871879578,0.0017400804816947364,0.30605494024551166,0.1917756199836731,0.11408081650733948,0.2481711406622125,0.0,24.0,5.0,1.851867213845253
04_2-1_253_423,2-1,253,423,419,0.11543512449732629,0.56919264793396,0.005379685569270187,0.11543512449732629,0.338888943195343,0.10501059889793396,0.22622718632918074,0.0,2.0,5.0,-0.3073803186416626
04_2-1_253_455,2-1,253,455,450,0.2161163603522458,0.6045699119567871,0.0012511143750388372,0.2161163603522458,0.15420693159103394,0.1615207940340042,0.3645663370040948,0.0,4.0,7.0,0.3469403088092804
04_2-1_253_496,2-1,253,496,493,0.17955046579153,0.5109454989433289,0.0033784151452114037,0.17955046579153,0.4595588147640228,0.08611941337585449,0.20271686768202538,1.0,4.0,6.0,-0.24455784261226654
04_2-1_253_536,2-1,253,536,531,0.17450052497273993,0.5736962556838989,0.009904640950740074,0.17450052497273993,0.24520331621170044,0.09270966053009033,0.19274894864885764,1.0,8.0,6.0,1.2440353035926819
04_2-1_253_571,2-1,253,571,570,0.19245693638185812,0.7178307175636292,0.0006657030874113224,0.19245693638185812,0.5107412338256836,0.20073547959327698,0.38819827539155605,0.0,1.0,11.0,1.0602668225765228
04_2-1_253_618,2-1,253,618,620,0.09716747384659388,0.5714315176010132,0.007286053533415793,0.09716747384659388,0.4259507656097412,-0.0010177195072174072,-0.001777833633526166,0.0,0.0,3.0,-1.1425893902778625
04_2-1_253_663,2-1,253,663,658,0.09801139139040142,0.5318623781204224,0.0007531550594264985,0.09801139139040142,0.2510802745819092,0.09287533164024353,0.21156736260197836,1.0,2.0,6.0,0.1743163913488388
04_2-1_253_723,2-1,253,723,720,0.23692905326675556,0.6083688735961914,0.0014024515120044311,0.23692905326675556,0.4959999620914459,0.18401020765304565,0.43361953559750976,1.0,18.0,8.0,1.9985599517822266
04_2-1_253_745,2-1,253,745,747,0.1971396331751025,0.6593278646469116,0.005489952672722943,0.1971396331751025,0.5148356556892395,0.11351874470710754,0.20798249893594165,0.0,1.0,9.0,1.5091500580310822
04_2-1_253_832,2-1,253,832,828,0.2684702389846084,0.4891093671321869,0.0159559625112639,0.2684702389846084,0.3044079542160034,0.09595999121665955,0.24408023284584243,1.0,22.0,6.0,1.2311593145132065
04_2-1_254_84,2-1,254,84,82,0.27079240464302995,0.6654541492462158,0.043245103573313,0.27079240464302995,0.373200923204422,0.18254978954792023,0.3780247286687823,0.0,1.0,3.0,0.4248598664999008
04_2-1_254_138,2-1,254,138,133,0.282387003455184,0.6954753398895264,0.0212881753110331,0.282387003455184,0.4150371849536896,0.3155394345521927,0.8305070147872302,0.0,9.0,12.0,3.524720788002014
04_2-1_254_169,2-1,254,169,164,0.29169729506982134,0.8004794716835022,0.014419569063804887,0.29169729506982134,0.343487024307251,0.2768348455429077,0.5286693144991422,1.0,4.0,7.0,1.9017806351184845
04_2-1_254_217,2-1,254,217,214,0.24961499047479574,0.5601399540901184,0.02077971190329651,0.24961499047479574,0.4247497022151947,0.16182877123355865,0.4062872904370265,1.0,17.0,8.0,1.3589588403701782
04_2-1_254_270,2-1,254,270,266,0.3161309321945375,0.6523928642272949,0.02687359282516918,0.3161309321945375,0.8566993176937103,0.31259238719940186,0.9199292182681139,1.0,9.0,9.0,2.0156012922525406
04_2-1_254_307,2-1,254,307,304,0.2893767562333439,0.621711790561676,0.0339849136820501,0.2893767562333439,0.5676112547516823,0.17114140093326569,0.37983277390777415,2.0,1.0,3.0,-0.05230303481221199
04_2-1_254_351,2-1,254,351,346,0.19505996197393127,0.7185211181640625,0.0014935463751902902,0.19505996197393127,0.4792141020298004,0.24048371613025665,0.50306464537528,2.0,5.0,8.0,1.399893268942833
04_2-1_254_383,2-1,254,383,381,0.3015141318765121,0.7852314710617065,0.010891024035952821,0.3015141318765121,0.527545154094696,0.326217919588089,0.7106934393130632,0.0,3.0,3.0,0.9447251856327057
04_2-1_254_438,2-1,254,438,436,0.29275600639085697,0.5722693800926208,0.0011364286999218274,0.29275600639085697,0.18437576293945312,0.13776685297489166,0.31706801313393396,0.0,2.0,6.0,1.6858363896608353
04_2-1_254_489,2-1,254,489,486,0.29263771671444944,0.6198533773422241,0.02036165804938595,0.29263771671444944,0.2609158158302307,0.2609906643629074,0.7272716136935347,0.0,1.0,10.0,1.5840660706162453
04_2-1_254_525,2-1,254,525,521,0.24815489875451124,0.5764197111129761,0.004240005774698553,0.24815489875451124,0.42723268270492554,0.12030588090419769,0.26376284369436837,2.0,1.0,9.0,0.8044171780347824
04_2-1_254_563,2-1,254,563,558,0.29219762017981776,0.755514919757843,0.010113539333779434,0.29219762017981776,0.33849436044692993,0.2662329226732254,0.5441298152385984,1.0,7.0,7.0,1.487223282456398
04_2-1_254_599,2-1,254,599,594,0.2201284364115087,0.9026517271995544,0.012771319659080156,0.2201284364115087,0.526214063167572,0.3248887360095978,0.5623218187451903,1.0,3.0,5.0,0.6146268248558044
04_2-1_254_643,2-1,254,643,641,0.26719159285159017,0.5949826836585999,0.03745137066365772,0.26719159285159017,0.6182607859373093,0.15674962103366852,0.3576855203365273,0.0,3.0,3.0,-0.30484489351511
04_2-1_254_689,2-1,254,689,684,0.23640821609897478,0.5956405997276306,0.014058654240925249,0.23640821609897478,0.34843847900629044,0.23437729477882385,0.6487713852145502,3.0,1.0,11.0,1.3363452181220055
04_2-1_254_724,2-1,254,724,719,0.32347502527098365,0.5281213521957397,0.04089777651053547,0.32347502527098365,0.2938949763774872,0.18816283345222473,0.553487625924697,1.0,16.0,5.0,2.7038688957691193
04_2-1_254_767,2-1,254,767,766,0.23139179925815434,0.6903220415115356,0.004184713872911976,0.23139179925815434,0.5042030513286591,0.22131623327732086,0.47188377924479497,0.0,1.0,7.0,1.0629402995109558
04_2-1_254_808,2-1,254,808,805,0.16768599883234786,0.7120081186294556,0.003861210127178574,0.16768599883234786,0.5991475582122803,0.1941666603088379,0.37495387282920295,0.0,2.0,4.0,0.4634895473718643
04_2-1_256_67,2-1,256,67,64,0.18809563239258287,0.6993891596794128,0.0035631162910839155,0.18809563239258287,0.5765901207923889,0.140838623046875,0.2521501884072679,0.0,1.0,8.0,1.431169331073761
04_2-1_256_97,2-1,256,97,92,0.23700163050700657,0.8523175716400146,0.008335313281796519,0.23700163050700657,0.30606770515441895,0.23403602838516235,0.37852662907114143,0.0,9.0,6.0,1.1089821755886078
04_2-1_256_107,2-1,256,107,111,0.16762475378381247,1.0,0.0005631435721974554,0.16762475378381247,0.41526269912719727,0.3246643543243408,0.4807451767180465,0.0,1.0,4.0,0.7338243126869202
04_2-1_256_151,2-1,256,151,149,0.13645692510850418,0.8794618844985962,0.0060912225152596755,0.13645692510850418,0.4134204387664795,0.22171831130981445,0.3370892857757778,0.0,1.0,5.0,0.4709740877151489
04_2-1_256_193,2-1,256,193,189,0.2007547318383588,0.7986415028572083,0.004023544061454097,0.2007547318383588,0.6781797111034393,0.24667498469352722,0.4469020793402143,1.0,1.0,4.0,0.12739846110343933
04_2-1_256_256,2-1,256,256,253,0.2102087913950037,0.7223515510559082,0.011038156211502836,0.2102087913950037,0.3634699583053589,0.1934538185596466,0.3657679106442643,0.0,2.0,4.0,1.5581094324588776
04_2-1_256_302,2-1,256,302,298,0.15553861682348527,0.7803559303283691,0.002857767239658642,0.15553861682348527,0.2881815731525421,0.2653343677520752,0.5151907940024729,0.0,1.0,2.0,0.03493122756481171
04_2-1_256_365,2-1,256,365,360,0.29837595290247537,0.5806013941764832,0.017819575515332208,0.29837595290247537,0.16128429770469666,0.16758063435554504,0.4057438527501579,0.0,14.0,4.0,1.3087287619709969
04_2-1_256_402,2-1,256,402,399,0.19587561513458157,0.7678009271621704,0.003681242896622002,0.19587561513458157,0.8555326461791992,0.2457546889781952,0.4707527245730068,1.0,3.0,7.0,0.2559036612510681
04_2-1_256_433,2-1,256,433,428,0.23711001161135536,0.6702530980110168,0.023651177991078937,0.23711001161135536,0.20784637331962585,0.14331716299057007,0.2719821395081148,0.0,6.0,8.0,0.7474830746650696
04_2-1_256_437,2-1,256,437,442,0.1969119771319841,0.820054829120636,0.02119290441318761,0.1969119771319841,0.3984493613243103,0.2891680598258972,0.5446887670793625,4.0,2.0,10.0,1.7430111765861511
04_2-1_256_490,2-1,256,490,494,0.19203914151201962,0.7635616064071655,0.003908314810669736,0.19203914151201962,0.25749751925468445,0.21316245198249817,0.38728702664036074,0.0,1.0,4.0,-0.1865304708480835
04_2-1_256_577,2-1,256,577,572,0.3611629038013201,0.5682653784751892,0.21253862097479295,0.3611629038013201,0.46180328726768494,0.32061484456062317,1.2946260986912639,0.0,,8.0,3.6738573666661978
04_2-1_256_655,2-1,256,655,655,0.2588721835513773,0.6004121899604797,0.04050057159700033,0.2588721835513773,0.23308613896369934,0.14148366451263428,0.3082912843008994,0.0,2.0,7.0,1.0391767024993896
04_2-1_256_683,2-1,256,683,679,0.15902224996129824,0.8209770917892456,0.007767247478548399,0.15902224996129824,0.501389741897583,0.24005982279777527,0.4132427035859044,1.0,2.0,7.0,1.258204609155655
04_2-1_256_726,2-1,256,726,721,0.1473338030882004,0.7177859544754028,0.004525159979345658,0.1473338030882004,0.3374633491039276,0.16560310125350952,0.29990627250962887,3.0,1.0,1.0,0.2242385298013687
04_2-1_256_790,2-1,256,790,785,0.2789399991415454,0.7975398898124695,0.3521507290797479,0.2789399991415454,0.3477293401956558,0.4581078886985779,1.349630816173005,4.0,2.0,6.0,1.903680628631264
04_2-1_256_820,2-1,256,820,815,0.22900643794510617,0.7572860717773438,0.023670933394362954,0.22900643794510617,0.2028602957725525,0.24469080567359924,0.4773567409888567,0.0,1.0,6.0,1.7991582751274109
04_2-1_257_165,2-1,257,165,162,0.35712084801014243,0.4910663068294525,0.18703521136539963,0.35712084801014243,0.28191666305065155,0.36543771624565125,2.908873804501404,5.0,,11.0,5.7767856158316135
04_2-1_257_368,2-1,257,368,363,0.4572367712642875,0.5839689373970032,0.15120225971460963,0.4572367712642875,0.18516771495342255,0.43025020509958267,2.7989445311526455,4.0,,15.0,8.845176063477993
04_2-1_257_413,2-1,257,413,410,0.1910614593439837,0.8750724792480469,0.03274845536915166,0.1910614593439837,0.24941587448120117,0.1275811791419983,0.17067914920735267,0.0,3.0,5.0,0.10659387707710266
04_2-1_257_433,2-1,257,433,436,0.21395901619529084,0.9073843359947205,0.036170481683266184,0.21395901619529084,0.3346244692802429,0.17222994565963745,0.23427724560161456,0.0,1.0,6.0,0.7306893467903137
04_2-1_257_545,2-1,257,545,541,0.3098490504732241,0.7448883652687073,0.019065070105401892,0.3098490504732241,0.2787506580352783,0.351168692111969,0.891925692451162,2.0,24.0,11.0,4.816943377256393
04_2-1_257_589,2-1,257,589,589,0.22359575845976346,0.6309298276901245,0.0008260466483940953,0.22359575845976346,0.43991145491600037,0.13442085683345795,0.27073198013226407,0.0,2.0,12.0,1.1052546501159668
04_2-1_257_679,2-1,257,679,677,0.32518844988777457,0.5676526427268982,0.02554596111237737,0.32518844988777457,0.08987131714820862,0.17599259316921234,0.4493503827310607,1.0,1.0,4.0,2.8588107228279114
04_2-1_257_744,2-1,257,744,739,0.20893981829103286,0.6656374335289001,0.00886810823981293,0.20893981829103286,0.24195712804794312,0.1534954011440277,0.2997125629959554,0.0,2.0,3.0,1.4644845873117447
04_2-1_259_79,2-1,259,79,75,0.493162282735387,0.6445602774620056,0.10491866892127566,0.493162282735387,0.3765115737915039,0.44468313455581665,2.2247823242326703,3.0,,15.0,8.775580272078514
04_2-1_259_153,2-1,259,153,148,0.3279404284516937,0.7702159285545349,0.008825674823198315,0.3279404284516937,0.43867483735084534,0.19629937410354614,0.3420346957779028,3.0,48.0,13.0,3.3316204249858856
04_2-1_259_256,2-1,259,256,252,0.43811124472164986,0.7471417188644409,0.04377521714355351,0.43811124472164986,0.42808398604393005,0.33205224573612213,0.7999534250618615,0.0,,15.0,5.857041552662849
04_2-1_259_376,2-1,259,376,371,0.41031149073659945,0.6189250946044922,0.00841752096282488,0.41031149073659945,0.44502267241477966,0.3031276911497116,0.9598802518118768,4.0,,14.0,6.706143096089363
04_2-1_259_468,2-1,259,468,463,0.38417092968166106,0.7005736827850342,0.02424782269276858,0.38417092968166106,0.3837733268737793,0.20468777418136597,0.412771911098931,3.0,31.0,13.0,3.3217261135578156
04_2-1_259_547,2-1,259,547,542,0.36037841394134235,0.715829610824585,0.023617212015217076,0.36037841394134235,0.26439616084098816,0.2243114560842514,0.45636453897161533,2.0,47.0,13.0,3.9716429859399796
04_2-1_259_634,2-1,259,634,630,0.3554464980395564,0.75553959608078,0.004895900342324555,0.3554464980395564,0.23977398872375488,0.2279263734817505,0.4319951883673086,0.0,34.0,13.0,2.865006148815155
04_2-1_259_707,2-1,259,707,702,0.3290221548243471,0.7441030144691467,0.0001673494192169459,0.3290221548243471,0.40677517652511597,0.2296009659767151,0.4462586041192264,2.0,44.0,13.0,3.0320901423692703
04_2-1_259_777,2-1,259,777,772,0.2779661828238617,0.719819188117981,0.0018649206128531176,0.2779661828238617,0.21029400825500488,0.16620421409606934,0.30021625478918335,3.0,24.0,6.0,1.7194220125675201
04_2-1_260_93,2-1,260,93,88,0.15870008878665148,1.0,0.005329883273625908,0.15870008878665148,0.4308091402053833,0.3542962670326233,0.5486978763533393,1.0,2.0,2.0,0.308693528175354
04_2-1_260_129,2-1,260,129,125,0.1732304992993774,0.8453392386436462,0.040663483391613846,0.1732304992993774,0.5708008408546448,0.22889664769172668,0.3713186776050973,1.0,1.0,4.0,-1.3028858006000519
04_2-1_260_171,2-1,260,171,168,0.20454567002984947,0.558138906955719,0.09632659803630043,0.20454567002984947,0.49264609813690186,0.0718054473400116,0.1476465291875066,0.0,1.0,4.0,-0.2994786947965622
04_2-1_260_211,2-1,260,211,213,0.2642980765114226,0.5131903290748596,0.05202655966292064,0.2642980765114226,0.3364981710910797,0.10627385973930359,0.26116873547250513,0.0,1.0,3.0,0.8638520687818527
04_2-1_260_277,2-1,260,277,272,0.24959088242321859,0.6988798379898071,0.14845071452508882,0.24959088242321859,0.3535245358943939,0.3260560929775238,0.8745582794539584,0.0,21.0,11.0,3.3657606840133667
04_2-1_260_307,2-1,260,307,303,0.12758562388501024,0.6376461982727051,0.012878398684027126,0.12758562388501024,0.25859344005584717,0.08632668852806091,0.1565819583784456,1.0,1.0,6.0,-0.638504683971405
04_2-1_260_389,2-1,260,389,386,0.31688656186549347,0.487515389919281,0.14755024084528204,0.31688656186549347,0.19126848131418228,0.2757439836859703,1.3020831687833265,1.0,46.0,9.0,3.4960348904132843
04_2-1_260_445,2-1,260,445,440,0.23127903795585636,0.6014475226402283,0.0008418786026099056,0.23127903795585636,0.5079059824347496,0.2611125558614731,0.7672222408789897,0.0,10.0,3.0,1.704717330634594
04_2-1_260_482,2-1,260,482,487,0.1351979907135927,0.5219853520393372,0.0067321144679077915,0.1351979907135927,0.32984960079193115,0.12579156458377838,0.3175000935568392,0.0,1.0,6.0,-0.6376063376665115
04_2-1_260_530,2-1,260,530,525,0.19269735721203335,0.5266609787940979,0.023029628222755567,0.19269735721203335,0.30604229867458344,0.17919915914535522,0.5157376983937743,3.0,3.0,11.0,1.2541845440864563
04_2-1_260_556,2-1,260,556,552,0.13717033463645611,0.5306872725486755,0.005146133264481545,0.13717033463645611,0.16583296656608582,0.12152817845344543,0.29701937512150284,0.0,2.0,9.0,0.15435658395290375
04_2-1_260_648,2-1,260,648,646,0.2641387435004622,0.5057913064956665,0.11144971733523783,0.2641387435004622,0.45366083085536957,0.20024918019771576,0.6553897579492587,0.0,2.0,11.0,1.5189290046691895
04_2-1_260_678,2-1,260,678,676,0.17659509687448427,0.7207221388816833,0.0016848749359798304,0.17659509687448427,0.2566182017326355,0.2648666352033615,0.5810320004171032,0.0,1.0,5.0,0.854489654302597
04_2-1_260_735,2-1,260,735,733,0.23319882911720702,0.6767144799232483,0.0315933593898452,0.23319882911720702,0.6886931657791138,0.2189505696296692,0.47830456859137055,1.0,1.0,7.0,2.856371730566025
04_2-1_260_820,2-1,260,820,815,0.18498136219991612,0.7053455710411072,0.05481290349990896,0.18498136219991612,0.4940047860145569,0.16295534372329712,0.3004393064549345,2.0,3.0,12.0,1.8087185323238373
04_2-1_261_52,2-1,261,52,48,0.19465361455791924,0.8540613651275635,0.007376548381370903,0.19465361455791924,0.4802711606025696,0.22979626059532166,0.36810684904053165,2.0,5.0,7.0,0.9007872343063354
04_2-1_261_114,2-1,261,114,109,0.29154074351794657,0.6167417764663696,0.016897525098477226,0.29154074351794657,0.40056440234184265,0.223881334066391,0.5698749731551063,1.0,1.0,8.0,1.5135434716939926
04_2-1_261_154,2-1,261,154,156,0.30093901997344863,0.7751328349113464,0.07613281740607386,0.30093901997344863,0.6351137757301331,0.23789185285568237,0.44280287766846904,2.0,1.0,6.0,0.9568028151988983
04_2-1_261_200,2-1,261,200,203,0.18734242638553694,0.8152221441268921,0.0412152623237043,0.18734242638553694,0.4792715609073639,0.13009828329086304,0.18989016545433018,0.0,1.0,5.0,-2.7074220776557922
04_2-1_261_260,2-1,261,260,255,0.39879521553793823,0.7389611005783081,0.03917477513226803,0.39879521553793823,0.5064232051372528,0.326314240694046,0.7907832881257587,2.0,32.0,10.0,3.673853524029255
04_2-1_261_298,2-1,261,298,300,0.14650421205103506,0.6581957340240479,0.05845168470118814,0.14650421205103506,0.42371809482574463,0.006943017244338989,0.010661018473244261,0.0,1.0,2.0,-2.845354199409485
04_2-1_261_331,2-1,261,331,328,0.17775745947176919,0.609703779220581,0.014751379346139626,0.17775745947176919,0.3207777142524719,0.13067547976970673,0.2727928181268294,0.0,5.0,5.0,-0.37115754187107086
04_2-1_261_361,2-1,261,361,358,0.34778977285433377,0.6306020021438599,0.010284709095292017,0.34778977285433377,0.6888777315616608,0.148372620344162,0.3076805892466151,0.0,15.0,8.0,2.3676406145095825
04_2-1_261_406,2-1,261,406,406,0.1438394698714962,0.648242175579071,0.0013835090303919162,0.1438394698714962,0.2179504632949829,0.0997016429901123,0.18175802345826347,0.0,1.0,2.0,-0.8145912885665894
04_2-1_261_438,2-1,261,438,435,0.29829133463531754,0.8388489484786987,0.021311519160165392,0.29829133463531754,0.40402355790138245,0.35467252135276794,0.7325274455390208,2.0,1.0,7.0,2.982600748538971
04_2-1_261_456,2-1,261,456,460,0.15415392576770545,0.8125331401824951,0.000499208695469313,0.15415392576770545,0.450100302696228,0.1742303967475891,0.27295887185131157,2.0,1.0,4.0,0.9561542570590973
04_2-1_261_531,2-1,261,531,528,0.28202718393016996,0.6978803873062134,0.003069988230250867,0.28202718393016996,0.5496629178524017,0.20346368849277496,0.4115226872010431,1.0,3.0,7.0,1.0265984684228897
04_2-1_261_597,2-1,261,597,592,0.3156572508693769,0.7589239478111267,0.02211366509721041,0.3156572508693769,0.3951106369495392,0.26415108144283295,0.5338835239323876,3.0,16.0,9.0,3.8281947523355484
04_2-1_261_673,2-1,261,673,669,0.3970536584576243,0.64462810754776,0.07735663296352467,0.3970536584576243,0.2628919780254364,0.312897652387619,0.9432285987627197,4.0,48.0,11.0,5.735048554837704
04_2-1_261_734,2-1,261,734,731,0.24534952267112767,0.6980069279670715,0.022712596110633507,0.24534952267112767,0.6741102039813995,0.12382274866104126,0.21564987877355965,0.0,1.0,8.0,-0.5712961852550507
04_2-1_261_781,2-1,261,781,778,0.29835531583560915,0.739393949508667,0.024625542517087304,0.29835531583560915,0.5205239653587341,0.2942262291908264,0.6609334319675176,2.0,2.0,11.0,2.231167733669281
04_2-1_261_834,2-1,261,834,831,0.08879102407797898,0.7175280451774597,0.0034967918390791147,0.08879102407797898,0.47414833307266235,0.14211633801460266,0.24698200652768418,0.0,1.0,3.0,-1.9708662331104279
04_2-1_263_85,2-1,263,85,83,0.2448525356634006,0.6356766819953918,0.03641070033134838,0.2448525356634006,0.6989072114229202,0.19812381267547607,0.45279971077190745,0.0,2.0,10.0,1.273415856063366
04_2-1_263_138,2-1,263,138,133,0.22837679093366514,0.5210108757019043,0.003351204178803088,0.22837679093366514,0.4508375823497772,0.13320252299308777,0.34347512647078554,0.0,5.0,8.0,0.6175638437271118
04_2-1_263_173,2-1,263,173,168,0.25289750033633335,0.7473263740539551,0.008119225546923514,0.25289750033633335,0.561119794845581,0.2766938805580139,0.587919203161437,0.0,1.0,11.0,2.6097568571567535
04_2-1_263_214,2-1,263,214,211,0.2104859540621769,0.6411528587341309,0.009979361566802094,0.2104859540621769,0.31869208812713623,0.1172713041305542,0.22385079814328238,1.0,1.0,10.0,0.5785629153251648
04_2-1_263_270,2-1,263,270,266,0.2716182061867319,0.7065469622612,0.03822447163201539,0.2716182061867319,0.4897775650024414,0.2821347713470459,0.6647659454346667,0.0,1.0,6.0,1.2661029994487762
04_2-1_263_307,2-1,263,307,302,0.10983410761982514,0.6573854088783264,0.001255338713256843,0.10983410761982514,0.6434051990509033,0.15764378011226654,0.3154505669289822,0.0,1.0,3.0,-1.2998092323541641
04_2-1_263_337,2-1,263,337,336,0.15994675259907246,0.5972320437431335,0.004454638900724201,0.15994675259907246,0.44827139377593994,0.14339129626750946,0.31595068769185614,0.0,3.0,5.0,0.829133465886116
04_2-1_263_386,2-1,263,386,381,0.1956699039236534,0.5073589086532593,0.006514945950829496,0.1956699039236534,0.20008322596549988,0.0397888720035553,0.08509713814994627,0.0,10.0,5.0,0.341277152299881
04_2-1_263_438,2-1,263,438,439,0.28998876335056334,0.42301228642463684,0.01334993552194242,0.28998876335056334,0.4038029685616493,0.14435863494873047,0.5180575750008155,0.0,1.0,8.0,1.667307771742344
04_2-1_263_482,2-1,263,482,486,0.22989907072317978,0.5875535607337952,0.009781241796882327,0.22989907072317978,0.1764606535434723,0.1769651174545288,0.4310036493992696,0.0,1.0,3.0,0.06041733920574188
04_2-1_263_523,2-1,263,523,520,0.17958795604834832,0.6694493889808655,0.0325507946559591,0.17958795604834832,0.3827580362558365,0.21187356114387512,0.46303486385070647,0.0,1.0,2.0,-1.0767419934272766
04_2-1_263_560,2-1,263,560,557,0.31330710626971875,0.6555739045143127,0.025496462601341766,0.31330710626971875,0.2320336401462555,0.1985866129398346,0.4345560951063552,2.0,19.0,4.0,3.203055754303932
04_2-1_263_595,2-1,263,595,595,0.1352347738415996,0.6880385875701904,0.0005684238503673508,0.1352347738415996,0.5963057279586792,0.09955912828445435,0.1691802945939587,0.0,2.0,7.0,-1.4359771013259888
04_2-1_263_642,2-1,263,642,647,0.14079971952244474,0.5321243405342102,0.0009054327861041201,0.14079971952244474,0.3099459707736969,0.10169260203838348,0.2362572109430296,0.0,2.0,6.0,0.26949442923069
04_2-1_263_689,2-1,263,689,684,0.23175392788963756,0.5912008285522461,0.022959039915617555,0.23175392788963756,0.7794695496559143,0.1636669635772705,0.3828163731236829,2.0,1.0,7.0,0.5898078978061676
04_2-1_263_723,2-1,263,723,719,0.19975479725759987,0.6277349591255188,0.003317859942493998,0.19975479725759987,0.2532489597797394,0.12029874324798584,0.23707165449345718,0.0,3.0,9.0,1.0812996327877045
04_2-1_263_770,2-1,263,770,769,0.14369409026774177,0.5748605728149414,0.003954275805856585,0.14369409026774177,0.27170130610466003,0.1408812254667282,0.3246265665119058,0.0,2.0,2.0,0.2942081391811371
04_2-1_263_811,2-1,263,811,808,0.21092967549279196,0.48923730850219727,0.031630695311137484,0.21092967549279196,0.29596325755119324,0.09883573651313782,0.2531642892972459,2.0,3.0,6.0,1.1250282675027847
04_2-1_263_857,2-1,263,857,854,0.29359915507718104,0.43162786960601807,0.12981273891926795,0.29359915507718104,0.2736462503671646,0.11621157824993134,0.3684387313993721,0.0,16.0,9.0,1.7279100641608238
04_2-1_264_112,2-1,264,112,107,0.30236375819286837,0.45634156465530396,0.0669249131827808,0.30236375819286837,0.5320055931806564,0.3131205067038536,2.1862742196053073,4.0,33.0,14.0,4.562814373522997
04_2-1_264_297,2-1,264,297,293,0.24204075082945956,0.5438624024391174,0.005522077535498978,0.24204075082945956,0.32226382195949554,0.30831801146268845,1.3089592589514982,2.0,,12.0,3.0269971415400505
04_2-1_264_372,2-1,264,372,367,0.21957721258002594,0.5101827383041382,0.008180155246171994,0.21957721258002594,0.21161270141601562,0.15604998171329498,0.4406539039640197,2.0,2.0,12.0,2.1568145155906677
04_2-1_264_532,2-1,264,532,528,0.32295127551611746,0.5539238452911377,0.18385268655680617,0.32295127551611746,0.13589408993721008,0.3724912628531456,2.0530560599855394,2.0,,9.0,4.810357589274645
04_2-1_264_675,2-1,264,675,670,0.36110753435177173,0.6201484799385071,0.18616565668244803,0.36110753435177173,0.4033564627170563,0.37966060638427734,1.5787099813939862,4.0,,11.0,5.640763580799103
04_2-1_264_726,2-1,264,726,722,0.27482430403723745,0.7110466957092285,0.012537280885121523,0.27482430403723745,0.4007111191749573,0.1557270586490631,0.28042779015248664,3.0,4.0,7.0,2.4290952682495117
04_2-1_264_785,2-1,264,785,780,0.1517591155507035,0.6854965686798096,0.05155854257764697,0.1517591155507035,0.33787399530410767,0.1260630488395691,0.22534053532503628,0.0,1.0,6.0,-0.31054820120334625
04_2-1_264_817,2-1,264,817,817,0.18118065739786043,0.6561494469642639,0.004467153933555441,0.18118065739786043,0.23830285668373108,0.152311310172081,0.30230206697295825,0.0,2.0,6.0,-0.12346084415912628
04_2-1_265_54,2-1,265,54,51,0.20886402983563346,0.9006600379943848,0.033312470380412726,0.20886402983563346,0.31799381971359253,0.13041386008262634,0.169314517647067,0.0,1.0,7.0,-0.5636570453643799
04_2-1_265_131,2-1,265,131,127,0.26850467435925074,0.7322158217430115,0.0038405216994479457,0.26850467435925074,0.49832668900489807,0.2119545042514801,0.4074000836222659,1.0,25.0,11.0,1.899231642484665
04_2-1_265_242,2-1,265,242,237,0.38740427916642944,0.6925255656242371,0.09909803904094862,0.38740427916642944,0.3776094317436218,0.3909696787595749,1.2965081956269071,3.0,,15.0,5.390799432992935
04_2-1_265_289,2-1,265,289,285,0.2667087183067698,0.8773143887519836,0.025278149084717746,0.2667087183067698,0.30310362577438354,0.29204055666923523,0.4989810592248473,1.0,12.0,7.0,2.282134383916855
04_2-1_265_348,2-1,265,348,344,0.2975345940452827,0.7721735835075378,0.12017167765730416,0.2975345940452827,0.22162646055221558,0.217495858669281,0.39211212011930435,3.0,44.0,7.0,3.194715142250061
04_2-1_265_413,2-1,265,413,408,0.2099333529827731,0.7873318791389465,0.022085014608650314,0.2099333529827731,0.34296947717666626,0.13459736108779907,0.20620536736690886,1.0,3.0,5.0,-0.07272309064865112
04_2-1_265_626,2-1,265,626,622,0.270109266552498,0.4264638423919678,0.004603196641187238,0.270109266552498,0.12480248510837555,0.2829378619790077,1.971335511277644,3.0,,12.0,3.5522878021001816
04_2-1_265_815,2-1,265,815,810,0.31712091994176717,0.3567318916320801,0.09767913885665896,0.31712091994176717,0.17039549350738525,0.26046958565711975,2.7058315611603247,4.0,,14.0,5.20575986802578
04_2-1_267_85,2-1,267,85,82,0.31248847561078913,0.5423563718795776,0.01558542058882085,0.31248847561078913,0.4052497260272503,0.2644377797842026,0.9514936650710069,1.0,17.0,9.0,1.752773355692625
04_2-1_267_134,2-1,267,134,130,0.25255730860446335,0.61850506067276,0.0009311526467525443,0.25255730860446335,0.5507542341947556,0.36379195749759674,1.428242021956056,0.0,14.0,10.0,2.5691603794693947
04_2-1_267_170,2-1,267,170,166,0.23106824469006676,0.5831762552261353,0.006404683632587407,0.23106824469006676,0.49171632528305054,0.2292599380016327,0.6477800735483027,2.0,3.0,9.0,0.7881255745887756
04_2-1_267_216,2-1,267,216,211,0.24863651190795405,0.4511987566947937,0.0012336007968902745,0.24863651190795405,0.47889379411935806,0.17547686398029327,0.6364270252634343,0.0,13.0,10.0,2.252300623804331
04_2-1_267_269,2-1,267,269,265,0.32203482212007833,0.5142595767974854,0.046720347904963114,0.32203482212007833,0.3302520886063576,0.2788100615143776,1.184160694402503,4.0,2.0,12.0,2.66376131772995
04_2-1_267_307,2-1,267,307,303,0.2370730277246259,0.5599915385246277,0.011238168525822448,0.2370730277246259,0.3261949121952057,0.14606863260269165,0.35288849810655204,0.0,1.0,5.0,-0.5981082916259766
04_2-1_267_341,2-1,267,341,336,0.16216632176964613,0.5120937824249268,0.01493390456339599,0.16216632176964613,0.4930568039417267,0.0813121646642685,0.18875495451025823,0.0,1.0,4.0,-0.515309602022171
04_2-1_267_387,2-1,267,387,382,0.3351272172655786,1.0,0.11821681801154706,0.3351272172655786,0.1965055763721466,0.7451223731040955,2.923451470334089,4.0,30.0,7.0,5.698278170078993
04_2-1_267_443,2-1,267,443,438,0.2844284181953148,0.8010346293449402,0.008592635730327815,0.2844284181953148,0.47136053442955017,0.45429089665412903,1.310163252638273,1.0,4.0,7.0,1.748074285686016
04_2-1_267_488,2-1,267,488,485,0.225134952562205,0.6306095123291016,0.009893003393389544,0.225134952562205,0.3879523128271103,0.2889702618122101,0.8458344917189856,2.0,1.0,5.0,0.7598951086401939
04_2-1_267_526,2-1,267,526,521,0.2522278880920237,0.5391008257865906,0.00033908183761550753,0.2522278880920237,0.32673510909080505,0.1835782378911972,0.5163616719205815,0.0,6.0,5.0,1.640316866338253
04_2-1_267_560,2-1,267,560,556,0.25812471597432957,0.7089991569519043,0.0016132397140634716,0.25812471597432957,0.42635832726955414,0.27991724014282227,0.6523631716397177,0.0,13.0,10.0,1.9481404274702072
04_2-1_267_595,2-1,267,595,592,0.2691610321780298,0.5763018131256104,0.02018494340984714,0.2691610321780298,0.2868364453315735,0.11686646938323975,0.25436978450829173,1.0,17.0,7.0,1.6169580817222595
04_2-1_267_646,2-1,267,646,643,0.2541011768143716,0.47355520725250244,0.006924433214463168,0.2541011768143716,0.308219775557518,0.16240455210208893,0.5219482890806734,0.0,11.0,3.0,1.0188220664858818
04_2-1_267_683,2-1,267,683,682,0.23383100105102733,0.5876604318618774,0.005441404931610347,0.23383100105102733,0.24887877702713013,0.21102561056613922,0.5602923538512636,0.0,1.0,3.0,-0.4152708202600479
04_2-1_267_725,2-1,267,725,720,0.2513359108963084,0.7138468623161316,0.005672111204250091,0.2513359108963084,0.21404077112674713,0.3240363895893097,0.8312665058036897,2.0,8.0,7.0,1.382077306509018
04_2-1_267_768,2-1,267,768,766,0.18887355137394618,0.6062566041946411,0.006669288174648609,0.18887355137394618,0.47977420687675476,0.2990633696317673,0.9735350130914338,0.0,1.0,5.0,0.4571790546178818
04_2-1_267_811,2-1,267,811,806,0.3395740200686374,0.6747598052024841,0.011847199758067946,0.3395740200686374,0.2735533118247986,0.3635995090007782,1.1685279691502775,2.0,30.0,9.0,4.353632286190987
04_2-1_267_857,2-1,267,857,853,0.17014465868386355,0.45481204986572266,0.011011845206020438,0.17014465868386355,0.2566698044538498,0.09735840559005737,0.27236652122358945,1.0,8.0,6.0,-0.6707382798194885
04_2-1_268_84,2-1,268,84,80,0.21881886350180968,0.6910997033119202,0.004095782416234562,0.21881886350180968,0.3094598352909088,0.19088199734687805,0.381597842440663,1.0,6.0,7.0,0.5756908506155014
04_2-1_268_134,2-1,268,134,129,0.2714121304466784,0.6812044978141785,0.010997187949955602,0.2714121304466784,0.32004258036613464,0.3297096937894821,0.9380215298042255,1.0,18.0,7.0,2.2115475088357925
04_2-1_268_167,2-1,268,167,164,0.24939976733687574,0.7435561418533325,0.004421455734160278,0.24939976733687574,0.34715908765792847,0.2515646666288376,0.5113191575403802,0.0,8.0,9.0,1.2314877063035965
04_2-1_268_218,2-1,268,218,215,0.31558397684433576,0.6046839952468872,0.0406583829962584,0.31558397684433576,0.20075565576553345,0.36834749579429626,1.5585721911235582,1.0,19.0,11.0,2.8057181984186172
04_2-1_268_268,2-1,268,268,264,0.318573596922192,0.5770524740219116,0.09000458073918424,0.318573596922192,0.4682460129261017,0.2561599463224411,0.7982733289518844,2.0,19.0,7.0,3.032821945846081
04_2-1_268_303,2-1,268,303,300,0.22430692791506868,0.6439527273178101,0.001942980599371969,0.22430692791506868,0.48954057693481445,0.11115565896034241,0.20862663396969958,1.0,2.0,5.0,-0.22341716289520264
04_2-1_268_338,2-1,268,338,338,0.2645218622794998,0.7295777201652527,0.0028597583003160273,0.2645218622794998,0.3393767178058624,0.18404757976531982,0.3373738060199441,0.0,1.0,6.0,1.6094041764736176
04_2-1_268_383,2-1,268,383,380,0.3095284082869759,0.6854777932167053,0.014332801388258211,0.3095284082869759,0.41714173555374146,0.2085474133491516,0.4372701386878865,0.0,26.0,7.0,3.18142332136631
04_2-1_268_441,2-1,268,441,436,0.33164678782467877,0.7904388308525085,0.003157109911533396,0.33164678782467877,0.4698573350906372,0.27637261152267456,0.53762064327621,3.0,17.0,6.0,2.2332235872745514
04_2-1_268_492,2-1,268,492,488,0.19030063050171359,0.715273916721344,0.01198906608808835,0.19030063050171359,0.4465232491493225,0.1778162121772766,0.3308468939488373,1.0,1.0,9.0,0.5263696014881134
04_2-1_268_520,2-1,268,520,515,0.21386321307450812,0.6224505305290222,0.008826259728942312,0.21386321307450812,0.21148788928985596,0.044474005699157715,0.0769477717321638,2.0,1.0,7.0,0.1508999466896057
04_2-1_268_559,2-1,268,559,555,0.2936753307617468,0.6526870727539062,0.016294352931172467,0.2936753307617468,0.41056352853775024,0.1507723331451416,0.30039431251344895,1.0,11.0,5.0,1.4960632026195526
04_2-1_268_594,2-1,268,594,592,0.30752998209024907,0.7893290519714355,0.0057509538329739195,0.30752998209024907,0.36509984731674194,0.21176865696907043,0.36666062770492297,0.0,1.0,5.0,0.6029390394687653
04_2-1_268_645,2-1,268,645,641,0.24316540602245895,0.6297092437744141,0.002664586144333627,0.24316540602245895,0.25818008184432983,0.22659306228160858,0.5621036135103712,1.0,1.0,5.0,1.7871723771095276
04_2-1_268_685,2-1,268,685,681,0.21412473110869867,0.6448665261268616,0.02170973820646786,0.21412473110869867,0.23074445128440857,0.2978244572877884,0.8581796964387407,0.0,1.0,6.0,0.370129331946373
04_2-1_268_721,2-1,268,721,718,0.2433606015350978,0.6564468741416931,0.037700807194118384,0.2433606015350978,0.2157324254512787,0.2800680845975876,0.744112294257666,3.0,1.0,10.0,2.52054163813591
04_2-1_268_773,2-1,268,773,768,0.34848572711019665,0.6656079888343811,0.005083340925021486,0.34848572711019665,0.3931969329714775,0.3313186466693878,0.9911134005159541,2.0,20.0,12.0,3.499669335782528
04_2-1_268_809,2-1,268,809,806,0.1408650357595703,0.5576091408729553,0.0010004496518459518,0.1408650357595703,0.3664368987083435,0.10664142668247223,0.236472419924563,0.0,4.0,7.0,0.36229319870471954
04_2-1_268_860,2-1,268,860,855,0.2841593515872036,0.5388017296791077,0.010293934872957664,0.2841593515872036,0.5192469358444214,0.2554781436920166,0.9017185872539988,1.0,19.0,12.0,2.918384410440922
04_2-1_272_139,2-1,272,139,134,0.4166249106791655,0.6809811592102051,0.34032138181382454,0.4166249106791655,0.40008433163166046,0.40992268919944763,1.5123035601255297,1.0,,13.0,7.071735233068466
04_2-1_272_164,2-1,272,164,161,0.10970744967851548,0.745396077632904,0.00790414169489795,0.10970744967851548,0.47071123123168945,0.0921945571899414,0.14114259429068768,0.0,1.0,3.0,0.5459407567977905
04_2-1_272_226,2-1,272,226,223,0.2548326960985151,0.6772508025169373,0.02928735909496389,0.2548326960985151,0.5307998061180115,0.25430767238140106,0.6012810098130823,0.0,7.0,6.0,3.0509068220853806
04_2-1_272_288,2-1,272,288,283,0.26298065862048636,0.728786289691925,0.014011508296015824,0.26298065862048636,0.2867068946361542,0.2742018401622772,0.6031923011136655,1.0,6.0,10.0,2.2943033576011658
04_2-1_272_392,2-1,272,392,387,0.32867432178521644,0.6971566677093506,0.10257496002544154,0.32867432178521644,0.3939991593360901,0.3147394061088562,0.823026148954698,2.0,,11.0,3.8866184651851654
04_2-1_272_569,2-1,272,569,564,0.3380030433767188,0.4176422655582428,0.24945788633042623,0.3380030433767188,0.16791927814483643,0.3024875484406948,2.62679251021841,6.0,,12.0,5.90798806771636
04_2-1_272_693,2-1,272,693,689,0.3406435178316311,0.5681218504905701,0.13529377918827812,0.3406435178316311,0.1837991178035736,0.30422088503837585,1.1527842822291061,7.0,,13.0,6.0271566435694695
04_2-1_272_752,2-1,272,752,748,0.1870526632368476,0.65645831823349,0.004264476942751531,0.1870526632368476,0.23254230618476868,0.08230823278427124,0.14335664989037272,0.0,1.0,3.0,0.5992413014173508
04_2-1_272_823,2-1,272,823,820,0.17294726401715665,0.7680346965789795,0.0026870995394128916,0.17294726401715665,0.44250404834747314,0.19917139410972595,0.35012171332758973,0.0,4.0,8.0,1.0346194207668304
04_2-1_274_85,2-1,274,85,81,0.33625345089805625,0.5127307772636414,0.004622470125206498,0.33625345089805625,0.3954387307167053,0.17091946303844452,0.5000403904881774,2.0,28.0,9.0,2.6472183763980865
04_2-1_274_134,2-1,274,134,129,0.4285498164626654,0.7706632614135742,0.03264587148042942,0.4285498164626654,0.5474196672439575,0.3948768228292465,1.0508011526888426,2.0,,16.0,5.893815100193024
04_2-1_274_168,2-1,274,168,165,0.25394994214236144,0.8243975043296814,0.004489928102242656,0.25394994214236144,0.4572155475616455,0.07833424210548401,0.10499678254086717,0.0,4.0,5.0,-0.2777266800403595
04_2-1_274_217,2-1,274,217,212,0.22330713268517027,0.7348451018333435,0.003014873883714713,0.22330713268517027,0.4154530167579651,0.131687730550766,0.2183306328010881,2.0,9.0,10.0,0.2957841157913208
04_2-1_274_271,2-1,274,271,266,0.2889108361237237,0.6067938208580017,0.004764074255421842,0.2889108361237237,0.24247048795223236,0.222477525472641,0.5788917309622764,1.0,10.0,6.0,1.701529711484909
04_2-1_274_310,2-1,274,310,305,0.30606452192668937,0.8482259511947632,0.01169577866159283,0.30606452192668937,0.2540603503584862,0.4974231719970703,1.4179567594495892,0.0,12.0,7.0,3.2928095683455467
04_2-1_274_343,2-1,274,343,338,0.1467500906643244,0.6689134836196899,0.010048026983839794,0.1467500906643244,0.507014811038971,0.17870984971523285,0.36456247435747124,0.0,2.0,4.0,-0.9522912204265594
04_2-1_274_383,2-1,274,383,380,0.3941048686000379,0.5045087337493896,0.047975763158619525,0.3941048686000379,0.4308755174279213,0.17364513874053955,0.5248239496880726,1.0,34.0,11.0,3.609929598867893
04_2-1_274_441,2-1,274,441,438,0.35256719067772424,0.557330846786499,0.061893235382215174,0.35256719067772424,0.24244960583746433,0.2156236618757248,0.6310188120042836,0.0,24.0,6.0,1.7317574759945273
04_2-1_274_491,2-1,274,491,487,0.3842080591166044,0.7003368139266968,0.03870059282029431,0.3842080591166044,0.25880178809165955,0.29835453629493713,0.7422081840340438,1.0,,11.0,3.8132997006177902
04_2-1_274_524,2-1,274,524,521,0.2271804731967555,0.7752386331558228,0.0011250838893903518,0.2271804731967555,0.5813601911067963,0.12170267105102539,0.18622184257323215,0.0,8.0,4.0,1.4159220457077026
04_2-1_274_558,2-1,274,558,554,0.1490443382879828,0.8526138663291931,0.0036232296123441332,0.1490443382879828,0.3117104768753052,0.15054470300674438,0.21443001754173568,0.0,1.0,3.0,-0.9564160108566284
04_2-1_274_599,2-1,274,599,594,0.3304572697833198,0.8341317772865295,0.014757335427601615,0.3304572697833198,0.4480532705783844,0.27159175276756287,0.4827954295337537,2.0,16.0,7.0,1.2139273434877396
04_2-1_274_645,2-1,274,645,642,0.24059445940781873,0.6420258283615112,0.00039400393797311403,0.24059445940781873,0.3355673551559448,0.19844333827495575,0.4473651298459365,0.0,12.0,4.0,1.5415029674768448
04_2-1_274_685,2-1,274,685,682,0.3032802486463886,0.5884471535682678,0.007095063602253475,0.3032802486463886,0.7072717249393463,0.17317669093608856,0.4170214511246799,0.0,15.0,9.0,0.7887721806764603
04_2-1_274_721,2-1,274,721,718,0.31385734582066754,0.6394010186195374,0.021713571240354026,0.31385734582066754,0.3050921559333801,0.1257493495941162,0.24481444756659157,1.0,14.0,6.0,0.3869854658842087
04_2-1_274_771,2-1,274,771,766,0.2936075269599441,0.6956194043159485,0.012356132744908996,0.2936075269599441,0.3586004078388214,0.28336866199970245,0.6873696828478347,1.0,10.0,10.0,2.701805680990219
04_2-1_274_808,2-1,274,808,807,0.32505974194468706,0.646064043045044,0.025654846365544787,0.32505974194468706,0.31499525904655457,0.15301446616649628,0.3103429621321593,0.0,27.0,6.0,1.910713329911232
04_2-1_274_858,2-1,274,858,854,0.2597454584687291,0.7879157066345215,0.005698489956386869,0.2597454584687291,0.42124783992767334,0.24504315853118896,0.4513824826606382,0.0,6.0,2.0,0.40578433871269226
04_2-1_275_130,2-1,275,130,126,0.40495631162426726,0.5479868054389954,0.29223157804183875,0.40495631162426726,0.21810619067400694,0.4191521778702736,3.2534124231988275,4.0,,12.0,6.728122901637107
04_2-1_275_179,2-1,275,179,177,0.3452115038667677,0.7856805324554443,0.023850803342410118,0.3452115038667677,0.12531986832618713,0.29971304535865784,0.6167347678939811,0.0,2.0,8.0,2.647006019949913
04_2-1_275_217,2-1,275,217,214,0.2668080782412011,0.874211847782135,0.012620874110987088,0.2668080782412011,0.16136443614959717,0.19007650017738342,0.2778346431636173,0.0,3.0,5.0,1.078981190919876
04_2-1_275_273,2-1,275,273,268,0.24836343992382814,0.7363294363021851,0.017351535959341812,0.24836343992382814,0.44497156143188477,0.08211719989776611,0.1255207336828276,1.0,2.0,5.0,0.6969714462757111
04_2-1_275_339,2-1,275,339,336,0.26670048569054733,0.6293663382530212,0.0006550338309224539,0.26670048569054733,0.4740542769432068,0.10858497023582458,0.20850394600184508,1.0,25.0,9.0,1.166729897260666
04_2-1_275_370,2-1,275,370,373,0.2097053505516272,0.7761809229850769,0.007985328987099883,0.2097053505516272,0.2515506148338318,0.13018029928207397,0.20151729658689002,0.0,1.0,2.0,0.20390301942825317
04_2-1_275_411,2-1,275,411,408,0.18365477453860907,0.7742922306060791,0.004436317995557714,0.18365477453860907,0.34023940563201904,0.09570547938346863,0.141036469119145,1.0,2.0,5.0,0.32403749227523804
04_2-1_275_494,2-1,275,494,489,0.23570226359962826,0.735351026058197,0.0008375386205772114,0.23570226359962826,0.23353135585784912,0.1946689486503601,0.3600432801169423,10.0,30.0,11.0,3.843390852212906
04_2-1_275_552,2-1,275,552,548,0.25515923834740856,0.8246151804924011,0.01344938528961054,0.25515923834740856,0.18366146087646484,0.22185733914375305,0.36807043214461643,1.0,4.0,8.0,0.9008432626724243
04_2-1_275_665,2-1,275,665,662,0.2767607887600859,0.6218439936637878,0.0037225536049775316,0.2767607887600859,0.38568776845932007,0.21286623179912567,0.5204836341922346,0.0,14.0,3.0,2.781761050224304
04_2-1_275_769,2-1,275,769,764,0.3394296465434842,0.5671287775039673,0.0546395779139826,0.3394296465434842,0.19319477677345276,0.2550228536128998,0.8171035347022407,2.0,41.0,11.0,4.21810694783926
04_2-1_275_850,2-1,275,850,845,0.346425070413127,0.5594049692153931,0.06928961477206605,0.346425070413127,0.3493514060974121,0.259469136595726,0.8650821555047251,3.0,,13.0,4.534305825829506
04_2-1_277_349,2-1,277,349,344,0.47414892453938295,0.5651098489761353,0.5,0.47414892453938295,0.17323963344097137,0.5045120529830456,8.325584201784798,5.0,,15.0,9.33641187287867
04_2-1_277_811,2-1,277,811,807,0.5044407658337937,0.47718098759651184,0.5,0.5044407658337937,0.16456960886716843,0.3821256458759308,4.020033371708918,4.0,,13.0,9.302609775215387
04_2-1_281_83,2-1,281,83,78,0.31657396083355965,0.6238630414009094,0.08727713016668508,0.31657396083355965,0.2411389946937561,0.13980042934417725,0.28880650118830625,3.0,34.0,8.0,3.380964919924736
04_2-1_281_143,2-1,281,143,138,0.25674995725487315,0.7975929379463196,0.02549153434672836,0.25674995725487315,0.24036502838134766,0.17040178179740906,0.27169034532264913,2.0,2.0,9.0,1.9028172194957733
04_2-1_281_488,2-1,281,488,484,0.4259073919812566,0.48656201362609863,0.46386021701018876,0.4259073919812566,0.17377737537026405,0.37267952039837837,3.2724917573868506,6.0,,13.0,7.720806872472167
04_2-1_281_534,2-1,281,534,529,0.17667069732500545,0.9054163098335266,3.448762773819615e-05,0.17667069732500545,0.4303457736968994,0.16665086150169373,0.22558020529790504,0.0,2.0,8.0,0.8905020952224731
04_2-1_281_593,2-1,281,593,590,0.25619093404353077,0.6415517330169678,0.0170049403375196,0.25619093404353077,0.2627888023853302,0.060707151889801025,0.10451531074284079,0.0,6.0,5.0,0.4272213578224182
04_2-1_281_697,2-1,281,697,692,0.3732603282346616,0.6401079893112183,0.07847075997603879,0.3732603282346616,0.21389657258987427,0.35843297839164734,1.2725054211287268,4.0,,14.0,5.362500086426735
04_2-1_281_776,2-1,281,776,771,0.2366313922931402,0.5373562574386597,0.004051798921977177,0.2366313922931402,0.22067585587501526,0.07275545597076416,0.15659778403501454,2.0,,10.0,1.126293957233429
04_2-1_281_798,2-1,281,798,796,0.28237300596530246,0.7146058678627014,0.0044660617451033205,0.28237300596530246,0.14902451634407043,0.15119001269340515,0.2683453284217131,2.0,,8.0,3.080309182405472
04_2-1_281_836,2-1,281,836,836,0.15160912674527038,0.8631694316864014,0.0012573963149549673,0.15160912674527038,0.24844050407409668,0.07353821396827698,0.0931298210078214,0.0,1.0,3.0,0.12605267763137817
04_2-1_282_144,2-1,282,144,140,0.42268134544271263,0.64483642578125,0.06284258832507568,0.42268134544271263,0.15359175205230713,0.3106381297111511,0.9295024342254398,2.0,,10.0,5.7443288415670395
04_2-1_282_184,2-1,282,184,186,0.14172020964815768,0.8419310450553894,0.002904715471398123,0.14172020964815768,0.16619247198104858,0.08228546380996704,0.10832086151947573,1.0,1.0,7.0,0.24759536981582642
04_2-1_282_205,2-1,282,205,207,0.1242136349948825,0.808348536491394,0.0010646643810373984,0.1242136349948825,0.38585352897644043,0.046652019023895264,0.06124751519017662,1.0,1.0,5.0,0.1972295641899109
04_2-1_282_469,2-1,282,469,464,0.4623941426419749,0.6446473598480225,0.15606536941775204,0.4623941426419749,0.17288696020841599,0.5122075378894806,3.867473772728408,5.0,,16.0,9.608272396028042
04_2-1_283_76,2-1,283,76,76,0.13574083840821421,0.7112150192260742,0.0009353916609760368,0.13574083840821421,0.3538304567337036,0.17892462015151978,0.3361409870675856,0.0,1.0,5.0,-0.8053942173719406
04_2-1_283_110,2-1,283,110,105,0.21610987320245903,0.5878722667694092,0.015189619319521468,0.21610987320245903,0.3274427354335785,0.10978305339813232,0.22962880217269505,0.0,7.0,2.0,0.21636374294757843
04_2-1_283_145,2-1,283,145,141,0.28762769703085245,0.711103618144989,0.02330772102198604,0.28762769703085245,0.28372275829315186,0.252166286110878,0.5494569051360927,0.0,14.0,8.0,1.9067711234092712
04_2-1_283_187,2-1,283,187,182,0.2314906438155549,0.7022301554679871,0.00012085712328785276,0.2314906438155549,0.31846651434898376,0.1604718565940857,0.2962056269883497,0.0,2.0,3.0,-0.15856283903121948
04_2-1_283_233,2-1,283,233,230,0.2385262554963712,0.5198460221290588,0.03942026131647433,0.2385262554963712,0.2641761600971222,0.11589424312114716,0.28690118262575415,1.0,3.0,4.0,0.5662156492471695
04_2-1_283_279,2-1,283,279,274,0.2784127728327289,0.5993058681488037,0.0061188578247211795,0.2784127728327289,0.3035805821418762,0.21851179003715515,0.5738319018004467,3.0,21.0,7.0,2.7313012778759003
04_2-1_283_326,2-1,283,326,323,0.09836891342709128,0.5854241251945496,0.008290387261592055,0.09836891342709128,0.48519399762153625,0.1269008368253708,0.2767598506865739,0.0,1.0,5.0,-0.6828540563583374
04_2-1_283_400,2-1,283,400,395,0.32171822913664644,0.6509640216827393,0.4845059149278184,0.32171822913664644,0.49193820357322693,0.41666311025619507,1.7783247522143053,4.0,,8.0,3.8794892206788063
04_2-1_283_469,2-1,283,469,474,0.1788832297267219,0.8357724547386169,0.006926381719850821,0.1788832297267219,0.38017547130584717,0.12836593389511108,0.1814599245452934,0.0,1.0,6.0,-0.758823424577713
04_2-1_283_534,2-1,283,534,529,0.234928329040925,0.8078890442848206,0.02030685104616692,0.234928329040925,0.4585973918437958,0.2235429286956787,0.38255226266080533,3.0,2.0,5.0,0.24210111796855927
04_2-1_283_583,2-1,283,583,580,0.26517886669148566,0.7277491092681885,0.022179769099060775,0.26517886669148566,0.30496180057525635,0.08356797695159912,0.12972745204609437,1.0,19.0,5.0,1.3721345961093903
04_2-1_283_620,2-1,283,620,616,0.14715170087785728,0.7900124788284302,0.02237875651295423,0.14715170087785728,0.20712369680404663,0.0927903950214386,0.1330858519494705,0.0,1.0,3.0,-1.3639161884784698
04_2-1_283_640,2-1,283,640,638,0.20480109091382592,0.8452065587043762,0.006892102746832661,0.20480109091382592,0.10326731204986572,0.22458690404891968,0.3618752683132497,0.0,3.0,8.0,2.0340099930763245
04_2-1_283_685,2-1,283,685,690,0.21094226037228958,0.806810200214386,0.01546920082230679,0.21094226037228958,0.35303646326065063,0.1449548602104187,0.21901290425419823,2.0,1.0,5.0,-0.26329711079597473
04_2-1_283_717,2-1,283,717,714,0.16771728147920573,0.960216224193573,0.0015699376865624267,0.16771728147920573,0.567225992679596,0.2805657982826233,0.41280897883139717,0.0,2.0,5.0,0.6636888682842255
04_2-1_283_756,2-1,283,756,751,0.19666620702975646,0.9325054287910461,0.026443826089179487,0.19666620702975646,0.22877007722854614,0.241326242685318,0.34915148999929935,0.0,6.0,4.0,0.02153673768043518
04_2-1_283_789,2-1,283,789,791,0.21556155511992398,0.7360495924949646,0.001202441059079079,0.21556155511992398,0.347150057554245,0.1278742253780365,0.2102588041081436,0.0,1.0,8.0,0.03990986943244934
04_2-1_283_819,2-1,283,819,819,0.1720794526771029,0.7728798389434814,0.011431492939687595,0.1720794526771029,0.41889697313308716,0.13145548105239868,0.20494307619468438,1.0,1.0,6.0,0.25738877058029175
04_2-1_284_94,2-1,284,94,89,0.15011633568528915,0.38512998819351196,0.01763721752346979,0.15011633568528915,0.30411866307258606,0.21964067220687866,1.3272196509931746,2.0,4.0,6.0,0.973895809147507
04_2-1_284_124,2-1,284,124,119,0.2982334790262313,0.48575708270072937,0.001871719380544884,0.2982334790262313,0.4348445534706116,0.2513778954744339,1.0725265261361538,5.0,13.0,4.0,2.8907412476837635
04_2-1_284_161,2-1,284,161,157,0.2704549497073579,0.4613635540008545,0.056479702662678544,0.2704549497073579,0.4664483219385147,0.1808541715145111,0.6447348388545114,2.0,11.0,4.0,1.7945802956819534
04_2-1_284_226,2-1,284,226,221,0.2681360094419856,0.6722387075424194,0.025501034877120115,0.2681360094419856,0.4730091989040375,0.3311617970466614,0.9709299775388344,2.0,10.0,11.0,1.9000384733080864
04_2-1_284_269,2-1,284,269,265,0.1911909079974516,0.6946330070495605,0.0024769446793478046,0.1911909079974516,0.596078097820282,0.25631967186927795,0.5847863874911566,0.0,3.0,2.0,-0.4600389450788498
04_2-1_284_295,2-1,284,295,291,0.2681000822700979,0.5850049257278442,0.018303167458847604,0.2681000822700979,0.4036897122859955,0.18280935287475586,0.4545285060647134,1.0,18.0,10.0,2.697914704680443
04_2-1_284_322,2-1,284,322,317,0.19694933990901636,0.7826877236366272,0.015493800594226328,0.19694933990901636,0.40979546308517456,0.21678435802459717,0.38307663675076886,0.0,8.0,5.0,1.5302021950483322
04_2-1_284_358,2-1,284,358,356,0.22372224319897682,0.6529079079627991,0.009322534464794278,0.22372224319897682,0.48120078444480896,0.17064082622528076,0.35383054885374654,0.0,2.0,6.0,-0.814183920621872
04_2-1_284_402,2-1,284,402,397,0.12795919352236493,0.5936793088912964,0.0007354268899099911,0.12795919352236493,0.5268102586269379,0.17574737966060638,0.4205167573200596,0.0,1.0,6.0,-0.9705187529325485
04_2-1_284_435,2-1,284,435,431,0.23218636580806745,0.729123055934906,0.024985005098580537,0.23218636580806745,0.22167739272117615,0.34930580854415894,0.9196681060267948,0.0,4.0,7.0,1.877595528960228
04_2-1_284_468,2-1,284,468,464,0.27638376521959196,0.7509486079216003,0.06321140023551154,0.27638376521959196,0.4159223437309265,0.26475222408771515,0.5445376248996762,3.0,20.0,5.0,4.18324314057827
04_2-1_284_529,2-1,284,529,525,0.18668782874494902,0.7082743644714355,0.005249626309706021,0.18668782874494902,0.49144476652145386,0.09871125221252441,0.16193770624787568,1.0,1.0,3.0,-0.5440040230751038
04_2-1_284_577,2-1,284,577,573,0.24955293293776765,0.7751691937446594,0.01142129675445845,0.24955293293776765,0.8127641081809998,0.2792494148015976,0.5630939249826918,0.0,3.0,7.0,0.3909831941127777
04_2-1_284_641,2-1,284,641,638,0.20400797073385946,0.7191776037216187,0.003490208762083219,0.20400797073385946,0.6279624402523041,0.2527339309453964,0.54183162018503,0.0,3.0,7.0,0.8265190571546555
04_2-1_284_685,2-1,284,685,681,0.28655610113375607,0.6921705007553101,0.049500379456354895,0.28655610113375607,0.45434384047985077,0.2756093144416809,0.6616298481399429,0.0,18.0,8.0,2.4490740448236465
04_2-1_284_720,2-1,284,720,716,0.14609407282258613,0.7169135808944702,0.001685763476080539,0.14609407282258613,0.375131756067276,0.2225189357995987,0.4500836285492101,0.0,2.0,5.0,-0.23151327669620514
04_2-1_284_762,2-1,284,762,764,0.09397156124999621,0.5696763396263123,0.0005238390909212149,0.09397156124999621,0.7439210563898087,0.14199312031269073,0.33200535793892516,0.0,1.0,5.0,-1.2935289219021797
04_2-1_284_788,2-1,284,788,786,0.1586260682809272,0.6209025979042053,0.031037432557565303,0.1586260682809272,0.3701018989086151,0.25195251405239105,0.6828905184734575,0.0,1.0,5.0,0.4663490802049637
04_2-1_284_826,2-1,284,826,822,0.17642090884395795,0.5874925851821899,0.0834810354572716,0.17642090884395795,0.47192271053791046,0.2648593634366989,0.820930225361705,0.0,2.0,3.0,0.9156186282634735
04_2-1_287_52,2-1,287,52,48,0.16919250268683664,0.8990064859390259,0.004713468470608704,0.16919250268683664,0.2584978938102722,0.05186006426811218,0.06121735622257987,1.0,2.0,4.0,-0.16737216711044312
04_2-1_287_97,2-1,287,97,92,0.18005079103307348,0.8860271573066711,0.007765341429137358,0.18005079103307348,0.33415722846984863,0.09178400039672852,0.11556158790693326,0.0,5.0,3.0,-0.14425364136695862
04_2-1_287_161,2-1,287,161,158,0.27479599243146136,0.7041093707084656,0.010080426352126207,0.27479599243146136,0.2352127730846405,0.13982975482940674,0.24780224359438183,1.0,26.0,6.0,0.6325975507497787
04_2-1_287_241,2-1,287,241,236,0.23550602573767138,0.5950982570648193,0.004313174396851742,0.23550602573767138,0.3004203140735626,0.18143153190612793,0.4385934881190333,0.0,8.0,13.0,2.1161919087171555
04_2-1_287_288,2-1,287,288,284,0.2905579332265549,0.5714427828788757,0.03118239702449569,0.2905579332265549,0.2687051594257355,0.14078031480312347,0.32689246274964606,4.0,1.0,12.0,2.2523993998765945
04_2-1_287_333,2-1,287,333,329,0.26288280065728586,0.6456362009048462,0.012120761719214083,0.26288280065728586,0.24614065885543823,0.1960037797689438,0.43592003279874963,1.0,12.0,10.0,1.9741493165493011
04_2-1_287_407,2-1,287,407,403,0.27758644462728344,0.7711436748504639,0.0011777169323401626,0.27758644462728344,0.3063012957572937,0.264457106590271,0.5219343143401967,1.0,1.0,8.0,2.625895857810974
04_2-1_287_471,2-1,287,471,467,0.21490095228026757,0.7126232385635376,0.010241043738867313,0.21490095228026757,0.14523908495903015,0.2802669107913971,0.6482313147481046,1.0,9.0,4.0,1.3124476224184036
04_2-1_287_514,2-1,287,514,509,0.1698628055213942,0.43983960151672363,0.004017559796291589,0.1698628055213942,0.24801194667816162,0.08044716715812683,0.2238421276221351,0.0,3.0,8.0,0.20490066707134247
04_2-1_287_549,2-1,287,549,544,0.33434243311642053,0.6053676009178162,0.004697916256461552,0.33434243311642053,0.20379960536956787,0.23022612929344177,0.6137048199351444,4.0,31.0,10.0,3.96635939180851
04_2-1_287_588,2-1,287,588,585,0.21322752558143027,0.6129447817802429,0.005683911394694404,0.21322752558143027,0.3247314691543579,0.062041908502578735,0.11261859669283043,0.0,1.0,1.0,0.4060947597026825
04_2-1_287_629,2-1,287,629,626,0.18085614050135468,0.6212399005889893,0.0015566277180459572,0.18085614050135468,0.17421942949295044,0.11851586401462555,0.23574735917186346,0.0,1.0,6.0,0.47381575405597687
04_2-1_287_678,2-1,287,678,673,0.3007117548522148,0.730415403842926,0.024448708041702953,0.3007117548522148,0.3654955327510834,0.2270827293395996,0.4511583309461839,0.0,12.0,8.0,1.9871573150157928
04_2-1_287_774,2-1,287,774,771,0.3653300813703327,0.36289674043655396,0.035737096578072,0.3653300813703327,0.2097308188676834,0.2468828707933426,2.1280461685538574,1.0,,11.0,4.700854754075408
04_2-1_287_814,2-1,287,814,811,0.2538404491875444,0.617367684841156,0.009860693438460902,0.2538404491875444,0.16575267910957336,0.19625872373580933,0.46605211919656175,2.0,41.0,11.0,3.267723500728607
04_2-1_288_83,2-1,288,83,78,0.4490272118428309,0.6357996463775635,0.5,0.4490272118428309,0.2256871610879898,0.41055601090192795,1.8227196965409376,3.0,,15.0,7.929612755775452
04_2-1_288_544,2-1,288,544,539,0.5149393963086211,0.5860784649848938,0.5,0.5149393963086211,0.18598535656929016,0.500831849873066,5.875093682207403,6.0,,15.0,11.416220661252737
04_2-1_289_54,2-1,289,54,50,0.2206541333672311,0.7085727453231812,0.006402042573605011,0.2206541333672311,0.366068035364151,0.10699236392974854,0.17785214950315292,0.0,5.0,4.0,0.9477796256542206
04_2-1_289_96,2-1,289,96,92,0.09307876587000405,0.6073038578033447,0.01595109270573852,0.09307876587000405,0.19500696659088135,0.0010308027267456055,0.0017002284995419588,0.0,1.0,3.0,-0.24331840872764587
04_2-1_289_200,2-1,289,200,196,0.2509607070291195,0.5234330296516418,0.010936704016636375,0.2509607070291195,0.2940983176231384,0.13392199575901031,0.34382080122517356,4.0,29.0,8.0,2.3331574499607086
04_2-1_289_292,2-1,289,292,288,0.16586450102491196,0.4039163589477539,0.007957632690005484,0.16586450102491196,0.28630678355693817,0.1478056162595749,0.5771160346816525,2.0,5.0,10.0,1.2972313314676285
04_2-1_289_336,2-1,289,336,331,0.09259066658370656,0.379741370677948,0.006470377789302083,0.09259066658370656,0.21982458233833313,0.09465961158275604,0.3320437332896776,0.0,5.0,2.0,0.20073473453521729
04_2-1_289_404,2-1,289,404,402,0.3174636199325557,0.5056431889533997,0.12354189554216014,0.3174636199325557,0.1219978779554367,0.2338644415140152,0.8604956926081007,3.0,,12.0,4.419350415468216
04_2-1_289_552,2-1,289,552,547,0.37920700480233516,0.4466669261455536,0.32187415453026386,0.37920700480233516,0.20551183819770813,0.35161010921001434,3.698946804082986,5.0,,15.0,6.354315146803856
04_2-1_289_590,2-1,289,590,585,0.10354096816083198,0.49194633960723877,0.029725834472570396,0.10354096816083198,0.22772276401519775,0.05233509838581085,0.11904858993232653,0.0,3.0,8.0,-0.5896006524562836
04_2-1_289_678,2-1,289,678,674,0.330551221588709,0.5430639386177063,0.07684434271526071,0.330551221588709,0.19103646278381348,0.2628476619720459,0.9380171099212146,3.0,44.0,13.0,4.509931564331055
04_2-1_289_774,2-1,289,774,771,0.24039279447786105,0.41704824566841125,0.016064368156634538,0.24039279447786105,0.15362031757831573,0.26174698770046234,1.6854144720095037,2.0,,12.0,2.2650783844292164
04_2-1_289_815,2-1,289,815,814,0.26794950141718055,0.45987391471862793,0.047471021472474124,0.26794950141718055,0.17474773526191711,0.13187113404273987,0.40204273198844226,0.0,,9.0,2.5110261291265488
04_2-1_290_96,2-1,290,96,91,0.1861766452938786,0.5812074542045593,0.008254745551634139,0.1861766452938786,0.2596493065357208,0.3943999707698822,2.111264300114594,2.0,12.0,2.0,1.692595962435007
04_2-1_290_123,2-1,290,123,118,0.2608375251345598,0.5218497514724731,0.021035621587074217,0.2608375251345598,0.34595751762390137,0.22840909659862518,0.7783825887957473,1.0,11.0,6.0,1.956088051199913
04_2-1_290_161,2-1,290,161,156,0.29390541751517224,0.6269943714141846,0.03406903411272413,0.29390541751517224,0.8189563304185867,0.28171399235725403,0.815899221168326,1.0,15.0,8.0,3.0066834315657616
04_2-1_290_191,2-1,290,191,190,0.10452555579776532,0.6397892832756042,0.002424370059820036,0.10452555579776532,0.5685551166534424,0.11938348412513733,0.22940459987191558,0.0,1.0,2.0,-1.8076906651258469
04_2-1_290_229,2-1,290,229,224,0.32314739844442086,0.7976194620132446,0.06394882154216126,0.32314739844442086,0.6110605001449585,0.411695271730423,1.0667775747063566,2.0,12.0,13.0,4.038356691598892
04_2-1_290_265,2-1,290,265,265,0.15496553114265493,0.7097510695457458,0.011055677198343213,0.15496553114265493,0.3976374864578247,0.17092934250831604,0.3172280068365585,0.0,2.0,5.0,-0.44705699384212494
04_2-1_290_296,2-1,290,296,291,0.29497504895838333,0.7428431510925293,0.000323701558014477,0.29497504895838333,0.7283208072185516,0.2701617181301117,0.5715513648102019,1.0,9.0,5.0,1.354446217417717
04_2-1_290_312,2-1,290,312,317,0.24464064856329726,0.8280428647994995,0.011253859875753005,0.24464064856329726,0.5899931788444519,0.28496864438056946,0.5247324097997936,0.0,1.0,8.0,2.5913301706314087
04_2-1_290_362,2-1,290,362,358,0.1784052336932545,0.6714618802070618,0.02783073788792619,0.1784052336932545,0.368087574839592,0.18701428174972534,0.3860361416699128,0.0,2.0,2.0,-1.3820282369852066
04_2-1_290_400,2-1,290,400,395,0.23037043365260323,0.7684924006462097,0.0010456283731332281,0.23037043365260323,0.3537938892841339,0.3488037586212158,0.8311012586336405,2.0,4.0,3.0,0.7309926673769951
04_2-1_290_436,2-1,290,436,431,0.2933972360651952,0.5832021236419678,0.12896549313291367,0.2933972360651952,0.17585933208465576,0.15715382993221283,0.3688638876213262,0.0,2.0,3.0,-0.1896020546555519
04_2-1_290_463,2-1,290,463,459,0.3261219455059376,0.8465943932533264,0.014152857248837438,0.3261219455059376,0.3307330906391144,0.32217928767204285,0.6143592818801927,2.0,26.0,12.0,4.139301955699921
04_2-1_290_493,2-1,290,493,496,0.16751584936616148,0.8141700029373169,0.019851652962014427,0.16751584936616148,0.9090848863124847,0.047172218561172485,0.06150241828865401,0.0,1.0,1.0,-2.491173505783081
04_2-1_290_526,2-1,290,526,531,0.15066166368619877,0.7940865159034729,0.003538151763463102,0.15066166368619877,0.5627594590187073,0.12424814701080322,0.18548974316923894,1.0,1.0,4.0,-1.5036401152610779
04_2-1_290_577,2-1,290,577,573,0.314900952983141,0.7245374917984009,0.0031281345749051984,0.314900952983141,0.6069134771823883,0.21416881680488586,0.4196355052700035,0.0,9.0,7.0,2.049514278769493
04_2-1_290_611,2-1,290,611,613,0.12456902945753791,0.6586606502532959,0.019055394820064377,0.12456902945753791,0.449363648891449,0.05901819467544556,0.09842230837136472,0.0,1.0,3.0,-2.458929628133774
04_2-1_290_640,2-1,290,640,638,0.1947079305681723,0.5470432639122009,0.014075720601649896,0.1947079305681723,0.3118361532688141,0.0635024905204773,0.1313280989213147,0.0,2.0,5.0,0.13531139492988586
04_2-1_290_679,2-1,290,679,676,0.27601572696576104,0.6132471561431885,0.024755029281320413,0.27601572696576104,0.33406680822372437,0.1723325252532959,0.39085236274758967,2.0,1.0,5.0,1.0770422965288162
04_2-1_290_722,2-1,290,722,720,0.24718827635469384,0.7780369520187378,0.013816438089921725,0.24718827635469384,0.15390121936798096,0.30349595844745636,0.6395568824590236,0.0,2.0,5.0,0.682265505194664
04_2-1_290_759,2-1,290,759,757,0.2074923382795669,0.6517811417579651,0.005470600249751916,0.2074923382795669,0.5352522656321526,0.25434252619743347,0.6399542375587206,0.0,2.0,4.0,-0.3829623945057392
04_2-1_290_786,2-1,290,786,781,0.10316551378062808,0.693633496761322,0.0030733277137923176,0.10316551378062808,0.48269525170326233,0.28762416541576385,0.7084176229707498,0.0,1.0,4.0,0.37331531941890717
04_2-1_290_822,2-1,290,822,818,0.14374874378726604,0.4532383978366852,0.017174708804134242,0.14374874378726604,0.3682557940483093,0.08939260244369507,0.24568815573955458,0.0,2.0,2.0,-0.48545776307582855
04_2-1_291_58,2-1,291,58,53,0.3422730340405872,0.9074243903160095,0.00305025653821931,0.3422730340405872,0.2937425971031189,0.2945544719696045,0.48061499374018396,1.0,34.0,11.0,2.9791316390037537
04_2-1_291_199,2-1,291,199,195,0.3897033315175431,0.521979570388794,0.0074446351229495045,0.3897033315175431,0.2665765881538391,0.23078209161758423,0.7925277807741834,2.0,,13.0,5.620439141988754
04_2-1_291_405,2-1,291,405,400,0.5075206525107213,0.5568632483482361,0.15288819712072005,0.5075206525107213,0.15697317197918892,0.4434548132121563,3.9102454123456596,4.0,,14.0,9.299387089908123
04_2-1_291_555,2-1,291,555,550,0.4651728346486644,0.6588562726974487,0.056697937567623466,0.4651728346486644,0.19510036706924438,0.44613131135702133,2.0972212595355453,4.0,,16.0,8.860679812729359
04_2-1_291_679,2-1,291,679,674,0.44439493048835643,0.7312113642692566,0.0487049012460432,0.44439493048835643,0.20249387621879578,0.4067021906375885,1.2532841093090732,3.0,,15.0,7.243620365858078
04_2-1_291_820,2-1,291,820,815,0.4219654787385273,0.5699053406715393,0.03405488278148901,0.4219654787385273,0.20656998455524445,0.2962137907743454,1.0822905964236436,4.0,,13.0,6.823725342750549
04_2-1_293_68,2-1,293,68,65,0.26274477325104006,0.8438753485679626,0.015191297928090866,0.26274477325104006,0.12599271535873413,0.21725645661354065,0.3467122670622307,1.0,3.0,11.0,2.6078324615955353
04_2-1_293_157,2-1,293,157,153,0.21261987080144196,0.7671374678611755,0.005430505503208027,0.21261987080144196,0.25658315420150757,0.18167153000831604,0.31030247579317605,0.0,5.0,6.0,2.2958482801914215
04_2-1_293_223,2-1,293,223,219,0.2760658576251321,0.646328330039978,0.008183411149850025,0.2760658576251321,0.3275371193885803,0.18566033244132996,0.4030241592841977,3.0,30.0,10.0,3.2466455698013306
04_2-1_293_324,2-1,293,324,320,0.4230400412966151,0.3525729775428772,0.3494403006102927,0.4230400412966151,0.3355623446404934,0.20615816116333008,1.408041660407591,4.0,,12.0,5.589598932303488
04_2-1_293_383,2-1,293,383,380,0.1987242263778367,0.6765580177307129,0.004175600416014245,0.1987242263778367,0.1972738802433014,0.1712336242198944,0.33885881310859073,0.0,3.0,7.0,1.307449460029602
04_2-1_293_413,2-1,293,413,410,0.19963254921609508,0.7097957730293274,0.002797207431405037,0.19963254921609508,0.20511102676391602,0.11819672584533691,0.19979194761714533,0.0,1.0,7.0,0.6498955190181732
04_2-1_293_488,2-1,293,488,483,0.2051591219299525,0.5504030585289001,0.002130495532082308,0.2051591219299525,0.2985920310020447,0.18624429404735565,0.5114370769367944,2.0,19.0,5.0,0.9189592897891998
04_2-1_293_518,2-1,293,518,513,0.33695740247172734,0.6520624756813049,0.021237002605536993,0.33695740247172734,0.32721343636512756,0.1930820196866989,0.420675907143567,5.0,48.0,11.0,4.144124090671539
04_2-1_293_577,2-1,293,577,572,0.18786782755818426,0.8065271377563477,0.006210641208626343,0.18786782755818426,0.2185041904449463,0.19452562928199768,0.3178515519788961,2.0,1.0,3.0,-0.5470484495162964
04_2-1_293_630,2-1,293,630,627,0.3051013377677546,0.5849085450172424,0.047044931544613186,0.3051013377677546,0.21214184165000916,0.15244069695472717,0.3524902432346627,2.0,,9.0,2.5235369950532913
04_2-1_293_671,2-1,293,671,667,0.16193008543706366,0.7920951843261719,0.00032235545904117207,0.16193008543706366,0.25263911485671997,0.14409011602401733,0.22235955098553395,0.0,1.0,11.0,1.100884109735489
04_2-1_293_755,2-1,293,755,750,0.42205620326022636,0.4915480315685272,0.3005431683275126,0.42205620326022636,0.11932589113712311,0.2029436081647873,0.7031895276285548,4.0,,12.0,5.057405784726143
04_2-1_294_53,2-1,294,53,49,0.1564091616357071,0.7422629594802856,0.08286844040248106,0.1564091616357071,0.3294653594493866,0.025448471307754517,0.03550217207890654,1.0,1.0,3.0,-1.4095212519168854
04_2-1_294_163,2-1,294,163,158,0.20648084840152617,0.4478854238986969,0.04619138919049133,0.20648084840152617,0.18166150152683258,0.21460449695587158,0.9199401758570209,3.0,10.0,6.0,2.762443721294403
04_2-1_294_220,2-1,294,220,220,0.12665962044733042,0.6033778190612793,0.004960183280903957,0.12665962044733042,0.33913397789001465,0.1799745410680771,0.42506648016779547,0.0,1.0,5.0,0.5699249356985092
04_2-1_294_283,2-1,294,283,280,0.16139755470791153,0.6134867668151855,0.010288438604475396,0.16139755470791153,0.36457404494285583,0.2450374811887741,0.6650507702089277,1.0,5.0,9.0,2.0443897508084774
04_2-1_294_333,2-1,294,333,329,0.15182327813747293,0.5278833508491516,0.013840450121338874,0.15182327813747293,0.43060560524463654,0.166217640042305,0.4595891594795842,0.0,3.0,8.0,1.0726634934544563
04_2-1_294_406,2-1,294,406,402,0.17925238691108564,0.40082603693008423,0.001049482862624682,0.17925238691108564,0.29531270265579224,0.13923318684101105,0.5322514999687556,1.0,1.0,6.0,1.4649616405367851
04_2-1_294_456,2-1,294,456,451,0.1918958257265436,0.5885952711105347,0.0006630138317371418,0.1918958257265436,0.3679806590080261,0.21336181461811066,0.5686108499294183,2.0,5.0,5.0,0.9770971089601517
04_2-1_294_470,2-1,294,470,466,0.19948021593878698,0.6290866732597351,0.00011158778188306452,0.19948021593878698,0.5806505084037781,0.25153133273124695,0.6662105014304991,1.0,6.0,10.0,3.3998351395130157
04_2-1_294_518,2-1,294,518,514,0.14763533055321051,0.5859774351119995,0.007694178860090118,0.14763533055321051,0.3280736804008484,0.1734866350889206,0.42058304107440453,0.0,1.0,5.0,0.25618621706962585
04_2-1_294_539,2-1,294,539,541,0.15843754331558774,0.6339095234870911,0.009012702518747445,0.15843754331558774,0.740087240934372,0.2098698765039444,0.494929844407416,1.0,1.0,6.0,1.180458277463913
04_2-1_294_576,2-1,294,576,576,0.1899562264587486,0.5531542897224426,0.006970622487874192,0.1899562264587486,0.5450678467750549,0.1661420315504074,0.42929397723767637,0.0,2.0,3.0,0.6081984490156174
04_2-1_294_638,2-1,294,638,641,0.09581886302625578,0.441610187292099,0.0005870135732197164,0.09581886302625578,0.29219159483909607,0.10487861931324005,0.3114606092406063,0.0,1.0,7.0,0.2691727727651596
04_2-1_294_681,2-1,294,681,677,0.31337259279545754,0.5519548058509827,0.15178038079911516,0.31337259279545754,0.4208722859621048,0.21006955206394196,0.6144446118603104,2.0,16.0,8.0,3.2931441366672516
04_2-1_294_772,2-1,294,772,773,0.2721338531670513,0.4593121409416199,0.13906104625567053,0.2721338531670513,0.40295499563217163,0.15951313078403473,0.5320669027565798,0.0,1.0,5.0,1.5986027717590332
04_2-1_294_827,2-1,294,827,823,0.21638365572812696,0.6485121250152588,0.05792948275782418,0.21638365572812696,0.5201649963855743,0.22783556580543518,0.5415932046068584,0.0,2.0,12.0,1.750266194343567
04_2-1_295_75,2-1,295,75,72,0.26011381026191943,0.6903482675552368,9.584796501024208e-05,0.26011381026191943,0.28534990549087524,0.10705867409706116,0.18354291812809057,0.0,1.0,8.0,1.299564152956009
04_2-1_295_154,2-1,295,154,149,0.3870668653867526,0.7325760126113892,0.02938559807316891,0.3870668653867526,0.1995132863521576,0.28744564950466156,0.6457561050171308,3.0,,12.0,4.696299538016319
04_2-1_295_181,2-1,295,181,181,0.17719404530819183,0.8317896127700806,0.004577395422898261,0.17719404530819183,0.5924005508422852,0.07272869348526001,0.09581404026673411,0.0,1.0,7.0,0.7698929011821747
04_2-1_295_332,2-1,295,332,328,0.4538331713135768,0.5514420866966248,0.10637565253139075,0.4538331713135768,0.17786923050880432,0.2964516058564186,1.1625987169387502,5.0,,13.0,7.4869643822312355
04_2-1_295_386,2-1,295,386,385,0.2493677451269393,0.7638115286827087,0.02180721048081691,0.2493677451269393,0.38387924432754517,0.05547672510147095,0.07831991993191453,0.0,2.0,5.0,-0.2344980537891388
04_2-1_295_474,2-1,295,474,470,0.3377617268663574,0.7626073956489563,0.0035281047085912324,0.3377617268663574,0.2059185802936554,0.30600664019584656,0.6701842617237449,2.0,,11.0,4.534865975379944
04_2-1_295_740,2-1,295,740,735,0.47163738444616204,0.5703728795051575,0.13877897383210697,0.47163738444616204,0.33650368452072144,0.4473707675933838,3.6370982631117066,6.0,,17.0,9.530662082135677
04_2-1_295_784,2-1,295,784,779,0.15252762732589042,0.7843115329742432,0.005442016597600111,0.15252762732589042,0.32269424200057983,0.08429557085037231,0.12041949814203787,0.0,4.0,1.0,0.28323793411254883
04_2-1_299_161,2-1,299,161,157,0.3116389927768381,0.5878355503082275,0.06837542686635635,0.3116389927768381,0.5819340646266937,0.4150993227958679,2.4030820214952695,1.0,,14.0,4.815157875418663
04_2-1_299_179,2-1,299,179,174,0.2698522606713517,0.6650479435920715,0.0016302233102605855,0.2698522606713517,0.1890915334224701,0.26181669533252716,0.6492966417225826,6.0,43.0,7.0,4.647821098566055
04_2-1_299_237,2-1,299,237,234,0.12053463977740307,0.6087652444839478,0.002503407409988345,0.12053463977740307,0.5224487781524658,0.12747421860694885,0.2648589143640646,0.0,2.0,2.0,-1.1068562865257263
04_2-1_299_348,2-1,299,348,345,0.2841471433769222,0.7000383734703064,0.11327561394441638,0.2841471433769222,0.6527658104896545,0.42757250368595123,1.5692699567265294,12.0,43.0,15.0,6.803200572729111
04_2-1_299_408,2-1,299,408,406,0.08814486257996174,0.5312322974205017,0.020051797786685862,0.08814486257996174,0.2618265450000763,0.08128419518470764,0.18065237919841448,0.0,1.0,3.0,-1.136182427406311
04_2-1_299_435,2-1,299,435,431,0.27995535174529923,0.5439538359642029,0.014524301455699877,0.27995535174529923,0.34578242897987366,0.14587420225143433,0.3664447761140395,0.0,20.0,9.0,1.6645720899105072
04_2-1_299_463,2-1,299,463,462,0.24263161915298287,0.6674214005470276,0.040425931197923454,0.24263161915298287,0.5815263986587524,0.14283758401870728,0.2722874391436664,0.0,2.0,4.0,1.1299864947795868
04_2-1_299_589,2-1,299,589,585,0.23872977241794074,0.49811986088752747,0.023238192479337793,0.23872977241794074,0.32210999727249146,0.23127390444278717,0.866694431214589,2.0,11.0,11.0,2.7873053029179573
04_2-1_299_646,2-1,299,646,641,0.29807775870930214,0.5387143492698669,0.06540970038740698,0.29807775870930214,0.23395508527755737,0.22132885456085205,0.6973502515096683,0.0,19.0,14.0,3.3583004623651505
04_2-1_299_713,2-1,299,713,712,0.12334613113335215,0.4254121780395508,0.0063372190275548124,0.12334613113335215,0.5097895711660385,0.10062165558338165,0.30980477762235403,0.0,2.0,6.0,-0.2850925847887993
04_2-1_299_741,2-1,299,741,736,0.19167871322402572,0.5087092518806458,0.0038933322453568457,0.19167871322402572,0.4730268865823746,0.146478071808815,0.40437731445362673,3.0,1.0,10.0,1.049591638147831
04_2-1_299_773,2-1,299,773,770,0.21467023522459286,0.6393229365348816,0.016298693415814403,0.21467023522459286,0.3891308009624481,0.16468359529972076,0.3469657506079506,1.0,1.0,6.0,0.10234130918979645
04_2-1_299_817,2-1,299,817,812,0.2611023175491139,1.0,0.049109240318821086,0.2611023175491139,0.502450704574585,0.5224875211715698,1.0941861089232374,0.0,2.0,2.0,1.261145755648613
04_2-1_300_127,2-1,300,127,122,0.36718156143066516,0.467197448015213,0.005819743925767001,0.36718156143066516,0.26250362396240234,0.2716054469347,1.3886326916963083,1.0,,14.0,4.875219712033868
04_2-1_300_159,2-1,300,159,155,0.36300541771798345,0.8128783106803894,0.03364408443954128,0.36300541771798345,0.6926008462905884,0.2886967957019806,0.5507572996233415,2.0,1.0,12.0,3.999617427587509
04_2-1_300_242,2-1,300,242,237,0.4399813805087945,0.688143789768219,0.07973164414617748,0.4399813805087945,0.17042502760887146,0.3312362730503082,0.9280731212845474,3.0,,13.0,6.193677380681038
04_2-1_300_298,2-1,300,298,293,0.294324892684701,0.835174024105072,0.011042759832972098,0.294324892684701,0.3594094216823578,0.23846077919006348,0.39962374092103164,3.0,6.0,7.0,1.3678602874279022
04_2-1_300_358,2-1,300,358,354,0.23740348447971352,0.823970377445221,0.0024785636000672815,0.23740348447971352,0.2893381416797638,0.27738821506500244,0.5074959158144702,0.0,3.0,7.0,1.4602560997009277
04_2-1_300_467,2-1,300,467,462,0.3956785256607377,0.4787112772464752,0.06520455130369981,0.3956785256607377,0.38116783648729324,0.322104774415493,2.056777774822831,5.0,49.0,16.0,6.522678963840008
04_2-1_300_543,2-1,300,543,540,0.38304334897538717,0.5688430666923523,0.03517405226525885,0.38304334897538717,0.4145752564072609,0.3276233822107315,1.358195053255258,1.0,49.0,12.0,4.395368359982967
04_2-1_300_601,2-1,300,601,596,0.18496587951567015,0.7090334296226501,0.00020166271432478595,0.18496587951567015,0.5981419384479523,0.2229548990726471,0.458680820196628,0.0,7.0,4.0,0.2601677477359772
04_2-1_300_632,2-1,300,632,627,0.3041296090660905,0.7017626166343689,0.0036308606804188156,0.3041296090660905,0.49773746728897095,0.17940720915794373,0.343458125617357,2.0,23.0,9.0,3.095158576965332
04_2-1_300_704,2-1,300,704,700,0.39610793837546526,0.6622800230979919,0.059839785092946546,0.39610793837546526,0.3731403946876526,0.27765609323978424,0.7218898037419114,2.0,,12.0,4.562363982200623
04_2-1_300_784,2-1,300,784,779,0.30478142210175385,0.7161787152290344,0.009562699790413293,0.30478142210175385,0.26263490319252014,0.2544620633125305,0.5511216939140133,2.0,28.0,6.0,2.2053899317979813
04_2-1_301_253,2-1,301,253,248,0.43576561492812077,0.46523019671440125,0.14154934385854673,0.43576561492812077,0.17702558636665344,0.3467724770307541,2.9273944995467045,4.0,,15.0,7.686812214553356
04_2-1_301_643,2-1,301,643,638,0.4106677576623104,0.4370201826095581,0.08243417248019352,0.4106677576623104,0.21742099523544312,0.34241531789302826,3.619426114280989,7.0,,16.0,7.684241713955998
04_2-1_301_856,2-1,301,856,851,0.31409437737158014,0.41527697443962097,0.02285856527408233,0.31409437737158014,0.16736188530921936,0.22812296450138092,1.218905032153254,3.0,,16.0,4.403810553252697
04_2-1_302_72,2-1,302,72,67,0.22586224456585666,0.6753178238868713,0.04780660655081261,0.22586224456585666,0.34847787022590637,0.18472154438495636,0.37652455206651303,0.0,3.0,8.0,1.3986226469278336
04_2-1_302_133,2-1,302,133,128,0.3279039675931792,0.8358436226844788,0.1185414734563055,0.3279039675931792,0.6336399912834167,0.2816322147846222,0.5081674804418891,3.0,12.0,7.0,2.998669385910034
04_2-1_302_165,2-1,302,165,163,0.12105735995621894,0.8443073630332947,0.027526236054749624,0.12105735995621894,0.41573017835617065,0.12746703624725342,0.17781789261041267,0.0,1.0,5.0,-0.9249585568904877
04_2-1_302_215,2-1,302,215,210,0.22801402874058074,0.6485400795936584,0.061952099176215754,0.22801402874058074,0.3096611201763153,0.14582455158233643,0.29007369666737687,1.0,2.0,6.0,0.13938599824905396
04_2-1_302_272,2-1,302,272,267,0.32009256446256945,0.651597261428833,0.10140471951604611,0.32009256446256945,0.562099039554596,0.2641899138689041,0.6819434776673563,2.0,20.0,10.0,3.980674058198929
04_2-1_302_310,2-1,302,310,305,0.1308148307676227,0.661374568939209,0.0024225917269874286,0.1308148307676227,0.26580679416656494,0.09934890270233154,0.1767693339835104,0.0,1.0,2.0,-0.9756581485271454
04_2-1_302_343,2-1,302,343,339,0.23633399188210413,0.7282062768936157,0.005650928050994608,0.23633399188210413,0.610946387052536,0.20253947377204895,0.38530010373359885,1.0,1.0,7.0,1.1633804887533188
04_2-1_302_382,2-1,302,382,384,0.1946563182797284,0.6329607367515564,0.002867556253465505,0.1946563182797284,0.6972870230674744,0.11414211988449097,0.22000390150559515,0.0,1.0,3.0,0.22871172428131104
04_2-1_302_438,2-1,302,438,435,0.1722910074502379,0.6754797697067261,0.0010449868286230494,0.1722910074502379,0.3426688313484192,0.1610742211341858,0.3131269123771348,0.0,4.0,3.0,2.1473893523216248
04_2-1_302_493,2-1,302,493,489,0.2797689972963414,0.6800948977470398,0.10835458398510045,0.2797689972963414,0.2738836705684662,0.2134995013475418,0.45756881228366,1.0,7.0,4.0,3.170371040701866
04_2-1_302_526,2-1,302,526,528,0.1755477036958255,0.7955801486968994,0.007280707575393984,0.1755477036958255,0.3717832863330841,0.17611297965049744,0.28429751962739686,0.0,1.0,3.0,-0.19571173191070557
04_2-1_302_556,2-1,302,556,560,0.13649662087975722,0.7814235687255859,0.029546131701594484,0.13649662087975722,0.46763908863067627,0.16874298453330994,0.27541754853513317,0.0,1.0,6.0,-0.7353513240814209
04_2-1_302_593,2-1,302,593,593,0.2198603660232335,0.7218760848045349,0.012838934603174267,0.2198603660232335,0.2247113585472107,0.19456946849822998,0.36898734527769955,0.0,3.0,3.0,0.267936572432518
04_2-1_302_644,2-1,302,644,640,0.21132545223701094,0.7827308177947998,0.0016024957884776146,0.21132545223701094,0.802976593375206,0.3261829763650894,0.7144551934439672,1.0,1.0,3.0,-0.4535796791315079
04_2-1_302_685,2-1,302,685,682,0.21336367470897535,0.698875904083252,0.023620290661112136,0.21336367470897535,0.6945212185382843,0.21275460720062256,0.43765745003348555,1.0,2.0,10.0,0.4794571101665497
04_2-1_302_716,2-1,302,716,720,0.3056940577902105,0.8265768885612488,0.1383285243858743,0.3056940577902105,0.5828699171543121,0.2714773416519165,0.4890606435610341,0.0,1.0,6.0,1.227710410952568
04_2-1_302_760,2-1,302,760,757,0.15275645416316017,0.7797967791557312,0.04399109534596518,0.15275645416316017,0.30294379591941833,0.11394572257995605,0.17112794438734785,0.0,1.0,3.0,-1.504482388496399
04_2-1_302_802,2-1,302,802,806,0.1013671296405691,0.695085883140564,0.008597963444603082,0.1013671296405691,0.39286959171295166,0.102789968252182,0.17354495560137834,1.0,1.0,3.0,-2.276078164577484
04_2-1_302_856,2-1,302,856,853,0.2704695084174138,0.7127598524093628,0.01043455087617522,0.2704695084174138,0.687709391117096,0.31018054485321045,0.7704830800573277,0.0,1.0,4.0,0.8940999805927277
04_2-1_304_56,2-1,304,56,54,0.2538599105098234,0.3259868621826172,0.07033755950138341,0.2538599105098234,0.17757240682840347,0.21157729998230934,1.849297348169907,3.0,,9.0,3.2670055106282234
04_2-1_304_119,2-1,304,119,117,0.2897146772999747,0.6537610292434692,0.17682133151264465,0.2897146772999747,0.24089255928993225,0.387089341878891,1.4515577026731175,0.0,,11.0,3.621588207781315
04_2-1_304_271,2-1,304,271,268,0.2233806029405233,0.3920777142047882,0.047900196165482044,0.2233806029405233,0.19622741639614105,0.13118034601211548,0.5028044051223958,0.0,41.0,9.0,2.062468372285366
04_2-1_304_464,2-1,304,464,461,0.2064745385560841,0.33044952154159546,0.005875520041837751,0.2064745385560841,0.18601232022047043,0.18076882511377335,1.2076963124028643,2.0,,11.0,2.0610467940568924
04_2-1_304_534,2-1,304,534,529,0.24778819919212258,0.5005826354026794,0.11004931543628066,0.24778819919212258,0.34831273555755615,0.22169341146945953,0.7949156598554846,2.0,17.0,10.0,2.7477308809757233
04_2-1_304_667,2-1,304,667,665,0.26679468169088205,0.4334354102611542,0.08425448364561809,0.26679468169088205,0.30315494537353516,0.25227660685777664,1.392571611858379,1.0,,8.0,2.9378262162208557
04_2-1_304_692,2-1,304,692,688,0.27816938842617644,0.5850404500961304,0.02931631218531362,0.27816938842617644,0.28837400674819946,0.2134130895137787,0.5742663542839088,3.0,,14.0,4.114373221993446
04_2-1_304_731,2-1,304,731,729,0.1929338160748183,0.6047846078872681,0.0025359053905899117,0.1929338160748183,0.20177513360977173,0.07737946510314941,0.14671731241502692,1.0,1.0,6.0,0.4823308140039444
04_2-1_304_751,2-1,304,751,746,0.20153155724558103,0.7004290819168091,0.006106229989668787,0.20153155724558103,0.2750195264816284,0.15234842896461487,0.2779671717000076,2.0,4.0,6.0,2.7591773867607117
04_2-1_304_812,2-1,304,812,808,0.20381163621501758,0.5863968729972839,0.016960520815752077,0.20381163621501758,0.12672680616378784,0.10110688209533691,0.20834322568125166,3.0,6.0,4.0,1.1200808882713318
04_2-1_304_845,2-1,304,845,847,0.19506387339123793,0.6457250118255615,0.0027072476719386,0.19506387339123793,0.23315903544425964,0.13294300436973572,0.25925832505187546,0.0,2.0,5.0,0.31574317812919617
04_2-1_306_55,2-1,306,55,50,0.36437575304827863,0.4689742922782898,0.07260173773294404,0.36437575304827863,0.21876183152198792,0.35553622618317604,3.1341880060355725,3.0,,17.0,6.09065761230886
04_2-1_306_178,2-1,306,178,173,0.3720128056475818,0.6378800868988037,0.05436256144186081,0.3720128056475818,0.19700632989406586,0.4310145452618599,2.0835492554787365,3.0,,16.0,7.399663589894772
04_2-1_306_219,2-1,306,219,215,0.23946885921855934,0.7430854439735413,0.004582645784906097,0.23946885921855934,0.14147841930389404,0.11190268397331238,0.17729046334103263,3.0,4.0,7.0,0.9574805498123169
04_2-1_306_253,2-1,306,253,249,0.2821137198922794,0.8021548390388489,0.0023525319615062545,0.2821137198922794,0.26680076122283936,0.07607975602149963,0.10478221578040538,1.0,1.0,7.0,1.1146479845046997
04_2-1_306_416,2-1,306,416,411,0.31879735057627756,0.5961875915527344,0.0034394396187362253,0.31879735057627756,0.18574541807174683,0.358355350792408,1.5067568200458483,3.0,46.0,16.0,4.7820377722382545
04_2-1_306_505,2-1,306,505,501,0.292448048394538,0.4855949282646179,0.0102056251674216,0.292448048394538,0.1253720223903656,0.2534453719854355,1.0917331742846097,2.0,32.0,14.0,3.4802979975938797
04_2-1_306_669,2-1,306,669,665,0.32857313272148964,0.4111320972442627,0.024220292882505122,0.32857313272148964,0.15256233513355255,0.30300163477659225,2.8021856918182118,3.0,,14.0,5.249345898628235
04_2-1_312_61,2-1,312,61,58,0.24416924869697249,0.4280816316604614,0.0003258724768647385,0.24416924869697249,0.15244165062904358,0.29708413034677505,2.2678610459552044,1.0,28.0,14.0,2.819558799266815
04_2-1_312_103,2-1,312,103,98,0.28145655087511745,0.4897729754447937,0.010983606950694821,0.28145655087511745,0.341145284473896,0.2109576016664505,0.7566211246090063,3.0,14.0,15.0,2.288977548480034
04_2-1_312_133,2-1,312,133,129,0.25783578168583804,0.6088886260986328,0.0026944661681275904,0.25783578168583804,0.2113189399242401,0.15398718416690826,0.33850669611643036,1.0,9.0,7.0,1.0828907787799835
04_2-1_312_188,2-1,312,188,183,0.2924536649002529,0.5913799405097961,0.01470410964797599,0.2924536649002529,0.33906182646751404,0.2272430956363678,0.6240596051612302,2.0,,11.0,2.706560432910919
04_2-1_312_210,2-1,312,210,206,0.27316917792051987,0.7288041710853577,0.0003008235920620627,0.27316917792051987,0.3221181631088257,0.19616082310676575,0.3682779928655936,3.0,25.0,8.0,2.2397423684597015
04_2-1_312_263,2-1,312,263,258,0.3335273809125058,0.7903046607971191,0.0036350510241236283,0.3335273809125058,0.5064682364463806,0.2765272259712219,0.5382237662207336,0.0,36.0,11.0,3.806674063205719
04_2-1_312_302,2-1,312,302,300,0.15594731978409637,0.7460420727729797,0.001773332473688888,0.15594731978409637,0.2030758261680603,0.03753051161766052,0.052970923376976654,0.0,1.0,3.0,-0.5661260187625885
04_2-1_312_367,2-1,312,367,364,0.41704318184775996,0.6553207635879517,0.14391056653280068,0.41704318184775996,0.22954493761062622,0.25639763474464417,0.6427244153230189,1.0,,13.0,4.067951664328575
04_2-1_312_439,2-1,312,439,434,0.17158927412436178,0.9589564204216003,0.004719598926412003,0.17158927412436178,0.3188217282295227,0.15408918261528015,0.1914467074535832,1.0,3.0,6.0,0.4906628429889679
04_2-1_312_480,2-1,312,480,476,0.15486030197306186,0.9496049284934998,0.004058059238679035,0.15486030197306186,0.37381160259246826,0.1099419891834259,0.13093586013664243,1.0,1.0,7.0,-0.3516203463077545
04_2-1_312_528,2-1,312,528,528,0.1611399318088494,0.7121784090995789,0.032761001770028705,0.1611399318088494,0.6145955324172974,-0.013883829116821289,-0.019122092275350184,0.0,0.0,3.0,-2.7063617408275604
04_2-1_312_615,2-1,312,615,610,0.30235653021777203,0.43810585141181946,0.03580793918773491,0.30235653021777203,0.17893025279045105,0.2511424347758293,1.3432704605778198,5.0,39.0,14.0,4.023527666926384
04_2-1_312_695,2-1,312,695,690,0.33985990625129053,0.4151252508163452,0.01625648074268922,0.33985990625129053,0.2175024300813675,0.24635697156190872,1.4597350441103856,1.0,42.0,13.0,4.555747110396624
04_2-1_312_755,2-1,312,755,751,0.2669549538988668,0.45019012689590454,0.003294091395155286,0.2669549538988668,0.19587010145187378,0.18373121321201324,0.689529243634084,2.0,,12.0,2.173679254949093
04_2-1_312_776,2-1,312,776,773,0.31683197768750143,0.5600937008857727,0.0032373226102474302,0.31683197768750143,0.20295098423957825,0.13339877128601074,0.31263266102350507,4.0,33.0,8.0,4.0206301510334015
04_2-1_313_103,2-1,313,103,98,0.3599595816952672,0.7917659282684326,1.0,0.3599595816952672,0.2785564064979553,0.2602951228618622,0.48976372777943794,3.0,,16.0,4.1558453142642975
04_2-1_315_133,2-1,315,133,129,0.09269573187869135,0.4536488652229309,0.00687094142649985,0.09269573187869135,0.15336931496858597,0.27963850647211075,1.6070221823549498,0.0,5.0,6.0,1.5918326079845428
04_2-1_315_158,2-1,315,158,155,0.12768756294505176,0.346224844455719,5.399085677414398e-06,0.12768756294505176,0.22503866255283356,0.1330295279622078,0.6239795983804207,3.0,1.0,12.0,1.730523131787777
04_2-1_315_283,2-1,315,283,279,0.2657594941987727,0.40661582350730896,0.09311604051535241,0.2657594941987727,0.2660578787326813,0.17387565970420837,0.747080593495277,0.0,,11.0,2.6002132818102837
04_2-1_315_320,2-1,315,320,317,0.2191038715850106,0.5428832173347473,0.003107672210139537,0.2191038715850106,0.23437470197677612,0.11349913477897644,0.2643300937086659,1.0,1.0,1.0,1.6348745375871658
04_2-1_315_420,2-1,315,420,415,0.2327286836195221,0.6438358426094055,0.012601818507341088,0.2327286836195221,0.10207313299179077,0.2772044241428375,0.7560847493710224,2.0,8.0,11.0,2.3597837686538696
04_2-1_315_499,2-1,315,499,494,0.26131302685916513,0.5247783660888672,0.16839253387557945,0.26131302685916513,0.41259193420410156,0.1533576250076294,0.4128946180043477,5.0,27.0,9.0,2.7023161128163338
04_2-1_315_579,2-1,315,579,580,0.2522701577159733,0.9345486760139465,0.04404468254668262,0.2522701577159733,0.22043931484222412,0.35383304953575134,0.6093051975914706,0.0,2.0,3.0,2.5591140687465668
04_2-1_315_619,2-1,315,619,614,0.13267403347030543,0.8791897296905518,0.018746882436967247,0.13267403347030543,0.45799729228019714,0.14593487977981567,0.19902340884288905,1.0,1.0,6.0,-0.9817096590995789
04_2-1_315_678,2-1,315,678,680,0.14052153039187393,0.8328101634979248,0.01590760791992481,0.14052153039187393,0.21809834241867065,0.18101906776428223,0.27772559175655953,0.0,1.0,8.0,0.5980373322963715
04_2-1_315_706,2-1,315,706,702,0.16397836911835373,0.7490963339805603,0.028058889909368733,0.16397836911835373,0.24332195520401,0.11946403980255127,0.18973620144200626,1.0,9.0,2.0,0.9349272847175598
04_2-1_315_800,2-1,315,800,804,0.0726922043982047,0.5971571803092957,0.0653414474436177,0.0726922043982047,0.4152470529079437,0.17128092050552368,0.40218471108120374,0.0,1.0,4.0,-1.0664758086204529
04_2-1_315_849,2-1,315,849,853,0.18120482438396673,0.528185248374939,0.002429572551000901,0.18120482438396673,0.2782382220029831,0.2554254084825516,0.9364480070941719,0.0,2.0,4.0,1.2674912586808205
04_2-1_316_184,2-1,316,184,181,0.44840360961271514,0.5659493803977966,0.24397770531027538,0.44840360961271514,0.4685075990855694,0.3801939785480499,2.0467452077414157,3.0,,12.0,7.5985071901232
04_2-1_316_206,2-1,316,206,202,0.26557328872565983,0.881596028804779,0.009639898678360943,0.26557328872565983,0.29769396781921387,0.2627998888492584,0.4246954237111896,2.0,29.0,15.0,4.839841932058334
04_2-1_316_295,2-1,316,295,290,0.2755812934250802,0.8117375373840332,0.007145646243203093,0.2755812934250802,0.36814188957214355,0.2693580985069275,0.4966229897368208,1.0,17.0,6.0,2.707010567188263
04_2-1_316_351,2-1,316,351,347,0.23893953280504593,0.8133257627487183,0.001746382911714989,0.23893953280504593,0.37368956208229065,0.19658422470092773,0.3187465292563036,1.0,7.0,4.0,0.969726175069809
04_2-1_316_421,2-1,316,421,417,0.2592664714356468,0.7627753615379333,0.02242601804779441,0.2592664714356468,0.35051828622817993,0.19204780459403992,0.3364964636058735,1.0,1.0,8.0,1.6065233051776886
04_2-1_316_440,2-1,316,440,436,0.15336712106886316,0.8217617273330688,0.006994883480749406,0.15336712106886316,0.2706714868545532,0.19560062885284424,0.31238067859468227,2.0,3.0,13.0,2.34452748298645
04_2-1_316_464,2-1,316,464,460,0.2471616585112325,0.8038885593414307,0.0025462525326908642,0.2471616585112325,0.44563668966293335,0.11737346649169922,0.1709699724218454,2.0,10.0,7.0,1.45810005068779
04_2-1_316_521,2-1,316,521,516,0.0851642737742907,0.7740673422813416,0.0034558429040685065,0.0851642737742907,0.4675910770893097,0.1629612147808075,0.266665980665797,1.0,1.0,3.0,-2.0671664625406265
04_2-1_316_630,2-1,316,630,625,0.37403749128491504,0.5455086827278137,0.10011350769129909,0.37403749128491504,0.3703465461730957,0.32025473564863205,1.4217497176023093,4.0,,15.0,6.760566428303719
04_2-1_316_663,2-1,316,663,668,0.24116486315658628,0.8763102293014526,0.0055417528495289746,0.24116486315658628,0.44888126850128174,0.22762328386306763,0.3508985119304952,2.0,1.0,6.0,1.391527146100998
04_2-1_316_753,2-1,316,753,750,0.29404209520390084,0.8434591293334961,0.00996657471637658,0.29404209520390084,0.5683468580245972,0.30883553624153137,0.5776691119361173,0.0,22.0,11.0,2.9188184440135956
04_2-1_316_830,2-1,316,830,833,0.2941846823779934,0.64708012342453,0.05086075936561354,0.2941846823779934,0.3060457408428192,0.13958904147148132,0.2750571319091586,1.0,1.0,5.0,0.2726641893386841
04_2-1_317_259,2-1,317,259,254,0.3995021451583799,0.4116937518119812,0.41092591094922903,0.3995021451583799,0.13902726769447327,0.2933529429137707,2.478882353813339,4.0,,11.0,6.739405404776335
04_2-1_317_312,2-1,317,312,311,0.25605084333289657,0.6964407563209534,0.001387735701767717,0.25605084333289657,0.28104621171951294,0.1541353166103363,0.2842223317777992,0.0,1.0,3.0,1.1766458749771118
04_2-1_317_356,2-1,317,356,351,0.1659419320165387,0.6915825605392456,0.010760372213614481,0.1659419320165387,0.19937601685523987,0.07551974058151245,0.12258448024292995,0.0,6.0,7.0,-0.695536881685257
04_2-1_317_399,2-1,317,399,395,0.14271396976464562,0.7975961565971375,0.004535514823117991,0.14271396976464562,0.34698837995529175,0.19516032934188843,0.3239520634605285,0.0,1.0,5.0,0.12115958333015442
04_2-1_317_421,2-1,317,421,425,0.09751705619407564,0.6242392063140869,0.014347295261816244,0.09751705619407564,0.38121986389160156,0.008247822523117065,0.013389509561575096,0.0,1.0,3.0,-0.9871585667133331
04_2-1_317_463,2-1,317,463,458,0.24935126254540627,0.716282308101654,0.016014741841629338,0.24935126254540627,0.41058409214019775,0.19959023594856262,0.3862846881254755,1.0,5.0,10.0,1.1954625844955444
04_2-1_317_523,2-1,317,523,518,0.15366042575141106,0.8235442042350769,0.006738413858871615,0.15366042575141106,0.491903692483902,0.2512473165988922,0.43901569627024223,0.0,3.0,3.0,0.19416528940200806
04_2-1_317_625,2-1,317,625,624,0.25176536596533605,0.543043851852417,0.0014736829191261747,0.25176536596533605,0.2970499098300934,0.22081737220287323,0.6852862385581596,1.0,25.0,10.0,1.5102624744176865
04_2-1_317_668,2-1,317,668,663,0.22894926844415592,0.5971764922142029,0.003659389326540668,0.22894926844415592,0.2875928282737732,0.10290661454200745,0.20819924334991766,2.0,10.0,7.0,1.1776491105556488
04_2-1_317_703,2-1,317,703,701,0.15856002246500536,0.6606472134590149,0.013956850279604407,0.15856002246500536,0.37396228313446045,0.1232418417930603,0.2293275212545998,0.0,3.0,4.0,0.36713171005249023
04_2-1_317_805,2-1,317,805,800,0.30398097820966674,0.7416421175003052,0.08885606488211112,0.30398097820966674,0.27698150277137756,0.38731899857521057,1.0931236994927542,1.0,1.0,14.0,3.940680667757988
04_2-1_319_91,2-1,319,91,86,0.3095082852869263,0.5534924864768982,0.25889946039752254,0.3095082852869263,0.14196938276290894,0.19890417158603668,0.5609439545328989,4.0,,12.0,3.614080175757408
04_2-1_319_127,2-1,319,127,123,0.2650402539362717,0.747421145439148,0.03652771708372468,0.2650402539362717,0.17384713888168335,0.17718347907066345,0.3107186520999973,1.0,8.0,7.0,1.2223398685455322
04_2-1_319_157,2-1,319,157,152,0.19327757677645913,0.7939974069595337,0.0012194013159552172,0.19327757677645913,0.2118547558784485,0.09938502311706543,0.14307983190176615,2.0,2.0,4.0,0.760610967874527
04_2-1_319_199,2-1,319,199,198,0.1285018168529889,0.7439253330230713,0.002881326963020289,0.1285018168529889,0.27188026905059814,0.0516909658908844,0.07467263739740569,0.0,1.0,5.0,-0.6209624111652374
04_2-1_319_243,2-1,319,243,240,0.17661324530342826,0.7592002153396606,0.010468083770810932,0.17661324530342826,0.1519792377948761,0.22033166885375977,0.4088783253181109,0.0,4.0,5.0,0.6571609377861023
04_2-1_319_293,2-1,319,293,288,0.2382628713360982,0.5944421291351318,0.005828093407359487,0.2382628713360982,0.24354234337806702,0.16820283234119415,0.3946206593488038,3.0,2.0,5.0,1.283964067697525
04_2-1_319_316,2-1,319,316,320,0.2315455298054092,0.6644048690795898,0.015302770544431446,0.2315455298054092,0.5670424103736877,0.16399700939655304,0.3277266857887291,0.0,1.0,7.0,0.6027888357639313
04_2-1_319_366,2-1,319,366,362,0.2570920010877885,0.726214587688446,0.009794836863108523,0.2570920010877885,0.5381654798984528,0.21669185161590576,0.42528396924186623,0.0,1.0,8.0,1.4404195100069046
04_2-1_319_431,2-1,319,431,434,0.09673734951361113,0.7395384311676025,0.0044053150096500454,0.09673734951361113,0.38444197177886963,0.17420244216918945,0.30813966483509764,1.0,1.0,2.0,-1.3439492583274841
04_2-1_319_495,2-1,319,495,491,0.2542175228771435,0.5217600464820862,0.09580212835540679,0.2542175228771435,0.35111838579177856,0.1968168169260025,0.605696007868454,0.0,1.0,12.0,1.666428953409195
04_2-1_319_534,2-1,319,534,529,0.2536156025578697,0.7295753359794617,0.0034436355256869224,0.2536156025578697,0.29645130038261414,0.30721864104270935,0.727391431758209,0.0,10.0,11.0,1.860385313630104
04_2-1_319_584,2-1,319,584,580,0.2726852456861994,0.7821167707443237,0.03966145994653769,0.2726852456861994,0.543904036283493,0.2929049879312515,0.5987283998905041,1.0,2.0,8.0,1.2842041701078415
04_2-1_319_619,2-1,319,619,617,0.1700400999784211,0.6613384485244751,0.02587632409418832,0.1700400999784211,0.42644307017326355,0.10964375734329224,0.1987399173781137,0.0,1.0,7.0,-0.8902529329061508
04_2-1_319_680,2-1,319,680,677,0.2404766672018339,0.6657290458679199,0.019914957287341058,0.2404766672018339,0.4134107232093811,0.21656401455402374,0.4821479844958797,0.0,2.0,7.0,1.3565136343240738
04_2-1_319_760,2-1,319,760,755,0.2830492810563953,0.4957703649997711,0.2765548431744855,0.2830492810563953,0.6365849673748016,0.1818007081747055,0.5790391021002369,3.0,,7.0,2.448836363852024
04_2-1_319_814,2-1,319,814,810,0.25182221137730554,0.590805172920227,0.03904453664563776,0.25182221137730554,0.2743667960166931,0.063458651304245,0.12033577297482602,3.0,9.0,5.0,1.524143934249878
04_2-1_319_857,2-1,319,857,852,0.22208997527368218,0.6818849444389343,0.0012529530349732034,0.22208997527368218,0.37394264340400696,0.1516895294189453,0.28610117160901216,0.0,1.0,5.0,0.39597801864147186
04_2-1_320_158,2-1,320,158,156,0.06387514595527022,0.21484532952308655,0.006542346356216334,0.06387514595527022,0.16533756256103516,0.10380944609642029,0.9349180003145678,1.0,14.0,11.0,1.2261115945875645
04_2-1_320_283,2-1,320,283,279,0.32590527167797334,0.4144171178340912,0.03484539165742808,0.32590527167797334,0.14507581293582916,0.33000369742512703,3.909374786927634,3.0,,15.0,5.0439139213413
04_2-1_320_325,2-1,320,325,320,0.25889732912413976,0.5950438976287842,0.011419202898562462,0.25889732912413976,0.12894439697265625,0.22775334119796753,0.6200903813351037,3.0,21.0,12.0,2.463398054242134
04_2-1_320_420,2-1,320,420,415,0.2702654798761631,0.6396716237068176,0.012555326614223145,0.2702654798761631,0.26253634691238403,0.34162333607673645,1.1462013044702941,1.0,31.0,10.0,3.406807526946068
04_2-1_320_496,2-1,320,496,491,0.32313362733763656,0.5758114457130432,0.01698224596883236,0.32313362733763656,0.24788400530815125,0.2861583083868027,0.9879344343662275,3.0,39.0,15.0,4.366760790348053
04_2-1_320_565,2-1,320,565,560,0.33848949527024885,0.6122022271156311,0.0756218934539768,0.33848949527024885,0.23753300309181213,0.26966823637485504,0.787274383460926,4.0,,15.0,4.50602000951767
04_2-1_320_581,2-1,320,581,577,0.3361550186444728,0.8938134908676147,0.05159423204440846,0.3361550186444728,0.2848111391067505,0.33327171206474304,0.5945528498812329,3.0,38.0,15.0,6.038330405950546
04_2-1_320_638,2-1,320,638,633,0.2730083662300654,0.7886109352111816,0.01816471357256603,0.2730083662300654,0.20116358995437622,0.18468159437179565,0.30580000321744827,1.0,5.0,7.0,1.0668202936649323
04_2-1_320_680,2-1,320,680,676,0.2824654589998958,0.7767242789268494,0.00016434299945698133,0.2824654589998958,0.5192606449127197,0.1829833984375,0.3081872992923929,1.0,10.0,9.0,1.04208105802536
04_2-1_321_66,2-1,321,66,64,0.09694228259529633,0.6255520582199097,0.0043200891426491425,0.09694228259529633,0.44983625411987305,0.13504338264465332,0.27531293403990825,0.0,1.0,5.0,-0.4449501633644104
04_2-1_321_141,2-1,321,141,137,0.36304218727707305,0.5502862930297852,0.33730394188365104,0.36304218727707305,0.24354681372642517,0.2475791573524475,0.8178834529237782,2.0,1.0,6.0,3.5277418941259384
04_2-1_321_182,2-1,321,182,177,0.2286523951356007,0.7367891669273376,0.01616882339631103,0.2286523951356007,0.46445974707603455,0.16114217042922974,0.2799322699667024,0.0,5.0,7.0,1.368646264076233
04_2-1_321_208,2-1,321,208,203,0.22663252206455436,0.8414483070373535,0.015526656175708017,0.22663252206455436,0.5863968729972839,0.18799856305122375,0.28770164007473276,2.0,2.0,7.0,1.0660280585289001
04_2-1_321_263,2-1,321,263,259,0.120366410000872,0.6992090940475464,0.03206240685267001,0.120366410000872,0.25109902024269104,0.05946791172027588,0.09295620379469967,0.0,2.0,2.0,-1.474845975637436
04_2-1_321_293,2-1,321,293,288,0.18704882663556593,0.6705735325813293,0.0015622814172285442,0.18704882663556593,0.2921852767467499,0.1246953010559082,0.2284306166733473,1.0,1.0,5.0,-0.4750015437602997
04_2-1_321_362,2-1,321,362,357,0.21816620544350435,0.5854455828666687,0.009850286118100572,0.21816620544350435,0.47503629326820374,0.19884970784187317,0.5143606558893555,2.0,5.0,6.0,1.6519684940576553
04_2-1_321_449,2-1,321,449,444,0.2854440694694572,0.5998690128326416,0.05755823541746971,0.2854440694694572,0.2793671786785126,0.2766219228506088,0.8557599787394357,4.0,,9.0,3.383441060781479
04_2-1_321_463,2-1,321,463,462,0.2494796793021697,0.6937531232833862,0.06289302751445024,0.2494796793021697,0.22666162252426147,0.23071980476379395,0.4982790558170848,3.0,1.0,6.0,3.6378802210092545
04_2-1_321_485,2-1,321,485,490,0.23093118549072122,0.7367254495620728,0.0014074234637831533,0.23093118549072122,0.5070637464523315,0.15337201952934265,0.2629144042587312,1.0,3.0,6.0,2.170656234025955
04_2-1_321_753,2-1,321,753,749,0.1727921274804077,0.33912795782089233,0.0024237249219622803,0.1727921274804077,0.32095369696617126,0.18946991115808487,1.2660188702380766,3.0,10.0,6.0,2.5246199928224087
04_2-1_321_822,2-1,321,822,819,0.2282026986066254,0.6359636783599854,0.024674961016666132,0.2282026986066254,0.5332289934158325,0.30569952726364136,0.9256212829907273,0.0,9.0,8.0,3.598652556538582
04_2-1_322_89,2-1,322,89,85,0.42161562127663466,0.6052735447883606,0.11170446411169127,0.42161562127663466,0.17939987778663635,0.331804558634758,1.2133169589051291,4.0,,14.0,5.947225138545036
04_2-1_322_139,2-1,322,139,135,0.3090896201829386,0.8280092477798462,0.01093933096265704,0.3090896201829386,0.1189718246459961,0.15428730845451355,0.22900739822873717,0.0,15.0,12.0,1.6636755764484406
04_2-1_322_207,2-1,322,207,203,0.309841414708515,0.7837700843811035,0.009387330181163184,0.309841414708515,0.1901715099811554,0.28153619170188904,0.5605678864084768,1.0,33.0,9.0,2.419524148106575
04_2-1_322_298,2-1,322,298,294,0.4421044615225298,0.6367496848106384,0.1618741221229711,0.4421044615225298,0.25556421279907227,0.3155583441257477,0.9824621780053859,2.0,,14.0,6.30495972931385
04_2-1_322_346,2-1,322,346,342,0.17669788363533112,0.79786217212677,0.008584863696860427,0.17669788363533112,0.1811126470565796,0.06742003560066223,0.0923003099483055,0.0,3.0,5.0,-0.7411216795444489
04_2-1_322_382,2-1,322,382,377,0.20387358113934795,0.8409643173217773,0.0017784507152259264,0.20387358113934795,0.3208311200141907,0.1349911391735077,0.19121284398875085,0.0,2.0,5.0,0.5992052555084229
04_2-1_322_438,2-1,322,438,433,0.26098691345196545,0.6591277718544006,0.002828578487872272,0.26098691345196545,0.07603085041046143,0.09483087062835693,0.16805137583126648,4.0,23.0,14.0,2.5213924050331116
04_2-1_322_489,2-1,322,489,484,0.3316944051234375,0.7943500876426697,0.014450710410123411,0.3316944051234375,0.2210410237312317,0.18614402413368225,0.30605420646374665,4.0,,15.0,3.139495000243187
04_2-1_322_529,2-1,322,529,527,0.1665011961664868,0.8520766496658325,0.0019010777398921939,0.1665011961664868,0.1895662546157837,0.0695239007472992,0.08884244652309936,0.0,1.0,4.0,-0.2271217703819275
04_2-1_322_603,2-1,322,603,598,0.3479162555897258,0.7191387414932251,0.030062931159715693,0.3479162555897258,0.3252827525138855,0.2281721979379654,0.4647408279303332,4.0,37.0,14.0,3.302981823682785
04_2-1_322_658,2-1,322,658,654,0.3363474817397082,0.7031662464141846,0.002462176194166633,0.3363474817397082,0.40918415784835815,0.1377478837966919,0.24362117133765387,1.0,37.0,11.0,2.775468811392784
04_2-1_322_745,2-1,322,745,741,0.39096888531658947,0.5827164649963379,0.07592192256041365,0.39096888531658947,0.09585332870483398,0.21952693164348602,0.6044417899846458,1.0,,13.0,3.862448498606682
04_2-1_328_59,2-1,328,59,54,0.2799233841866609,0.5366126298904419,0.16350817419144834,0.2799233841866609,0.24865400791168213,0.2531059980392456,0.8927692321923989,2.0,16.0,8.0,3.4867996871471405
04_2-1_328_190,2-1,328,190,185,0.18586843194615071,0.4466251730918884,0.014421623016763375,0.18586843194615071,0.2943210005760193,0.18020425736904144,0.6763893025444924,1.0,6.0,10.0,1.6861315816640854
04_2-1_328_216,2-1,328,216,212,0.3283479489452974,0.623860776424408,0.2210768845100813,0.3283479489452974,0.19427591562271118,0.25078292191028595,0.6721999681189684,0.0,,8.0,4.081865534186363
04_2-1_328_287,2-1,328,287,283,0.13305465811004613,0.6113173365592957,0.004183060535524088,0.13305465811004613,0.33448368310928345,0.07144397497177124,0.1323346919019799,0.0,3.0,1.0,0.28879624605178833
04_2-1_328_472,2-1,328,472,471,0.15298212875318662,0.33416321873664856,0.0005639526581326364,0.15298212875318662,0.12199573218822479,0.15519702434539795,0.8671862575683472,0.0,1.0,13.0,1.5710821971297264
04_2-1_328_529,2-1,328,529,526,0.30940098394730403,0.4870778024196625,0.35629210168135333,0.30940098394730403,0.2440788745880127,0.2521503046154976,1.0733111575797296,3.0,,7.0,3.8324787691235542
04_2-1_328_592,2-1,328,592,588,0.21414280925931115,0.8331059813499451,0.019991864309221345,0.21414280925931115,0.253579318523407,0.28722503781318665,0.5261679148428554,2.0,1.0,8.0,1.8728224039077759
04_2-1_328_610,2-1,328,610,614,0.1329494001071697,0.8363574147224426,0.04575649797273225,0.1329494001071697,0.2634045481681824,0.22600245475769043,0.3702803607440857,0.0,1.0,4.0,0.7651362419128418
04_2-1_328_739,2-1,328,739,734,0.26243900749903953,0.4959835112094879,0.05815350937500691,0.26243900749903953,0.09756660461425781,0.1723361313343048,0.5324811571184894,6.0,,9.0,3.8970053493976593
04_2-1_328_765,2-1,328,765,762,0.2464171906879296,0.7228272557258606,0.01025226547291421,0.2464171906879296,0.46144795417785645,0.1992645561695099,0.3805934921230254,1.0,1.0,2.0,2.9593908488750458
04_2-1_328_809,2-1,328,809,809,0.11936842849386547,0.7826166152954102,0.012365886467838883,0.11936842849386547,0.2563384175300598,0.13657090067863464,0.21139510345586987,0.0,1.0,7.0,0.09820058941841125
04_2-1_329_84,2-1,329,84,79,0.2076750885278969,0.6212297677993774,0.01100503162368075,0.2076750885278969,0.3109561800956726,0.09790998697280884,0.18709399216319098,0.0,1.0,5.0,-0.2746579051017761
04_2-1_329_117,2-1,329,117,112,0.18605733264909885,0.6342912316322327,0.0015490770541300694,0.18605733264909885,0.3349810838699341,0.11082452535629272,0.21171265340774653,0.0,5.0,2.0,-0.2865550220012665
04_2-1_329_175,2-1,329,175,175,0.1851242704032529,0.61386638879776,0.012877140497846032,0.1851242704032529,0.579445093870163,0.08334150910377502,0.15709255549305756,0.0,2.0,4.0,-0.6412725746631622
04_2-1_329_200,2-1,329,200,197,0.1721463272114277,0.713918149471283,0.023651547568564166,0.1721463272114277,0.3335389494895935,0.21970368921756744,0.44455131706340173,0.0,2.0,9.0,0.8807197660207748
04_2-1_329_231,2-1,329,231,229,0.2225240313301156,0.5982197523117065,0.0028454684682051416,0.2225240313301156,0.2618594318628311,0.18343518674373627,0.4422420744912625,0.0,1.0,8.0,0.6416251361370087
04_2-1_329_266,2-1,329,266,264,0.2569834713814979,0.5795598030090332,0.06795486908660003,0.2569834713814979,0.393373966217041,0.13226328790187836,0.2956948767423176,0.0,1.0,8.0,0.41828034818172455
04_2-1_329_304,2-1,329,304,300,0.1818998849919897,0.6619461178779602,0.01110243559220114,0.1818998849919897,0.26588189601898193,0.1693286895751953,0.34373264088237887,0.0,2.0,4.0,-0.05343243479728699
04_2-1_329_351,2-1,329,351,347,0.34405141223580543,0.6471666693687439,0.33189661202806625,0.34405141223580543,0.26001864671707153,0.34057895839214325,1.1108695691267836,0.0,17.0,10.0,3.347216457128525
04_2-1_329_378,2-1,329,378,383,0.15674475066711802,0.625926673412323,0.02260751247868051,0.15674475066711802,0.3091289550065994,0.13613498210906982,0.2779446538728282,0.0,1.0,5.0,-1.3907432854175568
04_2-1_329_411,2-1,329,411,406,0.2508418120779127,0.6497769951820374,0.005513628049129048,0.2508418120779127,0.5905232131481171,0.30062855780124664,0.8610336625203711,0.0,8.0,9.0,1.3586868047714233
04_2-1_329_441,2-1,329,441,442,0.25620439462321265,0.5283606648445129,0.03694063834114217,0.25620439462321265,0.21581536531448364,0.10585734248161316,0.25054795282932557,0.0,1.0,4.0,-0.6114842891693115
04_2-1_329_483,2-1,329,483,478,0.16009419413426462,0.6421995162963867,0.04844555439220616,0.16009419413426462,0.22486746311187744,0.17753563821315765,0.38207325033636047,0.0,1.0,4.0,-0.9231744557619095
04_2-1_329_504,2-1,329,504,502,0.2812898339194099,0.739246666431427,0.09404439383960905,0.2812898339194099,0.4187287241220474,0.32521311938762665,0.785475287472835,1.0,1.0,8.0,1.768983319401741
04_2-1_329_552,2-1,329,552,548,0.27377988290824334,0.616766095161438,0.09418772186028522,0.27377988290824334,0.2900148034095764,0.24092714488506317,0.6410382551034063,2.0,3.0,8.0,2.4285826832056046
04_2-1_329_588,2-1,329,588,586,0.25142441879057503,0.6158698201179504,0.04630361928734862,0.25142441879057503,0.3487383723258972,0.1283724159002304,0.26332943476125326,0.0,3.0,2.0,-0.22200722992420197
04_2-1_329_639,2-1,329,639,634,0.30673076369691166,0.5567721724510193,0.17769826122454283,0.30673076369691166,0.43871009349823,0.1899082213640213,0.5176529904378273,2.0,6.0,4.0,2.2248643785715103
04_2-1_329_691,2-1,329,691,687,0.30636958498322375,0.6224285960197449,0.08072205116212304,0.30636958498322375,0.3539998233318329,0.3074205368757248,0.9759132439693351,0.0,11.0,10.0,1.7345992717891932
04_2-1_329_726,2-1,329,726,721,0.17928721222148708,0.5779897570610046,0.003927832555091057,0.17928721222148708,0.32657934725284576,0.1564994901418686,0.3713003654527885,2.0,1.0,5.0,-0.45532988011837006
04_2-1_329_751,2-1,329,751,746,0.24447112508340724,0.6735470294952393,0.01647186023434396,0.24447112508340724,0.34996068477630615,0.25695860385894775,0.6168164741170441,0.0,1.0,10.0,2.2048192769289017
04_2-1_329_795,2-1,329,795,790,0.21157089699967357,0.5980014801025391,0.04357992248336137,0.21157089699967357,0.3369956910610199,0.19903068244457245,0.4988602765237954,1.0,4.0,8.0,0.8659023195505142
04_2-1_329_831,2-1,329,831,829,0.2970606772041335,0.4594312906265259,0.008519206559740361,0.2970606772041335,0.4907449930906296,0.15767447650432587,0.5225216768111612,0.0,22.0,5.0,2.1328887939453125
04_2-1_330_53,2-1,330,53,48,0.3890038265737965,0.5370680093765259,0.2662047358727345,0.3890038265737965,0.3199611306190491,0.2322198450565338,0.7617557598699464,4.0,,12.0,6.012982204556465
04_2-1_330_81,2-1,330,81,79,0.1935361849513394,0.8393064737319946,0.014592065300428902,0.1935361849513394,0.2694869637489319,0.14271360635757446,0.20487376922977535,0.0,11.0,15.0,2.0384033620357513
04_2-1_330_236,2-1,330,236,231,0.3373915796862462,0.6310245990753174,0.334595138868486,0.3373915796862462,0.3296942412853241,0.33642424643039703,1.1419682407369238,6.0,,11.0,5.023512549698353
04_2-1_330_487,2-1,330,487,484,0.38016944600371816,0.4405890107154846,0.4131008740783265,0.38016944600371816,0.258230060338974,0.2973724454641342,2.0763830283335905,5.0,,9.0,6.1763557232916355
04_2-1_330_654,2-1,330,654,649,0.30885844559722264,0.55340576171875,0.08708208890956773,0.30885844559722264,0.40694019198417664,0.2024717777967453,0.5769511847611338,3.0,,11.0,3.69670732319355
04_2-1_330_765,2-1,330,765,764,0.22945198143395015,0.7166000604629517,0.005496332828566357,0.22945198143395015,0.36346369981765747,0.12427100539207458,0.2098006240419939,1.0,1.0,3.0,0.9081811606884003
04_2-1_331_93,2-1,331,93,89,0.29872620372514813,0.4930472671985626,0.010280596358189363,0.29872620372514813,0.2756204307079315,0.3528716713190079,2.5173545302579723,3.0,,7.0,4.421230177395046
04_2-1_331_163,2-1,331,163,160,0.31263701604111666,0.5113814473152161,0.005448685824832602,0.31263701604111666,0.39898405969142914,0.2638976201415062,1.0663226892651674,0.0,,8.0,3.9411392509937286
04_2-1_331_192,2-1,331,192,195,0.16377421418924468,0.6841381788253784,0.0042570532488513495,0.16377421418924468,0.40639379620552063,0.19271229207515717,0.3921492482814763,0.0,1.0,6.0,1.1251024454832077
04_2-1_331_298,2-1,331,298,293,0.29331904935456865,0.6172927021980286,0.019792690325695535,0.29331904935456865,0.3497467190027237,0.37195830047130585,1.5161277743902755,3.0,20.0,12.0,4.1149617321789265
04_2-1_331_345,2-1,331,345,342,0.2903378294231066,0.6968449354171753,0.050301109211575414,0.2903378294231066,0.4222712069749832,0.34161607921123505,0.961678853626651,0.0,23.0,10.0,2.6173805594444275
04_2-1_331_410,2-1,331,410,408,0.30997529355864595,0.49490511417388916,0.034541902736248485,0.30997529355864595,0.15484443306922913,0.21297387778759003,0.7554107182922275,0.0,,11.0,3.338486924767494
04_2-1_331_434,2-1,331,434,430,0.30563120397993193,0.7627706527709961,0.06201672392063032,0.30563120397993193,0.3126640021800995,0.2818776071071625,0.586154467503379,2.0,29.0,12.0,4.965193212032318
04_2-1_331_478,2-1,331,478,477,0.21827627860087434,0.7228004932403564,0.03633392159375806,0.21827627860087434,0.16878840327262878,0.061456382274627686,0.09292648298460829,0.0,1.0,2.0,-1.070988491177559
04_2-1_331_535,2-1,331,535,531,0.2988226224417546,0.6351765394210815,0.013927629899099118,0.2988226224417546,0.34369713068008423,0.19162195920944214,0.43201438505721407,0.0,1.0,9.0,1.8518697023391724
04_2-1_331_601,2-1,331,601,597,0.2598514518437205,0.8253664374351501,0.01256042805541769,0.2598514518437205,0.43908262252807617,0.2919119596481323,0.547210627716726,0.0,14.0,5.0,2.861303225159645
04_2-1_331_662,2-1,331,662,657,0.19483542400871517,0.7042399048805237,0.0079468840810098,0.19483542400871517,0.31284135580062866,0.18130344152450562,0.34670261920724627,3.0,2.0,7.0,1.4934423565864563
04_2-1_331_712,2-1,331,712,713,0.22871359372696526,0.8649274110794067,0.00013449633381590833,0.22871359372696526,0.4103999733924866,0.26268714666366577,0.4361833012253171,0.0,1.0,12.0,3.4111430794000626
04_2-1_331_743,2-1,331,743,748,0.1381414950256925,0.823357880115509,0.007307201072838266,0.1381414950256925,0.6565967202186584,0.07526734471321106,0.10061261458512478,0.0,1.0,3.0,-0.5298112630844116
04_2-1_331_774,2-1,331,774,769,0.10648809761059029,0.7746707797050476,0.004794751851037393,0.10648809761059029,0.26688092947006226,0.09897521138191223,0.14647900033966138,0.0,2.0,3.0,-0.035787999629974365
04_2-1_331_810,2-1,331,810,807,0.2444247655634573,0.6743648052215576,2.7085488550459178e-05,0.2444247655634573,0.2969514727592468,0.14139172434806824,0.26528867858830957,0.0,2.0,6.0,0.6296643018722534
04_2-1_334_92,2-1,334,92,87,0.20969040221023671,0.8355828523635864,0.001631273816682004,0.20969040221023671,0.3596964478492737,0.12441360950469971,0.1749423372199835,1.0,5.0,8.0,0.7318178117275238
04_2-1_334_161,2-1,334,161,166,0.274711460482249,0.8454411625862122,0.02447640871167639,0.274711460482249,0.39348965883255005,0.29524269700050354,0.5366112693284335,2.0,,9.0,3.347894012928009
04_2-1_334_258,2-1,334,258,255,0.21589793000654064,0.6176086068153381,0.0015618084724382478,0.21589793000654064,0.21509766578674316,0.12535925209522247,0.25466615830608763,0.0,3.0,9.0,0.8294191807508469
04_2-1_334_378,2-1,334,378,373,0.3488969952561102,0.5967552065849304,0.016393712187024508,0.3488969952561102,0.10265479981899261,0.46146734058856964,3.4110031760053268,4.0,,14.0,6.017768535763025
04_2-1_334_462,2-1,334,462,458,0.30814157365347217,0.449310302734375,0.014509055337655383,0.30814157365347217,0.2584283947944641,0.2351827472448349,1.0983301364794376,2.0,44.0,14.0,4.1011959463357925
04_2-1_334_563,2-1,334,563,560,0.3581666228686782,0.47791099548339844,0.004565416790197822,0.3581666228686782,0.1901456005871296,0.30307912081480026,1.73354613619113,2.0,,14.0,4.9093363005667925
04_2-1_334_607,2-1,334,607,603,0.25577953514923457,0.8194150924682617,0.0022247194276137187,0.25577953514923457,0.2658032774925232,0.351397380232811,0.7508206870085927,1.0,31.0,8.0,2.801056817173958
04_2-1_334_656,2-1,334,656,651,0.23084915869112885,0.6723957061767578,0.0037438888643854524,0.23084915869112885,0.22383201122283936,0.09596505761146545,0.1664815322542578,2.0,11.0,11.0,1.2076224088668823
04_2-1_334_677,2-1,334,677,675,0.1861013267947921,0.8750361204147339,0.0039582072539641995,0.1861013267947921,0.36607664823532104,0.2211255133152008,0.3381586273634843,0.0,1.0,7.0,1.2934140264987946
04_2-1_334_770,2-1,334,770,765,0.2524226993610673,0.8137841820716858,0.0004398127861335068,0.2524226993610673,0.34320247173309326,0.20254561305046082,0.3313691630663894,1.0,20.0,8.0,1.2799090445041656
04_2-1_334_828,2-1,334,828,824,0.27236139947966265,0.7394281029701233,0.0073051904172931875,0.27236139947966265,0.25423628091812134,0.1869397759437561,0.3383596843573394,0.0,22.0,10.0,2.4196216464042664
04_2-1_336_55,2-1,336,55,52,0.31008004316117344,0.6358762383460999,0.008433694827373531,0.31008004316117344,0.18944910168647766,0.3056362718343735,0.9254975255198881,1.0,38.0,13.0,4.145312234759331
04_2-1_336_130,2-1,336,130,126,0.33658366755245195,0.6555753946304321,0.011343027046066897,0.33658366755245195,0.4405389130115509,0.311039075255394,0.9027758693759614,1.0,35.0,12.0,4.168016344308853
04_2-1_336_185,2-1,336,185,189,0.2671263005819885,0.6206278800964355,0.010403442408209021,0.2671263005819885,0.37862494587898254,0.11012822389602661,0.2157263429239081,0.0,3.0,3.0,0.5986539423465729
04_2-1_336_272,2-1,336,272,269,0.32201296909316707,0.7834487557411194,0.019467246684707975,0.32201296909316707,0.386549174785614,0.3330417275428772,0.7394239136878925,0.0,34.0,11.0,1.9484089314937592
04_2-1_336_323,2-1,336,323,318,0.2812993069467035,0.9164048433303833,0.007969405776603626,0.2812993069467035,0.3415316939353943,0.32024940848350525,0.5371911246028663,1.0,3.0,4.0,0.6344081461429596
04_2-1_336_380,2-1,336,380,375,0.3135534823454199,0.7803688049316406,0.0022974673403484713,0.3135534823454199,0.4674610197544098,0.27467048168182373,0.5431508649597311,3.0,33.0,11.0,2.060132995247841
04_2-1_336_440,2-1,336,440,436,0.2704374828682832,0.7712571024894714,0.022284861452013624,0.2704374828682832,0.5495308637619019,0.23934918642044067,0.4499823732448044,1.0,1.0,4.0,0.9650138020515442
04_2-1_336_502,2-1,336,502,498,0.19913511580416224,0.6179917454719543,0.005834374916881214,0.19913511580416224,0.32195478677749634,0.19132888317108154,0.44843106835991936,2.0,2.0,6.0,0.1071450263261795
04_2-1_336_615,2-1,336,615,611,0.41612534331298034,0.5451434254646301,0.11969011738126659,0.41612534331298034,0.3235852122306824,0.4003174379467964,2.764127107350135,4.0,,14.0,6.72601655870676
04_2-1_336_702,2-1,336,702,697,0.420350983852818,0.6061522364616394,0.1536176015273802,0.420350983852818,0.2659866213798523,0.2811053991317749,0.8648150569344045,0.0,42.0,9.0,5.671760529279709
04_2-1_336_804,2-1,336,804,799,0.3409736330217469,0.6850141286849976,0.025819839567310765,0.3409736330217469,0.335131511092186,0.41466401517391205,1.5338037398564253,3.0,35.0,8.0,4.606990672647953
04_2-1_337_98,2-1,337,98,93,0.21359262769762935,0.61275714635849,0.0052841869234993046,0.21359262769762935,0.21867141127586365,0.23446840047836304,0.6198133120054857,0.0,1.0,7.0,1.3053015321493149
04_2-1_337_185,2-1,337,185,180,0.3778068755817905,0.6730570197105408,0.10717100544812648,0.3778068755817905,0.27507756650447845,0.3631160408258438,1.1715651222774541,4.0,,10.0,6.09695652872324
04_2-1_337_208,2-1,337,208,203,0.2213640287600689,0.978506326675415,0.016840897017926668,0.2213640287600689,0.5721189379692078,0.34767743945121765,0.5511438148958018,1.0,2.0,7.0,2.7739270627498627
04_2-1_337_289,2-1,337,289,294,0.21036360340847543,0.6747056245803833,0.0007480541201325438,0.21036360340847543,0.2712075412273407,0.24685797095298767,0.5769763345902829,1.0,2.0,5.0,0.4530424177646637
04_2-1_337_363,2-1,337,363,358,0.31427194213369175,0.667218029499054,0.0556555855160222,0.31427194213369175,0.44147107005119324,0.2923871725797653,0.780050967476043,2.0,1.0,11.0,3.505349114537239
04_2-1_337_462,2-1,337,462,459,0.31331381633014316,0.516282856464386,0.052543603310036296,0.31331381633014316,0.1881599873304367,0.20085209608078003,0.6367549437363592,1.0,45.0,11.0,3.8260939195752144
04_2-1_337_490,2-1,337,490,487,0.1284177165699664,0.6076222062110901,0.03886779369322637,0.1284177165699664,0.20512762665748596,0.08990699052810669,0.17366109359853185,0.0,1.0,3.0,-0.2374228835105896
04_2-1_337_626,2-1,337,626,621,0.3255570833333946,0.5345077514648438,0.020178994379655226,0.3255570833333946,0.42369353771209717,0.32787559926509857,1.5867598327493146,0.0,28.0,10.0,4.3111311085522175
04_2-1_337_672,2-1,337,672,670,0.31582077549789156,0.7086907625198364,0.08494108784017441,0.31582077549789156,0.37172994017601013,0.23468974232673645,0.49512497300349234,2.0,17.0,6.0,4.027259021997452
04_2-1_337_752,2-1,337,752,748,0.30965687998566754,0.7421445846557617,0.01749297641644317,0.30965687998566754,0.2409745752811432,0.3342640697956085,0.819514680445608,1.0,24.0,10.0,3.4010091722011566
04_2-1_337_804,2-1,337,804,799,0.07955476377170695,0.5945204496383667,0.0032884667388183137,0.07955476377170695,0.30161988735198975,0.1180487871170044,0.24775615509287868,0.0,1.0,8.0,-1.1277026534080505
04_2-1_338_89,2-1,338,89,86,0.21308619622397995,0.5389599800109863,0.004619325028681641,0.21308619622397995,0.299856573343277,0.16043734550476074,0.4238513919096218,0.0,1.0,4.0,0.45065420866012573
04_2-1_338_124,2-1,338,124,122,0.3000230660289277,0.6174478530883789,0.005334826161832255,0.3000230660289277,0.35696905851364136,0.24579428136348724,0.6613532064893783,0.0,31.0,8.0,1.9026935249567032
04_2-1_338_198,2-1,338,198,194,0.2785307305860284,0.5092496871948242,0.0012802567441530497,0.2785307305860284,0.31684938073158264,0.2878274917602539,1.2999035222975475,2.0,16.0,8.0,2.583118937909603
04_2-1_338_231,2-1,338,231,226,0.2920285432490367,0.6385152339935303,0.010553833181871204,0.2920285432490367,0.2221469283103943,0.2690883278846741,0.7283939622020489,2.0,,10.0,2.8781143575906754
04_2-1_338_240,2-1,338,240,245,0.2618966028515479,0.7796772122383118,0.003963704281681809,0.2618966028515479,0.3457340598106384,0.37960654497146606,0.9488487310624797,1.0,2.0,8.0,4.798697799444199
04_2-1_338_306,2-1,338,306,301,0.2889575582409918,0.6141647696495056,0.005077724607047053,0.2889575582409918,0.12483204901218414,0.12393540143966675,0.2528110502482527,3.0,14.0,9.0,0.9172637760639191
04_2-1_338_323,2-1,338,323,319,0.20850410440102823,0.7884818315505981,0.0032456465205223566,0.20850410440102823,0.25510936975479126,0.2058151364326477,0.3532296219384637,1.0,2.0,7.0,2.0495871007442474
04_2-1_338_387,2-1,338,387,383,0.2560652034179194,0.5750830173492432,0.0024257573934148196,0.2560652034179194,0.25175848603248596,0.24063751101493835,0.7195118680243294,3.0,33.0,10.0,2.459136113524437
04_2-1_338_428,2-1,338,428,423,0.14708376280617008,0.5101720094680786,0.004528534624027244,0.14708376280617008,0.22998633980751038,0.08756963908672333,0.207215210382518,1.0,5.0,12.0,0.7446771711111069
04_2-1_338_453,2-1,338,453,449,0.25447765971352676,0.645523190498352,0.0030498553137901945,0.25447765971352676,0.20459502935409546,0.20046855509281158,0.4504358322437011,0.0,10.0,7.0,1.2168700993061066
04_2-1_338_546,2-1,338,546,541,0.2538290980069078,0.39571622014045715,0.018081140292183162,0.2538290980069078,0.21462634205818176,0.23424112051725388,1.4506330763309492,2.0,24.0,8.0,2.87894750200212
04_2-1_338_578,2-1,338,578,575,0.3094383114682214,0.519847571849823,0.004378451559452354,0.3094383114682214,0.34980320930480957,0.2023896723985672,0.6375323239661365,0.0,25.0,11.0,2.471109703183174
04_2-1_338_616,2-1,338,616,614,0.2636595579807582,0.5933343768119812,0.00457902418700561,0.2636595579807582,0.11142036318778992,0.17300821840763092,0.41160469066309796,0.0,3.0,8.0,1.5133152604103088
04_2-1_338_667,2-1,338,667,663,0.2576708577029863,0.6546249389648438,0.00654782914114677,0.2576708577029863,0.4133407175540924,0.2683773636817932,0.6948324879065467,1.0,10.0,9.0,1.1593644469976425
04_2-1_338_712,2-1,338,712,707,0.2569642380189192,0.6896300911903381,0.0209587669682134,0.2569642380189192,0.34478965401649475,0.25510984659194946,0.5871069294544338,3.0,2.0,8.0,0.8179212808609009
04_2-1_338_753,2-1,338,753,748,0.246626134371541,0.5303686261177063,0.00019606385913995683,0.246626134371541,0.40089043974876404,0.07174523174762726,0.15643604889839866,0.0,6.0,7.0,0.308623269200325
04_2-1_338_808,2-1,338,808,804,0.3256359077918645,0.5950921773910522,0.03263479534723655,0.3256359077918645,0.24397394061088562,0.2795894145965576,0.8861710500413923,2.0,10.0,9.0,3.1210595071315765
04_2-1_338_855,2-1,338,855,852,0.2371570955146251,0.5801582932472229,0.006959533016711767,0.2371570955146251,0.10457348823547363,0.1688435971736908,0.4104973607446938,1.0,4.0,7.0,1.7876030951738358
04_2-1_339_91,2-1,339,91,88,0.1973429920285638,0.6106141209602356,0.008093944856392601,0.1973429920285638,0.13429325819015503,0.1142662912607193,0.23021414504802992,0.0,1.0,8.0,0.3619477152824402
04_2-1_339_116,2-1,339,116,113,0.2216873388955376,0.7569566369056702,0.010131147445108757,0.2216873388955376,0.2936042547225952,0.24888235330581665,0.48985426214138034,0.0,17.0,9.0,2.2594607174396515
04_2-1_339_150,2-1,339,150,155,0.22709158112505706,0.8044010996818542,0.005448941362740372,0.22709158112505706,0.22821128368377686,0.15406173467636108,0.23689437079525363,1.0,1.0,7.0,0.5377331078052521
04_2-1_339_204,2-1,339,204,200,0.19899935535167929,0.7774878144264221,0.011386380398934035,0.19899935535167929,0.17114132642745972,0.1902449131011963,0.3239628996312638,0.0,1.0,7.0,0.41022223234176636
04_2-1_339_321,2-1,339,321,317,0.19569938971243653,0.3375653028488159,0.004102563627324771,0.19569938971243653,0.36474039405584335,0.15248217433691025,0.8238577744113595,2.0,26.0,11.0,1.9926107078790665
04_2-1_339_394,2-1,339,394,390,0.24297108057889466,0.37640050053596497,0.018704540123363964,0.24297108057889466,0.19792445749044418,0.23243320733308792,1.6144861944826991,3.0,,15.0,3.0648743957281113
04_2-1_339_426,2-1,339,426,425,0.1202592635151544,0.4969416558742523,0.0012402694194382853,0.1202592635151544,0.31863000988960266,0.15027768909931183,0.4334967100773828,0.0,2.0,4.0,0.055661797523498535
04_2-1_339_496,2-1,339,496,493,0.40903575193470315,0.41242676973342896,0.2824929105651261,0.40903575193470315,0.37574799358844757,0.21421270072460175,1.080713905908778,2.0,,10.0,4.5482808174565434
04_2-1_339_539,2-1,339,539,534,0.2132962710900039,0.6832298636436462,0.005709955492944993,0.2132962710900039,0.17205530405044556,0.15389055013656616,0.2907219362132411,1.0,7.0,8.0,0.7012385725975037
04_2-1_339_594,2-1,339,594,589,0.30737115950218535,0.7585507035255432,0.048101807624939895,0.30737115950218535,0.23694708943367004,0.23591840267181396,0.45140417514653614,1.0,15.0,11.0,2.9447231888771057
04_2-1_339_620,2-1,339,620,618,0.16855655726364233,0.827781617641449,0.00042033079389202505,0.16855655726364233,0.36193835735321045,0.11945685744285583,0.1686470163902836,0.0,1.0,4.0,0.3652181923389435
04_2-1_339_688,2-1,339,688,684,0.2678668039307129,0.7795429229736328,0.013692707545412125,0.2678668039307129,0.3372384309768677,0.22168570756912231,0.39738790042963723,2.0,13.0,9.0,3.42939230799675
04_2-1_339_720,2-1,339,720,719,0.16827699695815101,0.8128515481948853,0.015005185608891103,0.16827699695815101,0.2970256805419922,0.0775105357170105,0.10540760599741833,0.0,1.0,3.0,-0.5652181208133698
04_2-1_339_760,2-1,339,760,763,0.1279692270530924,0.8208149671554565,0.014354289693402142,0.1279692270530924,0.4364783763885498,0.09997597336769104,0.13869390284001015,0.0,1.0,3.0,-0.6221794784069061
04_2-1_339_791,2-1,339,791,787,0.20146324147235042,0.8745450973510742,0.002340537923823743,0.20146324147235042,0.15713214874267578,0.20591449737548828,0.3079645134144428,0.0,3.0,4.0,1.3231861889362335
04_2-2_GABA-Recovery_2_289,2-2_GABA-Recovery,2,289,284,0.48416952202717123,0.6285468935966492,0.07617914529287452,0.48416952202717123,0.13122114539146423,0.5500239171087742,7.004623891119376,4.0,,16.0,10.771867033094168
04_2-2_GABA-Recovery_2_364,2-2_GABA-Recovery,2,364,359,0.4123855729228961,1.0,0.0593297555403962,0.4123855729228961,0.22159871459007263,0.6713205128908157,2.042477669644803,2.0,,15.0,7.215901672840118
04_2-2_GABA-Recovery_2_771,2-2_GABA-Recovery,2,771,766,0.4246208485052018,0.5550352334976196,0.01932421011293608,0.4246208485052018,0.1491475817747414,0.4749470017850399,5.930297019036798,4.0,,17.0,8.15758008742705
04_2-2_GABA-Recovery_3_112,2-2_GABA-Recovery,3,112,107,0.3217019433027056,0.6409854292869568,0.3019938610808079,0.3217019433027056,0.31849798560142517,0.24908766150474548,0.6355934684557085,2.0,24.0,5.0,4.089629992842674
04_2-2_GABA-Recovery_3_201,2-2_GABA-Recovery,3,201,196,0.2766533003051582,0.6778241991996765,0.11283162014080761,0.2766533003051582,0.4201429486274719,0.33904024958610535,1.000756529265411,2.0,1.0,9.0,4.995409771800041
04_2-2_GABA-Recovery_3_328,2-2_GABA-Recovery,3,328,326,0.26631090435457694,0.624107837677002,0.08307806593636607,0.26631090435457694,0.3660387396812439,0.27756816148757935,0.800970799475952,2.0,47.0,3.0,2.931581050157547
04_2-2_GABA-Recovery_3_421,2-2_GABA-Recovery,3,421,416,0.2573198569052709,0.8334155678749084,0.1444734115284833,0.2573198569052709,0.2449873685836792,0.27697402238845825,0.49775942259365824,0.0,4.0,8.0,2.7824865132570267
04_2-2_GABA-Recovery_3_466,2-2_GABA-Recovery,3,466,467,0.10721568191445038,0.6597669124603271,0.05713266114325724,0.10721568191445038,0.37557363510131836,0.029107868671417236,0.04615468367272005,0.0,1.0,2.0,-0.9257321208715439
04_2-2_GABA-Recovery_3_561,2-2_GABA-Recovery,3,561,558,0.2677032214632425,0.5609121322631836,0.17679847525750841,0.2677032214632425,0.20185042917728424,0.25390785932540894,0.8270499198454883,3.0,33.0,10.0,3.08941313624382
04_2-2_GABA-Recovery_3_734,2-2_GABA-Recovery,3,734,729,0.261801182062039,0.5143463611602783,0.12012299978491132,0.261801182062039,0.23388507962226868,0.30971699953079224,1.513551120252156,2.0,47.0,11.0,4.86218323931098
04_2-2_GABA-Recovery_4_61,2-2_GABA-Recovery,4,61,59,0.4861547257686235,0.46381428837776184,0.43372330055666725,0.4861547257686235,0.0871565043926239,0.3401521034538746,2.7506557777806897,4.0,,11.0,8.216829091310501
04_2-2_GABA-Recovery_4_519,2-2_GABA-Recovery,4,519,514,0.4171594852368278,0.4977908134460449,0.3849037744685046,0.4171594852368278,0.2028217315673828,0.3799908123910427,3.225728429438812,4.0,,10.0,8.658990703523159
04_2-2_GABA-Recovery_4_592,2-2_GABA-Recovery,4,592,588,0.2379788822389461,0.8780359625816345,0.002662728328744982,0.2379788822389461,0.423206627368927,0.22175350785255432,0.3378933967449981,2.0,2.0,7.0,1.8305947482585907
04_2-2_GABA-Recovery_5_252,2-2_GABA-Recovery,5,252,247,0.35076738370807836,0.4242836833000183,0.5,0.35076738370807836,0.4054183214902878,0.2986191436648369,2.3763198793530975,5.0,,10.0,5.116277169436216
04_2-2_GABA-Recovery_5_343,2-2_GABA-Recovery,5,343,338,0.5042657896792327,0.6635153889656067,0.5,0.5042657896792327,0.4034684896469116,0.45261044800281525,2.1460400402979003,3.0,,15.0,10.29646398872137
04_2-2_GABA-Recovery_6_158,2-2_GABA-Recovery,6,158,154,0.5067849912316614,0.4805935323238373,1.0,0.5067849912316614,0.2133413553237915,0.34052724391222,2.431186317377824,5.0,,13.0,9.440483842045069
04_2-2_GABA-Recovery_10_174,2-2_GABA-Recovery,10,174,176,0.4102452974364156,0.41085368394851685,0.2814714802715521,0.4102452974364156,0.09062207490205765,0.30673573166131973,2.946040763606504,3.0,,5.0,6.133089378476143
04_2-2_GABA-Recovery_10_321,2-2_GABA-Recovery,10,321,317,0.4161737906073344,0.5374783873558044,0.19749061806976712,0.4161737906073344,0.16524694859981537,0.3573887050151825,1.9845040558137965,4.0,,14.0,6.521604262292385
04_2-2_GABA-Recovery_10_831,2-2_GABA-Recovery,10,831,829,0.4102518326066303,0.4647456407546997,0.20458764751919478,0.4102518326066303,0.18168706446886063,0.36026817560195923,3.4482859540597235,3.0,,11.0,6.332596015185118
04_2-2_GABA-Recovery_16_351,2-2_GABA-Recovery,16,351,346,0.5535395902338773,0.6181522607803345,0.5,0.5535395902338773,0.08210968971252441,0.5681654922664165,11.366317710820235,5.0,,16.0,12.193654282018542
04_2-2_GABA-Recovery_16_448,2-2_GABA-Recovery,16,448,443,0.48807225814794597,0.7206978797912598,0.5,0.48807225814794597,0.2984875738620758,0.35355375707149506,0.9629835674677463,4.0,,15.0,7.492489546537399
04_2-2_GABA-Recovery_18_68,2-2_GABA-Recovery,18,68,64,0.26738671875849934,0.8047029376029968,0.006296431783135734,0.26738671875849934,0.23742890357971191,0.12376204133033752,0.1817515176541567,0.0,36.0,9.0,1.670632392168045
04_2-2_GABA-Recovery_18_78,2-2_GABA-Recovery,18,78,83,0.19401508563384035,0.9242395162582397,0.005152102846635449,0.19401508563384035,0.3487014174461365,0.22335949540138245,0.31868435217815944,7.0,4.0,14.0,3.479240208864212
04_2-2_GABA-Recovery_18_161,2-2_GABA-Recovery,18,161,157,0.3305487167976781,0.6221606135368347,0.03673871461267692,0.3305487167976781,0.2779087424278259,0.2222691774368286,0.555823799590554,1.0,,13.0,3.2378063797950745
04_2-2_GABA-Recovery_18_189,2-2_GABA-Recovery,18,189,186,0.2106978696616112,0.7725301384925842,0.015577965909584598,0.2106978696616112,0.5072928369045258,0.13482064008712769,0.21141388112335838,0.0,7.0,7.0,1.1415742933750153
04_2-2_GABA-Recovery_18_347,2-2_GABA-Recovery,18,347,342,0.27666875425249243,0.42611163854599,0.012811983522756408,0.27666875425249243,0.3243977576494217,0.2396942749619484,1.2857937176752756,4.0,41.0,17.0,4.4235929772257805
04_2-2_GABA-Recovery_18_617,2-2_GABA-Recovery,18,617,613,0.32707956920862696,0.40541350841522217,0.02433051764581264,0.32707956920862696,0.21761548519134521,0.3033294081687927,2.9713677980856983,2.0,,14.0,4.961141183972359
04_2-2_GABA-Recovery_18_684,2-2_GABA-Recovery,18,684,681,0.2720123056188922,0.517540693283081,0.0014120854598125576,0.2720123056188922,0.14783383905887604,0.2563209682703018,0.981246604779797,1.0,,11.0,2.6507376581430435
04_2-2_GABA-Recovery_18_710,2-2_GABA-Recovery,18,710,705,0.2550241236583032,0.7509997487068176,0.02064291706575026,0.2550241236583032,0.16052454710006714,0.3060034364461899,0.687653870414477,3.0,26.0,12.0,3.3538099974393845
04_2-2_GABA-Recovery_19_188,2-2_GABA-Recovery,19,188,183,0.5119175925884725,0.6348596811294556,0.5,0.5119175925884725,0.1750270128250122,0.5212449133396149,4.587827123880492,5.0,,16.0,10.285453785210848
04_2-2_GABA-Recovery_19_842,2-2_GABA-Recovery,19,842,837,0.5237454820712022,0.6102145910263062,0.5,0.5237454820712022,0.159330852329731,0.4885319396853447,4.014803542671432,4.0,,15.0,10.91424498707056
04_2-2_GABA-Recovery_20_194,2-2_GABA-Recovery,20,194,189,0.5110992256098705,0.4909515082836151,0.5,0.5110992256098705,0.24059845507144928,0.3604324534535408,2.7615312869281494,4.0,,14.0,10.521084235981107
04_2-2_GABA-Recovery_20_362,2-2_GABA-Recovery,20,362,358,0.4500222023621279,0.5624493956565857,0.5,0.4500222023621279,0.21991267800331116,0.33170847594738007,1.4375797598684281,5.0,,12.0,7.568211875855923
04_2-2_GABA-Recovery_23_114,2-2_GABA-Recovery,23,114,110,0.38036482606811944,0.567703902721405,0.054947105870321256,0.38036482606811944,0.49786707758903503,0.3243410959839821,1.3327471865244014,2.0,23.0,10.0,4.945878345519304
04_2-2_GABA-Recovery_23_229,2-2_GABA-Recovery,23,229,224,0.3283156125386191,0.714457094669342,0.04411163128328781,0.3283156125386191,0.43903958797454834,0.5355962589383125,2.9944859462903377,2.0,43.0,9.0,5.935490475967526
04_2-2_GABA-Recovery_23_318,2-2_GABA-Recovery,23,318,313,0.37723185720317665,0.557090699672699,0.12667089522792416,0.37723185720317665,0.45861485600471497,0.3274947553873062,1.426396082067648,4.0,33.0,6.0,5.83804764598608
04_2-2_GABA-Recovery_23_389,2-2_GABA-Recovery,23,389,384,0.379199493276439,0.636689305305481,0.0013686338681602544,0.379199493276439,0.35654333233833313,0.2710613012313843,0.7413581514846224,3.0,32.0,13.0,5.889815852046013
04_2-2_GABA-Recovery_23_494,2-2_GABA-Recovery,23,494,489,0.37244225622756366,0.6956616640090942,0.1392847804411806,0.37244225622756366,0.27651870250701904,0.4726172536611557,2.1189378963763117,3.0,15.0,10.0,7.007503516972065
04_2-2_GABA-Recovery_23_632,2-2_GABA-Recovery,23,632,627,0.36806945989686624,0.42761507630348206,0.1132739471921977,0.36806945989686624,0.241990327835083,0.23676814883947372,1.2406180806035016,7.0,,9.0,5.786913778632879
04_2-2_GABA-Recovery_23_708,2-2_GABA-Recovery,23,708,704,0.3313731789687949,0.7684442400932312,0.02519845958113676,0.3313731789687949,0.29302823543548584,0.3698473870754242,0.9278733243257732,0.0,2.0,10.0,4.049720898270607
04_2-2_GABA-Recovery_23_799,2-2_GABA-Recovery,23,799,795,0.29036587990272517,0.6138216257095337,0.01580341819353076,0.29036587990272517,0.41662128269672394,0.32032133638858795,1.0913833752249325,0.0,4.0,8.0,3.8268130123615265
04_2-2_GABA-Recovery_26_72,2-2_GABA-Recovery,26,72,69,0.3426552984240572,0.41593557596206665,0.7329229759690501,0.3426552984240572,0.23534855246543884,0.26849497854709625,1.8210383249561806,5.0,,7.0,5.6672253385186195
04_2-2_GABA-Recovery_26_215,2-2_GABA-Recovery,26,215,212,0.403836600507556,0.6166723966598511,0.7933999444057913,0.403836600507556,0.2560997009277344,0.46930279582738876,3.1845291917491005,6.0,,9.0,7.026569202542305
04_2-2_GABA-Recovery_26_295,2-2_GABA-Recovery,26,295,299,0.16537865139940502,0.89472895860672,0.0038195980565932496,0.16537865139940502,0.31449753046035767,0.21667730808258057,0.31955870605887804,0.0,1.0,8.0,0.20355957746505737
04_2-2_GABA-Recovery_26_483,2-2_GABA-Recovery,26,483,479,0.25999839286016624,0.6030858159065247,0.09239544971436055,0.25999839286016624,0.38367754220962524,0.28683649003505707,0.9069947872446542,12.0,,13.0,5.472368136048317
04_2-2_GABA-Recovery_26_530,2-2_GABA-Recovery,26,530,530,0.14861724164463017,0.7814598679542542,0.004466200333435948,0.14861724164463017,0.4940986633300781,0.1479702591896057,0.23357961542283015,0.0,2.0,4.0,-0.689885139465332
04_2-2_GABA-Recovery_26_575,2-2_GABA-Recovery,26,575,573,0.09660707049805245,0.4899766147136688,0.003306411576658115,0.09660707049805245,0.2515811622142792,0.06602711975574493,0.1557428904645776,0.0,2.0,2.0,-0.2347015142440796
04_2-2_GABA-Recovery_26_664,2-2_GABA-Recovery,26,664,661,0.16570581231240705,0.3306666612625122,0.0008021878320415395,0.16570581231240705,0.23700395226478577,0.11063393950462341,0.5028067581073626,1.0,2.0,9.0,0.8934199251234531
04_2-2_GABA-Recovery_28_220,2-2_GABA-Recovery,28,220,215,0.5551626787838398,0.4770400822162628,0.17336634010517116,0.5551626787838398,0.1207675188779831,0.39739517122507095,4.989586481790656,5.0,,14.0,11.126383475959301
04_2-2_GABA-Recovery_28_638,2-2_GABA-Recovery,28,638,634,0.48709517540251346,0.4578486382961273,0.10561837997835481,0.48709517540251346,0.1386168897151947,0.4025367069989443,7.277574612901737,4.0,,14.0,9.457022510003299
04_2-2_GABA-Recovery_28_854,2-2_GABA-Recovery,28,854,849,0.48809385921801446,0.5669339299201965,0.05334004097509513,0.48809385921801446,0.18382253497838974,0.4784632585942745,5.408156753232234,4.0,,15.0,9.57380604557693
04_2-2_GABA-Recovery_31_78,2-2_GABA-Recovery,31,78,73,0.2898479668604457,0.5083131194114685,0.01371903257570341,0.2898479668604457,0.27453429996967316,0.37637876719236374,2.8527730713173742,5.0,,14.0,4.826078072190285
04_2-2_GABA-Recovery_31_244,2-2_GABA-Recovery,31,244,239,0.3290311152637751,0.41361135244369507,0.028368477690311575,0.3290311152637751,0.30515605211257935,0.19969869405031204,0.9335524860949012,2.0,,12.0,4.739018097519875
04_2-2_GABA-Recovery_31_401,2-2_GABA-Recovery,31,401,396,0.4223696118856748,0.650173008441925,0.5532757698689355,0.4223696118856748,0.19782349467277527,0.4242025315761566,1.8772475832236373,8.0,,13.0,7.744123592972755
04_2-2_GABA-Recovery_31_455,2-2_GABA-Recovery,31,455,452,0.07434282874556869,0.7377680540084839,0.018888534857737473,0.07434282874556869,0.31502270698547363,0.11115416884422302,0.17738861438585105,0.0,1.0,3.0,-1.8847788572311401
04_2-2_GABA-Recovery_31_770,2-2_GABA-Recovery,31,770,768,0.07660852577667286,0.25500261783599854,0.004218967817801046,0.07660852577667286,0.1654137745499611,0.12892290204763412,1.022550703271272,0.0,1.0,4.0,1.1761141493916512
04_2-2_GABA-Recovery_33_367,2-2_GABA-Recovery,33,367,362,0.43124213130961975,0.6755824089050293,1.0,0.43124213130961975,0.1869029998779297,0.4947577640414238,2.736119097120945,5.0,47.0,15.0,8.476685494184494
04_2-2_GABA-Recovery_34_193,2-2_GABA-Recovery,34,193,188,0.4136983104924634,0.6610134243965149,0.5,0.4136983104924634,0.41700804978609085,0.48783402889966965,2.816928812461159,5.0,,11.0,7.613542627543211
04_2-2_GABA-Recovery_34_437,2-2_GABA-Recovery,34,437,432,0.4625984897849905,0.7206168174743652,0.5,0.4625984897849905,0.2320745885372162,0.5014065876603127,2.287332065139643,5.0,,15.0,8.86890278570354
04_2-2_GABA-Recovery_36_61,2-2_GABA-Recovery,36,61,56,0.46983266171395777,0.4980194568634033,0.5,0.46983266171395777,0.12710162997245789,0.414427287876606,4.957728611421259,5.0,,14.0,9.161385767161846
04_2-2_GABA-Recovery_36_767,2-2_GABA-Recovery,36,767,762,0.46006073633385824,0.45419853925704956,0.5,0.46006073633385824,0.222736693918705,0.3807116225361824,5.180672145795396,5.0,,16.0,8.780668986961246
04_2-2_GABA-Recovery_37_774,2-2_GABA-Recovery,37,774,769,0.504108234120209,0.8136253952980042,1.0,0.504108234120209,0.12346936017274857,0.730978649109602,8.844614976653252,4.0,,17.0,13.539758585393429
04_2-2_GABA-Recovery_40_136,2-2_GABA-Recovery,40,136,131,0.28056339644196476,0.3881168067455292,0.0007614846296253294,0.28056339644196476,0.10985489189624786,0.26924990117549896,2.265137633425402,4.0,,15.0,4.281637333333492
04_2-2_GABA-Recovery_40_169,2-2_GABA-Recovery,40,169,164,0.30964674503714223,0.5869938731193542,0.0055688615737610105,0.30964674503714223,0.2573736906051636,0.22959016263484955,0.6423832654776075,3.0,26.0,8.0,3.0622504204511642
04_2-2_GABA-Recovery_40_256,2-2_GABA-Recovery,40,256,252,0.31707135304515,0.48734328150749207,0.001078243799012085,0.31707135304515,0.27084264159202576,0.28241387009620667,1.378103163188289,3.0,,13.0,4.202044524252415
04_2-2_GABA-Recovery_40_346,2-2_GABA-Recovery,40,346,343,0.28281053369075704,0.44529446959495544,0.003805518799092967,0.28281053369075704,0.06953923404216766,0.2574657127261162,1.3707470411780682,2.0,,12.0,3.591905266046524
04_2-2_GABA-Recovery_40_449,2-2_GABA-Recovery,40,449,446,0.4557442871803531,0.6332638263702393,0.080967193469997,0.4557442871803531,0.16599053889513016,0.49659864604473114,3.6336881483779275,2.0,,13.0,7.669450055807829
04_2-2_GABA-Recovery_40_598,2-2_GABA-Recovery,40,598,594,0.39828754463465454,0.49256613850593567,0.017743653753346755,0.39828754463465454,0.48830844461917877,0.36547090858221054,2.8755674685945656,2.0,,16.0,6.38321328163147
04_2-2_GABA-Recovery_40_776,2-2_GABA-Recovery,40,776,771,0.4441390093539388,0.4680004119873047,0.11075963394069945,0.4441390093539388,0.08595109730958939,0.4080191142857075,6.80243892547264,3.0,,16.0,8.949480953160673
04_2-2_GABA-Recovery_40_801,2-2_GABA-Recovery,40,801,796,0.30964795247159616,0.8483941555023193,0.007406157652149651,0.30964795247159616,0.39292556047439575,0.24394363164901733,0.4035791549884099,2.0,37.0,9.0,3.527199298143387
04_2-2_GABA-Recovery_41_93,2-2_GABA-Recovery,41,93,89,0.09724211777136052,0.515013575553894,0.003192189825937924,0.09724211777136052,0.19312870502471924,0.08190330862998962,0.18910498061312334,0.0,1.0,8.0,-0.19225215911865234
04_2-2_GABA-Recovery_41_161,2-2_GABA-Recovery,41,161,156,0.2605485689396359,0.75844407081604,0.004569369340065974,0.2605485689396359,0.4981810748577118,0.3297911733388901,0.7693664857507936,1.0,11.0,10.0,4.055041998624802
04_2-2_GABA-Recovery_41_262,2-2_GABA-Recovery,41,262,257,0.15760126537030808,0.5686689615249634,0.012207323521026287,0.15760126537030808,0.18931269645690918,0.22773875296115875,0.6679922964894375,3.0,4.0,7.0,1.2346648275852203
04_2-2_GABA-Recovery_41_313,2-2_GABA-Recovery,41,313,310,0.18099502471876816,0.6432788968086243,0.006849461070722115,0.18099502471876816,0.5940541923046112,0.3047312796115875,0.9001134969862514,0.0,1.0,4.0,1.6246532052755356
04_2-2_GABA-Recovery_41_343,2-2_GABA-Recovery,41,343,339,0.14806563302251746,0.6774290204048157,0.0006634014973928311,0.14806563302251746,0.45664066076278687,0.3192484378814697,0.8913058201882325,1.0,4.0,5.0,0.29076819121837616
04_2-2_GABA-Recovery_41_390,2-2_GABA-Recovery,41,390,385,0.20521092131946578,0.5353460311889648,0.028571363539116112,0.20521092131946578,0.4432253837585449,0.1603226661682129,0.42750047362873356,0.0,4.0,11.0,1.211610108613968
04_2-2_GABA-Recovery_41_493,2-2_GABA-Recovery,41,493,497,0.297553747054923,0.6080259084701538,0.07169002185750252,0.297553747054923,0.5401954054832458,0.2935112416744232,0.9332195686284208,1.0,4.0,9.0,3.2720436975359917
04_2-2_GABA-Recovery_41_620,2-2_GABA-Recovery,41,620,619,0.2912801808488623,0.5883275866508484,0.3209772032023386,0.2912801808488623,0.34701409935951233,0.23847799003124237,0.6816586108302455,2.0,37.0,6.0,2.876639261841774
04_2-2_GABA-Recovery_41_678,2-2_GABA-Recovery,41,678,675,0.3258496632623391,0.7470247745513916,0.019900699359339573,0.3258496632623391,0.3601005971431732,0.263412281870842,0.5446763387165828,1.0,1.0,7.0,4.101081043481827
04_2-2_GABA-Recovery_41_733,2-2_GABA-Recovery,41,733,737,0.08783514031770295,0.8866056203842163,0.001348059279623642,0.08783514031770295,0.2768608331680298,0.2500600218772888,0.3928391343272597,0.0,3.0,3.0,-0.7599673569202423
04_2-2_GABA-Recovery_41_826,2-2_GABA-Recovery,41,826,821,0.15869440510724275,0.5702598690986633,0.013813696171785036,0.15869440510724275,0.2756771147251129,0.22101569175720215,0.6328400188075629,0.0,2.0,9.0,1.8814231753349304
04_2-2_GABA-Recovery_42_52,2-2_GABA-Recovery,42,52,47,0.3555510864726804,0.42438623309135437,0.5549926326345783,0.3555510864726804,0.2508954405784607,0.28470320254564285,2.0382089465940765,4.0,,13.0,6.943592090159655
04_2-2_GABA-Recovery_42_360,2-2_GABA-Recovery,42,360,356,0.3443410853131666,0.42654889822006226,0.3344980034459972,0.3443410853131666,0.2712014466524124,0.28482619673013687,2.0097429256976467,3.0,,13.0,5.801983512938023
04_2-2_GABA-Recovery_42_499,2-2_GABA-Recovery,42,499,494,0.34053242624424207,0.3957291543483734,0.10772336467296317,0.34053242624424207,0.26705655455589294,0.2379356399178505,1.5078923920071154,4.0,,14.0,5.457941070199013
04_2-2_GABA-Recovery_42_594,2-2_GABA-Recovery,42,594,594,0.294155958934354,0.46767449378967285,0.1817084811960856,0.294155958934354,0.28910690546035767,0.2099306732416153,0.8144935261502136,3.0,,7.0,3.5706425830721855
04_2-2_GABA-Recovery_44_162,2-2_GABA-Recovery,44,162,158,0.439498134302442,0.5202038884162903,0.1760361374891465,0.439498134302442,0.344060443341732,0.24005374312400818,0.8568753118923386,4.0,,13.0,6.237065203487873
04_2-2_GABA-Recovery_44_205,2-2_GABA-Recovery,44,205,202,0.14061898389725416,0.8027468919754028,0.002516535347711058,0.14061898389725416,0.1745869517326355,0.06571632623672485,0.08916363756347288,0.0,3.0,4.0,-0.3315197825431824
04_2-2_GABA-Recovery_44_507,2-2_GABA-Recovery,44,507,502,0.4540858961096337,0.5517775416374207,0.2377596942480262,0.4540858961096337,0.12220591306686401,0.4270802065730095,3.424934513254878,5.0,,11.0,8.693566523492336
04_2-2_GABA-Recovery_44_530,2-2_GABA-Recovery,44,530,532,0.1690093390511303,0.7752953171730042,0.0030230695705216596,0.1690093390511303,0.27268874645233154,0.1492941677570343,0.23848864797823272,1.0,3.0,5.0,2.929139643907547
04_2-2_GABA-Recovery_49_170,2-2_GABA-Recovery,49,170,165,0.4960578218008318,0.5633322596549988,0.5,0.4960578218008318,0.14665371179580688,0.48686425015330315,6.366901052164922,4.0,,16.0,11.258116941899061
04_2-2_GABA-Recovery_49_505,2-2_GABA-Recovery,49,505,500,0.5161260843782067,0.5947179198265076,0.5,0.5161260843782067,0.14197639375925064,0.5343527421355247,8.852003134504892,5.0,,16.0,12.416942810639739
04_2-2_GABA-Recovery_51_573,2-2_GABA-Recovery,51,573,569,0.5448087065065833,0.5891886353492737,1.0,0.5448087065065833,0.1269816141575575,0.5200176723301411,7.517860813739209,4.0,,15.0,11.277971704490483
04_2-2_GABA-Recovery_52_407,2-2_GABA-Recovery,52,407,404,0.5297423007401638,0.4239414930343628,1.0,0.5297423007401638,0.07907172292470932,0.3490459769964218,4.660438908246526,3.0,,12.0,9.0581683665514
04_2-2_GABA-Recovery_55_101,2-2_GABA-Recovery,55,101,98,0.41374182552856076,0.6683425903320312,0.020315860985243694,0.41374182552856076,0.2275584638118744,0.30189149081707,0.8238247646593418,0.0,45.0,11.0,4.5583983063697815
04_2-2_GABA-Recovery_55_169,2-2_GABA-Recovery,55,169,164,0.4449242972736961,0.6122634410858154,0.030474491545527903,0.4449242972736961,0.1823728382587433,0.17976394295692444,0.41563965677331777,3.0,42.0,12.0,4.6829486936330795
04_2-2_GABA-Recovery_55_246,2-2_GABA-Recovery,55,246,243,0.468111068015293,0.6618690490722656,0.038028901853117955,0.468111068015293,0.23442025482654572,0.3344947248697281,1.0217500278451446,1.0,48.0,13.0,5.649951204657555
04_2-2_GABA-Recovery_55_319,2-2_GABA-Recovery,55,319,314,0.4387887804400613,0.7219345569610596,0.023682775390921826,0.4387887804400613,0.22755935788154602,0.35351212322711945,0.9595293089085115,2.0,42.0,12.0,5.5060455203056335
04_2-2_GABA-Recovery_55_411,2-2_GABA-Recovery,55,411,406,0.36689775743541464,0.6460240483283997,0.0043293498061443,0.36689775743541464,0.10537797212600708,0.44577840715646744,2.2261578556594857,4.0,,14.0,5.681028824299574
04_2-2_GABA-Recovery_55_439,2-2_GABA-Recovery,55,439,435,0.35195473448360853,0.7220450639724731,0.006412471112254696,0.35195473448360853,0.35172492265701294,0.17582523822784424,0.321894647430917,1.0,33.0,11.0,3.2669352293014526
04_2-2_GABA-Recovery_55_511,2-2_GABA-Recovery,55,511,507,0.36616300095502097,0.5760408639907837,0.009500569446791722,0.36616300095502097,0.15890443325042725,0.17027705907821655,0.41964575700611684,2.0,32.0,12.0,3.1302259266376495
04_2-2_GABA-Recovery_55_619,2-2_GABA-Recovery,55,619,614,0.42762315694316255,0.5307660698890686,0.054416033346389586,0.42762315694316255,0.32746416330337524,0.3966752961277962,2.958259431286557,3.0,,15.0,7.524623842909932
04_2-2_GABA-Recovery_55_679,2-2_GABA-Recovery,55,679,674,0.39896425008653036,0.5971667766571045,0.0011848436316383715,0.39896425008653036,0.27331459522247314,0.18940600752830505,0.46450277188994943,2.0,41.0,12.0,4.3073374181985855
04_2-2_GABA-Recovery_55_752,2-2_GABA-Recovery,55,752,748,0.36691266316248367,0.6071708798408508,0.0018785002477846179,0.36691266316248367,0.3516926020383835,0.24692022800445557,0.6854123004240732,3.0,38.0,15.0,3.7416244447231293
04_2-2_GABA-Recovery_55_804,2-2_GABA-Recovery,55,804,799,0.3418044952558401,0.6131884455680847,0.0035667457822521078,0.3418044952558401,0.17684662342071533,0.130800262093544,0.27115146385099487,2.0,31.0,12.0,2.345567747950554
04_2-2_GABA-Recovery_55_849,2-2_GABA-Recovery,55,849,844,0.23362404252827626,0.729583740234375,0.004093607660447962,0.23362404252827626,0.2795981764793396,0.10509374737739563,0.1682873201804279,2.0,14.0,4.0,0.6200009882450104
04_2-2_GABA-Recovery_59_63,2-2_GABA-Recovery,59,63,58,0.42538708453434937,0.41767269372940063,0.4061124264415018,0.42538708453434937,0.2211376577615738,0.3310037888586521,3.8191758549653563,6.0,,13.0,8.008705206215382
04_2-2_GABA-Recovery_59_162,2-2_GABA-Recovery,59,162,161,0.327481517612924,0.6525747776031494,0.08391663546068025,0.327481517612924,0.2823203504085541,0.2025972455739975,0.45023858115847476,1.0,,9.0,2.576513484120369
04_2-2_GABA-Recovery_59_512,2-2_GABA-Recovery,59,512,507,0.41097762918747105,0.4602040946483612,0.2982209672794409,0.41097762918747105,0.1907513439655304,0.37412846460938454,4.346508581348427,7.0,,14.0,7.692507462576032
04_2-2_GABA-Recovery_59_690,2-2_GABA-Recovery,59,690,685,0.38958291673942164,0.4654991030693054,0.2978555951637948,0.38958291673942164,0.12435290217399597,0.3583611212670803,3.3448560000748273,7.0,,15.0,7.047853842377663
04_2-2_GABA-Recovery_63_74,2-2_GABA-Recovery,63,74,70,0.25273066701629365,0.697862446308136,0.007524080234104389,0.25273066701629365,0.3887617588043213,0.1615271270275116,0.3011681707707869,0.0,20.0,10.0,1.3585057258605957
04_2-2_GABA-Recovery_63_352,2-2_GABA-Recovery,63,352,349,0.349907932453417,0.34329065680503845,0.020024700613708885,0.349907932453417,0.07064801827073097,0.26702020689845085,3.500965409611251,3.0,,13.0,5.116041576489806
04_2-2_GABA-Recovery_63_412,2-2_GABA-Recovery,63,412,407,0.2648408636757771,0.49709001183509827,0.009305716504855139,0.2648408636757771,0.17378738522529602,0.1832747608423233,0.5840212043950116,3.0,21.0,12.0,2.723567917943001
04_2-2_GABA-Recovery_63_579,2-2_GABA-Recovery,63,579,575,0.3906025048685562,0.5084279179573059,0.06743825009447091,0.3906025048685562,0.20747338980436325,0.40804147347807884,4.064706899371406,5.0,,15.0,6.7584126852452755
04_2-2_GABA-Recovery_63_659,2-2_GABA-Recovery,63,659,654,0.303237150468484,0.5759469866752625,0.014529302209849129,0.303237150468484,0.14949147403240204,0.2700643092393875,0.8829016128120025,2.0,16.0,10.0,3.069231316447258
04_2-2_GABA-Recovery_63_719,2-2_GABA-Recovery,63,719,714,0.31799391196919363,0.6149240732192993,0.02314593379136467,0.31799391196919363,0.30349859595298767,0.24564515054225922,0.6652021966525635,3.0,30.0,13.0,2.7811405956745148
04_2-2_GABA-Recovery_65_320,2-2_GABA-Recovery,65,320,317,0.306805832366731,0.3761732876300812,0.5,0.306805832366731,0.09925878793001175,0.2657773233950138,2.4074912994925355,1.0,,14.0,4.382128305733204
04_2-2_GABA-Recovery_65_422,2-2_GABA-Recovery,65,422,417,0.4472134459914472,0.6616750359535217,0.5,0.4472134459914472,0.25523969531059265,0.5066588148474693,3.2684244992712412,2.0,,16.0,9.549505818635225
04_2-2_GABA-Recovery_67_65,2-2_GABA-Recovery,67,65,60,0.28020070415650256,0.33479878306388855,0.01548373405472583,0.28020070415650256,0.17482450604438782,0.19124743342399597,1.3322579962065977,4.0,,12.0,4.161838751286268
04_2-2_GABA-Recovery_67_162,2-2_GABA-Recovery,67,162,157,0.3156952900632157,0.45095008611679077,0.06097070250666989,0.3156952900632157,0.08565253019332886,0.19751469790935516,0.7793493217596367,5.0,,15.0,4.461890742182732
04_2-2_GABA-Recovery_67_195,2-2_GABA-Recovery,67,195,190,0.3251320084451375,0.7657752633094788,0.0350808954051152,0.3251320084451375,0.19301432371139526,0.23555365204811096,0.44425509455893714,4.0,19.0,11.0,3.490912213921547
04_2-2_GABA-Recovery_67_242,2-2_GABA-Recovery,67,242,237,0.28638366425362266,0.8137677311897278,0.009342588978994797,0.28638366425362266,0.206441730260849,0.17283570766448975,0.269663086443806,3.0,25.0,8.0,2.0339096188545227
04_2-2_GABA-Recovery_67_307,2-2_GABA-Recovery,67,307,302,0.3566806547747806,0.8185787796974182,0.001530579734227513,0.3566806547747806,0.47932761907577515,0.272499680519104,0.4990113720322469,2.0,25.0,14.0,3.3066391944885254
04_2-2_GABA-Recovery_67_396,2-2_GABA-Recovery,67,396,391,0.3474855915858804,0.9070039391517639,0.03850870448401848,0.3474855915858804,0.30105939507484436,0.43630778789520264,0.9269414817402774,3.0,,12.0,6.136206686496735
04_2-2_GABA-Recovery_67_704,2-2_GABA-Recovery,67,704,701,0.15269164759482526,0.4443650543689728,0.004219930943634473,0.15269164759482526,0.16298726201057434,0.27315040677785873,1.595368215400486,1.0,2.0,7.0,2.2117910906672478
04_2-2_GABA-Recovery_67_827,2-2_GABA-Recovery,67,827,822,0.25409905258452686,0.41952046751976013,0.03014452992575626,0.25409905258452686,0.2521185576915741,0.22899094969034195,1.2018660011272293,1.0,49.0,14.0,4.0488418489694595
04_2-2_GABA-Recovery_70_332,2-2_GABA-Recovery,70,332,327,0.5193923100109409,0.5527104139328003,1.0,0.5193923100109409,0.07663275301456451,0.46781567484140396,5.510537871348671,4.0,,16.0,11.04969933629036
04_2-2_GABA-Recovery_71_141,2-2_GABA-Recovery,71,141,136,0.35345731557728366,0.4365498721599579,0.09556379059552418,0.35345731557728366,0.31033241748809814,0.33338456600904465,3.2315569879796597,5.0,,15.0,5.7362991236150265
04_2-2_GABA-Recovery_71_212,2-2_GABA-Recovery,71,212,207,0.3288729335655665,0.5467453002929688,0.06414734421654089,0.3288729335655665,0.21205228567123413,0.2392459362745285,0.778037174282355,0.0,,13.0,3.783674418926239
04_2-2_GABA-Recovery_71_310,2-2_GABA-Recovery,71,310,305,0.3456584697977223,0.568640410900116,0.12390176305803259,0.3456584697977223,0.22141379117965698,0.2705915868282318,0.9078767133903197,6.0,,14.0,5.9366986602544785
04_2-2_GABA-Recovery_71_647,2-2_GABA-Recovery,71,647,644,0.42083908702204653,0.41893741488456726,0.29851604264791515,0.42083908702204653,0.15940137207508087,0.316560585051775,3.092111619091936,4.0,,12.0,6.412630889564753
04_2-2_GABA-Recovery_71_722,2-2_GABA-Recovery,71,722,717,0.33835617733623724,0.7448518872261047,0.005921867477860385,0.33835617733623724,0.23335948586463928,0.3028244972229004,0.6850808435665156,3.0,43.0,13.0,3.7257969677448273
04_2-2_GABA-Recovery_75_144,2-2_GABA-Recovery,75,144,139,0.4819428147408932,0.7353348731994629,0.5,0.4819428147408932,0.26745159924030304,0.5773326382040977,3.6539523521362423,5.0,,16.0,10.101400025188923
04_2-2_GABA-Recovery_75_307,2-2_GABA-Recovery,75,307,303,0.5234545425779469,0.6665545105934143,0.5,0.5234545425779469,0.13849961757659912,0.4696905314922333,2.3858632424107875,4.0,,14.0,8.982180453836918
04_2-2_GABA-Recovery_76_56,2-2_GABA-Recovery,76,56,54,0.5054495545699527,0.46681714057922363,0.1331064706123747,0.5054495545699527,0.14743566513061523,0.38601696118712425,4.777427031614597,2.0,,11.0,7.730353586375713
04_2-2_GABA-Recovery_76_204,2-2_GABA-Recovery,76,204,199,0.4730022730632873,0.5005006790161133,0.11513399080740584,0.4730022730632873,0.34284651279449463,0.3854856789112091,3.3516122119689693,4.0,,13.0,8.985985862091184
04_2-2_GABA-Recovery_76_428,2-2_GABA-Recovery,76,428,423,0.4636441252922104,0.4615168869495392,0.1199927766537662,0.4636441252922104,0.16227582097053528,0.3734223507344723,4.238882078030685,6.0,,15.0,8.95646782591939
04_2-2_GABA-Recovery_76_818,2-2_GABA-Recovery,76,818,813,0.44637483931469013,0.5168012976646423,0.09535594149373533,0.44637483931469013,0.10574591159820557,0.4344524219632149,5.275754140692949,4.0,,16.0,8.579910408705473
04_2-2_GABA-Recovery_77_61,2-2_GABA-Recovery,77,61,57,0.40961517570079303,0.4214324951171875,0.050721738320190536,0.40961517570079303,0.2178003415465355,0.32089271396398544,3.1916989502395134,3.0,,12.0,7.260736528784037
04_2-2_GABA-Recovery_77_98,2-2_GABA-Recovery,77,98,93,0.3016357211609111,0.7429114580154419,0.007775531667206589,0.3016357211609111,0.2678186297416687,0.18947312235832214,0.34235633882021027,2.0,18.0,11.0,1.9878671765327454
04_2-2_GABA-Recovery_77_160,2-2_GABA-Recovery,77,160,155,0.3888761031166794,0.8111158013343811,0.03543375260084391,0.3888761031166794,0.2769874334335327,0.4327710270881653,1.1438535868517916,2.0,28.0,16.0,6.659000098705292
04_2-2_GABA-Recovery_77_282,2-2_GABA-Recovery,77,282,277,0.4664913030403739,0.7163910865783691,0.07038437695896321,0.4664913030403739,0.28326889872550964,0.5679622516036034,3.826495382114681,3.0,,16.0,9.803235329687595
04_2-2_GABA-Recovery_77_337,2-2_GABA-Recovery,77,337,334,0.3002987641169142,0.8033124804496765,0.0026666324091148366,0.3002987641169142,0.26064711809158325,0.276028037071228,0.5234898175691372,1.0,1.0,10.0,1.9029048085212708
04_2-2_GABA-Recovery_77_462,2-2_GABA-Recovery,77,462,457,0.3542210687402414,0.5247626900672913,0.01924157885469785,0.3542210687402414,0.23674145340919495,0.3813463822007179,2.6590168710485957,4.0,48.0,16.0,5.823419742286205
04_2-2_GABA-Recovery_77_525,2-2_GABA-Recovery,77,525,520,0.3398864736090612,0.5503489375114441,0.009793311719488518,0.3398864736090612,0.2616122364997864,0.28236907720565796,1.0536951429239967,3.0,30.0,12.0,5.221930585801601
04_2-2_GABA-Recovery_77_649,2-2_GABA-Recovery,77,649,644,0.41445351538893377,0.4533065855503082,0.056986212504286295,0.41445351538893377,0.2542507201433182,0.33712101727724075,2.9015739414805397,7.0,,15.0,7.602564815431833
04_2-2_GABA-Recovery_77_697,2-2_GABA-Recovery,77,697,693,0.24506168634806902,0.5949293375015259,0.007997770364151627,0.24506168634806902,0.2943229377269745,0.13766463100910187,0.3010611338563535,1.0,7.0,8.0,0.7961702197790146
04_2-2_GABA-Recovery_77_782,2-2_GABA-Recovery,77,782,778,0.3543953729027811,0.4712454378604889,0.014956380704573452,0.3543953729027811,0.1963304579257965,0.2748178318142891,1.3990794743466552,4.0,,15.0,5.195734277367592
04_2-2_GABA-Recovery_77_811,2-2_GABA-Recovery,77,811,808,0.2065917853721001,0.6456170678138733,0.005970282435976444,0.2065917853721001,0.3238435387611389,0.11281216144561768,0.2117325874766738,0.0,1.0,8.0,1.1835247576236725
04_2-2_GABA-Recovery_82_83,2-2_GABA-Recovery,82,83,79,0.49165863412529925,0.5355318784713745,0.1703408351590973,0.49165863412529925,0.23002620041370392,0.41240864247083664,3.349559805827675,4.0,,13.0,8.600241862237453
04_2-2_GABA-Recovery_82_503,2-2_GABA-Recovery,82,503,498,0.4248364091075765,0.6849108338356018,0.11930858758451815,0.4248364091075765,0.10100279748439789,0.5696572475135326,4.942642269904383,5.0,,15.0,8.405706837773323
04_2-2_GABA-Recovery_82_792,2-2_GABA-Recovery,82,792,787,0.4493738534471451,0.5089567303657532,0.15018750880760676,0.4493738534471451,0.2910981774330139,0.4271734654903412,5.223238105510878,6.0,,16.0,8.737019788473845
04_2-2_GABA-Recovery_84_181,2-2_GABA-Recovery,84,181,176,0.5087916421783917,0.5525326728820801,0.18850242938334397,0.5087916421783917,0.21757248044013977,0.4115319848060608,2.91865231596733,3.0,,15.0,10.023858662694693
04_2-2_GABA-Recovery_84_593,2-2_GABA-Recovery,84,593,588,0.29310422262360303,0.39883488416671753,0.0030388764479166355,0.29310422262360303,0.14396140724420547,0.2933729328215122,2.7817893475270883,4.0,,13.0,4.771457813680172
04_2-2_GABA-Recovery_84_641,2-2_GABA-Recovery,84,641,636,0.39711427004715527,0.7603365182876587,0.01706876146572679,0.39711427004715527,0.3714140057563782,0.4202488660812378,1.2357075105630766,3.0,,14.0,6.022936925292015
04_2-2_GABA-Recovery_84_820,2-2_GABA-Recovery,84,820,815,0.38470300492473153,0.4802805781364441,0.03847465423581763,0.38470300492473153,0.11418583989143372,0.32903432101011276,2.175487362542007,4.0,,16.0,6.160371765494347
04_2-2_GABA-Recovery_85_491,2-2_GABA-Recovery,85,491,486,0.5430535709735507,0.5465889573097229,1.0,0.5430535709735507,0.27819765731692314,0.4759073927998543,6.733119111043555,6.0,,15.0,11.95845110155642
04_2-2_GABA-Recovery_88_71,2-2_GABA-Recovery,88,71,66,0.3906525068892685,0.4824698865413666,0.13892260615911473,0.3906525068892685,0.2128971666097641,0.251829631626606,1.09187197924177,4.0,,13.0,5.863563925027847
04_2-2_GABA-Recovery_88_205,2-2_GABA-Recovery,88,205,200,0.36718829685742965,0.5540996789932251,0.1430474406327075,0.36718829685742965,0.22834864258766174,0.35928618907928467,1.8442572392599745,5.0,,12.0,5.967068180441856
04_2-2_GABA-Recovery_88_308,2-2_GABA-Recovery,88,308,304,0.37771150873273707,0.4367004334926605,0.17952940772134118,0.37771150873273707,0.1283072680234909,0.24882028996944427,1.3243565035849447,4.0,,11.0,6.265029311180115
04_2-2_GABA-Recovery_88_582,2-2_GABA-Recovery,88,582,577,0.4259509070849764,0.49260494112968445,0.28227594904163955,0.4259509070849764,0.171413391828537,0.41727690771222115,5.539463713325667,8.0,,15.0,8.31577234622091
04_2-2_GABA-Recovery_88_725,2-2_GABA-Recovery,88,725,721,0.37104544825015284,0.4249417185783386,0.1699990641810297,0.37104544825015284,0.0876956582069397,0.2348886951804161,1.2359113839963447,5.0,,11.0,5.712185598909855
04_2-2_GABA-Recovery_89_89,2-2_GABA-Recovery,89,89,84,0.2076348958345116,0.4126213490962982,0.00467788254424472,0.2076348958345116,0.1691250056028366,0.12788963317871094,0.44915836919174573,3.0,19.0,4.0,1.7368394061923027
04_2-2_GABA-Recovery_89_112,2-2_GABA-Recovery,89,112,108,0.25496175212827116,0.5903526544570923,0.0023158662538048528,0.25496175212827116,0.22872141003608704,0.21504227817058563,0.5729718434601057,1.0,28.0,8.0,2.8246508687734604
04_2-2_GABA-Recovery_89_233,2-2_GABA-Recovery,89,233,228,0.4497319373687943,0.6720420122146606,0.09277056026088377,0.4497319373687943,0.21991217136383057,0.373774915933609,1.2531550432281264,3.0,,15.0,9.012209556996822
04_2-2_GABA-Recovery_89_317,2-2_GABA-Recovery,89,317,314,0.25656291341119325,0.4876552224159241,0.0003591842496192802,0.25656291341119325,0.3060755729675293,0.1440858393907547,0.41937916039567236,1.0,29.0,10.0,1.020608127117157
04_2-2_GABA-Recovery_89_436,2-2_GABA-Recovery,89,436,433,0.254849119173408,0.37111636996269226,0.001504005467237868,0.254849119173408,0.08806438744068146,0.19584700465202332,1.1174057959580104,4.0,30.0,12.0,3.0782000944018364
04_2-2_GABA-Recovery_89_496,2-2_GABA-Recovery,89,496,491,0.21719819930122758,0.4570428133010864,0.018778517353977165,0.21719819930122758,0.19104409217834473,0.22063430398702621,0.933275644887729,2.0,13.0,7.0,1.9735167250037193
04_2-2_GABA-Recovery_89_537,2-2_GABA-Recovery,89,537,533,0.250308401229072,0.4163201153278351,0.006323657293052481,0.250308401229072,0.16958744823932648,0.1500701606273651,0.5636438916813841,0.0,32.0,11.0,2.7429251298308372
04_2-2_GABA-Recovery_89_622,2-2_GABA-Recovery,89,622,619,0.23930492486357852,0.29255902767181396,0.007893429257104458,0.23930492486357852,0.18292607180774212,0.17900528758764267,1.5763927058233014,4.0,43.0,13.0,2.8672495745122433
04_2-2_GABA-Recovery_89_670,2-2_GABA-Recovery,89,670,667,0.1869289771687979,0.3724328279495239,0.004029173528006871,0.1869289771687979,0.2784590944647789,0.15102648735046387,0.6821235875261334,3.0,,12.0,1.4648929946124554
04_2-2_GABA-Recovery_89_731,2-2_GABA-Recovery,89,731,727,0.3048534923420874,0.5277265310287476,0.0029987176897945424,0.3048534923420874,0.16041943430900574,0.1385231614112854,0.3559145994738848,3.0,33.0,11.0,2.188291624188423
04_2-2_GABA-Recovery_89_805,2-2_GABA-Recovery,89,805,800,0.42666774146600744,0.5852356553077698,0.1092782208249054,0.42666774146600744,0.2713319957256317,0.2662549912929535,0.834705740284578,3.0,,15.0,6.045733749866486
04_2-2_GABA-Recovery_90_218,2-2_GABA-Recovery,90,218,213,0.4820097252439188,0.5749973058700562,0.10201721113426135,0.4820097252439188,0.186636783182621,0.4009092003107071,2.3029097767626148,5.0,,15.0,8.964239820837975
04_2-2_GABA-Recovery_90_268,2-2_GABA-Recovery,90,268,263,0.22236044876475086,0.901463508605957,0.002599074292725508,0.22236044876475086,0.08841890096664429,0.19589069485664368,0.27763356387799076,3.0,19.0,6.0,1.861413598060608
04_2-2_GABA-Recovery_90_564,2-2_GABA-Recovery,90,564,559,0.4492095654651399,0.5758234858512878,0.08026218850178975,0.4492095654651399,0.2759346067905426,0.43728359788656235,3.1563732605147035,3.0,,16.0,8.563364546746016
04_2-2_GABA-Recovery_91_154,2-2_GABA-Recovery,91,154,149,0.5286378972948325,0.5150006413459778,0.3237497102645828,0.5286378972948325,0.26246920228004456,0.4425715319812298,6.110409693876948,4.0,,14.0,11.466297825798392
04_2-2_GABA-Recovery_91_266,2-2_GABA-Recovery,91,266,264,0.4351273391817472,0.6143872141838074,0.08292595867147305,0.4351273391817472,0.17512384057044983,0.27637094259262085,0.8176261494502177,2.0,,10.0,5.379749298095703
04_2-2_GABA-Recovery_91_860,2-2_GABA-Recovery,91,860,855,0.5096460797324378,0.5757683515548706,0.22221563567675937,0.5096460797324378,0.14528805762529373,0.4957204535603523,6.192797887013842,5.0,,15.0,10.716984720900655
04_2-2_GABA-Recovery_92_124,2-2_GABA-Recovery,92,124,121,0.34381963287031014,0.403219074010849,0.021191020836745157,0.34381963287031014,0.21683602035045624,0.29696471989154816,2.7948475368653645,3.0,,14.0,5.214814122766256
04_2-2_GABA-Recovery_92_209,2-2_GABA-Recovery,92,209,205,0.34534579672464893,0.5445387959480286,0.021548681471671036,0.34534579672464893,0.35848623514175415,0.342581182718277,1.6963023935549724,2.0,,10.0,5.082887038588524
04_2-2_GABA-Recovery_92_321,2-2_GABA-Recovery,92,321,316,0.40248764183191643,0.44859448075294495,0.026916857547280636,0.40248764183191643,0.14035889506340027,0.2596532180905342,1.3742536406907975,4.0,,14.0,6.296403914690018
04_2-2_GABA-Recovery_92_469,2-2_GABA-Recovery,92,469,465,0.3266502883824329,0.49529844522476196,0.00043290993473020127,0.3266502883824329,0.15933316200971603,0.343596413731575,2.2649427324709634,2.0,,14.0,4.225737432017922
04_2-2_GABA-Recovery_92_544,2-2_GABA-Recovery,92,544,539,0.3875628327302147,0.5482757091522217,0.01552464807464781,0.3875628327302147,0.34242889285087585,0.21499913930892944,0.6451072735476807,3.0,41.0,14.0,4.783505320549011
04_2-2_GABA-Recovery_92_670,2-2_GABA-Recovery,92,670,665,0.3973166352423493,0.448568195104599,0.034678210399283683,0.3973166352423493,0.2664477676153183,0.2919958606362343,1.8649262759458425,3.0,,14.0,6.346711657941341
04_2-2_GABA-Recovery_92_826,2-2_GABA-Recovery,92,826,823,0.49021580950707166,0.5171332955360413,0.1664409068722868,0.49021580950707166,0.1432262845337391,0.45208441838622093,6.94991886401024,3.0,,12.0,8.489678364247084
04_2-2_GABA-Recovery_93_164,2-2_GABA-Recovery,93,164,159,0.4779941826398724,0.5160611271858215,0.5,0.4779941826398724,0.21354717016220093,0.3952813968062401,3.2727461434461422,6.0,,15.0,8.689157042652369
04_2-2_GABA-Recovery_93_281,2-2_GABA-Recovery,93,281,276,0.4798522454803339,0.6112353205680847,0.5,0.4798522454803339,0.1523928940296173,0.4039452001452446,1.9486948983446881,5.0,,15.0,8.943298168480396
04_2-2_GABA-Recovery_94_100,2-2_GABA-Recovery,94,100,95,0.35700270339600776,0.5545790791511536,0.011555236777515302,0.35700270339600776,0.13806617259979248,0.33121883124113083,1.4828906859673494,4.0,,17.0,4.919089399278164
04_2-2_GABA-Recovery_94_329,2-2_GABA-Recovery,94,329,324,0.5459814833793029,0.5753176212310791,0.3575440181899121,0.5459814833793029,0.15274527296423912,0.45934629440307617,3.9608609038709424,6.0,,15.0,11.56028275564313
04_2-2_GABA-Recovery_94_607,2-2_GABA-Recovery,94,607,602,0.34471246582560877,0.43706920742988586,0.0008379540471865284,0.34471246582560877,0.15373532474040985,0.33302393928170204,3.200760065391933,3.0,,16.0,5.978379230946302
04_2-2_GABA-Recovery_95_177,2-2_GABA-Recovery,95,177,172,0.3518607451589689,0.47363612055778503,0.03951336412345154,0.3518607451589689,0.067604660987854,0.36546963825821877,3.3787697490804343,4.0,,15.0,5.711593357846141
04_2-2_GABA-Recovery_95_213,2-2_GABA-Recovery,95,213,210,0.33455313025730943,0.5619964599609375,0.02422843780250664,0.33455313025730943,0.2565738260746002,0.16774466633796692,0.4254759751286861,0.0,31.0,11.0,3.097928360104561
04_2-2_GABA-Recovery_95_335,2-2_GABA-Recovery,95,335,332,0.3576770717045396,0.5351753234863281,0.024828738402195568,0.3576770717045396,0.32094602286815643,0.3203539401292801,1.491257225528753,3.0,,11.0,4.385376907885075
04_2-2_GABA-Recovery_95_381,2-2_GABA-Recovery,95,381,377,0.2738601281800762,0.694757342338562,0.003397177016080952,0.2738601281800762,0.3579120337963104,0.231215700507164,0.49880243680731295,0.0,23.0,8.0,1.8384881764650345
04_2-2_GABA-Recovery_95_450,2-2_GABA-Recovery,95,450,445,0.3412894191758036,0.701935887336731,0.06064970883424495,0.3412894191758036,0.28319251537323,0.30088961124420166,0.7502615762346101,2.0,2.0,13.0,3.441367894411087
04_2-2_GABA-Recovery_95_489,2-2_GABA-Recovery,95,489,487,0.11577582317282295,0.7192317843437195,0.006260473804440073,0.11577582317282295,0.5640867352485657,0.06416264176368713,0.09794789220413956,0.0,1.0,2.0,0.06398698687553406
04_2-2_GABA-Recovery_95_578,2-2_GABA-Recovery,95,578,573,0.3454934542008898,0.5766903162002563,0.02785487706933093,0.3454934542008898,0.22541332244873047,0.2763119041919708,0.9198793693081684,4.0,,14.0,4.389976918697357
04_2-2_GABA-Recovery_95_595,2-2_GABA-Recovery,95,595,593,0.2653276985642447,0.8007174134254456,0.002147725376831777,0.2653276985642447,0.21051937341690063,0.2785976827144623,0.5335896468327082,0.0,1.0,6.0,4.2062267661094666
04_2-2_GABA-Recovery_95_622,2-2_GABA-Recovery,95,622,618,0.15977920671997517,0.8128082752227783,0.04716131406141374,0.15977920671997517,0.5472023487091064,0.13035526871681213,0.19100988269391195,1.0,1.0,7.0,-0.23177646100521088
04_2-2_GABA-Recovery_95_654,2-2_GABA-Recovery,95,654,659,0.13247977150993379,0.6388915777206421,0.0244007377542383,0.13247977150993379,0.32650458812713623,-0.012078672647476196,-0.018554876571772377,0.0,0.0,1.0,-1.8200368881225586
04_2-2_GABA-Recovery_95_683,2-2_GABA-Recovery,95,683,680,0.11960127614620597,0.6695886254310608,0.004244874889076376,0.11960127614620597,0.45864802598953247,0.09589022397994995,0.1671439622934377,0.0,1.0,4.0,0.1774962842464447
04_2-2_GABA-Recovery_95_704,2-2_GABA-Recovery,95,704,703,0.1915421446740823,0.7131434082984924,0.007477471039302497,0.1915421446740823,0.15553709864616394,0.15188586711883545,0.2706170625335388,0.0,4.0,7.0,0.4988395869731903
04_2-2_GABA-Recovery_97_394,2-2_GABA-Recovery,97,394,390,0.5498606247296035,0.585435688495636,1.0,0.5498606247296035,0.1361648440361023,0.4977397806942463,5.675746943876881,4.0,,14.0,11.508411582559347
04_2-2_GABA-Recovery_99_152,2-2_GABA-Recovery,99,152,147,0.4277327693208093,0.5111576318740845,0.14264827964572696,0.4277327693208093,0.11040303111076355,0.321458175778389,1.6945656165520404,5.0,,13.0,7.642906084656715
04_2-2_GABA-Recovery_99_644,2-2_GABA-Recovery,99,644,639,0.4283995666782735,0.42601481080055237,0.12231015135118092,0.4283995666782735,0.2612408399581909,0.3222281485795975,3.1047163641662854,6.0,,13.0,8.205111775547266
04_2-2_GABA-Recovery_99_839,2-2_GABA-Recovery,99,839,834,0.44491764556436536,0.4285779595375061,0.1381984415240527,0.44491764556436536,0.1536407321691513,0.3239988647401333,3.0981226732541254,6.0,,13.0,9.20204522460699
04_2-2_GABA-Recovery_100_208,2-2_GABA-Recovery,100,208,203,0.47578304049746684,0.6523386240005493,0.09279328318394146,0.47578304049746684,0.2610704004764557,0.5245639309287071,4.105382046457098,3.0,,16.0,9.190210331231356
04_2-2_GABA-Recovery_100_539,2-2_GABA-Recovery,100,539,534,0.49911087306557056,0.5910981893539429,0.08033584004075184,0.49911087306557056,0.1608680784702301,0.4740868881344795,4.0516333310856405,5.0,,15.0,10.383075937628746
04_2-2_GABA-Recovery_100_814,2-2_GABA-Recovery,100,814,810,0.4839183154307781,0.6750326752662659,0.09510549667456228,0.4839183154307781,0.12642034888267517,0.5590628422796726,4.8207609503439,4.0,,15.0,9.943605605512857
04_2-3_GABA_1_74,2-3_GABA,1,74,69,0.2932459377763558,0.42551738023757935,0.05688272738602516,0.2932459377763558,0.4067561849951744,0.1965322345495224,0.8582750377059626,1.0,,12.0,3.256006572395563
04_2-3_GABA_1_95,2-3_GABA,1,95,94,0.2591691584078867,0.6335954070091248,0.00419927422930242,0.2591691584078867,0.30691125988960266,0.22945991158485413,0.567779653563867,1.0,35.0,8.0,3.5999142229557037
04_2-3_GABA_1_145,2-3_GABA,1,145,141,0.22998119842354622,0.5555845499038696,0.0022447455773767448,0.22998119842354622,0.31792280077934265,0.07064583897590637,0.14567993312128197,2.0,4.0,4.0,-0.207637757062912
04_2-3_GABA_1_163,2-3_GABA,1,163,158,0.2683819003279061,0.743461012840271,0.01297872335277179,0.2683819003279061,0.2718505859375,0.2332540601491928,0.45717538524102447,4.0,15.0,9.0,3.52894626557827
04_2-3_GABA_1_254,2-3_GABA,1,254,249,0.34332776789261643,0.49093109369277954,0.10485158190106392,0.34332776789261643,0.2928052693605423,0.35941755771636963,2.7329320518067415,5.0,,15.0,5.282039701938629
04_2-3_GABA_1_279,2-3_GABA,1,279,275,0.3206691579968597,0.7413515448570251,0.05373205024323811,0.3206691579968597,0.14507272839546204,0.29201145470142365,0.6498673523662296,2.0,,13.0,4.1024186462163925
04_2-3_GABA_1_331,2-3_GABA,1,331,327,0.2285889300820073,0.8673841953277588,0.00184091185110789,0.2285889300820073,0.24836087226867676,0.12367397546768188,0.16629323110680144,0.0,1.0,6.0,0.6403203308582306
04_2-3_GABA_1_354,2-3_GABA,1,354,350,0.1575675726901749,0.9442299604415894,0.01631987651078771,0.1575675726901749,0.4350544214248657,0.18536978960037231,0.24427397394553582,1.0,6.0,5.0,0.8036074936389923
04_2-3_GABA_1_410,2-3_GABA,1,410,405,0.2087331637680684,0.6847975850105286,0.009376997420744694,0.2087331637680684,0.24686136841773987,0.17377448081970215,0.3400521021351145,0.0,12.0,11.0,1.7884353697299957
04_2-3_GABA_1_503,2-3_GABA,1,503,498,0.27142909274442417,0.625177264213562,0.052590683869721135,0.27142909274442417,0.3967497944831848,0.22451108694076538,0.560344495432429,4.0,,6.0,4.020781993865967
04_2-3_GABA_1_617,2-3_GABA,1,617,620,0.23431142492657536,0.7422690987586975,0.07051985163794944,0.23431142492657536,0.1715276837348938,0.1882651150226593,0.33982628383473945,3.0,1.0,10.0,1.227254718542099
04_2-3_GABA_1_654,2-3_GABA,1,654,649,0.18718575672053345,0.7888151407241821,0.0008834342989650697,0.18718575672053345,0.44935038685798645,0.11079102754592896,0.16340278375439118,0.0,2.0,5.0,-0.5415641069412231
04_2-3_GABA_1_687,2-3_GABA,1,687,683,0.2057883461268586,0.7781647443771362,0.005802149933178743,0.2057883461268586,0.29394882917404175,0.1100708544254303,0.16475357143797098,1.0,1.0,10.0,1.089415282011032
04_2-3_GABA_1_726,2-3_GABA,1,726,721,0.1758094292997713,0.7366359233856201,0.0033485378394796156,0.1758094292997713,0.2738890051841736,0.08409225940704346,0.1288684022986763,2.0,1.0,7.0,0.22078564763069153
04_2-3_GABA_1_836,2-3_GABA,1,836,832,0.1817015187303973,0.7372661232948303,0.0019069746983296466,0.1817015187303973,0.23429030179977417,0.14981651306152344,0.2550287045079892,0.0,5.0,5.0,0.570615291595459
04_2-3_GABA_2_47,2-3_GABA,2,47,44,0.4137767328042713,0.6109494566917419,0.07707881334070141,0.4137767328042713,0.3514603301882744,0.39277103543281555,1.8002286072401672,1.0,,13.0,5.018722862005234
04_2-3_GABA_2_67,2-3_GABA,2,67,63,0.23848424691475983,0.8226537108421326,0.004315026294847034,0.23848424691475983,0.4749329686164856,0.2535792291164398,0.4455993674983848,0.0,18.0,14.0,3.314456731081009
04_2-3_GABA_2_115,2-3_GABA,2,115,110,0.2414069449203412,0.8211073279380798,0.004907137138542966,0.2414069449203412,0.47835636138916016,0.21497923135757446,0.3546762352222046,1.0,2.0,10.0,2.207886964082718
04_2-3_GABA_2_217,2-3_GABA,2,217,213,0.2459202663399775,0.7193615436553955,0.0028807725151012696,0.2459202663399775,0.34018564224243164,0.22459577023983002,0.4539436280916439,0.0,6.0,9.0,1.4649583548307419
04_2-3_GABA_2_254,2-3_GABA,2,254,250,0.20730464318389136,0.7835968732833862,0.0092286143555568,0.20730464318389136,0.25056567788124084,0.1387643814086914,0.21519446237156484,1.0,1.0,3.0,0.4084864854812622
04_2-3_GABA_2_358,2-3_GABA,2,358,354,0.3721193655449254,0.4891883432865143,0.04018583963432498,0.3721193655449254,0.278517484664917,0.14461548626422882,0.41969494496450055,2.0,,12.0,3.434115007519722
04_2-3_GABA_2_418,2-3_GABA,2,418,421,0.10940930253836421,0.5973984599113464,0.017687921002049828,0.10940930253836421,0.2228916883468628,-0.029366612434387207,-0.046854258046766385,0.0,0.0,2.0,-2.5545576214790344
04_2-3_GABA_2_472,2-3_GABA,2,472,467,0.32667688048784405,0.618533730506897,0.08972348273814051,0.32667688048784405,0.12194329500198364,0.20459477603435516,0.49426316084471517,2.0,30.0,7.0,3.836269997060299
04_2-3_GABA_2_488,2-3_GABA,2,488,489,0.15734798005597814,0.7394741177558899,0.003645275815802745,0.15734798005597814,0.42222368717193604,0.15870338678359985,0.27326340381842,3.0,1.0,11.0,3.0729083865880966
04_2-3_GABA_2_604,2-3_GABA,2,604,602,0.4096485804278157,0.5085985660552979,0.014938520566999059,0.4096485804278157,0.35672688484191895,0.283845990896225,1.2629265346362666,1.0,,7.0,5.061098158359528
04_2-3_GABA_2_703,2-3_GABA,2,703,700,0.25491344553239703,0.6903361082077026,0.008818536219816995,0.25491344553239703,0.3118212819099426,0.1920332908630371,0.3853746841856841,5.0,26.0,10.0,3.4965982735157013
04_2-3_GABA_2_814,2-3_GABA,2,814,810,0.3297956107906397,0.605131983757019,0.02810858753674779,0.3297956107906397,0.7112771570682526,0.27344919741153717,0.8244298729651638,1.0,42.0,14.0,4.812333822250366
04_2-3_GABA_4_51,2-3_GABA,4,51,47,0.24252528119665925,0.8452848196029663,0.0038955822526669332,0.24252528119665925,0.6417811512947083,0.27536261081695557,0.4831582390928483,0.0,1.0,6.0,0.9683783054351807
04_2-3_GABA_4_89,2-3_GABA,4,89,85,0.19902475767440145,0.820444643497467,0.013939766936030457,0.19902475767440145,0.546843945980072,0.22423192858695984,0.3760938386237159,1.0,2.0,8.0,1.2255450338125229
04_2-3_GABA_4_119,2-3_GABA,4,119,122,0.14577021463183146,0.7769289612770081,0.004243645685272633,0.14577021463183146,0.42151200771331787,0.12651237845420837,0.19450976773246811,0.0,2.0,2.0,0.6577385663986206
04_2-3_GABA_4_201,2-3_GABA,4,201,197,0.1596829837914023,0.49254852533340454,0.005279199104590661,0.1596829837914023,0.33035192638635635,0.18836276233196259,0.6192359579007308,0.0,5.0,4.0,0.3436429724097252
04_2-3_GABA_4_241,2-3_GABA,4,241,236,0.2737593545570429,0.588712215423584,0.053107302244759715,0.2737593545570429,0.6071267575025558,0.24430568516254425,0.7093526507101217,2.0,17.0,13.0,3.3039754927158356
04_2-3_GABA_4_287,2-3_GABA,4,287,287,0.21416206779178834,0.7506575584411621,0.027574045315458876,0.21416206779178834,0.3734235167503357,0.17241328954696655,0.29816688002231445,1.0,2.0,9.0,2.193630427122116
04_2-3_GABA_4_318,2-3_GABA,4,318,323,0.13137224790998686,0.9102811813354492,0.022176207076595792,0.13137224790998686,0.3794960379600525,0.21228575706481934,0.30413631620385945,0.0,1.0,5.0,0.32963064312934875
04_2-3_GABA_4_384,2-3_GABA,4,384,380,0.23101928421759393,0.7056989073753357,0.0798585678520769,0.23101928421759393,0.37294715642929077,0.18097403645515442,0.3448931935278581,3.0,1.0,4.0,0.9606632739305496
04_2-3_GABA_4_409,2-3_GABA,4,409,406,0.19454144249995928,0.8467618823051453,0.0011525547514403957,0.19454144249995928,0.22405308485031128,0.24798813462257385,0.41415999880148396,0.0,8.0,7.0,1.7443436980247498
04_2-3_GABA_4_435,2-3_GABA,4,435,430,0.21409681023810823,0.8003594875335693,5.8864115674228535e-05,0.21409681023810823,0.22591644525527954,0.14084309339523315,0.21355510590338828,2.0,11.0,9.0,1.8334333002567291
04_2-3_GABA_4_584,2-3_GABA,4,584,580,0.25284257660708503,0.49729183316230774,0.019275384912659687,0.25284257660708503,0.3692528158426285,0.1276407539844513,0.3453006393714256,0.0,23.0,5.0,1.1467735469341278
04_2-3_GABA_4_613,2-3_GABA,4,613,610,0.21776813581759702,0.6510404944419861,0.032663250144416,0.21776813581759702,0.39652833342552185,0.17187997698783875,0.3587106423147366,1.0,3.0,9.0,1.8966801166534424
04_2-3_GABA_4_634,2-3_GABA,4,634,629,0.228471727490281,0.7869145274162292,0.01700397117700021,0.228471727490281,0.2903779447078705,0.24299529194831848,0.44674884818015287,2.0,1.0,10.0,2.732813745737076
04_2-3_GABA_4_721,2-3_GABA,4,721,719,0.26120390793192927,0.47449469566345215,0.006635879055520529,0.26120390793192927,0.2287389487028122,0.16697651147842407,0.5429809359759921,1.0,1.0,5.0,2.181396260857582
04_2-3_GABA_4_772,2-3_GABA,4,772,769,0.2066852243702006,0.5019510388374329,0.04192682133590603,0.2066852243702006,0.449021577835083,0.16574545204639435,0.49298839328749744,0.0,10.0,9.0,1.518087312579155
04_2-3_GABA_4_807,2-3_GABA,4,807,810,0.2510569963915275,0.6936396956443787,0.031679441444379834,0.2510569963915275,0.6949269771575928,0.24789847433567047,0.5561488650473786,0.0,2.0,8.0,1.3870855271816254
04_2-3_GABA_7_89,2-3_GABA,7,89,85,0.2809583807870772,0.8282930850982666,0.009628686935764507,0.2809583807870772,0.24952715635299683,0.19562092423439026,0.3091979327291428,0.0,38.0,11.0,2.290498584508896
04_2-3_GABA_7_156,2-3_GABA,7,156,153,0.2547020022576541,0.808862030506134,0.10498034331027441,0.2547020022576541,0.26513564586639404,0.11924642324447632,0.17291723387465502,2.0,29.0,8.0,1.5928701758384705
04_2-3_GABA_7_176,2-3_GABA,7,176,181,0.13101404246962822,0.8908648490905762,0.020565017512835217,0.13101404246962822,0.2324761152267456,0.11381059885025024,0.14646416104802348,0.0,1.0,8.0,1.366632342338562
04_2-3_GABA_7_258,2-3_GABA,7,258,254,0.28745375584302857,0.7443557977676392,0.2793662615084102,0.28745375584302857,0.23952949047088623,0.191870778799057,0.3472868443695629,2.0,29.0,12.0,2.518095552921295
04_2-3_GABA_10_226,2-3_GABA,10,226,223,0.3773326829042754,0.4946683943271637,0.04758827713956168,0.3773326829042754,0.15378805994987488,0.24698643386363983,0.9971918560456224,3.0,,12.0,5.164432257413864
04_2-3_GABA_10_259,2-3_GABA,10,259,254,0.2623254053208276,0.7745141983032227,0.00904216606287011,0.2623254053208276,0.234328031539917,0.13587960600852966,0.2127658095066499,3.0,,8.0,3.1136283576488495
04_2-3_GABA_10_560,2-3_GABA,10,560,556,0.4636497143469117,0.4501569867134094,0.3385843674847279,0.4636497143469117,0.16474536061286926,0.31503815948963165,2.331563749941964,4.0,,12.0,7.735762070864439
04_2-3_GABA_10_719,2-3_GABA,10,719,715,0.3120845408654883,0.6189393401145935,0.004339202138552842,0.3120845408654883,0.1474212408065796,0.14783519506454468,0.31380576167258956,5.0,,12.0,3.21827232837677
04_2-3_GABA_15_85,2-3_GABA,15,85,85,0.2292958135274049,0.7908943295478821,0.09991129704072993,0.2292958135274049,0.286823034286499,0.25673356652259827,0.48062977345725805,2.0,1.0,9.0,2.8623701632022858
04_2-3_GABA_15_109,2-3_GABA,15,109,105,0.23449219533192572,0.9620150327682495,0.015035724624395865,0.23449219533192572,0.2239396572113037,0.2708819508552551,0.3919389158821311,1.0,1.0,10.0,1.8143586218357086
04_2-3_GABA_15_172,2-3_GABA,15,172,170,0.1576779840541968,0.7986412644386292,0.01686512954082345,0.1576779840541968,0.24167490005493164,0.09019944071769714,0.12732088605941527,0.0,1.0,2.0,-0.13971802592277527
04_2-3_GABA_15_206,2-3_GABA,15,206,203,0.2040422893405049,0.9056953191757202,0.012832529523167002,0.2040422893405049,0.5563396215438843,0.17237812280654907,0.2350662491757106,1.0,7.0,7.0,1.6790671944618225
04_2-3_GABA_15_288,2-3_GABA,15,288,286,0.17868962842328007,0.6875565648078918,0.001452276015339871,0.17868962842328007,0.32954633235931396,0.055674344301223755,0.08810873687280181,0.0,2.0,4.0,0.33243879675865173
04_2-3_GABA_15_334,2-3_GABA,15,334,331,0.24106794333972262,0.6424047946929932,0.05987182334783584,0.24106794333972262,0.6357068419456482,0.07428121566772461,0.13074834139989247,0.0,1.0,4.0,-0.40065427124500275
04_2-3_GABA_15_414,2-3_GABA,15,414,410,0.2672835439387245,0.6703112721443176,0.08099905842199433,0.2672835439387245,0.27947843074798584,0.2825358361005783,0.7286068426178226,2.0,20.0,10.0,2.8208778649568558
04_2-3_GABA_15_470,2-3_GABA,15,470,467,0.2073372233776444,0.7823829650878906,0.03400435373389131,0.2073372233776444,0.4595869481563568,0.2988516092300415,0.6180604538041569,0.0,1.0,6.0,1.8375957012176514
04_2-3_GABA_15_594,2-3_GABA,15,594,590,0.20626695823045163,0.39064404368400574,0.002306254072338516,0.20626695823045163,0.3664494790136814,0.22389089316129684,1.3426486543701421,0.0,34.0,9.0,2.0775435231626034
04_2-3_GABA_15_661,2-3_GABA,15,661,657,0.23387104364308786,0.36087745428085327,0.24069444591402178,0.23387104364308786,0.09824077785015106,0.13115127384662628,0.5709026006471051,5.0,1.0,11.0,2.767186790704727
04_2-3_GABA_15_721,2-3_GABA,15,721,717,0.23849237561326148,0.5744391083717346,0.1042248486495514,0.23849237561326148,0.3330625891685486,0.2708896994590759,0.8924072704652176,4.0,4.0,7.0,2.5601444244384766
04_2-3_GABA_15_747,2-3_GABA,15,747,743,0.2804306545831715,0.8311116099357605,0.05554499497495138,0.2804306545831715,0.3437035083770752,0.3796035349369049,0.8407458381289572,1.0,18.0,9.0,3.9601036608219147
04_2-3_GABA_15_816,2-3_GABA,15,816,813,0.23755819168279912,0.6044614911079407,0.038858480158680556,0.23755819168279912,0.3424665331840515,0.14780966937541962,0.3236813308104956,1.0,8.0,3.0,1.1798201352357864
04_2-3_GABA_15_848,2-3_GABA,15,848,843,0.1959593787664977,0.7841888070106506,0.007211005699031333,0.1959593787664977,0.3144610524177551,0.2462623119354248,0.4577991866732396,0.0,2.0,7.0,1.3275980353355408
04_2-3_GABA_16_114,2-3_GABA,16,114,115,0.25461656446329184,0.5737107396125793,0.09681877725935235,0.25461656446329184,0.2159142792224884,0.19127903878688812,0.5001652278665866,0.0,3.0,8.0,1.5615358501672745
04_2-3_GABA_16_170,2-3_GABA,16,170,166,0.23912064499014055,0.669636607170105,0.038760744720211314,0.23912064499014055,0.5083359777927399,0.10707211494445801,0.19032860485178105,0.0,6.0,3.0,0.1349012553691864
04_2-3_GABA_16_249,2-3_GABA,16,249,244,0.266458197552235,0.6446748971939087,0.07300299445340888,0.266458197552235,0.4049361050128937,0.18246425688266754,0.39476429352600073,3.0,25.0,8.0,2.2552648782730103
04_2-3_GABA_16_276,2-3_GABA,16,276,271,0.2238234806426057,0.8878009915351868,0.029583569794313643,0.2238234806426057,0.417347252368927,0.28639185428619385,0.47620136866597534,1.0,10.0,8.0,2.1806202828884125
04_2-3_GABA_16_341,2-3_GABA,16,341,341,0.07631142395936641,0.6014852523803711,0.009406619637800616,0.07631142395936641,0.2778450548648834,0.16807620227336884,0.3878003983347217,0.0,1.0,2.0,-0.07053498923778534
04_2-3_GABA_16_392,2-3_GABA,16,392,391,0.23258156944806246,0.4256902039051056,0.03409448511518322,0.23258156944806246,0.5129450038075447,0.13412292301654816,0.4600067696478347,0.0,4.0,9.0,0.43705422058701515
04_2-3_GABA_16_475,2-3_GABA,16,475,472,0.18949416942528444,0.40184733271598816,0.01610577474287838,0.18949416942528444,0.42903709411621094,0.17692067474126816,0.786570504066942,2.0,22.0,8.0,1.4675067998468876
04_2-3_GABA_16_581,2-3_GABA,16,581,577,0.2326794259316819,0.45596739649772644,0.05183401791519537,0.2326794259316819,0.2915327847003937,0.28068652004003525,1.6013527870953257,3.0,29.0,10.0,2.722589746117592
04_2-3_GABA_16_637,2-3_GABA,16,637,632,0.22321192380457494,0.5545758605003357,0.016895540441010326,0.22321192380457494,0.26546430587768555,0.20177753269672394,0.5719344928671123,0.0,1.0,5.0,1.4515376389026642
04_2-3_GABA_16_726,2-3_GABA,16,726,725,0.2303649979819218,0.5981137156486511,0.1476207292897026,0.2303649979819218,0.25342869758605957,0.2597118467092514,0.7674657575716878,2.0,2.0,9.0,3.6103926301002502
04_2-3_GABA_16_803,2-3_GABA,16,803,798,0.28998403013546137,0.6311065554618835,0.0489445730269287,0.28998403013546137,0.409351646900177,0.25567083060741425,0.6809976080633251,3.0,45.0,12.0,4.42995011806488
04_2-3_GABA_20_252,2-3_GABA,20,252,248,0.42787911472213525,0.4110275208950043,0.2730286549670852,0.42787911472213525,0.14123331010341644,0.31557901948690414,3.306275267095214,5.0,,14.0,7.005593899637461
04_2-3_GABA_20_329,2-3_GABA,20,329,326,0.24814798221392637,0.558426558971405,0.0010682445975043141,0.24814798221392637,0.24148622155189514,0.07279783487319946,0.14990430190961693,1.0,46.0,7.0,1.6052507907152176
04_2-3_GABA_20_498,2-3_GABA,20,498,493,0.3490552855442969,0.4469737112522125,0.16376222669004106,0.3490552855442969,0.16185542941093445,0.24456411600112915,1.2082634506420227,5.0,,11.0,5.510578274726868
04_2-3_GABA_20_569,2-3_GABA,20,569,564,0.3291407091447539,0.7334945201873779,0.020126710752234562,0.3291407091447539,0.22149568796157837,0.26841749250888824,0.5771463145551166,0.0,,14.0,4.03263758122921
04_2-3_GABA_20_855,2-3_GABA,20,855,851,0.3448028498127234,0.34103867411613464,0.08363826207518221,0.3448028498127234,0.2139759212732315,0.2678922973573208,3.6624137684993507,3.0,,16.0,5.376519739627838
04_2-3_GABA_21_100,2-3_GABA,21,100,97,0.09972853592154288,0.2115960419178009,0.005909216488425777,0.09972853592154288,0.19760553538799286,0.11147639155387878,1.1134316904691173,1.0,14.0,7.0,1.3938082288950682
04_2-3_GABA_21_153,2-3_GABA,21,153,148,0.3740066603160006,0.5119092464447021,0.6380891427690166,0.3740066603160006,0.10629516839981079,0.36749187111854553,2.5446513640660666,6.0,,11.0,6.3472491800785065
04_2-3_GABA_21_282,2-3_GABA,21,282,277,0.2567389117926512,0.5806100368499756,0.04316245862963468,0.2567389117926512,0.2733321785926819,0.16511613130569458,0.39739724001342164,2.0,47.0,11.0,2.607278451323509
04_2-3_GABA_21_363,2-3_GABA,21,363,362,0.26418708895241927,0.6038752198219299,0.011939223498920747,0.26418708895241927,0.3082515001296997,0.10827615857124329,0.2184753100580924,0.0,1.0,4.0,1.1309276521205902
04_2-3_GABA_21_566,2-3_GABA,21,566,562,0.3172216981169288,0.47780880331993103,0.19074502574522986,0.3172216981169288,0.18221421539783478,0.28132954239845276,1.4318536270903643,2.0,,9.0,4.942134238779545
04_2-3_GABA_21_726,2-3_GABA,21,726,721,0.2943694240473679,0.4994238317012787,0.14355257208290575,0.2943694240473679,0.2165747582912445,0.21672068536281586,0.7666016037308255,5.0,,14.0,4.877085760235786
04_2-3_GABA_21_803,2-3_GABA,21,803,798,0.25533982861390025,0.6632972359657288,0.01599045788455039,0.25533982861390025,0.30343353748321533,0.16992875933647156,0.34442565219699856,2.0,40.0,10.0,2.1961370557546616
04_2-3_GABA_26_53,2-3_GABA,26,53,50,0.1599280039746763,0.7899178862571716,0.00741244883322945,0.1599280039746763,0.275413453578949,0.09979963302612305,0.14461236542994402,0.0,1.0,10.0,0.2349725365638733
04_2-3_GABA_26_112,2-3_GABA,26,112,108,0.23701773193865022,0.6513672471046448,0.012594764954782043,0.23701773193865022,0.19267433881759644,0.1613541841506958,0.3292854749177569,0.0,16.0,7.0,1.428626298904419
04_2-3_GABA_26_147,2-3_GABA,26,147,144,0.291236210086269,0.6417968273162842,0.011981911075771432,0.291236210086269,0.3962077796459198,0.07164710760116577,0.12566367240689874,1.0,40.0,7.0,1.2104797661304474
04_2-3_GABA_26_270,2-3_GABA,26,270,265,0.33175153087361864,0.46678975224494934,0.11773930294855495,0.33175153087361864,0.19915127009153366,0.26957959681749344,1.3669660988460544,2.0,,13.0,3.6641693264245987
04_2-3_GABA_26_320,2-3_GABA,26,320,315,0.29009131853714604,0.6183358430862427,0.054641189038698204,0.29009131853714604,0.2907046675682068,0.21659021079540253,0.5391227517779309,3.0,,13.0,3.2008392810821533
04_2-3_GABA_26_356,2-3_GABA,26,356,351,0.25408415279036045,0.8567489981651306,0.02883067214185299,0.25408415279036045,0.1826428771018982,0.2690555155277252,0.45781606139356634,1.0,5.0,10.0,1.6227795481681824
04_2-3_GABA_26_376,2-3_GABA,26,376,373,0.24473421952191685,0.9275074601173401,0.010340989049656175,0.24473421952191685,0.2990679144859314,0.22923356294631958,0.328286026264241,1.0,31.0,9.0,2.51309597492218
04_2-3_GABA_26_431,2-3_GABA,26,431,426,0.20208667369043842,0.7747573852539062,0.006071994921034569,0.20208667369043842,0.21735626459121704,0.03887075185775757,0.05282165770339837,1.0,11.0,6.0,0.6210852563381195
04_2-3_GABA_26_455,2-3_GABA,26,455,453,0.20164883885347645,0.8803749680519104,0.0035555897089871082,0.20164883885347645,0.23004752397537231,0.10526055097579956,0.13580001694828972,0.0,2.0,4.0,1.084673672914505
04_2-3_GABA_26_520,2-3_GABA,26,520,515,0.21775893925041814,0.7556107044219971,0.012396569648503643,0.21775893925041814,0.1367087960243225,0.07547768950462341,0.11097489439443381,1.0,10.0,3.0,-0.09085971117019653
04_2-3_GABA_26_562,2-3_GABA,26,562,557,0.176464199651666,0.7823125123977661,0.001645014164533394,0.176464199651666,0.18147337436676025,0.08882579207420349,0.12808578660707406,1.0,5.0,4.0,0.38093411922454834
04_2-3_GABA_26_608,2-3_GABA,26,608,604,0.16253410446432953,0.7802080512046814,0.009255562197827551,0.16253410446432953,0.2850540280342102,0.07971090078353882,0.11379189870453606,0.0,2.0,10.0,0.22414234280586243
04_2-3_GABA_26_655,2-3_GABA,26,655,653,0.21333151360378166,0.6532528400421143,0.0033677948526735593,0.21333151360378166,0.31931447982788086,0.04921582341194153,0.08147815788924467,0.0,1.0,6.0,0.7175619304180145
04_2-3_GABA_26_717,2-3_GABA,26,717,716,0.2256283613387784,0.633895993232727,0.02375737552833175,0.2256283613387784,0.31986749172210693,0.12524116039276123,0.24622032920340875,0.0,1.0,9.0,1.0311812907457352
04_2-3_GABA_26_747,2-3_GABA,26,747,743,0.18923354653494204,0.7630359530448914,0.002136887496230486,0.18923354653494204,0.19415348768234253,0.1821189522743225,0.3135025348418917,1.0,4.0,9.0,1.4956039786338806
04_2-3_GABA_26_795,2-3_GABA,26,795,792,0.1913368113607672,0.6866902112960815,0.00706326056148496,0.1913368113607672,0.2541179656982422,0.08029687404632568,0.13241714430851956,0.0,2.0,8.0,0.6007572710514069
04_2-3_GABA_26_860,2-3_GABA,26,860,855,0.21772126468526698,0.6878980994224548,0.008178549251503553,0.21772126468526698,0.18263664841651917,0.18145212531089783,0.3582852556567635,1.0,8.0,6.0,0.3576662838459015
04_2-3_GABA_41_46,2-3_GABA,41,46,50,0.1403652839060851,0.8883558511734009,0.02114348537393223,0.1403652839060851,0.34135425090789795,0.11690282821655273,0.1515359000973048,0.0,1.0,6.0,0.9624750018119812
04_2-3_GABA_41_108,2-3_GABA,41,108,103,0.2130591917342648,0.7871188521385193,0.00747982655309728,0.2130591917342648,0.2553439140319824,0.15495756268501282,0.2451234602153055,1.0,13.0,3.0,1.6569364666938782
04_2-3_GABA_41_205,2-3_GABA,41,205,201,0.2839929547058946,0.6201371550559998,0.009527795846928604,0.2839929547058946,0.31099769473075867,0.16913284361362457,0.3750138065703052,0.0,27.0,4.0,2.801196038722992
04_2-3_GABA_41_239,2-3_GABA,41,239,238,0.2146516287288847,0.7270625233650208,0.024240461882953018,0.2146516287288847,0.2777719497680664,0.1429048776626587,0.2446340961451202,0.0,2.0,6.0,0.38312922418117523
04_2-3_GABA_41_289,2-3_GABA,41,289,292,0.1416978508560177,0.7806960940361023,0.002231945150947624,0.1416978508560177,0.245732843875885,0.13201788067817688,0.20351828990028453,0.0,1.0,4.0,0.08262321352958679
04_2-3_GABA_41_332,2-3_GABA,41,332,330,0.17971028142903422,0.7105743288993835,0.03659548833741956,0.17971028142903422,0.3780750036239624,0.09352830052375793,0.15157426872995405,0.0,5.0,6.0,-0.5435477197170258
04_2-3_GABA_41_408,2-3_GABA,41,408,406,0.22019487931695292,0.7072307467460632,0.07386307441763434,0.22019487931695292,0.44590041041374207,0.21701271831989288,0.44268612277807373,1.0,1.0,11.0,1.6989240050315857
04_2-3_GABA_41_433,2-3_GABA,41,433,433,0.18237484085153782,0.7770268321037292,0.0029930071421776076,0.18237484085153782,0.2991698384284973,0.16433605551719666,0.26822022102692267,1.0,2.0,5.0,1.2826367020606995
04_2-3_GABA_41_503,2-3_GABA,41,503,500,0.2231923519039245,0.5653281807899475,0.05978970344501643,0.2231923519039245,0.47878608107566833,0.12279069423675537,0.27746958838027425,0.0,2.0,8.0,1.0996908098459244
04_2-3_GABA_41_532,2-3_GABA,41,532,530,0.2089258650266501,0.6872570514678955,0.01575363322474739,0.2089258650266501,0.4073827862739563,0.1305980682373047,0.23461054644151075,0.0,10.0,12.0,1.767274260520935
04_2-3_GABA_41_584,2-3_GABA,41,584,579,0.19699689613113117,0.7028689384460449,0.0010429156936872389,0.19699689613113117,0.32654082775115967,0.15016025304794312,0.27168064663175423,1.0,9.0,9.0,1.3516898155212402
04_2-3_GABA_41_644,2-3_GABA,41,644,639,0.1826009385677968,0.6799680590629578,0.0007009941670948754,0.1826009385677968,0.31213244795799255,0.16252264380455017,0.314086547125725,0.0,1.0,11.0,1.442250281572342
04_2-3_GABA_41_751,2-3_GABA,41,751,748,0.22996010772053777,0.5131464600563049,0.07525236215902453,0.22996010772053777,0.40109477937221527,0.2997225746512413,1.404353472819543,1.0,,11.0,2.626051478087902
04_2-3_GABA_44_135,2-3_GABA,44,135,136,0.16633017676629724,0.43936243653297424,0.01624527540686932,0.16633017676629724,0.1781056672334671,0.07402707636356354,0.20262773449916327,1.0,1.0,4.0,0.04045456647872925
04_2-3_GABA_44_227,2-3_GABA,44,227,223,0.14963905706438263,0.41567346453666687,0.050342381007281056,0.14963905706438263,0.2514268755912781,0.22266839444637299,1.1536919436479138,2.0,1.0,4.0,1.1501985937356949
04_2-3_GABA_44_255,2-3_GABA,44,255,251,0.22011433590451762,0.41494107246398926,0.11250728695197647,0.22011433590451762,0.30401711165905,0.13443467020988464,0.47925704771651956,2.0,12.0,7.0,1.5061388835310936
04_2-3_GABA_44_283,2-3_GABA,44,283,282,0.2546911588922479,0.5030795931816101,0.05973339867968168,0.2546911588922479,0.3356206715106964,0.11664088070392609,0.30183539313665897,0.0,3.0,6.0,2.3247334510087967
04_2-3_GABA_44_324,2-3_GABA,44,324,326,0.15104914874289882,0.6427751779556274,0.0023074937924460466,0.15104914874289882,0.4345710277557373,0.09957265853881836,0.18330669497947313,0.0,2.0,5.0,-0.24328410625457764
04_2-3_GABA_44_387,2-3_GABA,44,387,382,0.15279344824274396,0.6043374538421631,0.006657880948379565,0.15279344824274396,0.33267319202423096,0.16533933579921722,0.3766288031855357,0.0,1.0,4.0,0.5070217698812485
04_2-3_GABA_44_440,2-3_GABA,44,440,436,0.2591943831096262,0.8275692462921143,0.03922500224918864,0.2591943831096262,0.33908796310424805,0.2819218337535858,0.5166740046323947,0.0,28.0,9.0,2.352236717939377
04_2-3_GABA_44_486,2-3_GABA,44,486,481,0.14882558247607133,0.83951735496521,0.01236232139042517,0.14882558247607133,0.4748534560203552,0.13363313674926758,0.1893131101400922,0.0,2.0,7.0,-0.07916069030761719
04_2-3_GABA_44_585,2-3_GABA,44,585,580,0.1524512144193875,0.4643903374671936,0.029722194481059606,0.1524512144193875,0.39550846815109253,0.1399560421705246,0.43138485727147335,0.0,2.0,6.0,1.2078647017478943
04_2-3_GABA_44_622,2-3_GABA,44,622,618,0.2190073186173138,0.5194647908210754,0.006928189660461916,0.2190073186173138,0.3991962969303131,0.16772979497909546,0.4768641078138541,0.0,5.0,6.0,1.482200562953949
04_2-3_GABA_44_672,2-3_GABA,44,672,671,0.29101877940189513,0.6433401703834534,0.3505329550395712,0.29101877940189513,0.3018023669719696,0.15963242948055267,0.3300183478200677,2.0,13.0,9.0,2.919737294316292
04_2-3_GABA_44_738,2-3_GABA,44,738,735,0.14735063641476187,0.949882447719574,0.005453558419258045,0.14735063641476187,0.3157739043235779,0.17481058835983276,0.22554113692662955,0.0,2.0,2.0,0.3010324239730835
04_2-3_GABA_44_822,2-3_GABA,44,822,827,0.17810241788138276,0.8171031475067139,0.009392101326518522,0.17810241788138276,0.2340850830078125,0.16456079483032227,0.25218408300300954,0.0,1.0,7.0,0.22819453477859497
04_2-3_GABA_47_50,2-3_GABA,47,50,51,0.1195426339909513,0.5556508898735046,0.027035173109497206,0.1195426339909513,0.3303861916065216,0.10634569823741913,0.23668922642575155,0.0,1.0,9.0,0.5176128894090652
04_2-3_GABA_47_107,2-3_GABA,47,107,102,0.19249067600744998,0.4501500427722931,0.05958426691940205,0.19249067600744998,0.47985297441482544,0.09489762783050537,0.2671273264843406,2.0,8.0,4.0,0.5787727236747742
04_2-3_GABA_47_146,2-3_GABA,47,146,147,0.20083222315253613,0.7159963250160217,0.05046343379676792,0.20083222315253613,0.3898516893386841,0.3129566013813019,0.7764907105408263,2.0,3.0,4.0,2.273282676935196
04_2-3_GABA_47_241,2-3_GABA,47,241,243,0.19735360033226695,0.4618476331233978,0.01671361766686452,0.19735360033226695,0.690271370112896,0.16400784254074097,0.5506579299558878,0.0,1.0,7.0,1.126903273165226
04_2-3_GABA_47_295,2-3_GABA,47,295,293,0.18688688279970447,0.5248504281044006,0.014824510896073438,0.18688688279970447,0.393539160490036,0.16532568633556366,0.4598450874957108,0.0,4.0,5.0,0.8059547394514084
04_2-3_GABA_47_362,2-3_GABA,47,362,358,0.3333580439006678,0.61988365650177,0.42403018862758796,0.3333580439006678,0.7239192724227905,0.3061148226261139,0.9756062093388935,4.0,,9.0,6.037330970168114
04_2-3_GABA_47_392,2-3_GABA,47,392,395,0.23385810149110578,0.9327378869056702,0.08723603496404092,0.23385810149110578,0.6453397870063782,0.30652162432670593,0.4894820569883465,1.0,2.0,7.0,1.713148981332779
04_2-3_GABA_47_418,2-3_GABA,47,418,419,0.14946003279049436,0.9140751957893372,0.06037179728685225,0.14946003279049436,0.47924792766571045,0.19266560673713684,0.26706826421626034,0.0,1.0,6.0,0.7349304258823395
04_2-3_GABA_47_458,2-3_GABA,47,458,454,0.19883125781023459,0.7534992098808289,0.020856627400642598,0.19883125781023459,0.2822619676589966,0.15673670172691345,0.26264502140353685,1.0,1.0,5.0,0.7458527386188507
04_2-3_GABA_47_476,2-3_GABA,47,476,480,0.11850305877400477,0.7828485369682312,0.03285414619133441,0.11850305877400477,0.7828157544136047,0.1674799919128418,0.2721620941768593,0.0,1.0,5.0,0.6083979308605194
04_2-3_GABA_47_535,2-3_GABA,47,535,531,0.21292504462626263,0.6205298900604248,0.06150270930134943,0.21292504462626263,0.3881990611553192,0.18761691451072693,0.4333825159028728,1.0,4.0,2.0,2.0298224836587906
04_2-3_GABA_47_564,2-3_GABA,47,564,569,0.20629044121904094,0.6560825705528259,0.02191613012384066,0.20629044121904094,0.40912938117980957,0.1372593641281128,0.26455902979742796,0.0,2.0,4.0,0.8647385537624359
04_2-3_GABA_47_621,2-3_GABA,47,621,622,0.15019701749509035,0.6881271600723267,0.0037967694524066397,0.15019701749509035,0.35778337717056274,0.09190213680267334,0.15414001965011281,0.0,1.0,2.0,-0.8706552386283875
04_2-3_GABA_47_645,2-3_GABA,47,645,640,0.1445926315344826,0.8172624111175537,0.02067615039405924,0.1445926315344826,0.5148437023162842,0.2462032437324524,0.4311343864066225,0.0,1.0,5.0,0.17568716406822205
04_2-3_GABA_47_667,2-3_GABA,47,667,662,0.204737369723993,0.7244251370429993,0.015101183595402938,0.204737369723993,0.36628323793411255,0.17361125349998474,0.31519040947780863,1.0,2.0,10.0,1.8780923187732697
04_2-3_GABA_47_695,2-3_GABA,47,695,696,0.17039285725101688,0.7280780076980591,0.011266893989219656,0.17039285725101688,0.6043944954872131,0.10893377661705017,0.1759424882742665,0.0,1.0,3.0,-0.3603666424751282
04_2-3_GABA_47_730,2-3_GABA,47,730,729,0.17712083188815356,0.8207083344459534,0.01774775992019156,0.17712083188815356,0.34204840660095215,0.17068222165107727,0.262577484644741,0.0,1.0,7.0,0.6760091781616211
04_2-3_GABA_48_108,2-3_GABA,48,108,112,0.2226356275250454,0.6854661703109741,0.09781856738379249,0.2226356275250454,0.48106902837753296,0.21586927771568298,0.4596906008526846,0.0,2.0,5.0,1.5801973789930344
04_2-3_GABA_48_164,2-3_GABA,48,164,160,0.24427288082842238,0.7110745906829834,0.004649021258530981,0.24427288082842238,0.28796523809432983,0.16133618354797363,0.2934781005911257,2.0,10.0,11.0,1.7568438202142715
04_2-3_GABA_48_183,2-3_GABA,48,183,185,0.22707073191540286,0.852927029132843,0.040655033900374574,0.22707073191540286,0.3133368492126465,0.20257657766342163,0.31148833249168045,0.0,1.0,7.0,2.8802458345890045
04_2-3_GABA_48_301,2-3_GABA,48,301,300,0.1230997767965071,0.6804032325744629,0.002050175866910354,0.1230997767965071,0.26258885860443115,0.12804752588272095,0.23182077116509556,0.0,1.0,7.0,0.4679918587207794
04_2-3_GABA_48_462,2-3_GABA,48,462,460,0.35016422296696426,0.37613779306411743,0.2580209061162535,0.35016422296696426,0.31467048451304436,0.23297403752803802,1.6273255521669037,1.0,,12.0,3.7404718939214945
04_2-3_GABA_48_536,2-3_GABA,48,536,537,0.17419827711705033,0.6357694864273071,0.001925961420013531,0.17419827711705033,0.2335708737373352,0.13839083909988403,0.27824041068812044,3.0,1.0,9.0,1.5770816206932068
04_2-3_GABA_48_662,2-3_GABA,48,662,659,0.20468958579742433,0.6837915182113647,0.00573150593431026,0.20468958579742433,0.4471744894981384,0.20224428176879883,0.4199884589991214,1.0,3.0,8.0,2.1184237748384476
04_2-3_GABA_48_704,2-3_GABA,48,704,700,0.2527022761617339,0.7521494030952454,0.02965876805749736,0.2527022761617339,0.07646572589874268,0.15203410387039185,0.25334148965501896,1.0,1.0,4.0,1.0961227416992188
04_2-3_GABA_48_852,2-3_GABA,48,852,849,0.24491138815849756,0.772448718547821,0.0538569583925369,0.24491138815849756,0.39773029088974,0.2517835199832916,0.4835804672128215,0.0,4.0,9.0,2.7719902992248535
04_2-3_GABA_55_104,2-3_GABA,55,104,100,0.3449485668069485,0.6000862121582031,0.13457779656982305,0.3449485668069485,0.6480744332075119,0.31678640842437744,1.1182020045520895,1.0,,10.0,4.806079998612404
04_2-3_GABA_55_146,2-3_GABA,55,146,142,0.2628147326108183,0.7603789567947388,0.034816217138576556,0.2628147326108183,0.25173699855804443,0.1795932948589325,0.30922473922708993,0.0,3.0,8.0,0.6808166205883026
04_2-3_GABA_55_185,2-3_GABA,55,185,180,0.190354651480741,0.8203293085098267,0.0035702707557809174,0.190354651480741,0.5691929459571838,0.18956348299980164,0.30052909547933143,0.0,1.0,7.0,0.3635824918746948
04_2-3_GABA_55_296,2-3_GABA,55,296,293,0.2929603254664694,0.4726679027080536,0.01739206284955024,0.2929603254664694,0.2964572571218014,0.26794634759426117,1.3088330998918305,2.0,,6.0,3.5595723167061806
04_2-3_GABA_55_363,2-3_GABA,55,363,360,0.25875589339604177,0.5365172028541565,0.006577673881231837,0.25875589339604177,0.32532089948654175,0.2056421935558319,0.621510201063327,0.0,4.0,6.0,1.8302703946828842
04_2-3_GABA_55_452,2-3_GABA,55,452,451,0.33119181821881644,0.6356977820396423,0.16437304699749986,0.33119181821881644,0.43012845516204834,0.2800382673740387,0.787377409647918,2.0,4.0,12.0,5.065156251192093
04_2-3_GABA_55_569,2-3_GABA,55,569,567,0.21366684095658522,0.4390162527561188,0.0024044923031869793,0.21366684095658522,0.3571842312812805,0.21612964570522308,0.9696843097255742,0.0,7.0,6.0,1.9085612744092941
04_2-3_GABA_55_631,2-3_GABA,55,631,628,0.20512608477643982,0.45246848464012146,0.00803617118607698,0.20512608477643982,0.35929857194423676,0.17446556687355042,0.6275673948862753,0.0,8.0,7.0,1.557726375758648
04_2-3_GABA_55_664,2-3_GABA,55,664,660,0.29969160474756357,0.5425023436546326,0.01781681576615927,0.29969160474756357,0.24649697542190552,0.15651464462280273,0.4054912760572093,3.0,18.0,10.0,2.4067868292331696
04_2-3_GABA_55_722,2-3_GABA,55,722,718,0.2923047851092426,0.7215324640274048,0.0033693914603875872,0.2923047851092426,0.5481017529964447,0.2275470346212387,0.4606351140655696,2.0,1.0,10.0,1.9387293308973312
04_2-3_GABA_55_792,2-3_GABA,55,792,787,0.28097599292802933,0.7727234363555908,0.01851227370894201,0.28097599292802933,0.3683834373950958,0.31549037992954254,0.689999061737937,1.0,1.0,6.0,1.5314010679721832
04_2-3_GABA_55_860,2-3_GABA,55,860,855,0.2553468908851051,0.48472872376441956,0.009849666498464164,0.2553468908851051,0.22582483291625977,0.1491946130990982,0.44464812475627086,3.0,9.0,8.0,1.705626830458641
04_2-3_GABA_56_67,2-3_GABA,56,67,68,0.15015499446044,0.5931292772293091,0.0006926170916580892,0.15015499446044,0.686629980802536,0.1666787713766098,0.39085138624312593,0.0,1.0,3.0,0.08324138820171356
04_2-3_GABA_56_92,2-3_GABA,56,92,87,0.20689372409204831,0.8020315766334534,0.007890557446479528,0.20689372409204831,0.5136079490184784,0.38859836757183075,0.9399302210237054,1.0,2.0,8.0,2.655626118183136
04_2-3_GABA_56_155,2-3_GABA,56,155,150,0.09940209106165432,0.5754214525222778,0.0579629983285655,0.09940209106165432,0.3073923587799072,0.07474873960018158,0.14929661168055777,0.0,2.0,1.0,-0.6181242316961288
04_2-3_GABA_56_228,2-3_GABA,56,228,223,0.17147050898488037,0.50291508436203,0.05140540704879054,0.17147050898488037,0.35392239689826965,0.21648091077804565,0.7557789214511167,2.0,7.0,6.0,1.3422456085681915
04_2-3_GABA_56_266,2-3_GABA,56,266,263,0.09776423011876026,0.4408223628997803,0.005485399947991829,0.09776423011876026,0.1576715111732483,0.11046451330184937,0.3343783519486295,1.0,2.0,2.0,0.9562597423791885
04_2-3_GABA_56_300,2-3_GABA,56,300,295,0.34770032540961526,0.6980651617050171,0.010584290761808985,0.34770032540961526,0.3413306176662445,0.34897303581237793,0.9996588577300141,0.0,19.0,6.0,4.044775024056435
04_2-3_GABA_56_316,2-3_GABA,56,316,321,0.2535673471059434,1.0,0.01383826917627716,0.2535673471059434,0.7458687424659729,0.4924527704715729,0.9702599912310056,0.0,3.0,9.0,4.139264851808548
04_2-3_GABA_56_370,2-3_GABA,56,370,370,0.14385318324968732,0.7250887751579285,0.02788925206772095,0.14385318324968732,0.8751896917819977,0.09968233108520508,0.15938807799302726,0.0,1.0,2.0,-0.9701432287693024
04_2-3_GABA_56_404,2-3_GABA,56,404,409,0.1520806177751218,0.8766643404960632,0.038476636264788824,0.1520806177751218,0.39662814140319824,0.29179254174232483,0.49890000229808434,0.0,1.0,4.0,-0.42836691439151764
04_2-3_GABA_56_480,2-3_GABA,56,480,485,0.15714891131881903,0.5609365701675415,0.007814273772144525,0.15714891131881903,0.6784794330596924,0.13885022699832916,0.32896166683759487,0.0,2.0,8.0,-1.274447724223137
04_2-3_GABA_56_576,2-3_GABA,56,576,571,0.15625167152769487,0.685827910900116,0.006083000103208279,0.15625167152769487,0.2979843020439148,0.3175280839204788,0.8621456233755835,1.0,1.0,6.0,1.4341484606266022
04_2-3_GABA_56_623,2-3_GABA,56,623,619,0.224244001534036,0.5928001403808594,0.02218159512310887,0.224244001534036,0.5169017463922501,0.2380712926387787,0.6711359793660695,0.0,4.0,7.0,0.6859881430864334
04_2-3_GABA_56_653,2-3_GABA,56,653,655,0.11785687643350287,0.5687423944473267,0.004772497776176941,0.11785687643350287,0.4214023947715759,0.1444113701581955,0.3403271547257792,1.0,1.0,7.0,-0.37349840998649597
04_2-3_GABA_56_683,2-3_GABA,56,683,678,0.29851866748158284,0.6377071142196655,0.013885479509347723,0.29851866748158284,0.36731836199760437,0.22759179770946503,0.5549458616813311,0.0,7.0,7.0,2.6323180347681046
04_2-3_GABA_56_797,2-3_GABA,56,797,792,0.19795809316621765,0.6478214263916016,0.012091077970728328,0.19795809316621765,0.42040371894836426,0.2524280548095703,0.6384225759768452,2.0,3.0,5.0,1.2837741374969482
04_2-3_GABA_56_848,2-3_GABA,56,848,844,0.21883364842407396,0.7781078219413757,0.015985737693223395,0.21883364842407396,0.48903000354766846,0.2630756199359894,0.5107945074339993,1.0,3.0,7.0,0.3155401945114136
04_2-3_GABA_60_248,2-3_GABA,60,248,243,0.2860809914267617,0.4991971552371979,0.1870942856570479,0.2860809914267617,0.1758853793144226,0.3110215812921524,1.6528265320077233,12.0,,16.0,7.096535839140415
04_2-3_GABA_60_293,2-3_GABA,60,293,296,0.19459471752669827,0.7420874834060669,0.009466391616276241,0.19459471752669827,0.3070051074028015,0.10865563154220581,0.17153484028706276,0.0,1.0,8.0,1.6569395959377289
04_2-3_GABA_60_353,2-3_GABA,60,353,350,0.19796210081629284,0.7693041563034058,0.006750800729731254,0.19796210081629284,0.20091718435287476,0.08042654395103455,0.11675012006326482,2.0,2.0,6.0,0.8688772320747375
04_2-3_GABA_60_399,2-3_GABA,60,399,398,0.15036401694602836,0.881977379322052,0.009839226559811598,0.15036401694602836,0.4542984366416931,0.10469922423362732,0.13469981569431413,0.0,1.0,3.0,0.6362834572792053
04_2-3_GABA_60_474,2-3_GABA,60,474,471,0.21100938579922504,0.8236995935440063,0.009310940212783173,0.21100938579922504,0.19161087274551392,0.17813017964363098,0.27592722921523066,0.0,2.0,11.0,1.10873344540596
04_2-3_GABA_60_582,2-3_GABA,60,582,577,0.3589360111216958,0.6459959149360657,0.29869555361793565,0.3589360111216958,0.1677929162979126,0.20557112991809845,0.46675649716151224,4.0,,11.0,4.03086930513382
04_2-3_GABA_60_712,2-3_GABA,60,712,708,0.29497204442787794,0.6677359342575073,0.025681421569568257,0.29497204442787794,0.3949492573738098,0.24364830553531647,0.5745234923957764,0.0,49.0,13.0,3.1247187107801437
04_2-3_GABA_60_806,2-3_GABA,60,806,801,0.36088401117247004,0.7728074193000793,0.21025929041148025,0.36088401117247004,0.3311825394630432,0.31444863975048065,0.6860316716513432,4.0,,14.0,4.2419020384550095
04_2-3_GABA_61_254,2-3_GABA,61,254,249,0.26693165782556216,0.36341726779937744,0.05712205980367609,0.26693165782556216,0.2896171808242798,0.20044080913066864,1.2298758407686088,3.0,,10.0,3.152896577725187
04_2-3_GABA_61_327,2-3_GABA,61,327,325,0.25115091016490404,0.575459897518158,0.02086501315704842,0.25115091016490404,0.26754361391067505,0.19569964706897736,0.5153241995114121,1.0,14.0,7.0,1.324925720691681
04_2-3_GABA_61_501,2-3_GABA,61,501,497,0.22529628297271675,0.42870286107063293,0.10212334306852235,0.22529628297271675,0.22179828584194183,0.2915046587586403,2.1246973637143607,3.0,1.0,11.0,3.951386958360672
04_2-3_GABA_61_616,2-3_GABA,61,616,612,0.3254567356074888,0.47951820492744446,0.10836701366827703,0.3254567356074888,0.3933103606104851,0.268922857940197,1.2769648607501358,4.0,,13.0,3.5298155350610614
04_2-3_GABA_61_730,2-3_GABA,61,730,725,0.27020532964788446,0.46522289514541626,0.019407685428024374,0.27020532964788446,0.34343867748975754,0.2320566102862358,0.9952408446460652,3.0,23.0,12.0,2.8367247991263866
04_2-3_GABA_61_794,2-3_GABA,61,794,790,0.26470037516734596,0.6184936165809631,0.06450870957595947,0.26470037516734596,0.18812093138694763,0.17935657501220703,0.4084296199917014,3.0,26.0,4.0,2.0706384479999542
04_2-3_GABA_61_846,2-3_GABA,61,846,841,0.20464842470993355,0.8407678604125977,0.007640289879065818,0.20464842470993355,0.3345468044281006,0.24895057082176208,0.4206544404842902,2.0,4.0,4.0,1.9533208012580872
04_2-3_GABA_62_380,2-3_GABA,62,380,376,0.3960052253237845,0.49132195115089417,0.6769941083861981,0.3960052253237845,0.30990543216466904,0.33386464416980743,2.1203502750743106,6.0,,13.0,7.041832469403744
04_2-3_GABA_62_471,2-3_GABA,62,471,466,0.2518938846968368,0.7098442912101746,0.019177432660777826,0.2518938846968368,0.19774556159973145,0.09080663323402405,0.14668999868425214,1.0,33.0,8.0,1.663158357143402
04_2-3_GABA_62_513,2-3_GABA,62,513,509,0.10109048692745341,0.7032880783081055,0.04754296902378758,0.10109048692745341,0.31271564960479736,0.004979521036148071,0.007130832043074604,0.0,1.0,5.0,-0.6491739749908447
04_2-3_GABA_62_604,2-3_GABA,62,604,600,0.2735402595554244,0.6747890710830688,0.05572207528183862,0.2735402595554244,0.37198561429977417,0.3045664280653,0.8226574841093183,2.0,,13.0,3.7239892035722733
04_2-3_GABA_62_644,2-3_GABA,62,644,640,0.11058230013817805,0.7652828097343445,0.01863533926308791,0.11058230013817805,0.2490449845790863,0.13214465975761414,0.20871378507592828,0.0,5.0,5.0,-0.6796638071537018
04_2-3_GABA_62_762,2-3_GABA,62,762,758,0.1711758312500243,0.4524349272251129,0.007590262633382669,0.1711758312500243,0.30033035576343536,0.2018108069896698,0.8052329791724884,0.0,6.0,4.0,2.072864644229412
04_2-3_GABA_62_854,2-3_GABA,62,854,849,0.33654276463356003,0.6167923808097839,0.3245696366728901,0.33654276463356003,0.24763545393943787,0.3516543209552765,1.3263064576554728,10.0,,14.0,7.13051200658083
04_2-3_GABA_63_54,2-3_GABA,63,54,49,0.19861605488812759,0.5523337721824646,0.01423420576843745,0.19861605488812759,0.35254672169685364,0.19260579347610474,0.5354206647165628,0.0,,10.0,2.387030929327011
04_2-3_GABA_63_469,2-3_GABA,63,469,464,0.35577734440942416,0.4718409478664398,0.4710093715719432,0.35577734440942416,0.17995017766952515,0.2879423052072525,1.5657663430441167,5.0,,15.0,5.6228176429867744
04_2-3_GABA_63_593,2-3_GABA,63,593,592,0.2895919207521123,0.4983995258808136,0.036733686810854906,0.2895919207521123,0.2776561975479126,0.15380211174488068,0.4463240449163978,0.0,,12.0,2.9394243955612183
04_2-3_GABA_63_668,2-3_GABA,63,668,663,0.08707911287378503,0.7338842153549194,0.027161823390067348,0.08707911287378503,0.33210504055023193,0.14944961667060852,0.2557165797628204,0.0,2.0,7.0,-0.5178631544113159
04_2-3_GABA_63_757,2-3_GABA,63,757,756,0.24835010116146744,0.5865558385848999,0.06734984283800348,0.24835010116146744,0.3553161323070526,0.23270432651042938,0.6576327034642009,0.0,45.0,7.0,2.4096374213695526
04_2-3_GABA_73_120,2-3_GABA,73,120,118,0.28903593696399144,0.7391859292984009,0.05966753151131066,0.28903593696399144,0.239866703748703,0.2729578763246536,0.5854600009236758,0.0,10.0,8.0,3.1184271425008774
04_2-3_GABA_73_239,2-3_GABA,73,239,235,0.22266848999328762,0.5921278595924377,0.03482983939311354,0.22266848999328762,0.45210786163806915,0.15550953149795532,0.35616812554947,0.0,2.0,4.0,1.310582011938095
04_2-3_GABA_73_298,2-3_GABA,73,298,301,0.2013340126893997,0.6807401180267334,0.028714878250351072,0.2013340126893997,0.26166075468063354,0.17192134261131287,0.33788325218728266,0.0,3.0,3.0,1.4751528650522232
04_2-3_GABA_73_335,2-3_GABA,73,335,331,0.17917856661432519,0.6555430889129639,0.026120902471785043,0.17917856661432519,0.2545526921749115,0.08699482679367065,0.1530122112578322,0.0,6.0,5.0,-0.6667436957359314
04_2-3_GABA_73_414,2-3_GABA,73,414,413,0.2731316506146026,0.6545770168304443,0.06534726769319368,0.2731316506146026,0.31959953904151917,0.26886121928691864,0.6970448734513636,1.0,1.0,7.0,2.658721908926964
04_2-3_GABA_73_506,2-3_GABA,73,506,507,0.19482808562207188,0.7073051929473877,0.011340588694711202,0.19482808562207188,0.7106708288192749,0.20917122066020966,0.4199095670985894,0.0,3.0,5.0,0.608024999499321
04_2-3_GABA_73_586,2-3_GABA,73,586,583,0.14916837547375766,0.7381011247634888,0.014516841984213224,0.14916837547375766,0.34454044699668884,0.12708652019500732,0.20799260646930035,1.0,1.0,6.0,0.21473374962806702
04_2-3_GABA_73_721,2-3_GABA,73,721,723,0.19561823247128063,0.5148717164993286,0.027923310829260545,0.19561823247128063,0.4926101267337799,0.2460078001022339,0.9149900194821836,0.0,1.0,6.0,2.4691202491521835
04_2-3_GABA_73_745,2-3_GABA,73,745,741,0.2441558519831114,0.5520333647727966,0.011890108954856569,0.2441558519831114,0.4609169661998749,0.16039490699768066,0.40954840826633415,1.0,1.0,5.0,2.5024466663599014
04_2-3_GABA_73_774,2-3_GABA,73,774,776,0.18968139927291885,0.604209303855896,0.006896210323680157,0.18968139927291885,0.4083912670612335,0.08869734406471252,0.17205681144747995,0.0,2.0,1.0,0.17275279760360718
04_2-3_GABA_73_825,2-3_GABA,73,825,820,0.2154802211323738,0.7484182119369507,0.004758832737350845,0.2154802211323738,0.49206340312957764,0.24432063102722168,0.4846693185599184,1.0,10.0,6.0,1.6038644164800644
04_2-3_GABA_73_854,2-3_GABA,73,854,849,0.1964713513136314,0.7206683158874512,0.0003968355187583014,0.1964713513136314,0.499330997467041,0.11319401860237122,0.18633548630494684,1.0,2.0,2.0,0.3435863107442856
04_2-3_GABA_74_110,2-3_GABA,74,110,108,0.12501554221839264,0.3166506588459015,0.011288807696794334,0.12501554221839264,0.46398013830184937,0.10238279402256012,0.47782617382672965,1.0,3.0,5.0,1.4247392378747463
04_2-3_GABA_74_176,2-3_GABA,74,176,171,0.08668035906772727,0.41044798493385315,0.00015982688349195157,0.08668035906772727,0.37680961936712265,0.1789545714855194,0.7730439014216691,1.0,2.0,9.0,1.1346769481897354
04_2-3_GABA_74_227,2-3_GABA,74,227,223,0.22413905841228973,0.4492300748825073,0.1435924720780452,0.22413905841228973,0.4018702805042267,0.13844676315784454,0.44547682560413954,2.0,1.0,7.0,0.9438881799578667
04_2-3_GABA_74_277,2-3_GABA,74,277,272,0.14559194361752104,0.5563815832138062,0.007318322605918719,0.14559194361752104,0.3234507441520691,0.17614497244358063,0.4632509533649927,0.0,1.0,5.0,0.04422207176685333
04_2-3_GABA_74_338,2-3_GABA,74,338,334,0.1135232957053468,0.5419856309890747,0.007464447975869302,0.1135232957053468,0.41076044738292694,0.1737387478351593,0.47179964253096496,0.0,4.0,5.0,0.5528923124074936
04_2-3_GABA_74_392,2-3_GABA,74,392,388,0.34875433602317063,0.5686091780662537,0.7632977336692468,0.34875433602317063,0.34547966718673706,0.2353733777999878,0.7063268040586188,0.0,,12.0,4.102371692657471
04_2-3_GABA_74_481,2-3_GABA,74,481,477,0.16973165309778607,0.9740245342254639,0.00011142874296148445,0.16973165309778607,0.44695717096328735,0.2625732123851776,0.36906701038377254,0.0,3.0,5.0,1.1321706175804138
04_2-3_GABA_74_554,2-3_GABA,74,554,549,0.1142346417686052,0.7485963106155396,0.045869492131474086,0.1142346417686052,0.3307286500930786,0.16935595870018005,0.292375968180005,0.0,1.0,4.0,-0.4463949501514435
04_2-3_GABA_74_636,2-3_GABA,74,636,633,0.18072358008444345,0.6710132360458374,0.0013215931983987538,0.18072358008444345,0.1269245147705078,0.17831377685070038,0.36191185827966976,1.0,20.0,5.0,1.9649560302495956
04_2-3_GABA_74_663,2-3_GABA,74,663,665,0.09454349542439994,0.5943432450294495,0.04122974791103129,0.09454349542439994,0.44437387585639954,0.028875410556793213,0.05106463851073303,0.0,1.0,2.0,-0.7376634180545807
04_2-3_GABA_74_717,2-3_GABA,74,717,714,0.15651858423389992,0.6501489877700806,0.0004651414726011248,0.15651858423389992,0.5025891065597534,0.1831478774547577,0.3921786766868601,1.0,2.0,7.0,0.8465286195278168
04_2-3_GABA_74_816,2-3_GABA,74,816,818,0.11978821606837309,0.4182911217212677,0.0015138353701942798,0.11978821606837309,0.5536551401019096,0.15521076321601868,0.5899747290063158,1.0,1.0,8.0,1.0158180482685566
04_2-3_GABA_80_82,2-3_GABA,80,82,77,0.2542078793037051,0.6682254672050476,0.013920338439624194,0.2542078793037051,0.4947932958602905,0.16571515798568726,0.32977464331651707,1.0,8.0,12.0,1.9739687591791153
04_2-3_GABA_80_189,2-3_GABA,80,189,184,0.2923119258138119,0.3966206908226013,0.08114333591281299,0.2923119258138119,0.32855477929115295,0.17121463268995285,0.7595831013077533,1.0,39.0,14.0,3.575273022055626
04_2-3_GABA_80_250,2-3_GABA,80,250,250,0.17001880129307861,0.3840100169181824,0.0068592211344871215,0.17001880129307861,0.3120056539773941,0.11945776641368866,0.45154696732265953,0.0,3.0,4.0,0.5267177224159241
04_2-3_GABA_80_290,2-3_GABA,80,290,288,0.21432697934689998,0.5208101272583008,0.056964456791381735,0.21432697934689998,0.2663845121860504,0.16834765672683716,0.47763285683435364,1.0,1.0,7.0,1.7195978313684464
04_2-3_GABA_80_340,2-3_GABA,80,340,338,0.1753958139634587,0.5817149877548218,0.016132059599046067,0.1753958139634587,0.4275064170360565,0.08649815618991852,0.1746672380189122,1.0,2.0,5.0,0.3968266546726227
04_2-3_GABA_80_412,2-3_GABA,80,412,408,0.28256078401101015,0.538445234298706,0.18501727952666247,0.28256078401101015,0.31439685821533203,0.16819696128368378,0.45428155522243163,0.0,,11.0,2.4391063824295998
04_2-3_GABA_80_441,2-3_GABA,80,441,436,0.2658120418154015,0.8733908534049988,0.0061687604525879425,0.2658120418154015,0.21497881412506104,0.29741472005844116,0.5163663958268396,1.0,21.0,8.0,2.2433871626853943
04_2-3_GABA_80_488,2-3_GABA,80,488,488,0.09656652387158977,0.6946655511856079,0.0013833383281645656,0.09656652387158977,0.33523106575012207,0.052913784980773926,0.08245210651104766,0.0,1.0,1.0,-0.5827196538448334
04_2-3_GABA_80_537,2-3_GABA,80,537,532,0.2978068474271991,0.6271458864212036,0.11367123820447228,0.2978068474271991,0.31906235218048096,0.146220862865448,0.30404087062127266,3.0,42.0,9.0,2.784289985895157
04_2-3_GABA_80_606,2-3_GABA,80,606,603,0.2594755901042638,0.6410354375839233,0.04397270850809715,0.2594755901042638,0.49554190039634705,0.15545326471328735,0.32013791567818056,0.0,9.0,7.0,0.8095177114009857
04_2-3_GABA_80_683,2-3_GABA,80,683,681,0.20062550847264254,0.6874135732650757,0.002575774527934148,0.20062550847264254,0.30202412605285645,0.11257746815681458,0.19584272309341533,0.0,18.0,4.0,1.7456229031085968
04_2-3_GABA_80_764,2-3_GABA,80,764,760,0.1417115964272652,0.5766302347183228,0.011422543333605805,0.1417115964272652,0.13868612051010132,0.049162715673446655,0.09320520012771434,0.0,1.0,3.0,-0.8815775811672211
04_2-3_GABA_80_801,2-3_GABA,80,801,796,0.19034137889508118,0.6189535856246948,0.005639751208221385,0.19034137889508118,0.1973244845867157,0.12141431868076324,0.24402962087100072,0.0,2.0,7.0,0.37626826763153076
04_2-3_GABA_80_855,2-3_GABA,80,855,850,0.29967887222973805,0.6315881013870239,0.11400429264746359,0.29967887222973805,0.2608411908149719,0.20284394919872284,0.47311187374431024,1.0,,11.0,2.8406060487031937
04_2-3_GABA_82_90,2-3_GABA,82,90,86,0.21142072799635248,0.6809564232826233,0.006713941773131844,0.21142072799635248,0.24447005987167358,0.143948495388031,0.2680565554262846,2.0,15.0,13.0,1.3622848093509674
04_2-3_GABA_82_145,2-3_GABA,82,145,142,0.23308398589490334,0.6826139688491821,0.04502149948897429,0.23308398589490334,0.21476590633392334,0.09677982330322266,0.1652000383368404,1.0,,7.0,1.5347352623939514
04_2-3_GABA_82_292,2-3_GABA,82,292,287,0.2769159592165762,0.601716935634613,0.012935028037496155,0.2769159592165762,0.10799965262413025,0.1841059923171997,0.4408552871117325,5.0,,15.0,3.7365275770425797
04_2-3_GABA_82_564,2-3_GABA,82,564,562,0.302608416156171,0.3070180118083954,0.21205274970640395,0.302608416156171,0.14463871717453003,0.2053529918193817,2.0198982092520414,1.0,,12.0,3.4291372820734978
04_2-3_GABA_82_649,2-3_GABA,82,649,645,0.2308721873408131,0.6129207015037537,0.015087992493344627,0.2308721873408131,0.19550299644470215,0.2531301826238632,0.7035487855875551,1.0,45.0,8.0,1.8838938623666763
04_2-3_GABA_92_117,2-3_GABA,92,117,113,0.3110111530262996,0.6705158352851868,0.15980134210576438,0.3110111530262996,0.16972854733467102,0.27879199385643005,0.7117054525953185,7.0,,15.0,6.403954297304153
04_2-3_GABA_92_174,2-3_GABA,92,174,174,0.13380601261124475,0.8101910352706909,0.003122359810436973,0.13380601261124475,0.34657904505729675,0.07149830460548401,0.09679031840627214,0.0,1.0,7.0,0.3257802128791809
04_2-3_GABA_92_229,2-3_GABA,92,229,225,0.09055014164768513,0.6469080448150635,0.008831244269742612,0.09055014164768513,0.24613270163536072,0.041010379791259766,0.06768532403842256,0.0,1.0,6.0,-1.68972647190094
04_2-3_GABA_92_279,2-3_GABA,92,279,274,0.27015123943007435,0.6749352216720581,0.1588955552156317,0.27015123943007435,0.2984652519226074,0.2968863248825073,0.7853119726144198,1.0,21.0,8.0,2.473115026950836
04_2-3_GABA_92_321,2-3_GABA,92,321,316,0.23578385741505561,0.7582751512527466,0.1597255448765297,0.23578385741505561,0.110748291015625,0.17200249433517456,0.29338310819321994,3.0,2.0,9.0,1.2581775486469269
04_2-3_GABA_92_401,2-3_GABA,92,401,401,0.14005540482984277,0.9207190871238708,0.0001513466858808155,0.14005540482984277,0.3410608172416687,0.3033641576766968,0.49139343221629705,0.0,2.0,3.0,1.1106283068656921
04_2-3_GABA_92_434,2-3_GABA,92,434,430,0.09409177226163896,0.7142114043235779,0.0028129045210003784,0.09409177226163896,0.3726496696472168,0.10205712914466858,0.1667179880673727,0.0,1.0,3.0,-0.9307124316692352
04_2-3_GABA_92_460,2-3_GABA,92,460,457,0.15518799795919952,0.6642184257507324,0.04748733767274131,0.15518799795919952,0.3489741086959839,0.11106446385383606,0.2007839977733679,0.0,1.0,2.0,0.05267123878002167
04_2-3_GABA_92_497,2-3_GABA,92,497,494,0.20955157408141234,0.6942193508148193,0.040295239233805694,0.20955157408141234,0.37875038385391235,0.16390609741210938,0.30907411112285016,0.0,12.0,12.0,1.3302276581525803
04_2-3_GABA_92_575,2-3_GABA,92,575,572,0.2164418996095216,0.7151772379875183,0.02030236884148248,0.2164418996095216,0.47186875343322754,0.21901680529117584,0.44142335998247034,2.0,1.0,11.0,2.1631292551755905
04_2-3_GABA_92_619,2-3_GABA,92,619,615,0.10469041997146626,0.48377472162246704,0.030705126880611985,0.10469041997146626,0.10871002078056335,0.005790770053863525,0.012114988452771086,0.0,4.0,2.0,-1.1394606977701187
04_2-3_GABA_92_645,2-3_GABA,92,645,640,0.1466871139038849,0.554643988609314,0.007085581392491991,0.1466871139038849,0.16410353779792786,0.11187851428985596,0.2526812065954694,0.0,2.0,5.0,-0.07572141289710999
04_2-3_GABA_92_717,2-3_GABA,92,717,716,0.21191246228480148,0.47867703437805176,0.12664870125882138,0.21191246228480148,0.4569372087717056,0.1314842402935028,0.3787067085887835,2.0,2.0,7.0,1.9703999906778336
04_2-3_GABA_92_767,2-3_GABA,92,767,764,0.18987837964429038,0.5776042342185974,0.08666541163288463,0.18987837964429038,0.24511705338954926,0.27516862750053406,0.9098420337690326,0.0,9.0,8.0,1.4126964807510376
04_2-3_GABA_92_842,2-3_GABA,92,842,837,0.295848202883234,0.7514982223510742,0.39840357572180773,0.295848202883234,0.4899607300758362,0.4610803872346878,1.5876448739792703,2.0,44.0,12.0,6.436965227127075
04_2-3_GABA_93_73,2-3_GABA,93,73,70,0.09058167905702619,0.5632225275039673,0.028139889294119366,0.09058167905702619,0.321060448884964,0.16187222301959991,0.4033190487486097,0.0,1.0,6.0,-0.45389340817928314
04_2-3_GABA_93_109,2-3_GABA,93,109,106,0.26434701598333366,0.557548463344574,0.29230803279860534,0.26434701598333366,0.7044134885072708,0.24641509354114532,0.7919918512656751,1.0,5.0,7.0,1.1886394582688808
04_2-3_GABA_93_224,2-3_GABA,93,224,219,0.2538740573975248,0.555004894733429,0.06781793396941274,0.2538740573975248,0.3437407910823822,0.2461191713809967,0.7967968500123257,3.0,14.0,6.0,2.058063820004463
04_2-3_GABA_93_331,2-3_GABA,93,331,326,0.2945573062668393,0.4943441152572632,0.18186910091336897,0.2945573062668393,0.5419766008853912,0.20087309181690216,0.684473340713733,3.0,42.0,6.0,3.513720713555813
04_2-3_GABA_93_379,2-3_GABA,93,379,375,0.10493292133102389,0.5830376148223877,0.06165176605137623,0.10493292133102389,0.36797548830509186,0.1025829166173935,0.21351215213556876,0.0,2.0,4.0,-1.3975760489702225
04_2-3_GABA_93_470,2-3_GABA,93,470,466,0.17926266872811542,0.38017427921295166,0.08491980239349142,0.17926266872811542,0.2509695291519165,0.15646956115961075,0.6994468535183135,3.0,1.0,9.0,1.646892011165619
04_2-3_GABA_93_535,2-3_GABA,93,535,533,0.24043189593364223,0.49912646412849426,0.14071310147347033,0.24043189593364223,0.23920144140720367,0.25961513072252274,1.0839367266286113,1.0,4.0,5.0,2.746846839785576
04_2-3_GABA_93_615,2-3_GABA,93,615,611,0.24227491341788376,0.5022162795066833,0.015980909346575225,0.24227491341788376,0.49634747207164764,0.15478475391864777,0.4455115397391504,1.0,3.0,6.0,1.4224025458097458
04_2-3_GABA_93_635,2-3_GABA,93,635,631,0.33600817160436547,0.7871995568275452,0.217162964696706,0.33600817160436547,0.3752102553844452,0.3580767959356308,0.8344390663207484,3.0,,13.0,5.571280017495155
04_2-3_GABA_93_714,2-3_GABA,93,714,709,0.24494293207715334,0.7483478784561157,0.12445416639325191,0.24494293207715334,0.3337554931640625,0.11895337700843811,0.18899653037138403,0.0,6.0,10.0,2.0878863483667374
04_2-3_GABA_93_768,2-3_GABA,93,768,764,0.12182516025173935,0.8887797594070435,0.04002294651312063,0.12182516025173935,0.4491128921508789,0.2143101692199707,0.31774622953798265,0.0,1.0,4.0,-1.408279225230217
04_2-3_GABA_93_797,2-3_GABA,93,797,795,0.1163810781096329,0.7185370922088623,0.019441047529630565,0.1163810781096329,0.5165709257125854,0.15796619653701782,0.2817952158356264,0.0,3.0,3.0,-1.415265902876854
04_2-3_GABA_95_317,2-3_GABA,95,317,314,0.2896374499876032,0.45750829577445984,0.6826211097121123,0.2896374499876032,0.17112601548433304,0.31427331268787384,2.1941100275614556,4.0,,10.0,4.2178465612232685
04_2-3_GABA_95_374,2-3_GABA,95,374,372,0.17945279425949287,0.5933866500854492,0.045239145461276234,0.17945279425949287,0.33091068267822266,0.11520278453826904,0.24091733920475097,1.0,3.0,8.0,0.9537526369094849
04_2-3_GABA_95_558,2-3_GABA,95,558,553,0.18776970413940852,0.5052735209465027,0.08515200570905881,0.18776970413940852,0.15823380649089813,0.23418743908405304,0.8638858825768888,1.0,1.0,10.0,1.8935317918658257
04_2-3_GABA_95_604,2-3_GABA,95,604,601,0.20433889148916018,0.5173953175544739,0.04034759602083026,0.20433889148916018,0.2151869386434555,0.14781814813613892,0.3999655832874766,1.0,1.0,7.0,1.0498223155736923
04_2-3_GABA_95_671,2-3_GABA,95,671,669,0.1538554350416006,0.5936968922615051,0.01976063165514113,0.1538554350416006,0.20923912525177002,0.07914999127388,0.1538246389628602,3.0,2.0,2.0,0.4453868269920349
04_2-3_GABA_95_702,2-3_GABA,95,702,703,0.22912242520114368,0.675308108329773,0.13928583015389276,0.22912242520114368,0.601024866104126,0.13812652230262756,0.25713190082365855,1.0,2.0,7.0,1.165565699338913
04_2-3_GABA_95_753,2-3_GABA,95,753,756,0.19069839032801195,0.9372054934501648,0.006008887308549953,0.19069839032801195,0.2931930422782898,0.25777366757392883,0.3793959272388933,1.0,1.0,10.0,1.6788031160831451
04_2-3_GABA_95_803,2-3_GABA,95,803,800,0.13273291593416753,0.8849462866783142,0.0007332598976520601,0.13273291593416753,0.43262720108032227,0.15087023377418518,0.20552398239571637,0.0,3.0,8.0,0.5652408301830292
04_2-3_GABA_97_55,2-3_GABA,97,55,51,0.2627587838711393,0.758422315120697,0.011828819014068093,0.2627587838711393,0.1581985354423523,0.15149879455566406,0.24961760324368693,1.0,1.0,8.0,1.429307222366333
04_2-3_GABA_97_196,2-3_GABA,97,196,192,0.15037330574317784,0.3579621911048889,0.0041578942781842,0.15037330574317784,0.14120877534151077,0.2178131267428398,1.5541532705502765,3.0,,9.0,1.7869180515408516
04_2-3_GABA_97_218,2-3_GABA,97,218,214,0.1538982702714748,0.4108828604221344,0.002669364854893147,0.1538982702714748,0.1507684886455536,0.16874846816062927,0.6969206917883063,3.0,1.0,11.0,1.9161236956715584
04_2-3_GABA_97_264,2-3_GABA,97,264,259,0.3755959941061505,0.5471448302268982,0.27071389665440115,0.3755959941061505,0.22223570942878723,0.1826692521572113,0.5011837915853045,5.0,,14.0,4.953105077147484
04_2-3_GABA_97_322,2-3_GABA,97,322,325,0.08890127194275432,0.859564483165741,0.008733840885515588,0.08890127194275432,0.1858195662498474,0.007634371519088745,0.008961265031861192,0.0,1.0,3.0,-2.28739795088768
04_2-3_GABA_97_357,2-3_GABA,97,357,357,0.12552293162710362,0.7077190279960632,0.01831687361490474,0.12552293162710362,0.4264450669288635,0.007666081190109253,0.010950716263800252,0.0,1.0,6.0,-1.443615585565567
04_2-3_GABA_97_441,2-3_GABA,97,441,436,0.2302352600427029,0.5417503118515015,0.006175736267604057,0.2302352600427029,0.322865754365921,0.1262318193912506,0.30379350541980066,3.0,30.0,9.0,2.2925610095262527
04_2-3_GABA_97_517,2-3_GABA,97,517,513,0.27743164456597497,0.42053526639938354,0.0016039535059684663,0.27743164456597497,0.21982988715171814,0.1449200063943863,0.5258054521065296,3.0,46.0,13.0,2.3346054702997208
04_2-3_GABA_97_573,2-3_GABA,97,573,568,0.25151321925305414,0.5569958686828613,0.03831681660884261,0.25151321925305414,0.2176458239555359,0.22548438608646393,0.680170666549679,1.0,36.0,16.0,2.827204465866089
04_2-3_GABA_97_670,2-3_GABA,97,670,665,0.21297694869031064,0.3772538900375366,0.0035777391504458844,0.21297694869031064,0.1488700807094574,0.18439525365829468,0.9561161331437361,2.0,37.0,12.0,2.13699097186327
04_2-3_GABA_97_734,2-3_GABA,97,734,730,0.18256705264567097,0.3642745018005371,0.007165793522363523,0.18256705264567097,0.16737250983715057,0.1143021285533905,0.4572590445440164,2.0,26.0,12.0,1.7049104794859886
04_2-3_GABA_97_802,2-3_GABA,97,802,797,0.25618387748876537,0.3980221152305603,0.032514436163428924,0.25618387748876537,0.20339156687259674,0.16090066730976105,0.6785580499807986,4.0,45.0,10.0,2.6920612305402756
04_2-3_GABA_99_52,2-3_GABA,99,52,47,0.2128743707781584,0.6677911877632141,0.003095922822606066,0.2128743707781584,0.2931573987007141,0.1972145289182663,0.4190911835753573,4.0,6.0,6.0,1.68743796646595
04_2-3_GABA_99_151,2-3_GABA,99,151,147,0.2545769079195808,0.6757928133010864,0.12206888511132843,0.2545769079195808,0.22810257971286774,0.3549312800168991,1.106182085412327,2.0,6.0,9.0,2.4927455484867096
04_2-3_GABA_99_228,2-3_GABA,99,228,224,0.25003521846412524,0.6155277490615845,0.09470334246376914,0.25003521846412524,0.44011804461479187,0.13759765028953552,0.2879032951535521,3.0,1.0,5.0,1.4066867530345917
04_2-3_GABA_99_267,2-3_GABA,99,267,263,0.1898712065040995,0.7818398475646973,0.010844614709035576,0.1898712065040995,0.1425350308418274,0.1687886118888855,0.27532545742741604,0.0,2.0,3.0,0.8842206746339798
04_2-3_GABA_99_329,2-3_GABA,99,329,333,0.20300373925034787,0.7321067452430725,7.72556032527736e-07,0.20300373925034787,0.28930675983428955,0.18444916605949402,0.3367965186101541,0.0,1.0,7.0,0.5864705443382263
04_2-3_GABA_99_357,2-3_GABA,99,357,353,0.1997048971954837,0.8844935297966003,0.0418122294559753,0.1997048971954837,0.28343838453292847,0.26108261942863464,0.4187970006404471,0.0,7.0,8.0,2.003702938556671
04_2-3_GABA_99_416,2-3_GABA,99,416,418,0.1568036436389752,0.7643460035324097,0.00392848380484165,0.1568036436389752,0.6540611386299133,0.10650977492332458,0.1619092568807385,1.0,1.0,3.0,0.10495075583457947
04_2-3_GABA_99_489,2-3_GABA,99,489,493,0.10855434172362918,0.704492449760437,0.054733219555665444,0.10855434172362918,0.4079720973968506,0.06038713455200195,0.09375351068553196,0.0,1.0,3.0,-1.310804396867752
04_2-3_GABA_99_568,2-3_GABA,99,568,564,0.3001349521360596,0.6575095653533936,0.23579427673678707,0.3001349521360596,0.3264176845550537,0.27113088965415955,0.701723223113933,2.0,,12.0,3.318627506494522
04_2-3_GABA_99_599,2-3_GABA,99,599,596,0.21352573626991533,0.7742613554000854,0.005215577150619092,0.21352573626991533,0.4124647378921509,0.16009023785591125,0.2606606420960471,0.0,5.0,8.0,1.5298189520835876
04_2-3_GABA_99_692,2-3_GABA,99,692,694,0.20687027804507535,0.725082516670227,0.0012753449297841573,0.20687027804507535,0.3358112871646881,0.1860983669757843,0.3452761404603195,0.0,1.0,5.0,1.4748374223709106
04_2-3_GABA_105_63,2-3_GABA,105,63,58,0.3663096765334657,0.6582777500152588,0.30035391894218083,0.3663096765334657,0.535670131444931,0.3002149611711502,0.838442224449791,0.0,28.0,13.0,4.606067210435867
04_2-3_GABA_105_152,2-3_GABA,105,152,151,0.1777976958944097,0.5463249087333679,0.0059218324032059184,0.1777976958944097,0.25444337725639343,0.14744819700717926,0.369658575375531,0.0,2.0,8.0,0.5570306926965714
04_2-3_GABA_105_174,2-3_GABA,105,174,170,0.18273873280936914,0.6215915679931641,0.0015214841728427688,0.18273873280936914,0.4491313695907593,0.17599070072174072,0.394951432207473,0.0,2.0,3.0,1.3449867218732834
04_2-3_GABA_105_192,2-3_GABA,105,192,189,0.20678474497923152,0.6426058411598206,0.007651835303946266,0.20678474497923152,0.31825143098831177,0.16693316400051117,0.35094125018369077,1.0,2.0,9.0,2.7690532356500626
04_2-3_GABA_105_227,2-3_GABA,105,227,228,0.17994779809142836,0.795487642288208,0.0034514042267971474,0.17994779809142836,0.31485843658447266,0.17252400517463684,0.27694073120223606,1.0,1.0,4.0,1.5838684737682343
04_2-3_GABA_105_255,2-3_GABA,105,255,255,0.21214150046606875,0.833774209022522,0.022891965680598304,0.21214150046606875,0.4135196805000305,0.16637387871742249,0.249286479437859,0.0,5.0,7.0,1.5128675401210785
04_2-3_GABA_105_359,2-3_GABA,105,359,363,0.21687504965340937,0.7635967135429382,0.01826047264896839,0.21687504965340937,0.3608212172985077,0.18589776754379272,0.32179004104339787,0.0,2.0,4.0,0.5232768654823303
04_2-3_GABA_105_440,2-3_GABA,105,440,435,0.1789686154715742,0.8392987847328186,0.0014048077756797007,0.1789686154715742,0.2594110369682312,0.2223072350025177,0.3603083949848139,1.0,2.0,7.0,0.41884925961494446
04_2-3_GABA_105_489,2-3_GABA,105,489,489,0.21980765341125258,0.7678912878036499,0.03919538119559912,0.21980765341125258,0.4071793556213379,0.2263968288898468,0.41809629842562324,0.0,1.0,6.0,-0.06544569134712219
04_2-3_GABA_105_547,2-3_GABA,105,547,542,0.13300831008794436,0.6940761208534241,0.026911110319312138,0.13300831008794436,0.23426061868667603,0.07283058762550354,0.1172331771096754,0.0,1.0,5.0,0.10556767880916595
04_2-3_GABA_105_607,2-3_GABA,105,607,603,0.16112736437265093,0.5556332468986511,0.01471059202475117,0.16112736437265093,0.19995516538619995,0.09751217067241669,0.21285240023373678,1.0,2.0,7.0,0.2401207685470581
04_2-3_GABA_105_694,2-3_GABA,105,694,690,0.35052243684241935,0.548974871635437,0.7407036530905856,0.35052243684241935,0.3831244856119156,0.3679617717862129,2.032790842721929,5.0,,11.0,5.594215605407953
04_2-3_GABA_105_758,2-3_GABA,105,758,753,0.2323947412047536,0.7311939597129822,0.022763967636710184,0.2323947412047536,0.32514476776123047,0.23550507426261902,0.4751066267072914,3.0,3.0,7.0,0.7350832968950272
04_2-3_GABA_105_833,2-3_GABA,105,833,828,0.22481401990001726,0.47585082054138184,0.10172035720942417,0.22481401990001726,0.37193119525909424,0.08392508327960968,0.21413516720274753,3.0,1.0,5.0,0.012864939868450165
04_2-3_GABA_112_75,2-3_GABA,112,75,73,0.2742040585870392,0.6992581486701965,0.15554319629195174,0.2742040585870392,0.18589633703231812,0.1987617164850235,0.3971291375988988,2.0,1.0,5.0,2.6599049419164658
04_2-3_GABA_112_171,2-3_GABA,112,171,170,0.20364923043804156,0.6899908185005188,0.007128824838812941,0.20364923043804156,0.22166168689727783,0.15156760811805725,0.28150273835779344,0.0,3.0,6.0,0.47941920161247253
04_2-3_GABA_112_216,2-3_GABA,112,216,211,0.2253964571070603,0.9104874730110168,0.010843834628358993,0.2253964571070603,0.2303832769393921,0.3063333034515381,0.5070449214558962,2.0,2.0,7.0,2.706589102745056
04_2-3_GABA_112_342,2-3_GABA,112,342,338,0.3301330546021357,0.39513131976127625,0.8298289179167859,0.3301330546021357,0.20280075073242188,0.21958230435848236,1.2508318765255102,4.0,,10.0,5.426103625446558
04_2-3_GABA_112_433,2-3_GABA,112,433,429,0.22974317785605203,0.6063454747200012,0.048543580944746756,0.22974317785605203,0.06119263172149658,0.1339900642633438,0.28366365939114935,3.0,2.0,5.0,1.7464095950126648
04_2-3_GABA_112_499,2-3_GABA,112,499,495,0.274092689373206,0.5407487154006958,0.17976041054861283,0.274092689373206,0.28118525445461273,0.21607913076877594,0.6655354889918202,1.0,48.0,10.0,2.3297507911920547
04_2-3_GABA_112_559,2-3_GABA,112,559,556,0.1544539929443163,0.6041625142097473,0.0007056422913986943,0.1544539929443163,0.3676351010799408,0.1160372793674469,0.2377203043086582,0.0,1.0,3.0,-0.1916523277759552
04_2-3_GABA_112_648,2-3_GABA,112,648,644,0.31969697558187293,0.3846275210380554,0.2569964895622817,0.31969697558187293,0.2836175113916397,0.22131895273923874,1.3552194783452913,2.0,,12.0,3.6931038796901703
04_2-3_GABA_112_723,2-3_GABA,112,723,720,0.23952859202730853,0.8199788928031921,0.002029758241452318,0.23952859202730853,0.44526344537734985,0.18214893341064453,0.28557600772487757,0.0,1.0,7.0,1.7994115948677063
04_2-3_GABA_112_803,2-3_GABA,112,803,802,0.21628619121366935,0.6708893775939941,0.005649990116247644,0.21628619121366935,0.17746290564537048,0.15179958939552307,0.29243416620148066,0.0,2.0,8.0,1.9920129776000977
04_2-3_GABA_115_507,2-3_GABA,115,507,506,0.29342278918624287,0.4830496609210968,1.0,0.29342278918624287,0.14515888690948486,0.26452822238206863,1.210536705920612,11.0,,14.0,5.665649548172951
04_2-3_GABA_116_53,2-3_GABA,116,53,50,0.1317875286539866,0.8515087366104126,0.013812117557940947,0.1317875286539866,0.341827392578125,0.09030753374099731,0.11863819105983421,0.0,1.0,4.0,-0.691575288772583
04_2-3_GABA_116_102,2-3_GABA,116,102,99,0.20937799878412883,0.8482822775840759,0.004124854418617354,0.20937799878412883,0.3566085696220398,0.18663734197616577,0.2820808139409183,1.0,1.0,5.0,1.058914303779602
04_2-3_GABA_116_167,2-3_GABA,116,167,163,0.22250059671586742,0.8103047609329224,0.02754492841662742,0.22250059671586742,0.22084274888038635,0.2539052665233612,0.456336263915552,0.0,1.0,9.0,1.387807846069336
04_2-3_GABA_116_260,2-3_GABA,116,260,256,0.1783985575197896,0.4306907653808594,0.02536519109929603,0.1783985575197896,0.20348034799098969,0.15378770232200623,0.555384619524126,3.0,26.0,6.0,1.7517373859882355
04_2-3_GABA_116_304,2-3_GABA,116,304,302,0.16503197797337416,0.5314460396766663,0.0005625649633560463,0.16503197797337416,0.26017314195632935,0.16915467381477356,0.4669023050338334,0.0,2.0,4.0,0.32509996742010117
04_2-3_GABA_116_348,2-3_GABA,116,348,345,0.2619400517214535,0.6422550678253174,0.03767987646462708,0.2619400517214535,0.25233712792396545,0.2216823548078537,0.5270963805934045,0.0,8.0,7.0,1.6866286247968674
04_2-3_GABA_116_380,2-3_GABA,116,380,381,0.16606853017809198,0.6841261982917786,0.030817932843267955,0.16606853017809198,0.4587676525115967,0.12814947962760925,0.2304943270565549,1.0,1.0,9.0,0.09361580014228821
04_2-3_GABA_116_430,2-3_GABA,116,430,425,0.28449235511658133,0.789671778678894,0.29733971685450855,0.28449235511658133,0.3076479434967041,0.2543301284313202,0.4750800321882349,0.0,39.0,8.0,2.850405737757683
04_2-3_GABA_116_540,2-3_GABA,116,540,537,0.28742860905101086,0.6681863069534302,0.31946966122330084,0.28742860905101086,0.24680492281913757,0.2243424952030182,0.5054536962411754,0.0,15.0,9.0,3.6426630914211273
04_2-3_GABA_116_618,2-3_GABA,116,618,618,0.21342510192942515,0.6352921724319458,0.03620608246617314,0.21342510192942515,0.4295491874217987,0.1926765739917755,0.4353135647970622,0.0,1.0,5.0,1.0378761440515518
04_2-3_GABA_116_778,2-3_GABA,116,778,774,0.2977527196175169,0.4346853792667389,0.49389911918505675,0.2977527196175169,0.27218984067440033,0.30900197848677635,2.4585742951669074,3.0,,12.0,4.334399752318859
04_2-3_GABA_116_811,2-3_GABA,116,811,806,0.24003400267809322,0.7121608853340149,0.015465305607833315,0.24003400267809322,0.3082383871078491,0.23601429164409637,0.4956756905790157,4.0,1.0,5.0,1.857827588915825
04_2-3_GABA_116_838,2-3_GABA,116,838,839,0.2033723554523618,0.8869643211364746,0.00889522051498703,0.2033723554523618,0.28600364923477173,0.2873568534851074,0.4792416188722099,0.0,1.0,6.0,1.0471284985542297
04_2-3_GABA_117_62,2-3_GABA,117,62,61,0.15365764937412235,0.9004391431808472,0.046615993652825996,0.15365764937412235,0.397797167301178,0.08770373463630676,0.10791179234256326,0.0,1.0,10.0,-0.2130504846572876
04_2-3_GABA_117_179,2-3_GABA,117,179,174,0.26058059568222386,0.6619343757629395,0.022698186153797074,0.26058059568222386,0.3321214020252228,0.12310144305229187,0.2284593898762256,3.0,5.0,7.0,2.430571526288986
04_2-3_GABA_117_342,2-3_GABA,117,342,338,0.21036816634151095,0.41599175333976746,0.0914217806598964,0.21036816634151095,0.269553080201149,0.21522656083106995,1.0720312527369302,3.0,20.0,11.0,2.550566826015711
04_2-3_GABA_117_387,2-3_GABA,117,387,382,0.22086379086442554,0.45847633481025696,0.10031431830863127,0.22086379086442554,0.2857528328895569,0.1401902139186859,0.4404534307873381,5.0,21.0,4.0,2.216312065720558
04_2-3_GABA_117_550,2-3_GABA,117,550,549,0.13722015265874643,0.3381786644458771,0.09298572178132282,0.13722015265874643,0.2698809802532196,0.175472192466259,1.0784585906837194,2.0,5.0,10.0,2.393152765929699
04_2-3_GABA_117_616,2-3_GABA,117,616,617,0.10454503856280192,0.3205987215042114,0.017389143011589326,0.10454503856280192,0.17773083597421646,0.1336444690823555,0.7148511860580271,0.0,1.0,8.0,0.5048949345946312
04_2-3_GABA_117_729,2-3_GABA,117,729,724,0.2522218128151251,0.304129958152771,0.2405197251217512,0.2522218128151251,0.3815934471786022,0.20931782200932503,2.2077112754071666,4.0,,14.0,3.7191954946029
04_2-3_GABA_117_762,2-3_GABA,117,762,757,0.127240198786078,0.4326503872871399,0.0038594759170770404,0.127240198786078,0.27929064631462097,0.14407174289226532,0.4992460311620487,2.0,1.0,8.0,0.949738010764122
04_2-3_GABA_117_795,2-3_GABA,117,795,791,0.2502473184533435,0.5437247157096863,0.08418195294239265,0.2502473184533435,0.29913970828056335,0.1771184355020523,0.4831298454618348,1.0,28.0,9.0,2.053238868713379
04_2-3_GABA_118_95,2-3_GABA,118,95,90,0.2447166062682647,0.7072957754135132,0.01706922441276288,0.2447166062682647,0.2389586865901947,0.13147905468940735,0.22833490233501505,2.0,,12.0,2.0221484899520874
04_2-3_GABA_118_125,2-3_GABA,118,125,120,0.2446962427033097,0.8947589993476868,0.0013863576519855395,0.2446962427033097,0.21618813276290894,0.16771772503852844,0.23068528701880847,0.0,31.0,12.0,2.6420140862464905
04_2-3_GABA_118_182,2-3_GABA,118,182,177,0.21867494966130158,0.8386868238449097,0.007628827252945425,0.21867494966130158,0.24299085140228271,0.11338841915130615,0.15633347380545554,1.0,24.0,12.0,1.5699175596237183
04_2-3_GABA_118_247,2-3_GABA,118,247,242,0.26508677743499476,0.7803962230682373,0.01462040749078474,0.26508677743499476,0.17209374904632568,0.16386428475379944,0.26578393521963317,3.0,20.0,14.0,2.3154203593730927
04_2-3_GABA_118_349,2-3_GABA,118,349,345,0.23545485258286794,0.6047526001930237,0.01186630682500482,0.23545485258286794,0.09286734461784363,0.1344194859266281,0.28579634699183276,0.0,19.0,14.0,1.4875171035528183
04_2-3_GABA_118_431,2-3_GABA,118,431,428,0.2570293669139473,0.48049023747444153,0.005180837801069283,0.2570293669139473,0.0516839325428009,0.10129742324352264,0.26713961721288065,0.0,45.0,9.0,1.6885769069194794
04_2-3_GABA_118_576,2-3_GABA,118,576,573,0.2213445442781607,0.2769816517829895,0.05335440836659174,0.2213445442781607,0.12011068919673562,0.13573645800352097,0.9609987736322655,3.0,,12.0,1.949632444884628
04_2-3_GABA_118_698,2-3_GABA,118,698,693,0.23135286723416973,0.3036017417907715,0.05509301140597438,0.23135286723416973,0.17058535292744637,0.20660622417926788,2.130059504468942,5.0,,16.0,3.1433289032429457
04_2-3_GABA_118_772,2-3_GABA,118,772,769,0.28177171243897514,0.39029553532600403,0.05232942303052546,0.28177171243897514,0.16591303050518036,0.22465860098600388,1.3563315566131582,1.0,,12.0,2.9967728070914745
04_2-3_GABA_122_61,2-3_GABA,122,61,58,0.21130763122140475,0.6810359954833984,0.00538621210157535,0.21130763122140475,0.2898795008659363,0.11103710532188416,0.1948023184578847,1.0,16.0,14.0,2.5609471201896667
04_2-3_GABA_122_113,2-3_GABA,122,113,108,0.19744083982473368,0.8108890056610107,0.0027573831833867897,0.19744083982473368,0.22500568628311157,0.15019619464874268,0.22733135906023014,1.0,8.0,11.0,1.8589736819267273
04_2-3_GABA_122_126,2-3_GABA,122,126,128,0.19164959417937683,0.8521056175231934,0.002059790842805174,0.19164959417937683,0.26253026723861694,0.1389005184173584,0.1947553636275201,1.0,2.0,16.0,1.940154254436493
04_2-3_GABA_122_213,2-3_GABA,122,213,208,0.18068819334861536,0.6745214462280273,0.0003432761749426951,0.18068819334861536,0.20209622383117676,0.07651567459106445,0.12795139816395545,1.0,14.0,4.0,0.6407930552959442
04_2-3_GABA_122_269,2-3_GABA,122,269,264,0.21603210451071164,0.5749969482421875,0.000707826008711208,0.21603210451071164,0.26677292585372925,0.10570283234119415,0.22523792385134914,1.0,18.0,5.0,1.403008222579956
04_2-3_GABA_122_299,2-3_GABA,122,299,294,0.1824951442882341,0.6455643773078918,0.0005609651124567519,0.1824951442882341,0.3934934139251709,0.09119182825088501,0.16449556964175663,1.0,7.0,5.0,0.059518396854400635
04_2-3_GABA_122_343,2-3_GABA,122,343,339,0.13332517977073105,0.45977213978767395,0.0004257973653200516,0.13332517977073105,0.2808096706867218,0.04139353334903717,0.09893797797500031,1.0,1.0,5.0,0.10801428556442261
04_2-3_GABA_122_387,2-3_GABA,122,387,384,0.2012987555217052,0.416156142950058,0.013181124313371097,0.2012987555217052,0.13021236658096313,0.05856482684612274,0.16377586425812604,1.0,16.0,6.0,0.5975541919469833
04_2-3_GABA_122_463,2-3_GABA,122,463,459,0.3947104773705069,0.49176421761512756,0.3405811974552826,0.3947104773705069,0.2310704067349434,0.29447754472494125,1.4926377966181898,3.0,,13.0,5.198693685233593
04_2-3_GABA_122_526,2-3_GABA,122,526,522,0.25011121844894096,0.5432177782058716,0.038844125642985616,0.25011121844894096,0.18239790201187134,0.13863934576511383,0.3426760663654871,2.0,,11.0,1.859976202249527
04_2-3_GABA_122_552,2-3_GABA,122,552,548,0.22194795806713935,0.7037825584411621,0.0016362215573547491,0.22194795806713935,0.32137370109558105,0.1537775695323944,0.27959304485127556,0.0,10.0,4.0,2.200971871614456
04_2-3_GABA_122_573,2-3_GABA,122,573,570,0.1948448351860223,0.7529261112213135,0.0003157586819334302,0.1948448351860223,0.1307523250579834,0.11953273415565491,0.18871800445627954,2.0,3.0,6.0,2.204168528318405
04_2-3_GABA_122_619,2-3_GABA,122,619,615,0.1548751829286426,0.7708054780960083,0.00949957157101651,0.1548751829286426,0.25606900453567505,0.09394657611846924,0.13879787329972468,0.0,3.0,6.0,-0.34640687704086304
04_2-3_GABA_122_710,2-3_GABA,122,710,707,0.21725439121394624,0.3872825801372528,0.008033915804409254,0.21725439121394624,0.17773592472076416,0.12743572890758514,0.4904262965070532,2.0,31.0,8.0,1.4834142327308655
04_2-3_GABA_122_760,2-3_GABA,122,760,755,0.1900292428975143,0.44666144251823425,0.0008203766321700865,0.1900292428975143,0.32511913776397705,0.089659184217453,0.25114458559506764,1.0,5.0,5.0,1.1155540645122528
04_2-3_GABA_122_773,2-3_GABA,122,773,777,0.1863128789884363,0.5851452350616455,0.006457995590357484,0.1863128789884363,0.34891751408576965,0.18914936482906342,0.4776548925067563,1.0,1.0,7.0,1.8839261680841446
04_2-3_GABA_122_813,2-3_GABA,122,813,808,0.23046186901234123,0.6071627140045166,0.00032880920756483875,0.23046186901234123,0.15009400248527527,0.09384775161743164,0.18282683828464388,3.0,14.0,7.0,1.3474016338586807
04_2-3_GABA_122_834,2-3_GABA,122,834,830,0.2471829543112573,0.705463707447052,0.002523457634980992,0.2471829543112573,0.28566575050354004,0.11223849654197693,0.18920048318704508,3.0,24.0,7.0,2.444424271583557
04_2-3_GABA_126_107,2-3_GABA,126,107,103,0.2462811042515869,0.6956033706665039,0.004289938064713485,0.2462811042515869,0.26926305890083313,0.12160351872444153,0.21185287472289416,0.0,26.0,6.0,1.374439150094986
04_2-3_GABA_126_156,2-3_GABA,126,156,151,0.23625268259634968,0.8662543892860413,0.013384199306198741,0.23625268259634968,0.7613134384155273,0.17211222648620605,0.24794953499437092,0.0,2.0,7.0,1.1779103577136993
04_2-3_GABA_126_312,2-3_GABA,126,312,307,0.23578868900156488,0.4476320743560791,0.028699121430543616,0.23578868900156488,0.2516545206308365,0.2325531467795372,1.0812456124823135,2.0,38.0,10.0,2.6122515127062798
04_2-3_GABA_126_386,2-3_GABA,126,386,382,0.2850154000777436,0.5423054099082947,0.006930133904256585,0.2850154000777436,0.6586084812879562,0.2660665959119797,0.9631760000081994,1.0,32.0,9.0,2.8537011072039604
04_2-3_GABA_126_448,2-3_GABA,126,448,443,0.31325488801459506,0.634467601776123,0.058295196019878155,0.31325488801459506,0.2466743290424347,0.2547491192817688,0.6708894379023451,2.0,,10.0,3.5063186585903168
04_2-3_GABA_126_559,2-3_GABA,126,559,555,0.38478558660167816,0.5636744499206543,0.08993745143503053,0.38478558660167816,0.2549799978733063,0.2732103317975998,0.9405992504790379,3.0,,11.0,5.831873118877411
04_2-3_GABA_126_743,2-3_GABA,126,743,741,0.30809428096857855,0.3365253508090973,0.020912198438617604,0.30809428096857855,0.2509853430092335,0.20258907228708267,1.512578029811272,2.0,,12.0,3.5683174040168524
04_2-3_GABA_126_831,2-3_GABA,126,831,827,0.41765270004945915,0.5706762075424194,0.2124889977331858,0.41765270004945915,0.2848888039588928,0.31095175445079803,1.197237113215156,2.0,,9.0,6.083213530480862
04_2-3_GABA_128_159,2-3_GABA,128,159,157,0.18068629789778295,0.656718909740448,0.060870071216983686,0.18068629789778295,0.4353811740875244,0.09043636918067932,0.15970184970082818,1.0,1.0,5.0,0.20793673396110535
04_2-3_GABA_128_251,2-3_GABA,128,251,248,0.09654003041286964,0.5402536392211914,0.027094154316714653,0.09654003041286964,0.28104543685913086,0.08785928785800934,0.19420951564330194,0.0,5.0,2.0,-0.3094143718481064
04_2-3_GABA_128_293,2-3_GABA,128,293,293,0.1355828958489198,0.5388608574867249,0.03658101370389456,0.1355828958489198,0.47170865535736084,0.15007275342941284,0.38600140246906917,0.0,1.0,5.0,-0.126972958445549
04_2-3_GABA_128_444,2-3_GABA,128,444,439,0.06931027762702185,0.3846072554588318,0.00948489654528615,0.06931027762702185,0.46093469858169556,0.12156374752521515,0.4621431202776301,2.0,2.0,8.0,0.7102331221103668
04_2-3_GABA_128_548,2-3_GABA,128,548,549,0.13285122355327578,0.3620641827583313,0.039611285633120275,0.13285122355327578,0.2832425981760025,0.15063290297985077,0.7124437932630922,0.0,1.0,9.0,0.6837757602334023
04_2-3_GABA_128_655,2-3_GABA,128,655,650,0.15733747594370256,0.42122891545295715,0.09516773489258615,0.15733747594370256,0.28370580077171326,0.19098951667547226,0.8295257792088585,1.0,7.0,10.0,1.8538533821702003
04_2-3_GABA_128_703,2-3_GABA,128,703,708,0.10401951293253399,0.5296926498413086,0.010833030894369823,0.10401951293253399,0.1685490608215332,0.1673888862133026,0.46201255139366565,1.0,1.0,7.0,0.2956843450665474
04_2-3_GABA_128_781,2-3_GABA,128,781,776,0.21682199086790419,0.5757714509963989,0.02501923704990432,0.21682199086790419,0.3699033558368683,0.2576960474252701,0.810172822330927,2.0,1.0,4.0,2.1331104189157486
04_2-3_GABA_128_806,2-3_GABA,128,806,802,0.20781890034780504,0.6116008758544922,0.009263747925837265,0.20781890034780504,0.33216458559036255,0.17536264657974243,0.40198825965180657,1.0,2.0,6.0,1.935570865869522
04_2-3_GABA_128_823,2-3_GABA,128,823,827,0.18216135956829943,0.6715154051780701,0.04192162361030238,0.18216135956829943,0.3132782578468323,0.17450648546218872,0.35111338758657806,0.0,4.0,8.0,2.0279597342014313
04_2-3_GABA_129_405,2-3_GABA,129,405,400,0.31266606907884753,0.3728882968425751,0.6211193595782225,0.31266606907884753,0.09726570546627045,0.2469702586531639,1.961357262266594,4.0,,16.0,5.06828492321074
04_2-3_GABA_129_440,2-3_GABA,129,440,435,0.24765184321561162,0.6543660163879395,0.056520708059424475,0.24765184321561162,0.374761164188385,0.1367589235305786,0.26421377414985664,0.0,32.0,10.0,2.998402252793312
04_2-3_GABA_129_525,2-3_GABA,129,525,522,0.24726938369438856,0.7306230068206787,0.06469606353860201,0.24726938369438856,0.3103429079055786,0.20282557606697083,0.3842867817248198,0.0,1.0,8.0,1.5069607198238373
04_2-3_GABA_129_585,2-3_GABA,129,585,580,0.25666004375895646,0.8244591355323792,0.048213527770911646,0.25666004375895646,0.1731993556022644,0.18033263087272644,0.2799646180807474,0.0,15.0,5.0,2.139344960451126
04_2-3_GABA_129_643,2-3_GABA,129,643,640,0.1730535080608145,0.8720269203186035,0.003884022969988789,0.1730535080608145,0.27610301971435547,0.10485789179801941,0.1366816019674678,1.0,1.0,6.0,0.8121244311332703
04_2-3_GABA_129_755,2-3_GABA,129,755,750,0.10080019216330707,0.8024333715438843,0.005998874538028201,0.10080019216330707,0.2114066481590271,0.11277967691421509,0.16353088193745646,0.0,4.0,5.0,-0.7728075981140137
04_2-3_GABA_129_793,2-3_GABA,129,793,797,0.08935545685369208,0.5918204188346863,0.0041070366559815,0.08935545685369208,0.20429956912994385,0.04709833860397339,0.08646306128076403,1.0,1.0,4.0,-0.5157476365566254
04_2-3_GABA_135_211,2-3_GABA,135,211,206,0.24375781912603028,0.5084094405174255,0.2606260233111567,0.24375781912603028,0.3651834726333618,0.27936936169862747,1.2197400696829428,2.0,,11.0,4.551164617296308
04_2-3_GABA_135_256,2-3_GABA,135,256,252,0.21074722935257184,0.64463210105896,0.03360525619317005,0.21074722935257184,0.3184632360935211,0.2545574903488159,0.6525866676772051,2.0,11.0,7.0,1.4369716793298721
04_2-3_GABA_135_403,2-3_GABA,135,403,399,0.26947074178542396,0.3760795295238495,0.2847864410689336,0.26947074178542396,0.3561790734529495,0.2163136973977089,1.3539421697307708,2.0,,6.0,3.3557903096079826
04_2-3_GABA_135_439,2-3_GABA,135,439,439,0.2337034934191547,0.6681147813796997,0.06980493600502774,0.2337034934191547,0.13206928968429565,0.2167588472366333,0.4802392764552137,1.0,2.0,7.0,2.5054364800453186
04_2-3_GABA_135_525,2-3_GABA,135,525,521,0.24310397929613145,0.528817892074585,0.22233090314116988,0.24310397929613145,0.25370484590530396,0.1398431360721588,0.3595172537913658,2.0,28.0,7.0,1.7895619571208954
04_2-3_GABA_135_583,2-3_GABA,135,583,581,0.24857918771897755,0.8157479166984558,0.3030234638293453,0.24857918771897755,0.28670239448547363,0.2544485926628113,0.45332068250745455,0.0,34.0,5.0,2.544926404953003
04_2-3_GABA_135_648,2-3_GABA,135,648,643,0.14405137690903963,0.7475966811180115,0.0035394460801954804,0.14405137690903963,0.3194771409034729,0.09863430261611938,0.1519877051175345,1.0,1.0,4.0,-0.7515150606632233
04_2-3_GABA_135_787,2-3_GABA,135,787,791,0.13323391124741168,0.4501504898071289,0.04123258594480332,0.13323391124741168,0.1481471061706543,0.17651429772377014,0.6450692665318115,0.0,3.0,5.0,0.8501110523939133
04_2-3_GABA_137_54,2-3_GABA,137,54,52,0.20319979465408627,0.3450542688369751,0.06508615672559293,0.20319979465408627,0.26431573182344437,0.2502014636993408,2.6377866562437555,1.0,,8.0,2.870408644899726
04_2-3_GABA_137_80,2-3_GABA,137,80,76,0.18176378536143134,0.4582972228527069,0.012644238167770038,0.18176378536143134,0.47223779559135437,0.17180797457695007,0.5997012998253196,0.0,16.0,13.0,2.0079405605793
04_2-3_GABA_137_134,2-3_GABA,137,134,132,0.2641613757114619,0.5675855278968811,0.02016142111318206,0.2641613757114619,0.3010684549808502,0.18273136019706726,0.4748067593738459,0.0,17.0,7.0,2.033956542611122
04_2-3_GABA_137_175,2-3_GABA,137,175,173,0.22086444562531204,0.7322602272033691,0.0009595980304031955,0.22086444562531204,0.3705540895462036,0.15363115072250366,0.26550886736778784,0.0,2.0,2.0,1.1127922534942627
04_2-3_GABA_137_205,2-3_GABA,137,205,205,0.21887509370733368,0.7970626354217529,0.04433100214900712,0.21887509370733368,0.30848902463912964,0.12160995602607727,0.18004215504020374,1.0,1.0,5.0,-0.22133809328079224
04_2-3_GABA_137_340,2-3_GABA,137,340,335,0.2683505325463004,0.6585818529129028,0.06552766106047489,0.2683505325463004,0.3151707500219345,0.3413185179233551,1.0758208726974388,0.0,5.0,7.0,1.9545120894908905
04_2-3_GABA_137_456,2-3_GABA,137,456,451,0.23204494553876126,0.4030158221721649,0.03623570769077273,0.23204494553876126,0.22723940014839172,0.10257655382156372,0.34142192658338116,2.0,4.0,8.0,2.2121833711862564
04_2-3_GABA_137_518,2-3_GABA,137,518,514,0.33734488053164535,0.5590291023254395,0.22332157105315964,0.33734488053164535,0.376912385225296,0.19091470539569855,0.5186287387508426,1.0,44.0,12.0,3.7500322461128235
04_2-3_GABA_137_564,2-3_GABA,137,564,559,0.09551787681389919,0.7548637986183167,0.018196513415012033,0.09551787681389919,0.5032930374145508,0.14521145820617676,0.23818732182346788,0.0,2.0,4.0,-0.7221404910087585
04_2-3_GABA_137_653,2-3_GABA,137,653,649,0.2493894511911326,0.6132131814956665,0.1269607141280286,0.2493894511911326,0.2597580850124359,0.2897336333990097,0.895678367005868,0.0,3.0,8.0,4.287231341004372
04_2-3_GABA_137_683,2-3_GABA,137,683,684,0.19576133684191896,0.7103669047355652,0.013890980700794133,0.19576133684191896,0.19419193267822266,0.16871017217636108,0.311470645586263,0.0,1.0,9.0,0.7811601758003235
04_2-3_GABA_137_769,2-3_GABA,137,769,765,0.15779086474725304,0.7311503887176514,0.025399796903757002,0.15779086474725304,0.41635316610336304,0.15410810708999634,0.26706553747726386,1.0,1.0,5.0,-0.28546425700187683
04_2-3_GABA_137_785,2-3_GABA,137,785,781,0.18731835597470034,0.7856625318527222,0.018313967292586785,0.18731835597470034,0.3669890761375427,0.22827646136283875,0.40954819908256385,1.0,1.0,10.0,1.5368806719779968
04_2-3_GABA_137_822,2-3_GABA,137,822,823,0.214676858194988,0.7276384830474854,0.014619257180691457,0.214676858194988,0.4952090382575989,0.1393241584300995,0.236819252226622,0.0,1.0,5.0,1.4593478739261627
04_2-3_GABA_138_70,2-3_GABA,138,70,66,0.24533899987753818,0.7476264238357544,0.0024709947772437024,0.24533899987753818,0.41177183389663696,0.17511826753616333,0.3058790789428067,0.0,26.0,11.0,1.9385336339473724
04_2-3_GABA_138_166,2-3_GABA,138,166,161,0.2351541587445307,0.6756288409233093,0.002447136284011822,0.2351541587445307,0.2807086408138275,0.13312631845474243,0.24539299439378348,2.0,19.0,9.0,1.6874920129776
04_2-3_GABA_138_231,2-3_GABA,138,231,227,0.28816671155065887,0.6876155734062195,0.026505133361368526,0.28816671155065887,0.17023533582687378,0.15042978525161743,0.28003306969156777,4.0,,9.0,2.473564565181732
04_2-3_GABA_138_263,2-3_GABA,138,263,259,0.2166862333459191,0.8462026119232178,0.0013417677620707845,0.2166862333459191,0.23404842615127563,0.12788307666778564,0.17803090462005997,0.0,1.0,9.0,1.8832314014434814
04_2-3_GABA_138_317,2-3_GABA,138,317,319,0.15610662775504786,0.9179341793060303,0.004154975216159342,0.15610662775504786,0.393174946308136,0.1103353202342987,0.13662144144324334,1.0,1.0,8.0,0.450021892786026
04_2-3_GABA_138_412,2-3_GABA,138,412,407,0.1731073016003171,0.7929450273513794,0.002318861986531938,0.1731073016003171,0.1943122148513794,0.07143044471740723,0.09900069442344762,0.0,6.0,5.0,0.7565130293369293
04_2-3_GABA_138_451,2-3_GABA,138,451,447,0.15994033362951302,0.8917527794837952,0.004615108011219939,0.15994033362951302,0.403836727142334,0.11384207010269165,0.1463433640003016,0.0,1.0,10.0,0.49092915654182434
04_2-3_GABA_138_522,2-3_GABA,138,522,521,0.21776198497464572,0.6583163142204285,0.025674191161769087,0.21776198497464572,0.34664809703826904,0.03675052523612976,0.05912572069995009,1.0,1.0,5.0,0.13711953163146973
04_2-3_GABA_138_569,2-3_GABA,138,569,566,0.18708561405579455,0.8418494462966919,0.007490357899636851,0.18708561405579455,0.20540958642959595,0.14608627557754517,0.20996551948351785,1.0,1.0,5.0,0.6394077837467194
04_2-3_GABA_138_596,2-3_GABA,138,596,591,0.10819825164058536,0.7268527746200562,0.018928975025730373,0.10819825164058536,0.18000704050064087,0.013086408376693726,0.018334302365028848,0.0,1.0,4.0,-0.8152912557125092
04_2-3_GABA_138_650,2-3_GABA,138,650,651,0.2040045865466237,0.6802497506141663,0.0042250935107130015,0.2040045865466237,0.16286635398864746,0.1276569366455078,0.23101447108711073,0.0,1.0,5.0,0.8804100751876831
04_2-3_GABA_138_816,2-3_GABA,138,816,811,0.4153762633332059,0.5632414221763611,0.4724216935286486,0.4153762633332059,0.18993452191352844,0.4286950007081032,3.1862237288060506,7.0,,15.0,7.639253653585911
04_2-3_GABA_140_77,2-3_GABA,140,77,73,0.21737750391669053,0.5092005133628845,0.0023487000582552986,0.21737750391669053,0.3470979183912277,0.24019365012645721,0.8928904163882002,1.0,11.0,9.0,1.9171653538942337
04_2-3_GABA_140_96,2-3_GABA,140,96,91,0.295039117873342,0.6056426763534546,0.006350559735374556,0.295039117873342,0.27321046590805054,0.2271481305360794,0.6001358092110503,4.0,,13.0,4.452875539660454
04_2-3_GABA_140_118,2-3_GABA,140,118,120,0.24833893076536995,0.7960517406463623,0.0017755115762073104,0.24833893076536995,0.29918307065963745,0.19903692603111267,0.3333869129518727,0.0,1.0,5.0,2.0337610244750977
04_2-3_GABA_140_170,2-3_GABA,140,170,166,0.1901320927138173,0.7566537261009216,0.010700262283022847,0.1901320927138173,0.4956709146499634,0.07263326644897461,0.10618580983079497,2.0,11.0,3.0,0.4625347852706909
04_2-3_GABA_140_208,2-3_GABA,140,208,203,0.1577131719007313,0.8163291215896606,0.006403560730316175,0.1577131719007313,0.3815210461616516,0.12512600421905518,0.18102638873366916,1.0,5.0,8.0,0.4282429814338684
04_2-3_GABA_140_340,2-3_GABA,140,340,335,0.24841800647550133,0.5301055312156677,0.046966232616525584,0.24841800647550133,0.3636743575334549,0.3389466479420662,1.7731148149518077,2.0,25.0,12.0,3.226136274635792
04_2-3_GABA_140_452,2-3_GABA,140,452,448,0.3551187608135503,0.6243281960487366,0.3969994376437287,0.3551187608135503,0.43143483996391296,0.35525695979595184,1.3203082006959603,8.0,,15.0,8.676015615463257
04_2-3_GABA_140_518,2-3_GABA,140,518,513,0.16544245031572472,0.8125497698783875,0.009574296632466995,0.16544245031572472,0.3447079062461853,0.08624684810638428,0.11874776421931893,1.0,1.0,3.0,0.21383881568908691
04_2-3_GABA_140_559,2-3_GABA,140,559,554,0.14105760545650503,0.7751747369766235,3.851145938208538e-05,0.14105760545650503,0.26585233211517334,0.08994871377944946,0.13126867739167386,0.0,2.0,6.0,-0.5042483508586884
04_2-3_GABA_140_635,2-3_GABA,140,635,632,0.21524701395707146,0.5331699252128601,0.016386385299408893,0.21524701395707146,0.2293097972869873,0.07176080346107483,0.15552532465900945,0.0,1.0,5.0,-0.07694309949874878
04_2-3_GABA_140_731,2-3_GABA,140,731,726,0.26483247242183383,0.4959358274936676,0.011785382976835504,0.26483247242183383,0.28073036670684814,0.2638235166668892,1.1366200945014775,1.0,28.0,7.0,3.1260950788855553
04_2-3_GABA_140_783,2-3_GABA,140,783,785,0.16085115139645273,0.4725094139575958,0.003136425471499143,0.16085115139645273,0.23602792620658875,0.17273615300655365,0.576222683966347,0.0,1.0,6.0,1.2456643879413605
04_2-3_GABA_140_826,2-3_GABA,140,826,824,0.27494225732496164,0.5801886320114136,0.013465827273164954,0.27494225732496164,0.22780421376228333,0.2067817747592926,0.5537706947349266,0.0,24.0,7.0,2.3081049025058746
04_2-3_GABA_141_73,2-3_GABA,141,73,78,0.2178015522153839,0.7034619450569153,0.004266916951300057,0.2178015522153839,0.2197812795639038,0.17703399062156677,0.3362929136456195,0.0,1.0,4.0,-1.0110601782798767
04_2-3_GABA_141_122,2-3_GABA,141,122,119,0.24559002833165508,0.6758167743682861,0.03535413531296303,0.24559002833165508,0.3198094964027405,0.09137797355651855,0.15635165466358042,1.0,23.0,3.0,1.6934418976306915
04_2-3_GABA_141_217,2-3_GABA,141,217,221,0.14911656472581636,0.8548586964607239,0.0002910407589920239,0.14911656472581636,0.3325961232185364,0.12308564782142639,0.16820194191395707,0.0,1.0,6.0,-0.11641082167625427
04_2-3_GABA_141_305,2-3_GABA,141,305,300,0.2170979370341617,0.6910271644592285,0.004283048520284385,0.2170979370341617,0.2917308807373047,0.13329994678497314,0.2390056331495515,0.0,3.0,9.0,0.9199634790420532
04_2-3_GABA_141_400,2-3_GABA,141,400,402,0.21733753219287744,0.5025376677513123,0.021451818985897427,0.21733753219287744,0.23919111490249634,0.11899872124195099,0.3102650260813774,0.0,5.0,7.0,0.7278039455413818
04_2-3_GABA_141_503,2-3_GABA,141,503,499,0.19811470225686903,0.548835277557373,0.0018583510831938182,0.19811470225686903,0.22769908607006073,0.2695799171924591,0.9653527038485079,2.0,1.0,6.0,1.5745877921581268
04_2-3_GABA_141_635,2-3_GABA,141,635,630,0.20563060138882877,0.32110053300857544,0.08202887096737703,0.20563060138882877,0.15963806211948395,0.11862855404615402,0.5859010943344973,3.0,,11.0,2.736671268939972
04_2-3_GABA_141_671,2-3_GABA,141,671,668,0.2505781822515347,0.5596411228179932,0.032430373990585404,0.2505781822515347,0.14938443899154663,0.1812879741191864,0.4791501663000648,2.0,41.0,7.0,2.3986692428588867
04_2-3_GABA_143_155,2-3_GABA,143,155,152,0.3559904185771279,0.5883823037147522,0.2779274427289839,0.3559904185771279,0.2721971347928047,0.34433235228061676,1.4109093251491414,0.0,,13.0,5.125846445560455
04_2-3_GABA_143_187,2-3_GABA,143,187,187,0.28547100797716807,0.7424241900444031,0.029827063386441248,0.28547100797716807,0.22400224208831787,0.1403895616531372,0.23319183819754832,0.0,26.0,6.0,2.242802917957306
04_2-3_GABA_143_256,2-3_GABA,143,256,256,0.2391155429991104,0.9499841332435608,0.04189768332232483,0.2391155429991104,0.4404335618019104,0.29801875352859497,0.4571082496111779,0.0,3.0,7.0,1.1557647287845612
04_2-3_GABA_143_305,2-3_GABA,143,305,309,0.09755717719304502,0.6929264068603516,0.09991607968957737,0.09755717719304502,0.5887764692306519,-0.0710952877998352,-0.09305401704784862,0.0,0.0,1.0,-3.078435778617859
04_2-3_GABA_143_384,2-3_GABA,143,384,379,0.24369739960894818,0.5319570302963257,0.010004213207508945,0.24369739960894818,0.19521760940551758,0.17455986142158508,0.4884198214865106,0.0,6.0,6.0,2.3969155102968216
04_2-3_GABA_143_466,2-3_GABA,143,466,462,0.28869706621884694,0.6096717715263367,0.08585966161837036,0.28869706621884694,0.2998674809932709,0.29994457960128784,0.9684153907735414,5.0,49.0,12.0,3.848981484770775
04_2-3_GABA_143_565,2-3_GABA,143,565,560,0.13171289303023725,0.5545873641967773,0.0034600562860514885,0.13171289303023725,0.3225052058696747,0.14736956357955933,0.36189371721027913,1.0,1.0,4.0,0.10234111547470093
04_2-3_GABA_143_665,2-3_GABA,143,665,661,0.18807999350018956,0.3755313754081726,0.003575403763105231,0.18807999350018956,0.5110585987567902,0.19247866421937943,1.0514931080199337,1.0,19.0,7.0,1.4855091720819473
04_2-3_GABA_143_700,2-3_GABA,143,700,696,0.2597435547954605,0.469041109085083,0.007211405690486774,0.2597435547954605,0.26361002027988434,0.17535223066806793,0.597067997988952,0.0,17.0,5.0,2.38729989528656
04_2-3_GABA_143_776,2-3_GABA,143,776,772,0.322745144353159,0.5175219774246216,0.21803214426196127,0.322745144353159,0.3067895174026489,0.24562089145183563,0.9033464893053769,2.0,,8.0,4.514915086328983
04_2-3_GABA_143_822,2-3_GABA,143,822,818,0.2259654507514176,0.6574496030807495,0.019801852282050704,0.2259654507514176,0.27553439140319824,0.13792213797569275,0.2654761244389701,0.0,17.0,10.0,2.658807396888733
04_2-3_GABA_149_434,2-3_GABA,149,434,429,0.3390371593927852,0.46237704157829285,0.1032320640059832,0.3390371593927852,0.27844902873039246,0.3620218075811863,3.607403352690345,5.0,,17.0,6.141774766147137
04_2-3_GABA_149_520,2-3_GABA,149,520,515,0.371976443591339,0.589503288269043,0.1302744260150298,0.371976443591339,0.16267231106758118,0.2319931536912918,0.6489135027327121,6.0,,11.0,5.005750045180321
04_2-3_GABA_149_728,2-3_GABA,149,728,723,0.3807188964479984,0.5307984352111816,0.2901765034915324,0.3807188964479984,0.2122744917869568,0.3034670650959015,1.3349106414218714,4.0,,15.0,6.998521104454994
04_2-3_GABA_149_850,2-3_GABA,149,850,845,0.2827078179364748,0.7155174016952515,0.027912307914505798,0.2827078179364748,0.19228550791740417,0.3109585642814636,0.7686361921279977,3.0,,12.0,3.4608990252017975
04_2-3_GABA_150_89,2-3_GABA,150,89,84,0.3229261787502178,0.7940599918365479,0.005733055778503556,0.3229261787502178,0.14446097612380981,0.2011171281337738,0.3391846676049858,3.0,,15.0,3.3155426383018494
04_2-3_GABA_150_237,2-3_GABA,150,237,232,0.35759152045063725,0.6875154972076416,0.038833792003945836,0.35759152045063725,0.1530267894268036,0.18182656168937683,0.35956207248835387,3.0,,13.0,4.359223127365112
04_2-3_GABA_150_448,2-3_GABA,150,448,443,0.4414104102466253,0.6722903847694397,0.090273884350849,0.4414104102466253,0.1201927661895752,0.4225722625851631,1.6921970215414757,4.0,,16.0,7.591669976711273
04_2-3_GABA_150_544,2-3_GABA,150,544,539,0.2828439207414812,0.7395657896995544,0.004162308134495418,0.2828439207414812,0.2530764937400818,0.16877013444900513,0.29567522614537756,2.0,,14.0,2.8523989021778107
04_2-3_GABA_150_688,2-3_GABA,150,688,683,0.39334007337488663,0.7116336226463318,0.03753123099717232,0.39334007337488663,0.2329196035861969,0.3205963522195816,0.8198613699141916,3.0,,14.0,6.013625651597977
04_2-3_GABA_151_107,2-3_GABA,151,107,102,0.4679735834575484,0.54990553855896,0.25157872353500166,0.4679735834575484,0.4585355967283249,0.3031950891017914,1.2289511440188474,5.0,,13.0,7.450770258903503
04_2-3_GABA_151_185,2-3_GABA,151,185,181,0.17693944366297212,0.9466397762298584,0.0011260451584378574,0.17693944366297212,0.3778161406517029,0.25025248527526855,0.3593582027211164,0.0,1.0,4.0,0.5839488804340363
04_2-3_GABA_151_213,2-3_GABA,151,213,217,0.1784619711628807,0.8733623623847961,0.0058097811977793805,0.1784619711628807,0.2828010320663452,0.13315168023109436,0.1798834891759181,1.0,2.0,8.0,0.6629103422164917
04_2-3_GABA_151_306,2-3_GABA,151,306,302,0.22874841806339558,0.8126840591430664,0.004191891131193069,0.22874841806339558,0.3204743266105652,0.11076697707176208,0.1578063561936648,0.0,14.0,4.0,0.6920463442802429
04_2-3_GABA_151_384,2-3_GABA,151,384,379,0.23386357661290313,0.7956660985946655,0.005725005376072383,0.23386357661290313,0.2000715136528015,0.15811049938201904,0.24799484088490267,2.0,14.0,12.0,1.6462790071964264
04_2-3_GABA_151_428,2-3_GABA,151,428,427,0.0739592377321332,0.5946417450904846,0.018126622690180793,0.0739592377321332,0.37103521823883057,-0.03680980205535889,-0.05829394546856197,0.0,0.0,4.0,-1.7133421003818512
04_2-3_GABA_151_463,2-3_GABA,151,463,458,0.3477887105818961,0.7125812768936157,0.04285344644582403,0.3477887105818961,0.4630407691001892,0.19918900728225708,0.3879859886340799,3.0,,13.0,2.5375687330961227
04_2-3_GABA_151_638,2-3_GABA,151,638,633,0.4251218890681778,0.45513778924942017,0.1648806122359524,0.4251218890681778,0.33092131465673447,0.3111020401120186,2.1598946232108367,4.0,,14.0,6.661398934200406
04_2-3_GABA_151_692,2-3_GABA,151,692,688,0.2882749810151066,0.8333109617233276,0.012136098223034244,0.2882749810151066,0.21654003858566284,0.23657262325286865,0.3964428091870956,0.0,10.0,13.0,3.900190144777298
04_2-3_GABA_151_744,2-3_GABA,151,744,749,0.1473764004260396,0.8908147215843201,0.004087726967443776,0.1473764004260396,0.6558953523635864,0.08301576972007751,0.10276786015690327,0.0,1.0,1.0,-0.8185824453830719
04_2-3_GABA_152_206,2-3_GABA,152,206,202,0.41753803597646977,0.5627217888832092,0.8199495690321073,0.41753803597646977,0.45113426446914673,0.37052594125270844,1.927856120830715,6.0,,13.0,7.334173746407032
04_2-3_GABA_152_292,2-3_GABA,152,292,290,0.09056694486209352,0.823674201965332,0.009430477712831073,0.09056694486209352,0.34119686484336853,0.18400919437408447,0.28766493741309707,0.0,1.0,3.0,-1.665198653936386
04_2-3_GABA_152_542,2-3_GABA,152,542,538,0.060941369248603175,0.3720913529396057,0.004115576023775918,0.060941369248603175,0.19915422797203064,0.17521049082279205,0.8899315501718795,0.0,6.0,2.0,0.7108555138111115
04_2-3_GABA_152_720,2-3_GABA,152,720,722,0.0658891554170444,0.2881571054458618,0.022055363071195846,0.0658891554170444,0.12851542979478836,0.13191300630569458,0.8442751248311456,0.0,1.0,5.0,0.564248476177454
04_2-3_GABA_155_81,2-3_GABA,155,81,82,0.36678137661103527,0.6511512398719788,0.027734305928959046,0.36678137661103527,0.30145567655563354,0.31731322407722473,0.9505005693309391,0.0,1.0,9.0,3.5781638771295547
04_2-3_GABA_155_262,2-3_GABA,155,262,261,0.3883232891510592,0.40165379643440247,0.12941409749639593,0.3883232891510592,0.30876535177230835,0.20281130075454712,1.0199595416519098,2.0,,8.0,3.66152126272209
04_2-3_GABA_155_379,2-3_GABA,155,379,374,0.31713094649691054,0.7305217385292053,0.03384916031480252,0.31713094649691054,0.35492491722106934,0.22630804777145386,0.44883360352899093,1.0,,16.0,4.050508350133896
04_2-3_GABA_155_426,2-3_GABA,155,426,423,0.17841662819909834,0.9631591439247131,0.0018280722513452634,0.17841662819909834,0.313481867313385,0.24993398785591125,0.35042789185046797,0.0,1.0,4.0,0.8459289073944092
04_2-3_GABA_155_650,2-3_GABA,155,650,646,0.45603176803804246,0.4592980146408081,0.378137675353001,0.45603176803804246,0.4341133087873459,0.3205920681357384,2.3113073102746946,6.0,,12.0,8.171527348458767
04_2-3_GABA_155_679,2-3_GABA,155,679,675,0.23061614643302997,0.9177961349487305,0.001877531249000724,0.23061614643302997,0.42551398277282715,0.21465173363685608,0.3052740421972711,2.0,3.0,8.0,2.717411071062088
04_2-3_GABA_155_733,2-3_GABA,155,733,730,0.12318283273255748,0.8161054253578186,0.0015005668673232387,0.12318283273255748,0.31558001041412354,0.0809265673160553,0.11007738651736106,0.0,1.0,5.0,-0.013954728841781616
04_2-3_GABA_155_790,2-3_GABA,155,790,786,0.18208015653363727,0.7929655313491821,0.024166761071643048,0.18208015653363727,0.44948717951774597,0.22751206159591675,0.4023532859303016,1.0,1.0,4.0,-0.7305640876293182
04_2-3_GABA_155_809,2-3_GABA,155,809,805,0.24977574088380328,0.8015305399894714,0.0017059206867142168,0.24977574088380328,0.394859254360199,0.2654878497123718,0.4952737058593816,0.0,9.0,11.0,2.758333832025528
04_2-3_GABA_156_117,2-3_GABA,156,117,114,0.1976022148055541,0.46700236201286316,0.05542712228244403,0.1976022148055541,0.28910988569259644,0.2687568962574005,1.355677393342828,1.0,,9.0,2.629276253283024
04_2-3_GABA_156_209,2-3_GABA,156,209,204,0.2712268597027605,0.498991996049881,0.13053469245505922,0.2712268597027605,0.3212905824184418,0.1745053380727768,0.537788946888195,0.0,,9.0,3.1364462673664093
04_2-3_GABA_156_261,2-3_GABA,156,261,261,0.26096783012871705,0.6704227924346924,0.02481852901480187,0.26096783012871705,0.20811617374420166,0.13733240962028503,0.2576156202542048,0.0,3.0,7.0,1.19552481174469
04_2-3_GABA_156_393,2-3_GABA,156,393,390,0.25530409004425203,0.4956057667732239,0.06172177822192718,0.25530409004425203,0.44919055700302124,0.05819551646709442,0.13304561661818678,0.0,11.0,7.0,1.2336790263652802
04_2-3_GABA_156_445,2-3_GABA,156,445,441,0.2535464774515497,0.930450439453125,0.04206682434708353,0.2535464774515497,0.26479339599609375,0.3722269833087921,0.6668064181318637,0.0,12.0,7.0,2.389159619808197
04_2-3_GABA_156_490,2-3_GABA,156,490,485,0.2208595131930313,0.8887304663658142,0.0030474742049940028,0.2208595131930313,0.2900031805038452,0.20499178767204285,0.29981013808325635,2.0,2.0,7.0,0.8831421136856079
04_2-3_GABA_156_517,2-3_GABA,156,517,514,0.1922122691501053,0.8648512959480286,0.016968273923608158,0.1922122691501053,0.12449061870574951,0.12345477938652039,0.16651653552283485,4.0,2.0,8.0,1.8347487449645996
04_2-3_GABA_156_584,2-3_GABA,156,584,583,0.1941772293245116,0.9273688197135925,0.012499294092041736,0.1941772293245116,0.29387086629867554,0.21165084838867188,0.2957182254301491,0.0,2.0,6.0,1.153850495815277
04_2-3_GABA_156_612,2-3_GABA,156,612,607,0.13566554787272048,0.9792127013206482,0.033962877063041214,0.13566554787272048,0.2315729260444641,0.1999381184577942,0.25656953640560565,0.0,1.0,4.0,-0.252948522567749
04_2-3_GABA_156_648,2-3_GABA,156,648,653,0.09169939276969584,0.7888655066490173,0.0044327035483944415,0.09169939276969584,0.24116665124893188,0.10818493366241455,0.1589364203355101,0.0,1.0,5.0,-0.8943493366241455
04_2-3_GABA_157_110,2-3_GABA,157,110,105,0.21950748137763829,0.5596641898155212,0.01295965199557781,0.21950748137763829,0.3422524034976959,0.11354430019855499,0.25451521629318724,1.0,12.0,6.0,1.4238895028829575
04_2-3_GABA_157_212,2-3_GABA,157,212,216,0.245084893034735,0.7720747590065002,0.07550919765744968,0.245084893034735,0.32842499017715454,0.2890784591436386,0.5985107116259842,0.0,4.0,8.0,3.256296917796135
04_2-3_GABA_157_308,2-3_GABA,157,308,304,0.30603739544627606,0.6364094614982605,0.015413171276638136,0.30603739544627606,0.42444199323654175,0.15173247456550598,0.3130589622703869,1.0,27.0,8.0,2.431715101003647
04_2-3_GABA_157_378,2-3_GABA,157,378,375,0.17340183218616817,0.5908054709434509,0.0037558231652941084,0.17340183218616817,0.2942144274711609,0.07895782589912415,0.15426040671201346,0.0,1.0,1.0,-0.14594846963882446
04_2-3_GABA_157_455,2-3_GABA,157,455,450,0.27177661845700296,0.6536608934402466,0.06817270997131158,0.27177661845700296,0.2871743440628052,0.26856330037117004,0.6973902335530743,2.0,4.0,8.0,3.3712784945964813
04_2-3_GABA_157_520,2-3_GABA,157,520,515,0.13962327585380116,0.7412317991256714,0.0026763730602481096,0.13962327585380116,0.36307117342948914,0.13028830289840698,0.21325753314827192,0.0,6.0,13.0,0.6424329876899719
04_2-3_GABA_157_632,2-3_GABA,157,632,628,0.29296236490226135,0.4502878487110138,0.20960462939443164,0.29296236490226135,0.6668978035449982,0.14269563555717468,0.4639117294097654,2.0,19.0,7.0,2.8977760821580887
04_2-3_GABA_157_690,2-3_GABA,157,690,686,0.16634340399158554,0.5048080682754517,0.007968386325408151,0.16634340399158554,0.3573632836341858,0.10968312621116638,0.27759099599772,1.0,2.0,6.0,0.5008981451392174
04_2-3_GABA_157_737,2-3_GABA,157,737,737,0.346130240401161,0.5711476802825928,0.23180651605449956,0.346130240401161,0.2966640889644623,0.1570456475019455,0.3792438458884206,0.0,1.0,7.0,2.4950661063194275
04_2-3_GABA_157_761,2-3_GABA,157,761,756,0.2821788800306942,0.8989394307136536,0.018175635133324722,0.2821788800306942,0.24895519018173218,0.30991968512535095,0.5261617924468875,6.0,24.0,14.0,5.586078435182571
04_2-3_GABA_157_826,2-3_GABA,157,826,821,0.22566393954872313,0.8205682635307312,0.003192005204123212,0.22566393954872313,0.417410671710968,0.19403231143951416,0.3096906263589246,2.0,1.0,7.0,1.2159693241119385
04_2-3_GABA_157_858,2-3_GABA,157,858,853,0.17857074063270442,0.807294487953186,0.016837477059160152,0.17857074063270442,0.2870643138885498,0.08982419967651367,0.12519570655987286,2.0,3.0,6.0,0.6904050409793854
04_2-3_GABA_158_133,2-3_GABA,158,133,128,0.26052944674183065,0.3945254385471344,0.05610742166441941,0.26052944674183065,0.520149732939899,0.2216666042804718,1.2823562372202242,4.0,27.0,12.0,2.979699713177979
04_2-3_GABA_158_184,2-3_GABA,158,184,181,0.24386298602257397,0.5287912487983704,0.05258804853403515,0.24386298602257397,0.22558045387268066,0.22670108079910278,0.7504417714106221,1.0,,8.0,2.262769877910614
04_2-3_GABA_158_207,2-3_GABA,158,207,205,0.26969905813559175,0.8189464807510376,0.09593128320120091,0.26969905813559175,0.27962952852249146,0.3991405516862869,0.9507739744779157,0.0,1.0,9.0,3.9267840534448624
04_2-3_GABA_158_232,2-3_GABA,158,232,228,0.26723325979949397,0.8420520424842834,0.14932541846858716,0.26723325979949397,0.3398042917251587,0.23479238152503967,0.3866424803421905,1.0,27.0,11.0,2.8856168687343597
04_2-3_GABA_158_245,2-3_GABA,158,245,247,0.18502058118258816,0.827464759349823,0.014472842406465259,0.18502058118258816,0.2039334774017334,0.11915615200996399,0.168226322220578,0.0,5.0,6.0,2.168871685862541
04_2-3_GABA_158_348,2-3_GABA,158,348,344,0.1267548708105428,0.5615995526313782,0.027662974374185658,0.1267548708105428,0.43836331367492676,0.14794962108135223,0.3576686705276525,0.0,2.0,4.0,-0.14222458004951477
04_2-3_GABA_158_377,2-3_GABA,158,377,376,0.2071559639917808,0.5628615021705627,0.034011432629640265,0.2071559639917808,0.36306294798851013,0.16909374296665192,0.42942505833517847,0.0,4.0,6.0,1.7845503985881805
04_2-3_GABA_158_407,2-3_GABA,158,407,404,0.22282579993408483,0.6142899990081787,0.00756560703718079,0.22282579993408483,0.23754268884658813,0.09524509310722351,0.18350067985331175,1.0,13.0,6.0,1.3619765639305115
04_2-3_GABA_158_482,2-3_GABA,158,482,487,0.15871708726357187,0.6187288761138916,0.017549366498887924,0.15871708726357187,0.24056363105773926,0.08900147676467896,0.1680137309756304,2.0,1.0,2.0,-0.7386216074228287
04_2-3_GABA_158_532,2-3_GABA,158,532,537,0.18610564026415477,0.5242495536804199,0.027721668239494075,0.18610564026415477,0.4276902675628662,0.10360927879810333,0.24631326333906167,0.0,2.0,5.0,-0.5080587267875671
04_2-3_GABA_158_665,2-3_GABA,158,665,660,0.19076607491974132,0.42001116275787354,0.006936158650698313,0.19076607491974132,0.25947248935699463,0.19541503489017487,0.8700730361891488,0.0,7.0,11.0,3.0859175622463226
04_2-3_GABA_158_774,2-3_GABA,158,774,769,0.2810483480770896,0.5049936771392822,0.15969706798433372,0.2810483480770896,0.2092646360397339,0.24739083647727966,0.9603575637656809,5.0,,17.0,4.972160816192627
04_2-3_GABA_158_801,2-3_GABA,158,801,806,0.17867484140191975,0.6570751667022705,0.00028231086916230807,0.17867484140191975,0.48728495836257935,0.13266614079475403,0.25298218421234936,4.0,1.0,4.0,0.8004214018583298
04_2-3_GABA_158_856,2-3_GABA,158,856,851,0.20881261655989544,0.749708354473114,0.05877667026123176,0.20881261655989544,0.4363619089126587,0.1586587131023407,0.2684355120060245,1.0,6.0,6.0,0.7702195048332214
04_2-3_GABA_159_342,2-3_GABA,159,342,339,0.3295775100531941,0.42187660932540894,0.1105110354768154,0.3295775100531941,0.11469602584838867,0.29493385553359985,2.323361095642391,2.0,,13.0,4.8708298075944185
04_2-3_GABA_159_459,2-3_GABA,159,459,456,0.3466716476144803,0.5600724816322327,0.08303526789877311,0.3466716476144803,0.3358217626810074,0.25574079155921936,0.8403357254640937,2.0,,12.0,4.6833832412958145
04_2-3_GABA_159_503,2-3_GABA,159,503,499,0.25391504003039295,0.7989717721939087,0.004414349321600268,0.25391504003039295,0.23789793252944946,0.18523433804512024,0.3018136547301005,0.0,5.0,7.0,1.7904883325099945
04_2-3_GABA_159_630,2-3_GABA,159,630,626,0.23942626840029962,0.6287968754768372,0.010694924381807806,0.23942626840029962,0.41429996490478516,0.22827206552028656,0.5699323983077348,3.0,,12.0,2.3437132388353348
04_2-3_GABA_159_822,2-3_GABA,159,822,817,0.286404425068432,0.5323585867881775,0.16949956612836262,0.286404425068432,0.36286991834640503,0.25400306284427643,0.9125131028312822,4.0,,8.0,4.066689297556877
04_2-3_GABA_163_116,2-3_GABA,163,116,111,0.25470323153150787,0.5910351276397705,0.005179012918305222,0.25470323153150787,0.2921074330806732,0.20143362879753113,0.5170247788987519,3.0,24.0,12.0,3.1398517936468124
04_2-3_GABA_163_172,2-3_GABA,163,172,167,0.3091284824487815,0.6541115045547485,0.2658598850632968,0.3091284824487815,0.19723421335220337,0.1495632529258728,0.2964300291261046,3.0,,10.0,3.0157318264245987
04_2-3_GABA_163_283,2-3_GABA,163,283,282,0.29018383240910106,0.7982365489006042,0.004265033620525476,0.29018383240910106,0.2153782844543457,0.2508450448513031,0.4582552761518757,1.0,2.0,11.0,3.8855411410331726
04_2-3_GABA_163_296,2-3_GABA,163,296,301,0.1896621361337253,0.9335482716560364,0.05866722425771011,0.1896621361337253,0.3002665042877197,0.29379376769065857,0.4592289165135101,9.0,1.0,11.0,3.2545477747917175
04_2-3_GABA_163_377,2-3_GABA,163,377,374,0.23667023697468875,0.7648621201515198,0.04617698028245076,0.23667023697468875,0.180198073387146,0.1261550784111023,0.19751634186988357,3.0,4.0,7.0,1.9553065598011017
04_2-3_GABA_163_440,2-3_GABA,163,440,435,0.09674395963936028,0.7734194993972778,0.06836384271886654,0.09674395963936028,0.13423854112625122,0.157003253698349,0.2547033028312379,0.0,1.0,3.0,-0.7425663769245148
04_2-3_GABA_163_507,2-3_GABA,163,507,507,0.1856741425311595,0.596588134765625,0.008436443483425786,0.1856741425311595,0.39423036575317383,0.19136731326580048,0.47225439343788345,0.0,1.0,11.0,1.712448239326477
04_2-3_GABA_163_592,2-3_GABA,163,592,588,0.2770427975885976,0.5681751370429993,0.08253528586838993,0.2770427975885976,0.36256399750709534,0.1993068903684616,0.540319998170825,1.0,34.0,10.0,3.438301831483841
04_2-3_GABA_163_704,2-3_GABA,163,704,699,0.11296769121964287,0.6212182641029358,0.004387768220954511,0.11296769121964287,0.39695343375205994,0.21312524378299713,0.5222467260427787,1.0,1.0,4.0,0.16099917888641357
04_2-3_GABA_163_760,2-3_GABA,163,760,755,0.08531124648504267,0.5262540578842163,0.006857113619408542,0.08531124648504267,0.26919904351234436,0.1477365791797638,0.390303189394107,2.0,1.0,3.0,-0.22341834008693695
04_2-3_GABA_164_80,2-3_GABA,164,80,75,0.38737794364005446,0.5862041115760803,0.16775726666803234,0.38737794364005446,0.42686232924461365,0.2747292071580887,0.8820267805248568,2.0,,11.0,5.715113252401352
04_2-3_GABA_164_193,2-3_GABA,164,193,190,0.3209609526522253,0.6755589842796326,0.0319607069687808,0.3209609526522253,0.7079612612724304,0.2637052685022354,0.6402886714387821,1.0,1.0,9.0,2.783821940422058
04_2-3_GABA_164_263,2-3_GABA,164,263,259,0.2956812053995938,0.8654706478118896,0.0318864268543062,0.2956812053995938,0.3756376802921295,0.3406742811203003,0.6491551823576299,0.0,2.0,8.0,1.8471942991018295
04_2-3_GABA_164_343,2-3_GABA,164,343,340,0.07061504761145634,0.451532244682312,0.02602217137190487,0.07061504761145634,0.37497296929359436,0.05841796100139618,0.14860299771964797,0.0,2.0,6.0,-1.6020014137029648
04_2-3_GABA_164_437,2-3_GABA,164,437,436,0.2916322624943153,0.35051822662353516,0.07803098997376222,0.2916322624943153,0.39511537551879883,0.22138911858201027,1.7144788029575542,3.0,1.0,7.0,4.034376256167889
04_2-3_GABA_164_521,2-3_GABA,164,521,518,0.28489637791079525,0.446811705827713,0.023843757934438825,0.28489637791079525,0.28579050302505493,0.18138176202774048,0.683350790913136,0.0,26.0,10.0,1.9358831942081451
04_2-3_GABA_164_607,2-3_GABA,164,607,603,0.28623163715848227,0.5848504304885864,0.017220363819517456,0.28623163715848227,0.3675970435142517,0.2721216082572937,0.8701519940366541,1.0,12.0,7.0,1.7902283370494843
04_2-3_GABA_164_680,2-3_GABA,164,680,675,0.4130128468374413,0.5620425939559937,0.09359966297176589,0.4130128468374413,0.19228793680667877,0.2424696534872055,0.7587302389605383,5.0,,10.0,6.024560034275055
04_2-3_GABA_164_762,2-3_GABA,164,762,762,0.08824927484349057,0.495673805475235,0.017244829206303398,0.08824927484349057,0.4026258587837219,0.014787182211875916,0.03074983061813651,0.0,1.0,2.0,-1.3758338242769241
04_2-3_GABA_164_826,2-3_GABA,164,826,821,0.26861764370721386,0.5962046384811401,0.010345272752577763,0.26861764370721386,0.3260401487350464,0.27509282529354095,0.8566885863299799,3.0,29.0,13.0,2.882397249341011
04_2-3_GABA_165_84,2-3_GABA,165,84,80,0.07357465325440826,0.670314610004425,0.012032794237949111,0.07357465325440826,0.35410961508750916,0.14008936285972595,0.2642072659008925,0.0,1.0,3.0,-0.6916700303554535
04_2-3_GABA_165_277,2-3_GABA,165,277,273,0.1696326515672799,0.33316507935523987,0.0005620681813838596,0.1696326515672799,0.33388087153434753,0.18555574119091034,1.2570731872284129,1.0,,14.0,2.5925460271537304
04_2-3_GABA_165_348,2-3_GABA,165,348,344,0.24540301903941267,0.4383620619773865,0.03897823439163632,0.24540301903941267,0.20736093819141388,0.13973985612392426,0.46794864341902426,9.0,44.0,9.0,3.7447612658143044
04_2-3_GABA_165_398,2-3_GABA,165,398,395,0.0855266233566972,0.5017771124839783,0.014913905737776201,0.0855266233566972,0.2933184802532196,0.04516911506652832,0.09892317988734842,0.0,1.0,4.0,-0.8082973510026932
04_2-3_GABA_165_459,2-3_GABA,165,459,455,0.37908562813114227,0.6428528428077698,0.05048930085181194,0.37908562813114227,0.39238572120666504,0.33180005848407745,1.066700171822911,4.0,,15.0,5.431606650352478
04_2-3_GABA_165_502,2-3_GABA,165,502,498,0.24658830950198785,0.8873869180679321,0.006263160110547463,0.24658830950198785,0.32546335458755493,0.26700106263160706,0.43037902990844606,0.0,1.0,9.0,1.730587288737297
04_2-3_GABA_165_626,2-3_GABA,165,626,624,0.37280084864761026,0.5830973386764526,0.11932342651817593,0.37280084864761026,0.2706103026866913,0.19206751883029938,0.49118381535675826,0.0,,10.0,4.233614563941956
04_2-3_GABA_165_746,2-3_GABA,165,746,750,0.13470555641067522,0.6017051339149475,0.00669175973705363,0.13470555641067522,0.42885273694992065,0.16281601786613464,0.37097301325655657,1.0,2.0,10.0,0.7570978254079819
04_2-3_GABA_165_818,2-3_GABA,165,818,816,0.3856429650216916,0.6819190382957458,0.176400512990771,0.3856429650216916,0.44257161021232605,0.2984635531902313,0.778352546210426,2.0,,8.0,5.440754368901253
04_2-3_GABA_166_63,2-3_GABA,166,63,65,0.24927775958527285,0.45520833134651184,0.40912750203962034,0.24927775958527285,0.304579958319664,0.2990961968898773,1.9159061397175472,0.0,3.0,10.0,2.678919803351164
04_2-3_GABA_166_162,2-3_GABA,166,162,163,0.2527069556082524,0.5937116146087646,0.047002146425870195,0.2527069556082524,0.38222628831863403,0.29474937915802,0.9859083998138665,0.0,1.0,7.0,1.9460849612951279
04_2-3_GABA_166_208,2-3_GABA,166,208,204,0.19096501022279844,0.649246871471405,0.021114360399326147,0.19096501022279844,0.5852183401584625,0.18588975071907043,0.40118030433469676,0.0,2.0,7.0,0.8749625235795975
04_2-3_GABA_166_231,2-3_GABA,166,231,229,0.21983252744073745,0.6705209612846375,0.0017360330897056582,0.21983252744073745,0.2927666902542114,0.1659741997718811,0.32895702129620114,1.0,1.0,6.0,1.5026912987232208
04_2-3_GABA_166_266,2-3_GABA,166,266,261,0.2445656465833354,0.7273883819580078,0.04737986863851063,0.2445656465833354,0.44031256437301636,0.16959857940673828,0.30405464322046216,0.0,4.0,8.0,1.52064910531044
04_2-3_GABA_166_324,2-3_GABA,166,324,329,0.11246881078807514,0.6496918797492981,0.0031868312438353384,0.11246881078807514,0.3800552487373352,0.1082548201084137,0.1999398049705264,0.0,1.0,2.0,-0.4480893611907959
04_2-3_GABA_166_413,2-3_GABA,166,413,412,0.2278893996045327,0.5273761749267578,0.04404533136054226,0.2278893996045327,0.40994924306869507,0.14456671476364136,0.3776466618720472,1.0,2.0,7.0,1.2733237594366074
04_2-3_GABA_166_446,2-3_GABA,166,446,446,0.2163604524640152,0.687501847743988,0.0055997695698510805,0.2163604524640152,0.2856650650501251,0.17797285318374634,0.349288961146066,0.0,3.0,1.0,1.7494817674160004
04_2-3_GABA_166_531,2-3_GABA,166,531,528,0.2249892286922595,0.5976985096931458,0.061887043005385195,0.2249892286922595,0.35754308104515076,0.15129120647907257,0.33890844838289164,0.0,5.0,11.0,1.2643559128046036
04_2-3_GABA_166_573,2-3_GABA,166,573,570,0.24409886866635028,0.7937362790107727,0.072642810961479,0.24409886866635028,0.6234671473503113,0.26539838314056396,0.5023269866028343,0.0,2.0,10.0,1.5416832864284515
04_2-3_GABA_166_614,2-3_GABA,166,614,615,0.17829412339123835,0.7231045961380005,0.0015938394832781275,0.17829412339123835,0.5239552855491638,0.16721683740615845,0.3008104330047375,0.0,1.0,5.0,0.736450582742691
04_2-3_GABA_166_647,2-3_GABA,166,647,642,0.09424366501819695,0.7270527482032776,0.039075656478037735,0.09424366501819695,0.33013710379600525,0.14229798316955566,0.24334642773086176,2.0,1.0,4.0,-1.3453729003667831
04_2-3_GABA_166_690,2-3_GABA,166,690,688,0.30131621817758786,0.7250885367393494,0.44756680785482156,0.30131621817758786,0.2397593855857849,0.23257821798324585,0.4722301424478806,0.0,,6.0,3.100240081548691
04_2-3_GABA_166_754,2-3_GABA,166,754,755,0.2225658280292769,0.8333973288536072,0.008131394514886633,0.2225658280292769,0.2638755440711975,0.07542222738265991,0.09950488774142247,0.0,1.0,4.0,-1.1772722005844116
04_2-3_GABA_166_805,2-3_GABA,166,805,808,0.13150815798907,0.8764169812202454,0.0033824768478934305,0.13150815798907,0.5317938923835754,0.1095798909664154,0.14289852741752943,0.0,1.0,1.0,-0.09702935814857483
04_2-3_GABA_167_120,2-3_GABA,167,120,118,0.1776526693978157,0.441332072019577,0.09045368752903601,0.1776526693978157,0.21411186456680298,0.11521883308887482,0.35330927829445885,0.0,1.0,6.0,1.217073231935501
04_2-3_GABA_167_209,2-3_GABA,167,209,204,0.17011215685600956,0.46121808886528015,0.03458207438226193,0.17011215685600956,0.21337240934371948,0.10469043254852295,0.29363902264993064,1.0,8.0,4.0,1.4096797555685043
04_2-3_GABA_167_375,2-3_GABA,167,375,370,0.28291908680486555,0.772433340549469,0.6241517892400339,0.28291908680486555,0.4011754095554352,0.3240174800157547,0.7225825590337105,4.0,48.0,12.0,5.174323782324791
04_2-3_GABA_167_398,2-3_GABA,167,398,393,0.18312117846571724,0.8684692978858948,0.004578128908353174,0.18312117846571724,0.29772841930389404,0.2113448977470398,0.3216208342018363,0.0,5.0,8.0,1.7589945495128632
04_2-3_GABA_167_438,2-3_GABA,167,438,433,0.21490991331542142,0.886103630065918,0.13270270670602397,0.21490991331542142,0.4147621989250183,0.18041864037513733,0.2556645571477916,2.0,7.0,7.0,1.5538863837718964
04_2-3_GABA_167_468,2-3_GABA,167,468,463,0.1622786857954126,0.8824626207351685,0.0052967173837258855,0.1622786857954126,0.1652873158454895,0.1316421926021576,0.17533112801618744,1.0,2.0,6.0,0.6575780808925629
04_2-3_GABA_167_509,2-3_GABA,167,509,506,0.22372983321102574,0.8850474953651428,0.019193633371013853,0.22372983321102574,0.36975306272506714,0.19542855024337769,0.2833862840135158,0.0,1.0,5.0,0.7485761344432831
04_2-3_GABA_167_588,2-3_GABA,167,588,586,0.11827341636474911,0.7081433534622192,0.0024542331968025613,0.11827341636474911,0.2052580714225769,0.11659711599349976,0.1971056675001932,0.0,1.0,4.0,-0.31370243430137634
04_2-3_GABA_167_718,2-3_GABA,167,718,721,0.10020114019755996,0.4448009133338928,0.03007784402043219,0.10020114019755996,0.26439169049263,0.11307021975517273,0.340849435834134,0.0,1.0,5.0,0.3637215495109558
04_2-3_GABA_167_836,2-3_GABA,167,836,836,0.074260413576304,0.3313298225402832,0.004049995153683402,0.074260413576304,0.369610533118248,0.09554179757833481,0.4052020775599329,0.0,1.0,5.0,0.3528890982270241
04_2-3_GABA_171_68,2-3_GABA,171,68,64,0.20276299047084081,0.461723655462265,0.054100372564999756,0.20276299047084081,0.2711731791496277,0.08831420540809631,0.23650768719239698,1.0,10.0,2.0,1.1108860969543457
04_2-3_GABA_171_164,2-3_GABA,171,164,159,0.16395829436567025,0.5191556811332703,0.029123713052346265,0.16395829436567025,0.3850984573364258,0.18482008576393127,0.5527981116092691,0.0,10.0,8.0,1.3754547983407974
04_2-3_GABA_171_264,2-3_GABA,171,264,260,0.26118259429462554,0.6528531312942505,0.12253609255013267,0.26118259429462554,0.29084163904190063,0.19218267500400543,0.4171803778163731,1.0,34.0,4.0,3.3959098905324936
04_2-3_GABA_171_306,2-3_GABA,171,306,305,0.1294062409305728,0.6069534420967102,0.17615017874365974,0.1294062409305728,0.1928650438785553,0.0457645058631897,0.0815491947691326,0.0,1.0,2.0,-1.2738472521305084
04_2-3_GABA_171_327,2-3_GABA,171,327,325,0.15041009770556923,0.6336926221847534,0.04081636340473732,0.15041009770556923,0.290173202753067,0.14922457933425903,0.3080173842969233,1.0,1.0,7.0,1.177811786532402
04_2-3_GABA_171_409,2-3_GABA,171,409,410,0.16482883496541825,0.5030898451805115,0.0030253678337079444,0.16482883496541825,0.3341425657272339,0.14561989903450012,0.40736263455004007,0.0,2.0,8.0,1.290679693222046
04_2-3_GABA_171_453,2-3_GABA,171,453,450,0.16513569245444182,0.518756091594696,0.006332984741854136,0.16513569245444182,0.24540182948112488,0.09888343513011932,0.23550815612224035,0.0,9.0,6.0,1.243464633822441
04_2-3_GABA_171_526,2-3_GABA,171,526,521,0.24379409224528387,0.5171673893928528,0.008207559262657265,0.24379409224528387,0.26611658930778503,0.19457651674747467,0.6031680783522083,0.0,22.0,8.0,2.7201100438833237
04_2-3_GABA_171_574,2-3_GABA,171,574,570,0.23973631154097566,0.5109182596206665,0.05959154518862354,0.23973631154097566,0.288074791431427,0.10617420077323914,0.26232429717581757,2.0,19.0,6.0,1.6789549887180328
04_2-3_GABA_171_653,2-3_GABA,171,653,651,0.18621108444442866,0.4769379198551178,0.11695613683934053,0.18621108444442866,0.2687216103076935,0.1276862472295761,0.36559952961622005,0.0,6.0,2.0,0.9242512583732605
04_2-3_GABA_171_815,2-3_GABA,171,815,812,0.2036664342543314,0.3570374846458435,0.06010990502857358,0.2036664342543314,0.21115367114543915,0.16676349937915802,0.8764387792972567,2.0,1.0,14.0,1.8399410359561443
04_2-3_GABA_173_104,2-3_GABA,173,104,107,0.204530148696836,0.7672727704048157,0.0283572603571763,0.204530148696836,0.2562648057937622,0.17365595698356628,0.2925388113296826,0.0,1.0,4.0,0.5932924747467041
04_2-3_GABA_173_181,2-3_GABA,173,181,182,0.20866124274882586,0.7044638395309448,0.016054690099816152,0.20866124274882586,0.4038366675376892,0.16607704758644104,0.30847162313662413,1.0,1.0,8.0,0.7001440823078156
04_2-3_GABA_173_214,2-3_GABA,173,214,210,0.20993977934901986,0.9144697785377502,0.03513812134491456,0.20993977934901986,0.46393948793411255,0.30138781666755676,0.49159465685171955,0.0,2.0,6.0,1.6482053399085999
04_2-3_GABA_173_308,2-3_GABA,173,308,305,0.18536771308119687,0.7201184034347534,0.04797327170384603,0.18536771308119687,0.5183033645153046,0.19421681761741638,0.3693025897907718,0.0,3.0,6.0,0.5417235940694809
04_2-3_GABA_173_351,2-3_GABA,173,351,351,0.12931792249182622,0.5773600339889526,0.0010601032702920105,0.12931792249182622,0.3367263078689575,0.0308363139629364,0.056422645226575883,1.0,1.0,3.0,-0.6891860961914062
04_2-3_GABA_173_380,2-3_GABA,173,380,378,0.19541831144464616,0.6603813171386719,0.012026428718209975,0.19541831144464616,0.16502276062965393,0.15686948597431183,0.31155074471945293,0.0,8.0,6.0,0.9061383754014969
04_2-3_GABA_173_460,2-3_GABA,173,460,457,0.30038134472018574,0.6497582197189331,0.008983692746326485,0.30038134472018574,0.3781341314315796,0.20332671701908112,0.45544885562384513,0.0,19.0,7.0,1.5312023311853409
04_2-3_GABA_173_637,2-3_GABA,173,637,634,0.2980136829669793,0.4977429509162903,0.1914157226895154,0.2980136829669793,0.484676755964756,0.32317017018795013,1.8512059488291503,0.0,,10.0,4.227431643754244
04_2-3_GABA_173_673,2-3_GABA,173,673,668,0.17026966294842968,0.6168519258499146,0.0014664973269555653,0.17026966294842968,0.1505354344844818,0.17582100629806519,0.39865913817726095,1.0,3.0,7.0,1.670815110206604
04_2-3_GABA_173_692,2-3_GABA,173,692,690,0.22607950919445188,0.6280327439308167,0.030491418867081142,0.22607950919445188,0.4024224877357483,0.13535617291927338,0.2747363704374366,1.0,19.0,12.0,2.405843108892441
04_2-3_GABA_173_748,2-3_GABA,173,748,747,0.1718822099632587,0.717857301235199,0.0053047995746488335,0.1718822099632587,0.4355311691761017,0.13954126834869385,0.24128895000923986,0.0,1.0,5.0,0.8993644416332245
04_2-3_GABA_173_826,2-3_GABA,173,826,825,0.19877821306045854,0.5647687315940857,0.027894064685427322,0.19877821306045854,0.286551833152771,0.13189062476158142,0.30468305668462586,0.0,1.0,6.0,1.0211165994405746
04_2-3_GABA_175_241,2-3_GABA,175,241,238,0.31260291694181785,0.32341843843460083,0.0899079973343976,0.31260291694181785,0.20703449845314026,0.24228687584400177,2.9863454875954307,3.0,,15.0,4.815795449540019
04_2-3_GABA_175_373,2-3_GABA,175,373,368,0.3256872124368473,0.5950971841812134,0.13979838349829177,0.3256872124368473,0.16101330518722534,0.3001868426799774,1.0178918825019208,4.0,,15.0,4.58040539175272
04_2-3_GABA_175_441,2-3_GABA,175,441,440,0.2023158092307145,0.7882326245307922,0.006112687367364293,0.2023158092307145,0.2553445100784302,0.05773589015007019,0.0790364794703918,0.0,1.0,4.0,0.6157089173793793
04_2-3_GABA_175_646,2-3_GABA,175,646,643,0.23693956021576745,0.4374491274356842,0.007172782265959699,0.23693956021576745,0.14876636862754822,0.11077137291431427,0.3390845301866677,0.0,,10.0,1.8826108425855637
04_2-3_GABA_175_720,2-3_GABA,175,720,716,0.2894029038289807,0.583182692527771,0.005079659084331489,0.2894029038289807,0.11449700593948364,0.16974876821041107,0.4105825821881724,3.0,,9.0,3.4945566803216934
04_2-3_GABA_176_58,2-3_GABA,176,58,59,0.1489500330805993,0.84564208984375,0.058030175324470426,0.1489500330805993,0.5248013138771057,0.1592886745929718,0.23207967069672303,0.0,1.0,4.0,-0.2599634528160095
04_2-3_GABA_176_100,2-3_GABA,176,100,95,0.09685366280446797,0.731922447681427,0.0369879644021905,0.09685366280446797,0.350517213344574,0.19723919034004211,0.36888978218764146,0.0,1.0,3.0,-0.7695317566394806
04_2-3_GABA_176_133,2-3_GABA,176,133,137,0.11285923115416854,0.6115233898162842,0.013788136256228673,0.11285923115416854,0.8113805055618286,0.15487562119960785,0.33915773128328813,0.0,1.0,4.0,-0.9811956137418747
04_2-3_GABA_176_174,2-3_GABA,176,174,170,0.3014854998180192,0.6355355381965637,0.0471330886399576,0.3014854998180192,0.5104808807373047,0.20351476967334747,0.47107635674327736,2.0,3.0,8.0,3.2229018583893776
04_2-3_GABA_176_213,2-3_GABA,176,213,214,0.13678477782562298,0.7324281930923462,0.004804807547197334,0.13678477782562298,0.5008679330348969,0.11478522419929504,0.1858439745618975,0.0,2.0,6.0,-1.1087231934070587
04_2-3_GABA_176_269,2-3_GABA,176,269,271,0.09755244687983963,0.5275712609291077,0.005023310159902544,0.09755244687983963,0.502531886100769,0.16547219455242157,0.4569804507042926,0.0,1.0,6.0,0.49386631697416306
04_2-3_GABA_176_294,2-3_GABA,176,294,291,0.0928255156900682,0.5323206186294556,0.012319625714310466,0.0928255156900682,0.5279648527503014,0.20610783994197845,0.6318202517119562,1.0,4.0,7.0,0.8899308256804943
04_2-3_GABA_176_329,2-3_GABA,176,329,326,0.08950601797164223,0.5049690008163452,0.0073392306951495165,0.08950601797164223,0.4096391201019287,0.17673063278198242,0.5384216167059445,0.0,1.0,11.0,0.5966695174574852
04_2-3_GABA_176_362,2-3_GABA,176,362,362,0.07497331918055064,0.38559573888778687,0.008839521608784082,0.07497331918055064,0.4479343295097351,0.06944288313388824,0.21964971016407436,0.0,1.0,2.0,-0.19295252859592438
04_2-3_GABA_176_388,2-3_GABA,176,388,387,0.151828088917825,0.6027557253837585,0.012248744118788495,0.151828088917825,0.7550630122423172,0.3031850606203079,1.0120652529836702,0.0,1.0,5.0,0.3795677348971367
04_2-3_GABA_176_417,2-3_GABA,176,417,417,0.10943580623181197,0.522736668586731,0.011258585039657616,0.10943580623181197,0.20949199795722961,0.19653083384037018,0.602474918920998,0.0,3.0,10.0,0.5665567219257355
04_2-3_GABA_176_460,2-3_GABA,176,460,459,0.09185448158229441,0.43907594680786133,0.005271236540208099,0.09185448158229441,0.5216612219810486,0.15255595743656158,0.5324443776900505,1.0,1.0,7.0,0.2557794153690338
04_2-3_GABA_176_602,2-3_GABA,176,602,597,0.32662073988214396,0.845153272151947,0.19391829340639713,0.32662073988214396,0.2548307180404663,0.49390891194343567,1.4061689464572,3.0,29.0,10.0,5.174596905708313
04_2-3_GABA_176_619,2-3_GABA,176,619,615,0.19617176881107873,0.934353232383728,0.08723423903051698,0.19617176881107873,0.4117369055747986,0.4018910825252533,0.7547786873340642,0.0,7.0,11.0,3.1791537404060364
04_2-3_GABA_176_635,2-3_GABA,176,635,634,0.15531798119888948,0.7375800013542175,0.13188374431128508,0.15531798119888948,0.5012378692626953,0.11695611476898193,0.18844926419524677,0.0,1.0,7.0,-0.5914084613323212
04_2-3_GABA_176_676,2-3_GABA,176,676,673,0.11715744243156287,0.7818599343299866,0.011111124277905463,0.11715744243156287,0.4577089846134186,0.28960441052913666,0.5883213016951353,1.0,1.0,3.0,-0.1111278086900711
04_2-3_GABA_176_717,2-3_GABA,176,717,716,0.14379994358480774,0.6048364043235779,0.0035224443629144043,0.14379994358480774,0.2655527591705322,0.18055035173892975,0.4255392102546398,0.0,1.0,9.0,0.4249185770750046
04_2-3_GABA_176_766,2-3_GABA,176,766,765,0.08142239458479833,0.5533016324043274,0.0033522921633776653,0.08142239458479833,0.34440878033638,0.20968472957611084,0.6102282159295812,0.0,1.0,5.0,-0.2144150584936142
04_2-3_GABA_176_827,2-3_GABA,176,827,822,0.3785688075271917,0.7908037900924683,0.09556779089014596,0.3785688075271917,0.3517313301563263,0.442040354013443,1.2674503926876164,5.0,,13.0,5.925972670316696
04_2-3_GABA_178_169,2-3_GABA,178,169,168,0.29728984724220914,0.5550073385238647,0.007749322577681224,0.29728984724220914,0.21023961901664734,0.18552987277507782,0.5021412399240127,2.0,8.0,6.0,3.166359841823578
04_2-3_GABA_178_356,2-3_GABA,178,356,353,0.08195278651133375,0.3614407181739807,0.007062606534656665,0.08195278651133375,0.3012211322784424,0.13357335329055786,0.5861890462414138,0.0,3.0,4.0,0.5862155333161354
04_2-3_GABA_178_601,2-3_GABA,178,601,596,0.3344193827322741,0.46369051933288574,0.19320236254167852,0.3344193827322741,0.1530793458223343,0.2505527511239052,1.1755436553048608,4.0,,11.0,6.98782155662775
04_2-3_GABA_178_661,2-3_GABA,178,661,656,0.11022915014193646,0.6535723209381104,0.025405404321731575,0.11022915014193646,0.2628822922706604,0.017595916986465454,0.02766756262831934,0.0,2.0,2.0,-2.082838296890259
04_2-3_GABA_178_829,2-3_GABA,178,829,824,0.4046202961192096,0.5959864258766174,0.1163752963423328,0.4046202961192096,0.11944767832756042,0.318779319524765,1.1499680643834072,3.0,,12.0,6.44791316986084
04_2-3_GABA_185_127,2-3_GABA,185,127,122,0.32293907079288736,0.5676367878913879,0.07541249132611763,0.32293907079288736,0.30850061774253845,0.30000536143779755,1.1209646244209706,1.0,,12.0,3.5944268628954887
04_2-3_GABA_185_159,2-3_GABA,185,159,157,0.280252949334519,0.6951932311058044,0.01867340255128735,0.280252949334519,0.4955742359161377,0.17335167527198792,0.3321921631844758,0.0,2.0,4.0,1.2824324667453766
04_2-3_GABA_185_204,2-3_GABA,185,204,200,0.24020603334715424,0.7515493631362915,0.0014465809203715505,0.24020603334715424,0.2317935824394226,0.17713579535484314,0.3083767607352885,1.0,2.0,9.0,1.7480952143669128
04_2-3_GABA_185_244,2-3_GABA,185,244,241,0.18464005717411597,0.8340195417404175,0.0031889228485589495,0.18464005717411597,0.40591710805892944,0.17402154207229614,0.2636698022718289,0.0,3.0,6.0,1.2606837153434753
04_2-3_GABA_185_269,2-3_GABA,185,269,271,0.19300401866218153,0.9707689881324768,0.005233974718609114,0.19300401866218153,0.3583752512931824,0.2568078339099884,0.3596944068892025,0.0,1.0,7.0,1.6958714723587036
04_2-3_GABA_185_370,2-3_GABA,185,370,366,0.34781632984786626,0.6766542792320251,0.03778604860430911,0.34781632984786626,0.3383413553237915,0.320412278175354,0.899423081009425,0.0,45.0,14.0,3.96292082965374
04_2-3_GABA_185_481,2-3_GABA,185,481,478,0.3170095445744749,0.5434000492095947,0.07271180248091104,0.3170095445744749,0.5948881283402443,0.253950834274292,0.8773588635611076,2.0,28.0,11.0,2.872683048248291
04_2-3_GABA_185_604,2-3_GABA,185,604,601,0.35535658481265625,0.3978881239891052,0.23953594393408134,0.35535658481265625,0.2546025514602661,0.2709888890385628,2.1354651124900608,4.0,,10.0,5.092689331620932
04_2-3_GABA_185_658,2-3_GABA,185,658,658,0.21193092936215185,0.6105607748031616,0.00018209650694447853,0.21193092936215185,0.262398362159729,0.1450335681438446,0.31154692157441044,0.0,2.0,7.0,0.7177789658308029
04_2-3_GABA_185_720,2-3_GABA,185,720,717,0.31607542596213856,0.6067794561386108,0.017862497359945394,0.31607542596213856,0.08497357368469238,0.16468074917793274,0.37249769471182836,0.0,25.0,7.0,2.879230961203575
04_2-3_GABA_185_780,2-3_GABA,185,780,775,0.2850240723656609,0.7221263647079468,0.0011067264936605314,0.2850240723656609,0.34689849615097046,0.19123509526252747,0.360215182032087,1.0,21.0,11.0,1.8663979172706604
04_2-3_GABA_185_858,2-3_GABA,185,858,853,0.21894682099082985,0.7119717597961426,0.017245254843764598,0.21894682099082985,0.2858235239982605,0.18657562136650085,0.35511418474478584,2.0,11.0,7.0,1.2539602518081665
04_2-3_GABA_186_61,2-3_GABA,186,61,57,0.2641255715260537,0.6127369403839111,0.07564355330602683,0.2641255715260537,0.4647192358970642,0.162008598446846,0.3594373447886425,1.0,19.0,10.0,1.2919975221157074
04_2-3_GABA_186_94,2-3_GABA,186,94,90,0.20389660295950138,0.7021282315254211,0.027593917616793355,0.20389660295950138,0.38089519739151,0.15925338864326477,0.29335194056475083,1.0,2.0,6.0,1.0046009421348572
04_2-3_GABA_186_117,2-3_GABA,186,117,112,0.2403576493364446,0.7538592219352722,0.02376172333164385,0.2403576493364446,0.28662168979644775,0.1429772675037384,0.23405056650722025,1.0,16.0,10.0,2.6002615690231323
04_2-3_GABA_186_149,2-3_GABA,186,149,153,0.15143075311510645,0.9303016662597656,0.009671378382437413,0.15143075311510645,0.39645689725875854,0.21113711595535278,0.29358665671991374,0.0,2.0,3.0,0.7732541859149933
04_2-3_GABA_186_186,2-3_GABA,186,186,183,0.2019547832120946,0.8373563289642334,0.007547774643019287,0.2019547832120946,0.20339536666870117,0.10430881381034851,0.14229475123239657,1.0,1.0,5.0,1.162309318780899
04_2-3_GABA_186_212,2-3_GABA,186,212,207,0.1904152595423473,0.8276809453964233,0.01332063107544672,0.1904152595423473,0.11587351560592651,0.03987598419189453,0.05061656901846038,0.0,6.0,6.0,1.2032837867736816
04_2-3_GABA_186_248,2-3_GABA,186,248,249,0.21041947868354305,0.8323224782943726,0.02098365064541793,0.21041947868354305,0.35637253522872925,0.04696464538574219,0.059800314478057955,0.0,1.0,8.0,-0.12382891774177551
04_2-3_GABA_186_316,2-3_GABA,186,316,311,0.2327546508233601,0.7712933421134949,0.08224512314530147,0.2327546508233601,0.19911807775497437,0.08251476287841797,0.11979867749379597,0.0,7.0,8.0,1.4376736283302307
04_2-3_GABA_186_416,2-3_GABA,186,416,411,0.230776192930357,0.6052438020706177,0.02701695390798399,0.230776192930357,0.26784399151802063,0.21698296070098877,0.5588587299598891,1.0,21.0,10.0,1.681884303689003
04_2-3_GABA_186_493,2-3_GABA,186,493,489,0.2594754326085283,0.481873482465744,0.04592150692420296,0.2594754326085283,0.2677348852157593,0.19302865862846375,0.6682780603927518,4.0,20.0,7.0,3.147457405924797
04_2-3_GABA_186_555,2-3_GABA,186,555,550,0.17400590355415613,0.5093812942504883,0.013832724806731998,0.17400590355415613,0.2966236174106598,0.18752308189868927,0.5826263699424326,0.0,4.0,12.0,1.8539638593792915
04_2-3_GABA_186_665,2-3_GABA,186,665,662,0.23797968231950795,0.3805921971797943,0.03479928654814941,0.23797968231950795,0.4852529317140579,0.26062333956360817,2.172424950460185,3.0,,10.0,3.0547978321556
04_2-3_GABA_186_728,2-3_GABA,186,728,727,0.17074519701113297,0.4633369743824005,0.00494915758495609,0.17074519701113297,0.22631177306175232,0.14133483171463013,0.4389251280866601,0.0,17.0,9.0,2.151027575135231
04_2-3_GABA_186_755,2-3_GABA,186,755,750,0.21016643518165962,0.6013084053993225,0.025678563002349043,0.21016643518165962,0.16339409351348877,0.1797545850276947,0.426409574154088,2.0,16.0,9.0,1.9300100058317184
04_2-3_GABA_186_813,2-3_GABA,186,813,808,0.2550415017691572,0.6720935106277466,0.05588248899298287,0.2550415017691572,0.45609530806541443,0.22341126203536987,0.49792757064997406,2.0,3.0,9.0,0.9775819778442383
04_2-3_GABA_187_87,2-3_GABA,187,87,83,0.4184781621961648,0.5144420266151428,0.2123344244329752,0.4184781621961648,0.16758029907941818,0.40688038617372513,3.7827647896029273,4.0,,14.0,6.924130529165268
04_2-3_GABA_187_153,2-3_GABA,187,153,150,0.33698909484213085,0.7198573350906372,0.024404155432448383,0.33698909484213085,0.25696253776550293,0.1739732325077057,0.3186999432379979,1.0,,10.0,2.838851898908615
04_2-3_GABA_187_218,2-3_GABA,187,218,217,0.19212679105664016,0.7843096256256104,0.004037563831513798,0.19212679105664016,0.286773681640625,0.05519703030586243,0.0757043982783703,0.0,2.0,7.0,0.7487143576145172
04_2-3_GABA_187_290,2-3_GABA,187,290,286,0.21015496900873248,0.8518080711364746,0.006698608397056086,0.21015496900873248,0.1793212890625,0.12032154202461243,0.16448907428370743,0.0,14.0,9.0,1.3763377964496613
04_2-3_GABA_187_520,2-3_GABA,187,520,516,0.41233546104370156,0.5121980905532837,0.15219837811275624,0.41233546104370156,0.13431888818740845,0.38923680409789085,3.1655231928554675,4.0,,15.0,6.632471993565559
04_2-3_GABA_187_587,2-3_GABA,187,587,585,0.2808784078143291,0.6515409350395203,0.009479634105217138,0.2808784078143291,0.1917358934879303,0.0978655219078064,0.17675612748317066,0.0,,10.0,1.9347307980060577
04_2-3_GABA_187_636,2-3_GABA,187,636,631,0.17997168690415355,0.8924273252487183,0.009515600598067454,0.17997168690415355,0.1773374080657959,0.10859984159469604,0.13855069369145967,0.0,1.0,8.0,0.8402875661849976
04_2-3_GABA_187_652,2-3_GABA,187,652,656,0.13388561388235526,0.8650528192520142,0.007231762781098473,0.13388561388235526,0.14880120754241943,0.07124727964401245,0.08975407211090501,0.0,1.0,6.0,1.166837453842163
04_2-3_GABA_187_682,2-3_GABA,187,682,680,0.1024033647408184,0.7618542909622192,0.01498782737094805,0.1024033647408184,0.21462303400039673,-0.022009968757629395,-0.02807880125252261,0.0,0.0,3.0,-0.935247153043747
04_2-3_GABA_187_748,2-3_GABA,187,748,744,0.28549763557235147,0.7967876195907593,0.022916158771123053,0.28549763557235147,0.28294962644577026,0.2547987103462219,0.4701179415301661,3.0,,10.0,3.6430806815624237
04_2-3_GABA_188_113,2-3_GABA,188,113,109,0.28016307058052936,0.6384276151657104,0.35578403014932364,0.28016307058052936,0.44467893242836,0.26953643560409546,0.7306665231855333,2.0,21.0,6.0,3.6210983097553253
04_2-3_GABA_188_150,2-3_GABA,188,150,145,0.1825779088232894,0.9628680944442749,0.0011924052451747582,0.1825779088232894,0.3897474408149719,0.36958253383636475,0.622942067657389,2.0,1.0,4.0,0.7551431059837341
04_2-3_GABA_188_244,2-3_GABA,188,244,241,0.27518243168846146,0.6382086873054504,0.2664770652578366,0.27518243168846146,0.45180606842041016,0.2183755785226822,0.5201485398705774,1.0,9.0,5.0,3.274628534913063
04_2-3_GABA_188_267,2-3_GABA,188,267,263,0.24275774779928372,0.9972623586654663,0.05429889203997457,0.24275774779928372,0.5891623497009277,0.44687438011169434,0.8119261276126064,1.0,5.0,8.0,2.7766126841306686
04_2-3_GABA_188_325,2-3_GABA,188,325,321,0.26938890087643214,0.7477037906646729,0.021109580658992693,0.26938890087643214,0.4877660274505615,0.28019435703754425,0.5993341243698171,0.0,19.0,8.0,2.543365493416786
04_2-3_GABA_188_419,2-3_GABA,188,419,423,0.16892857744295622,0.5739918947219849,0.01678396883474714,0.16892857744295622,0.49224892258644104,0.110897958278656,0.23947184264682583,0.0,1.0,4.0,-0.8319862335920334
04_2-3_GABA_188_445,2-3_GABA,188,445,441,0.1447437005218783,0.718650758266449,0.011011157033225263,0.1447437005218783,0.6256877779960632,0.29465577006340027,0.6949510684364301,0.0,5.0,6.0,1.4173773229122162
04_2-3_GABA_188_511,2-3_GABA,188,511,508,0.17147330925044457,0.5373373627662659,0.05152387081655025,0.17147330925044457,0.3598075211048126,0.20709092915058136,0.6270799865520362,1.0,8.0,4.0,1.6010346859693527
04_2-3_GABA_188_548,2-3_GABA,188,548,545,0.0856096221671695,0.6206184029579163,0.009678697581940695,0.0856096221671695,0.4481954872608185,0.30128122866153717,0.9434580528414018,0.0,1.0,6.0,0.795217901468277
04_2-3_GABA_188_592,2-3_GABA,188,592,597,0.14968561846252898,0.6313629746437073,0.004698491664549517,0.14968561846252898,0.5634264945983887,0.31688277423381805,1.0076398254033079,0.0,3.0,5.0,0.5019295495003462
04_2-3_GABA_188_691,2-3_GABA,188,691,688,0.13459694510042886,0.4060209095478058,0.0018095188758832281,0.13459694510042886,0.4623200446367264,0.11318404972553253,0.3865088902886935,2.0,3.0,3.0,0.7954883873462677
04_2-3_GABA_188_819,2-3_GABA,188,819,815,0.2685635886462674,0.7706413269042969,0.37623189304554727,0.2685635886462674,0.4795142114162445,0.5039226114749908,1.88934102604643,2.0,1.0,6.0,3.640704356133938
04_2-3_GABA_191_72,2-3_GABA,191,72,72,0.22249047953446036,0.7553724050521851,0.0008611432389142641,0.22249047953446036,0.2997044622898102,0.15204522013664246,0.25201122034294987,1.0,1.0,9.0,0.19682568311691284
04_2-3_GABA_191_129,2-3_GABA,191,129,124,0.2384469440484642,0.6781948804855347,0.006754463504606794,0.2384469440484642,0.41101163625717163,0.15569397807121277,0.2979783907583643,1.0,5.0,7.0,1.2468009293079376
04_2-3_GABA_191_157,2-3_GABA,191,157,153,0.23323215631806227,0.7240329384803772,0.0011650846302904557,0.23323215631806227,0.25435948371887207,0.15168172121047974,0.2650151107112136,1.0,10.0,9.0,1.2105184495449066
04_2-3_GABA_191_202,2-3_GABA,191,202,201,0.24914677505260605,0.6898630261421204,0.09407314727136232,0.24914677505260605,0.29520079493522644,0.10760089755058289,0.1847980355701031,0.0,2.0,8.0,0.5254584848880768
04_2-3_GABA_191_240,2-3_GABA,191,240,236,0.18588354550926928,0.832075834274292,0.0017518069845892687,0.18588354550926928,0.32438647747039795,0.14898836612701416,0.21811023196064747,0.0,6.0,6.0,1.206639587879181
04_2-3_GABA_191_273,2-3_GABA,191,273,273,0.15394014566608333,0.836281418800354,0.0116863158405028,0.15394014566608333,0.30419987440109253,0.07296466827392578,0.09558897826309333,0.0,1.0,5.0,0.4755464494228363
04_2-3_GABA_191_370,2-3_GABA,191,370,365,0.3827917484161919,0.7399108409881592,0.21165138053405677,0.3827917484161919,0.32522520422935486,0.32329609990119934,0.7760073468781026,1.0,,16.0,4.115446299314499
04_2-3_GABA_191_395,2-3_GABA,191,395,390,0.23219815546621947,0.8216472864151001,0.00564024718295216,0.23219815546621947,0.4151039123535156,0.12013804912567139,0.1712565462286348,1.0,9.0,10.0,1.8810741305351257
04_2-3_GABA_191_483,2-3_GABA,191,483,480,0.2545523996615291,0.5608597993850708,0.011020834816103326,0.2545523996615291,0.30065689980983734,0.16654418408870697,0.4223626395407495,0.0,4.0,10.0,0.8601028025150299
04_2-3_GABA_191_550,2-3_GABA,191,550,545,0.2615417890221107,0.5086410045623779,0.027484168483048615,0.2615417890221107,0.4764261692762375,0.21896933019161224,0.7559224790178902,2.0,21.0,12.0,2.2357806712388992
04_2-3_GABA_191_603,2-3_GABA,191,603,599,0.3144164188290348,0.685971200466156,0.02438160189813311,0.3144164188290348,0.3344225436449051,0.2766227126121521,0.6757633674484488,0.0,30.0,6.0,2.7555084824562073
04_2-3_GABA_191_657,2-3_GABA,191,657,652,0.19898036343626951,0.7961215972900391,0.009540963894050635,0.19898036343626951,0.3871135413646698,0.2731810510158539,0.5223940904223195,4.0,1.0,7.0,1.048383206129074
04_2-3_GABA_191_722,2-3_GABA,191,722,718,0.2755864128168228,0.6299022436141968,0.01989261180980288,0.2755864128168228,0.37215593457221985,0.15249983966350555,0.3194366815112573,1.0,14.0,6.0,2.1000253558158875
04_2-3_GABA_191_776,2-3_GABA,191,776,775,0.3331325637946672,0.5959256291389465,0.06113394812885376,0.3331325637946672,0.4326196312904358,0.17392446100711823,0.4121421316843043,0.0,46.0,6.0,2.8759603947401047
04_2-3_GABA_191_844,2-3_GABA,191,844,840,0.2343478304701243,0.6494492292404175,0.010597315277954848,0.2343478304701243,0.2774898409843445,0.12186044454574585,0.23097618463642935,0.0,1.0,4.0,0.4082413464784622
04_2-3_GABA_193_77,2-3_GABA,193,77,72,0.2530154995755355,0.6059777736663818,0.1992754573503851,0.2530154995755355,0.2554871439933777,0.22167082130908966,0.576806690457687,6.0,18.0,8.0,2.8515134006738663
04_2-3_GABA_193_128,2-3_GABA,193,128,124,0.2207198108225803,0.8167203664779663,0.009671219094831466,0.2207198108225803,0.1794164776802063,0.173916757106781,0.27055970839509275,1.0,30.0,13.0,2.6692628860473633
04_2-3_GABA_193_177,2-3_GABA,193,177,173,0.18881716976500812,0.8392186164855957,0.005089433568733372,0.18881716976500812,0.3428114056587219,0.08448758721351624,0.1119439693568748,3.0,1.0,6.0,0.16805067658424377
04_2-3_GABA_193_223,2-3_GABA,193,223,219,0.19420320370162403,0.8352682590484619,0.07988278112631493,0.19420320370162403,0.3047410249710083,0.12000468373298645,0.16777686977846867,0.0,1.0,8.0,0.12048262357711792
04_2-3_GABA_193_287,2-3_GABA,193,287,291,0.16279381034841583,0.7805398106575012,0.004725747242035173,0.16279381034841583,0.47715580463409424,0.0122794508934021,0.01598344979971713,0.0,1.0,3.0,-0.9114075303077698
04_2-3_GABA_193_354,2-3_GABA,193,354,350,0.18200234701607235,0.7888121008872986,0.019688498420940406,0.18200234701607235,0.22649043798446655,0.10140088200569153,0.14751124104530483,0.0,12.0,5.0,0.2736451029777527
04_2-3_GABA_193_488,2-3_GABA,193,488,485,0.24550289735818437,0.5029465556144714,0.09751195258176487,0.24550289735818437,0.28598254919052124,0.13171038031578064,0.35478864690330497,0.0,11.0,7.0,1.2727398574352264
04_2-3_GABA_193_554,2-3_GABA,193,554,552,0.2396248456574609,0.6005628705024719,0.16574020002065976,0.2396248456574609,0.2468816041946411,0.1832694411277771,0.43918602169797494,2.0,1.0,7.0,0.919814258813858
04_2-3_GABA_193_583,2-3_GABA,193,583,579,0.17642397544808375,0.6384442448616028,0.012675263344797159,0.17642397544808375,0.17715567350387573,0.09433141350746155,0.1733673754259712,0.0,1.0,9.0,0.8770446479320526
04_2-3_GABA_193_661,2-3_GABA,193,661,666,0.1304577168992765,0.5639391541481018,0.004738609944289448,0.1304577168992765,0.30667293071746826,0.10352854430675507,0.22486133484723572,0.0,2.0,6.0,0.40108275413513184
04_2-3_GABA_198_176,2-3_GABA,198,176,171,0.361710473620265,0.5679078698158264,0.27622042913099487,0.361710473620265,0.26689612865448,0.3879040479660034,2.154976733158651,3.0,,16.0,6.734180051833391
04_2-3_GABA_198_274,2-3_GABA,198,274,277,0.22383309327120876,0.5500094294548035,0.0023364531479494327,0.22383309327120876,0.34146490693092346,0.08501772582530975,0.18283708109564906,1.0,1.0,3.0,1.266230896115303
04_2-3_GABA_198_319,2-3_GABA,198,319,322,0.28016001598668383,0.8494775891304016,0.006611072062992095,0.28016001598668383,0.3445819616317749,0.2877536118030548,0.5122687003182086,0.0,1.0,6.0,0.5827591717243195
04_2-3_GABA_198_398,2-3_GABA,198,398,396,0.19140731649477313,0.6634053587913513,0.0006176186781301963,0.19140731649477313,0.3028066158294678,0.16012129187583923,0.31815291284140595,0.0,2.0,2.0,0.8285766839981079
04_2-3_GABA_198_419,2-3_GABA,198,419,422,0.13201646094619418,0.6690453290939331,0.015275283862528062,0.13201646094619418,0.6356642246246338,0.13638851046562195,0.25605325172941057,1.0,2.0,2.0,0.9471906125545502
04_2-3_GABA_198_500,2-3_GABA,198,500,496,0.32752361362529403,0.5857897400856018,0.3336510045130945,0.32752361362529403,0.09286344051361084,0.19804146885871887,0.5107475224379247,7.0,,12.0,5.643739506602287
04_2-3_GABA_198_605,2-3_GABA,198,605,601,0.2618077399553509,0.6371365785598755,0.006942026705791113,0.2618077399553509,0.25139984488487244,0.14216597378253937,0.2872210438567218,5.0,,6.0,3.052987679839134
04_2-3_GABA_198_628,2-3_GABA,198,628,631,0.22817618408661758,0.7383216619491577,0.005042044947857122,0.22817618408661758,0.46559762954711914,0.14643576741218567,0.24740540155419868,0.0,2.0,10.0,2.2854773700237274
04_2-3_GABA_198_684,2-3_GABA,198,684,680,0.16797060027381952,0.7371834516525269,0.004739432718261763,0.16797060027381952,0.3222827911376953,0.13102099299430847,0.21614831324977185,0.0,1.0,2.0,0.1009945273399353
04_2-3_GABA_198_745,2-3_GABA,198,745,741,0.15893805644779146,0.6652218699455261,0.020581672906435814,0.15893805644779146,0.34709757566452026,0.12399634718894958,0.2291029191628101,1.0,1.0,3.0,-0.9431077539920807
04_2-3_GABA_198_790,2-3_GABA,198,790,785,0.19562000744426006,0.5986098051071167,0.005362374649151703,0.19562000744426006,0.14604681730270386,0.08781534433364868,0.17191913984477186,4.0,21.0,7.0,1.6361262947320938
04_2-3_GABA_199_217,2-3_GABA,199,217,212,0.13977563761822331,0.4034668505191803,0.011319625469396622,0.13977563761822331,0.2859901040792465,0.18699608743190765,0.863839923530542,1.0,19.0,12.0,1.9498795717954636
04_2-3_GABA_199_272,2-3_GABA,199,272,268,0.25351409783880363,0.5576291084289551,0.1922708891062861,0.25351409783880363,0.20481917262077332,0.205797478556633,0.5849317147276265,0.0,,9.0,3.0593200474977493
04_2-3_GABA_199_428,2-3_GABA,199,428,424,0.23981293478706978,0.3377537429332733,0.1621353111028452,0.23981293478706978,0.17532020807266235,0.12752489745616913,0.6066003795376298,2.0,,8.0,2.628707379102707
04_2-3_GABA_199_458,2-3_GABA,199,458,458,0.22176798274307966,0.4959968328475952,0.004177509711293553,0.22176798274307966,0.439370721578598,0.10096868872642517,0.2555987218355112,1.0,15.0,9.0,1.6981822401285172
04_2-3_GABA_199_519,2-3_GABA,199,519,522,0.2200098711922945,0.49424609541893005,0.05982829341935606,0.2200098711922945,0.18603014945983887,0.0757242739200592,0.1809326778920738,0.0,2.0,3.0,0.37035152316093445
04_2-3_GABA_199_597,2-3_GABA,199,597,592,0.24095137439205666,0.5712551474571228,0.004109954584072286,0.24095137439205666,0.2666178047657013,0.15338708460330963,0.36707060969378397,0.0,26.0,8.0,2.179710641503334
04_2-3_GABA_199_654,2-3_GABA,199,654,651,0.16028319271337205,0.5676479339599609,0.026032590937189903,0.16028319271337205,0.17819368839263916,0.07124945521354675,0.14353278316540657,1.0,1.0,5.0,0.5675710290670395
04_2-3_GABA_199_699,2-3_GABA,199,699,694,0.21264831477566815,0.5464670658111572,0.0012377201070606471,0.21264831477566815,0.23146122694015503,0.07966907322406769,0.17067141352199366,0.0,10.0,5.0,1.3577131181955338
04_2-3_GABA_199_770,2-3_GABA,199,770,765,0.27511563970525044,0.6440284848213196,0.12204753625593133,0.27511563970525044,0.21510642766952515,0.20372718572616577,0.46269948815694534,2.0,,12.0,4.148954778909683
04_2-3_GABA_200_83,2-3_GABA,200,83,78,0.3299833344283856,0.49767640233039856,0.13923105605405048,0.3299833344283856,0.23761694133281708,0.20852947235107422,0.7211886094242304,0.0,44.0,6.0,4.759223833680153
04_2-3_GABA_200_145,2-3_GABA,200,145,140,0.14830975171476823,0.6807642579078674,0.0030510999026582297,0.14830975171476823,0.36305224895477295,0.14323660731315613,0.26647300311841005,1.0,1.0,4.0,-0.7557509392499924
04_2-3_GABA_200_197,2-3_GABA,200,197,192,0.2071545709330523,0.7693058848381042,0.0033338560044504258,0.2071545709330523,0.535661518573761,0.2466479241847992,0.4719107767467992,0.0,6.0,9.0,2.3220348358154297
04_2-3_GABA_200_262,2-3_GABA,200,262,259,0.2395497267781204,0.7468904256820679,0.054859461783104996,0.2395497267781204,0.4693785309791565,0.23307082056999207,0.4536043744752674,2.0,1.0,8.0,1.646253988146782
04_2-3_GABA_200_429,2-3_GABA,200,429,428,0.19288876367977467,0.498901903629303,0.0287142488161347,0.19288876367977467,0.19628821313381195,0.24151089787483215,0.9383035633545527,0.0,2.0,5.0,1.7586724571883678
04_2-3_GABA_200_452,2-3_GABA,200,452,448,0.18735773469168637,0.5397877097129822,0.006044732401476278,0.18735773469168637,0.38356849551200867,0.1878669708967209,0.5338331907594872,0.0,10.0,6.0,2.2574469447135925
04_2-3_GABA_200_523,2-3_GABA,200,523,518,0.23887834277062064,0.5339264273643494,0.06297227542649723,0.23887834277062064,0.22925209999084473,0.17300456762313843,0.47934078514165523,1.0,4.0,8.0,1.842095896601677
04_2-3_GABA_200_606,2-3_GABA,200,606,603,0.22157190873537272,0.5818678140640259,0.015028384100392582,0.22157190873537272,0.38016626238822937,0.1807776391506195,0.4507157005021343,2.0,6.0,6.0,2.1244455575942993
04_2-3_GABA_200_678,2-3_GABA,200,678,675,0.34232361477902956,0.6892998814582825,0.3465777911275703,0.34232361477902956,0.5342410206794739,0.2040960043668747,0.4206396815918785,3.0,,7.0,3.273715928196907
04_2-3_GABA_200_743,2-3_GABA,200,743,738,0.07404612742222436,0.8841392397880554,0.008265701789953239,0.07404612742222436,0.4821968078613281,0.21998950839042664,0.33123480743940575,0.0,2.0,4.0,-1.864368036389351
04_2-3_GABA_200_829,2-3_GABA,200,829,829,0.20913944668382828,0.6534302830696106,0.040852857056589476,0.20913944668382828,0.3436359763145447,0.24560193717479706,0.6022188983355814,0.0,3.0,6.0,1.2677602618932724
04_2-3_GABA_203_77,2-3_GABA,203,77,74,0.1537639563229971,0.6721606850624084,0.04146710007990876,0.1537639563229971,0.2945190966129303,0.14626732468605042,0.2781311492150681,0.0,1.0,2.0,-1.8423581421375275
04_2-3_GABA_203_106,2-3_GABA,203,106,110,0.10175726192444429,0.623746395111084,0.0015099224846592079,0.10175726192444429,0.5442700684070587,0.139975443482399,0.28934239025958747,0.0,1.0,3.0,-0.8508878648281097
04_2-3_GABA_203_157,2-3_GABA,203,157,153,0.2776460654958284,0.600551187992096,0.05160752114207233,0.2776460654958284,0.2440914511680603,0.20854538679122925,0.5319956647385661,2.0,12.0,7.0,2.7321129739284515
04_2-3_GABA_203_297,2-3_GABA,203,297,292,0.34057713497821523,0.39510226249694824,0.5770835667278778,0.34057713497821523,0.376315176486969,0.2532951384782791,1.7861947362033266,3.0,,12.0,4.778932479443029
04_2-3_GABA_203_352,2-3_GABA,203,352,349,0.19989714610151588,0.5615561604499817,0.02720057661565051,0.19989714610151588,0.20000004768371582,0.1598936915397644,0.3980797408669643,0.0,1.0,10.0,0.6886287778615952
04_2-3_GABA_203_382,2-3_GABA,203,382,377,0.14816466328857658,0.6099171042442322,0.025424154805004998,0.14816466328857658,0.3170047104358673,0.10919153690338135,0.21806662975739993,0.0,1.0,1.0,0.46737073361873627
04_2-3_GABA_203_434,2-3_GABA,203,434,429,0.3282144987501359,0.5692691206932068,0.2145439308670132,0.3282144987501359,0.48081666231155396,0.15401454269886017,0.3708918597423794,3.0,,9.0,3.8239781707525253
04_2-3_GABA_203_511,2-3_GABA,203,511,506,0.21303286566439864,0.6045761108398438,0.0005396548828917776,0.21303286566439864,0.29075396060943604,0.10366705060005188,0.2069578269365403,0.0,3.0,10.0,1.3489903509616852
04_2-3_GABA_203_596,2-3_GABA,203,596,591,0.21779253173756805,0.44616809487342834,0.015662021417433204,0.21779253173756805,0.2611396461725235,0.1478780210018158,0.4957524032980869,2.0,9.0,12.0,1.927517406642437
04_2-3_GABA_203_626,2-3_GABA,203,626,621,0.2338894310216178,0.5899921655654907,0.013826846779096505,0.2338894310216178,0.28934088349342346,0.14205043017864227,0.3171180958522778,3.0,21.0,8.0,2.241620495915413
04_2-3_GABA_203_685,2-3_GABA,203,685,680,0.29702495696829334,0.8007322549819946,0.10323615526810813,0.29702495696829334,0.3482627868652344,0.2898264527320862,0.5672796266077993,1.0,2.0,11.0,3.2755323499441147
04_2-3_GABA_203_711,2-3_GABA,203,711,716,0.11282208870647567,0.7703074216842651,0.042819336423411646,0.11282208870647567,0.33349043130874634,0.050994545221328735,0.07089341354777805,0.0,1.0,5.0,-1.4660671949386597
04_2-3_GABA_203_749,2-3_GABA,203,749,744,0.1718357482149128,0.7222824096679688,0.005845682054848262,0.1718357482149128,0.33306270837783813,0.11055758595466614,0.1807309130984052,2.0,2.0,6.0,0.1429765522480011
04_2-3_GABA_203_818,2-3_GABA,203,818,814,0.24245843727665195,0.7652105689048767,0.039868091382811936,0.24245843727665195,0.2338799238204956,0.2552652060985565,0.5005736392890928,2.0,39.0,14.0,3.5953323245048523
04_2-3_GABA_204_69,2-3_GABA,204,69,64,0.2520539600395554,0.8321191668510437,0.0014665908448842542,0.2520539600395554,0.5316144227981567,0.19299501180648804,0.3019679514272679,2.0,36.0,10.0,2.145569384098053
04_2-3_GABA_204_150,2-3_GABA,204,150,148,0.21512423308673534,0.8442283868789673,0.023799297931791325,0.21512423308673534,0.42836910486221313,0.21083849668502808,0.33287316382721377,0.0,1.0,7.0,1.0808418095111847
04_2-3_GABA_204_210,2-3_GABA,204,210,205,0.15598993835475988,0.8627690672874451,0.005220950657472073,0.15598993835475988,0.2648441791534424,0.21423688530921936,0.33034117852984557,0.0,3.0,7.0,0.9923795461654663
04_2-3_GABA_204_260,2-3_GABA,204,260,255,0.20830738811846966,0.7957975268363953,0.014599987937500215,0.20830738811846966,0.5220171213150024,0.20400163531303406,0.34471620745440923,0.0,1.0,7.0,0.7957641780376434
04_2-3_GABA_204_294,2-3_GABA,204,294,294,0.1096652160768174,0.6750625371932983,0.013915086419845773,0.1096652160768174,0.253917932510376,0.03207755088806152,0.04988849128871217,0.0,1.0,1.0,-1.5978199541568756
04_2-3_GABA_204_340,2-3_GABA,204,340,343,0.23650350123586378,0.7137171626091003,0.018543810942288044,0.23650350123586378,0.8965718299150467,0.2581993043422699,0.566825865674455,0.0,2.0,9.0,1.5913717448711395
04_2-3_GABA_204_446,2-3_GABA,204,446,442,0.21186266449869467,0.5267104506492615,0.16169692341124547,0.21186266449869467,0.2143431305885315,0.2067311853170395,0.6460768172037603,2.0,14.0,9.0,2.046771004796028
04_2-3_GABA_204_520,2-3_GABA,204,520,516,0.19345739490979358,0.4857900142669678,0.014280652380392646,0.19345739490979358,0.3938150256872177,0.16003218293190002,0.4912611993886165,1.0,10.0,9.0,1.1627350449562073
04_2-3_GABA_204_540,2-3_GABA,204,540,536,0.1540759693705036,0.6247625350952148,0.019144489435640007,0.1540759693705036,0.3349648416042328,0.21149437129497528,0.511760618940889,0.0,1.0,4.0,0.7936717420816422
04_2-3_GABA_204_606,2-3_GABA,204,606,603,0.2118942262203551,0.487474650144577,0.019618077439018687,0.2118942262203551,0.06781643629074097,0.20512636005878448,0.7265011592471698,0.0,22.0,8.0,1.551023542881012
04_2-3_GABA_204_682,2-3_GABA,204,682,677,0.31137250586917137,0.5330695509910583,0.3328121539755612,0.31137250586917137,0.2682637423276901,0.24709564447402954,0.864049617265748,3.0,,10.0,4.16875296831131
04_2-3_GABA_204_776,2-3_GABA,204,776,771,0.25192536514826086,0.6346150636672974,0.2515830526739482,0.25192536514826086,0.438517689704895,0.2536724954843521,0.6659074534367277,3.0,4.0,9.0,3.421125203371048
04_2-3_GABA_204_821,2-3_GABA,204,821,822,0.18924164927747067,0.6784440875053406,0.003671139714397767,0.18924164927747067,0.595695436000824,0.14578187465667725,0.2736854072622116,0.0,1.0,5.0,-0.19833217561244965
04_2-3_GABA_205_173,2-3_GABA,205,173,168,0.3922158666636934,0.41402798891067505,0.3575396612556873,0.3922158666636934,0.19031652808189392,0.3180493004620075,3.3137491833107355,8.0,,15.0,6.639644452370703
04_2-3_GABA_205_251,2-3_GABA,205,251,248,0.21606191633671068,0.5538725852966309,0.0028492228624564958,0.21606191633671068,0.2720060646533966,0.0890234112739563,0.19151031398759435,4.0,1.0,6.0,1.0372160822153091
04_2-3_GABA_205_328,2-3_GABA,205,328,325,0.2338592409217222,0.5952975749969482,0.019358516277635865,0.2338592409217222,0.1633996069431305,0.1409098505973816,0.3101092811950005,0.0,19.0,7.0,1.1148911118507385
04_2-3_GABA_205_400,2-3_GABA,205,400,397,0.3041435789895726,0.5277965068817139,0.011340179361041699,0.3041435789895726,0.17621126770973206,0.11369800567626953,0.274567537301617,1.0,,11.0,2.3662479519844055
04_2-3_GABA_205_500,2-3_GABA,205,500,495,0.3661899587088967,0.6861857771873474,0.24657040600402602,0.3661899587088967,0.24490034580230713,0.26722581684589386,0.6378313971294634,4.0,,10.0,5.972392797470093
04_2-3_GABA_205_600,2-3_GABA,205,600,603,0.2086214828409661,0.7738234996795654,0.005580189841286959,0.2086214828409661,0.19235146045684814,0.16522473096847534,0.27148384036069206,0.0,,9.0,1.9986251294612885
04_2-3_GABA_205_634,2-3_GABA,205,634,629,0.16921765873679107,0.892056405544281,0.0006209491620755552,0.16921765873679107,0.37434160709381104,0.13267484307289124,0.17471433285936522,1.0,1.0,7.0,0.9062215983867645
04_2-3_GABA_205_689,2-3_GABA,205,689,684,0.20912676199812508,0.796061635017395,0.00129566172047981,0.20912676199812508,0.31604498624801636,0.08685576915740967,0.12246905072067908,0.0,25.0,10.0,1.0377416908740997
04_2-3_GABA_205_744,2-3_GABA,205,744,741,0.1866288158287162,0.7359763979911804,0.029940366390845505,0.1866288158287162,0.25454533100128174,0.059195518493652344,0.08746629860110956,0.0,1.0,3.0,0.22144892811775208
04_2-3_GABA_205_785,2-3_GABA,205,785,786,0.12102867311725946,0.7828656435012817,0.0003646090320416157,0.12102867311725946,0.21611237525939941,0.09618362784385681,0.14007011345967935,0.0,1.0,6.0,-0.3774089217185974
04_2-3_GABA_207_135,2-3_GABA,207,135,131,0.24227709407048892,0.31079548597335815,0.4901473993692631,0.24227709407048892,0.2651657313108444,0.1768590286374092,1.3204696626684609,2.0,,11.0,3.6674479320645332
04_2-3_GABA_207_165,2-3_GABA,207,165,160,0.2625724441332683,0.660994291305542,0.21619141591093213,0.2625724441332683,0.15915527939796448,0.2355448305606842,0.5536376286581793,3.0,4.0,9.0,3.559340164065361
04_2-3_GABA_207_209,2-3_GABA,207,209,205,0.17324913532796643,0.7780179977416992,0.015621884851053458,0.17324913532796643,0.08380931615829468,0.07495668530464172,0.10661472047838264,1.0,2.0,3.0,0.03676474094390869
04_2-3_GABA_207_227,2-3_GABA,207,227,225,0.18547002883618852,0.80636066198349,0.003283001818616213,0.18547002883618852,0.14348775148391724,0.09265914559364319,0.1298289879813423,0.0,1.0,5.0,1.1613502204418182
04_2-3_GABA_207_264,2-3_GABA,207,264,259,0.14582837607835128,0.9118558764457703,0.01936360499483522,0.14582837607835128,0.2873319983482361,0.1460217833518982,0.1906702570030394,0.0,1.0,3.0,-0.3873220682144165
04_2-3_GABA_207_296,2-3_GABA,207,296,298,0.2082604752712432,0.8004846572875977,0.008552423731902084,0.2082604752712432,0.28009843826293945,0.05921250581741333,0.07987957688680956,0.0,1.0,3.0,1.0075982809066772
04_2-3_GABA_207_420,2-3_GABA,207,420,416,0.2105749314076885,0.5829797983169556,0.03968152316736516,0.2105749314076885,0.12167534232139587,0.1443512886762619,0.3290969134553258,1.0,37.0,5.0,1.6312394589185715
04_2-3_GABA_207_538,2-3_GABA,207,538,535,0.2802377635469516,0.46878159046173096,0.37505762808752996,0.2802377635469516,0.22653868794441223,0.20931321382522583,0.8067002867114602,3.0,,10.0,3.5393484979867935
04_2-3_GABA_207_572,2-3_GABA,207,572,571,0.22536193317522388,0.7075445652008057,0.003753678042071126,0.22536193317522388,0.1890403926372528,0.19487792253494263,0.38012600453499135,0.0,1.0,3.0,1.3245864510536194
04_2-3_GABA_207_623,2-3_GABA,207,623,618,0.17890888985870582,0.6909924149513245,0.017892793571103252,0.17890888985870582,0.171308696269989,0.1390862762928009,0.2520107434044263,0.0,4.0,9.0,1.0243349522352219
04_2-3_GABA_207_652,2-3_GABA,207,652,647,0.24030881894921807,0.8648261427879333,0.015607162684106432,0.24030881894921807,0.21090584993362427,0.23141688108444214,0.3653512745646779,1.0,,9.0,1.6958658993244171
04_2-3_GABA_207_772,2-3_GABA,207,772,767,0.24622229271292986,0.5782661437988281,0.08312330694438212,0.24622229271292986,0.15101036429405212,0.17633086442947388,0.43870462106770297,1.0,25.0,12.0,1.5439753085374832
04_2-3_GABA_207_804,2-3_GABA,207,804,802,0.19701161893005883,0.6026797294616699,0.0016053843038209268,0.19701161893005883,0.2509952783584595,0.06952705979347229,0.13040741188962213,0.0,1.0,4.0,0.8023762702941895
04_2-3_GABA_207_837,2-3_GABA,207,837,832,0.19763711443036114,0.7331812381744385,0.005119647643995102,0.19763711443036114,0.14139121770858765,0.11943984031677246,0.19460939205615063,1.0,16.0,3.0,1.592252790927887
04_2-3_GABA_211_131,2-3_GABA,211,131,132,0.2216971373977688,0.6072765588760376,0.00012156675306817707,0.2216971373977688,0.5175213515758514,0.09182271361351013,0.17813954529089526,1.0,1.0,7.0,0.7233186364173889
04_2-3_GABA_211_217,2-3_GABA,211,217,212,0.252678911589582,0.5362111330032349,0.042864561701881056,0.252678911589582,0.1717429757118225,0.2105196863412857,0.6463776942837379,4.0,1.0,7.0,2.9384014308452606
04_2-3_GABA_211_280,2-3_GABA,211,280,279,0.32668257322803096,0.6248264312744141,0.18142892147731032,0.32668257322803096,0.3067678213119507,0.19690482318401337,0.460142277139733,1.0,,8.0,3.8982479721307755
04_2-3_GABA_211_384,2-3_GABA,211,384,382,0.2528164257925132,0.6111497282981873,0.019187647700996117,0.2528164257925132,0.5110937356948853,0.13031157851219177,0.2710092337103222,0.0,2.0,6.0,0.8608438819646835
04_2-3_GABA_211_471,2-3_GABA,211,471,467,0.3776003300932608,0.5505174398422241,0.22597603271916678,0.3776003300932608,0.26973289251327515,0.1585894525051117,0.4046392644287043,1.0,,12.0,3.500164359807968
04_2-3_GABA_211_566,2-3_GABA,211,566,566,0.2061377132198121,0.7376888394355774,0.017071582891815953,0.2061377132198121,0.4511522650718689,0.16868320107460022,0.296452600294951,0.0,4.0,7.0,1.3000798225402832
04_2-3_GABA_211_645,2-3_GABA,211,645,643,0.1734688539695238,0.5654110908508301,0.00046792054411899165,0.1734688539695238,0.44516628980636597,0.138837069272995,0.32547005267563395,0.0,4.0,5.0,0.6452195048332214
04_2-3_GABA_211_735,2-3_GABA,211,735,731,0.2645351250253579,0.39525747299194336,0.00841335877663694,0.2645351250253579,0.454190194606781,0.14345727860927582,0.5697266396516752,0.0,49.0,7.0,2.8691980466246605
04_2-3_GABA_211_825,2-3_GABA,211,825,823,0.3083155025770178,0.4520004391670227,0.19847346372194505,0.3083155025770178,0.31557999551296234,0.25741051882505417,1.3228358302048016,2.0,,9.0,3.2705115601420403
04_2-3_GABA_212_209,2-3_GABA,212,209,204,0.20137514849620533,0.3847588002681732,0.017821924080947803,0.20137514849620533,0.1927117556333542,0.14778050780296326,0.6236035641309149,3.0,29.0,11.0,2.120706606656313
04_2-3_GABA_212_271,2-3_GABA,212,271,267,0.3629652308163826,0.5805425047874451,0.20421230424158698,0.3629652308163826,0.18158388137817383,0.26642219722270966,0.8481533692876705,0.0,,14.0,4.254931055009365
04_2-3_GABA_212_437,2-3_GABA,212,437,432,0.2966250885788617,0.4072880446910858,0.10047649433831618,0.2966250885788617,0.11545366048812866,0.19438894093036652,0.9130566427787472,5.0,,13.0,4.870558857917786
04_2-3_GABA_212_531,2-3_GABA,212,531,526,0.1418343141717935,0.5064613223075867,0.005341228715262801,0.1418343141717935,0.20379537343978882,0.14430665969848633,0.3984669385694115,1.0,1.0,3.0,0.4061998054385185
04_2-3_GABA_212_581,2-3_GABA,212,581,580,0.07367096207204263,0.44459787011146545,0.005019980417068181,0.07367096207204263,0.19704315066337585,0.09218399226665497,0.26157878012752167,0.0,1.0,4.0,-0.3735951781272888
04_2-3_GABA_212_781,2-3_GABA,212,781,778,0.35806712089732806,0.5375199913978577,0.4382571972968874,0.35806712089732806,0.22215536236763,0.38301389664411545,2.4789565567272787,4.0,,12.0,6.344115722924471
04_2-3_GABA_212_847,2-3_GABA,212,847,843,0.3054523404396372,0.7674278616905212,0.0879481414297411,0.3054523404396372,0.2703350782394409,0.19934788346290588,0.35091517234045555,5.0,,9.0,3.9690105319023132
04_2-3_GABA_214_218,2-3_GABA,214,218,213,0.29850107962407246,0.2699739933013916,0.11042960284308322,0.29850107962407246,0.2700771726667881,0.2081746943295002,3.3685607732247207,5.0,,15.0,4.852875734679401
04_2-3_GABA_214_255,2-3_GABA,214,255,251,0.28414142581583357,0.5390071868896484,0.10151077037253774,0.28414142581583357,0.21970272064208984,0.149907648563385,0.38526812241469716,1.0,,7.0,3.565389335155487
04_2-3_GABA_214_282,2-3_GABA,214,282,277,0.26050391719818444,0.8436465859413147,0.0041309918914279745,0.26050391719818444,0.2197222113609314,0.22505131363868713,0.36381027097243657,3.0,49.0,8.0,3.260556638240814
04_2-3_GABA_214_467,2-3_GABA,214,467,465,0.28772445483169046,0.49134525656700134,0.07620255068088201,0.28772445483169046,0.18413740396499634,0.24619468301534653,1.0042590537259,1.0,,10.0,2.921883910894394
04_2-3_GABA_214_749,2-3_GABA,214,749,744,0.3019527718665101,0.29466181993484497,0.1410539136823398,0.3019527718665101,0.20352190732955933,0.20235376432538033,2.1921571523670176,6.0,,14.0,5.0064107701182365
04_2-3_GABA_214_780,2-3_GABA,214,780,776,0.3053940201875461,0.7042394280433655,0.051500402468732887,0.3053940201875461,0.27262958884239197,0.27375341951847076,0.6359171125131696,5.0,,14.0,3.9345319122076035
04_2-3_GABA_214_835,2-3_GABA,214,835,830,0.2275147435065482,0.7688310742378235,0.021110582182488128,0.2275147435065482,0.217584490776062,0.0820995569229126,0.11955117080386546,1.0,13.0,5.0,1.3917478024959564
04_2-3_GABA_215_83,2-3_GABA,215,83,78,0.3606398317409588,0.7496036291122437,1.0,0.3606398317409588,0.4248843491077423,0.37746429443359375,1.01430904840936,4.0,,12.0,6.699701204895973
04_2-3_GABA_215_149,2-3_GABA,215,149,144,0.11535484072080229,0.8740103840827942,0.013019723104063463,0.11535484072080229,0.2980040907859802,0.2523326873779297,0.40588988267617104,1.0,2.0,5.0,0.6781406700611115
04_2-3_GABA_215_179,2-3_GABA,215,179,174,0.13641611225522512,0.7583008408546448,0.06885153814518935,0.13641611225522512,0.2866254448890686,0.17565330862998962,0.30147438874290444,1.0,3.0,2.0,-0.9041374325752258
04_2-3_GABA_215_246,2-3_GABA,215,246,243,0.07125868385704007,0.48698416352272034,0.02849467758601097,0.07125868385704007,0.3580423593521118,0.0801277607679367,0.19694359047909712,0.0,1.0,3.0,-0.9850309267640114
04_2-3_GABA_215_357,2-3_GABA,215,357,352,0.08141235158235799,0.46038079261779785,0.010031456456748506,0.08141235158235799,0.4448777735233307,0.1937132626771927,0.7264223834088028,0.0,2.0,5.0,0.68227818608284
04_2-3_GABA_215_453,2-3_GABA,215,453,448,0.10736974019740882,0.4223381578922272,0.0022227926842660127,0.10736974019740882,0.32445305585861206,0.16190560162067413,0.621679577770819,1.0,3.0,4.0,1.0814639329910278
04_2-3_GABA_215_472,2-3_GABA,215,472,474,0.1080920577640718,0.44904378056526184,0.002758240000502175,0.1080920577640718,0.6286723911762238,0.14118407666683197,0.4585987541695678,0.0,1.0,5.0,0.5847731977701187
04_2-3_GABA_215_532,2-3_GABA,215,532,527,0.07517109820526223,0.4584500789642334,0.03348615675002864,0.07517109820526223,0.3534340262413025,0.17860306799411774,0.63821681487672,0.0,2.0,7.0,0.7023376822471619
04_2-3_GABA_215_624,2-3_GABA,215,624,623,0.08569932158744514,0.5749480128288269,0.07366572758200698,0.08569932158744514,0.2865115851163864,0.3255946561694145,1.3057560585163441,0.0,2.0,4.0,0.7532996386289597
04_2-3_GABA_215_658,2-3_GABA,215,658,654,0.1453954417132342,0.4913572371006012,0.023267779463814173,0.1453954417132342,0.5036642849445343,0.18490883708000183,0.6033930575835028,1.0,1.0,8.0,0.25498756766319275
04_2-3_GABA_215_789,2-3_GABA,215,789,786,0.09569475793114102,0.409343421459198,0.004851350741847417,0.09569475793114102,0.44130559265613556,0.13377748429775238,0.48546451595494644,0.0,1.0,7.0,0.0807647854089737
04_2-3_GABA_218_74,2-3_GABA,218,74,69,0.23772904003292517,0.8689735531806946,0.009146945618590528,0.23772904003292517,0.4557778835296631,0.363633394241333,0.7195814300698934,0.0,6.0,10.0,2.282831773161888
04_2-3_GABA_218_153,2-3_GABA,218,153,148,0.19985860132737754,0.6445114612579346,0.013333341044558907,0.19985860132737754,0.34703144431114197,0.20006190240383148,0.45013410052569014,0.0,5.0,5.0,0.27868594229221344
04_2-3_GABA_218_194,2-3_GABA,218,194,190,0.15057532781014024,0.6703227758407593,0.0027204349671479462,0.15057532781014024,0.4188558757305145,0.2220308631658554,0.4952818841656633,1.0,1.0,6.0,-0.21627813577651978
04_2-3_GABA_218_205,2-3_GABA,218,205,207,0.16715074156352708,0.5749983787536621,0.0017747567742132805,0.16715074156352708,0.38996925950050354,0.11518801748752594,0.25051200927778927,0.0,1.0,8.0,0.5934019386768341
04_2-3_GABA_218_264,2-3_GABA,218,264,259,0.25947271775315855,0.8337491750717163,0.034609515068530106,0.25947271775315855,0.5399340391159058,0.4492281973361969,1.1682800766339054,1.0,13.0,14.0,4.8137060180306435
04_2-3_GABA_218_296,2-3_GABA,218,296,291,0.10806071686436744,0.9481290578842163,0.01578702961226156,0.10806071686436744,0.4453620910644531,0.384454607963562,0.6820507972601557,0.0,2.0,2.0,-1.9722009152173996
04_2-3_GABA_218_340,2-3_GABA,218,340,337,0.1483075908191573,0.4541592299938202,0.0019114395053402829,0.1483075908191573,0.5657071899622679,0.09488138556480408,0.2640891639605407,2.0,5.0,4.0,-0.46086060907691717
04_2-3_GABA_218_372,2-3_GABA,218,372,368,0.3261680787927991,0.5946511626243591,0.11129919093270772,0.3261680787927991,0.39205679297447205,0.19263185560703278,0.47916070756952645,0.0,,8.0,2.710465297102928
04_2-3_GABA_218_468,2-3_GABA,218,468,463,0.17907005674662863,0.9061698913574219,0.03659809024352642,0.17907005674662863,0.3588564097881317,0.368058979511261,0.6839834900365008,0.0,3.0,5.0,1.0685038268566132
04_2-3_GABA_218_518,2-3_GABA,218,518,513,0.14562481481068337,0.5397164821624756,0.00016201009595396057,0.14562481481068337,0.11068832874298096,0.13658101856708527,0.33879683357295937,2.0,1.0,7.0,0.14917394518852234
04_2-3_GABA_218_596,2-3_GABA,218,596,591,0.3014858960052185,0.6267064809799194,0.06281296245465244,0.3014858960052185,0.5687686204910278,0.3401183485984802,1.1867844832660206,1.0,24.0,10.0,3.232912763953209
04_2-3_GABA_218_647,2-3_GABA,218,647,644,0.2329798707672428,0.5280445218086243,0.03040417796933418,0.2329798707672428,0.3701043128967285,0.1268482655286789,0.3161750977062137,0.0,2.0,10.0,1.7314414829015732
04_2-3_GABA_218_673,2-3_GABA,218,673,673,0.3188112504955912,0.7589941620826721,0.15969333595222443,0.3188112504955912,0.3872765600681305,0.31102852523326874,0.6943133572047402,1.0,,7.0,3.2726951390504837
04_2-3_GABA_218_759,2-3_GABA,218,759,756,0.25836768381795416,0.6143324971199036,0.047090979607237175,0.25836768381795416,0.5181823819875717,0.1469631791114807,0.3144476401183703,0.0,1.0,5.0,0.16405460238456726
04_2-3_GABA_218_827,2-3_GABA,218,827,829,0.1533575290491689,0.5854891538619995,0.005105245960451902,0.1533575290491689,0.41027048230171204,0.2200022041797638,0.6019427078614974,0.0,2.0,10.0,1.6560602933168411
04_2-3_GABA_220_113,2-3_GABA,220,113,109,0.41383115350743666,0.7493724226951599,0.10140333396678267,0.41383115350743666,0.2272111475467682,0.3942951112985611,1.110448622435801,2.0,,13.0,5.776674345135689
04_2-3_GABA_220_222,2-3_GABA,220,222,217,0.31508345682936717,0.543079674243927,0.009077463014703907,0.31508345682936717,0.12082287669181824,0.20330272614955902,0.5983417276827583,4.0,,13.0,3.901163935661316
04_2-3_GABA_220_335,2-3_GABA,220,335,330,0.3931796386055255,0.482041597366333,0.0746064141766359,0.3931796386055255,0.10898572206497192,0.2783471494913101,1.3664935514692602,3.0,,15.0,5.769606776535511
04_2-3_GABA_220_395,2-3_GABA,220,395,392,0.388108520959115,0.705635666847229,0.08387454072706257,0.388108520959115,0.38614553213119507,0.1690155565738678,0.3149631430841626,1.0,,11.0,3.827085256576538
04_2-3_GABA_220_583,2-3_GABA,220,583,580,0.3534788462533631,0.432645320892334,0.03593985056470013,0.3534788462533631,0.14469030499458313,0.2671342194080353,1.6139957804182525,3.0,,13.0,5.1487758085131645
04_2-3_GABA_220_686,2-3_GABA,220,686,689,0.10334621852121559,0.28673774003982544,0.006461486836740313,0.10334621852121559,0.2528294175863266,0.10992804169654846,0.6217308367503833,1.0,1.0,7.0,0.31474984623491764
04_2-3_GABA_220_774,2-3_GABA,220,774,769,0.4061849892495013,0.5390281677246094,0.08871771814057204,0.4061849892495013,0.19465197622776031,0.3948861211538315,2.739562331383515,5.0,,15.0,6.793399196118116
04_2-3_GABA_220_799,2-3_GABA,220,799,794,0.30122607960498554,0.819214403629303,0.002666195916742662,0.30122607960498554,0.42844006419181824,0.24694809317588806,0.4315265264876898,3.0,39.0,10.0,4.157619029283524
04_2-3_GABA_224_786,2-3_GABA,224,786,781,0.41500305401461285,0.4154983460903168,1.0,0.41500305401461285,0.14645355939865112,0.3268302157521248,3.685994218052767,9.0,,13.0,7.879087675362825
04_2-3_GABA_226_91,2-3_GABA,226,91,95,0.13044545300652294,0.37340494990348816,0.007187269338020759,0.13044545300652294,0.2806934118270874,0.16923758387565613,0.828915938762641,1.0,2.0,7.0,2.062860146164894
04_2-3_GABA_226_139,2-3_GABA,226,139,137,0.3308059408265483,0.5396595597267151,0.14162533211754613,0.3308059408265483,0.37004250288009644,0.2703326791524887,1.0037344901337657,0.0,,10.0,4.5457004606723785
04_2-3_GABA_226_212,2-3_GABA,226,212,208,0.24813915278873439,0.7444691061973572,0.012325589702594477,0.24813915278873439,0.3581308126449585,0.254918172955513,0.5207183883144193,1.0,11.0,6.0,1.525069698691368
04_2-3_GABA_226_303,2-3_GABA,226,303,298,0.1894834694492128,0.6611856818199158,0.020051016074170997,0.1894834694492128,0.1997467279434204,0.19982558488845825,0.43312281711728867,0.0,1.0,6.0,1.055559903383255
04_2-3_GABA_226_391,2-3_GABA,226,391,389,0.1061249979187953,0.5174337029457092,0.013955284678055442,0.1061249979187953,0.18984299898147583,0.1068764179944992,0.26032035458145686,1.0,2.0,5.0,-0.4980778098106384
04_2-3_GABA_226_453,2-3_GABA,226,453,449,0.12455648926616375,0.46347182989120483,0.0007862342307674382,0.12455648926616375,0.2940973788499832,0.13136985898017883,0.39557085018135696,0.0,1.0,6.0,0.6329455673694611
04_2-3_GABA_226_584,2-3_GABA,226,584,579,0.30955125719506943,0.4771864116191864,0.2230494643823452,0.30955125719506943,0.2743704319000244,0.22182700037956238,0.8686854316538366,5.0,,12.0,4.309123184531927
04_2-3_GABA_226_607,2-3_GABA,226,607,602,0.251168069791379,0.7349884510040283,0.014196222455781714,0.251168069791379,0.2851525545120239,0.22114220261573792,0.4303664827939558,2.0,12.0,6.0,3.274304613471031
04_2-3_GABA_226_649,2-3_GABA,226,649,644,0.2140995846090395,0.9034633636474609,0.00834071578073617,0.2140995846090395,0.28863513469696045,0.1647965908050537,0.22310004573633727,0.0,2.0,8.0,0.8631651103496552
04_2-3_GABA_226_698,2-3_GABA,226,698,694,0.16373174424972037,0.9502397179603577,0.004963973047059368,0.16373174424972037,0.15535324811935425,0.1692000925540924,0.2166344536822717,0.0,1.0,7.0,0.5808785259723663
04_2-3_GABA_226_726,2-3_GABA,226,726,725,0.14337071936785,0.9184523820877075,0.052620065494537134,0.14337071936785,0.36746102571487427,0.08136534690856934,0.09720058188591704,0.0,1.0,4.0,-1.1127130389213562
04_2-3_GABA_232_80,2-3_GABA,232,80,82,0.1945873680770681,0.6521293520927429,0.007800296507802129,0.1945873680770681,0.4788224697113037,0.11587351560592651,0.21607879620490658,0.0,13.0,7.0,1.4780776798725128
04_2-3_GABA_232_169,2-3_GABA,232,169,172,0.21521739870628911,0.5448178648948669,0.06245214778205986,0.21521739870628911,0.3066035956144333,0.13285627961158752,0.32249676755717605,0.0,1.0,1.0,-0.2318090945482254
04_2-3_GABA_232_340,2-3_GABA,232,340,343,0.07716448079634713,0.5873514413833618,0.003294077677423466,0.07716448079634713,0.544877827167511,0.2010180503129959,0.5203227444463451,0.0,1.0,6.0,0.5137019157409668
04_2-3_GABA_232_403,2-3_GABA,232,403,398,0.22609098752064116,0.699635922908783,0.038678396764901354,0.22609098752064116,0.4884667694568634,0.32586029171943665,0.8718072140833686,3.0,8.0,11.0,2.7630369067192078
04_2-3_GABA_232_424,2-3_GABA,232,424,420,0.15906867704291386,0.6373186707496643,0.01736427701000864,0.15906867704291386,0.2668399214744568,0.14549796283245087,0.29583537352181205,2.0,1.0,7.0,0.7256883084774017
04_2-3_GABA_232_455,2-3_GABA,232,455,457,0.11166537293165507,0.574525773525238,0.014341817840325672,0.11166537293165507,0.3797076940536499,0.11362709105014801,0.24653377275880836,0.0,1.0,3.0,0.023495405912399292
04_2-3_GABA_232_483,2-3_GABA,232,483,480,0.0863363327629264,0.5376744866371155,0.04241819853115324,0.0863363327629264,0.2538432329893112,0.11552990972995758,0.2736737981484624,0.0,1.0,1.0,-0.23653828352689743
04_2-3_GABA_232_615,2-3_GABA,232,615,611,0.3672169864304381,0.4672633409500122,0.36184575249781514,0.3672169864304381,0.3810094892978668,0.2511880099773407,1.1625020257824348,3.0,,9.0,5.215004164725542
04_2-3_GABA_232_651,2-3_GABA,232,651,653,0.15588675322631468,0.6523213982582092,5.5331544487256046e-05,0.15588675322631468,0.32243865728378296,0.053400665521621704,0.08916149100002513,1.0,1.0,1.0,-0.144487202167511
04_2-3_GABA_232_713,2-3_GABA,232,713,713,0.17364292323483688,0.8022209405899048,0.019968717145737908,0.17364292323483688,0.43899595737457275,0.17643919587135315,0.28195005265087675,1.0,1.0,7.0,0.8921883851289749
04_2-3_GABA_232_757,2-3_GABA,232,757,752,0.1068494838043168,0.7917650938034058,0.01973224670468133,0.1068494838043168,0.15860456228256226,0.20822152495384216,0.3568225854400964,0.0,1.0,6.0,-0.15868866443634033
04_2-3_GABA_232_858,2-3_GABA,232,858,853,0.1685651908091019,0.6150684952735901,0.008129664046004294,0.1685651908091019,0.37246567010879517,0.22716215252876282,0.585610822760366,1.0,4.0,4.0,0.6876899898052216
04_2-3_GABA_238_91,2-3_GABA,238,91,88,0.356713001170716,0.5974559187889099,0.11549876544389219,0.356713001170716,0.3615643233060837,0.30644042789936066,1.053003834822201,2.0,,11.0,4.146655231714249
04_2-3_GABA_238_193,2-3_GABA,238,193,189,0.3822531989293664,0.4871503412723541,0.12084517932776491,0.3822531989293664,0.437555193901062,0.22583064436912537,0.864192967638235,2.0,,9.0,3.921366799622774
04_2-3_GABA_238_244,2-3_GABA,238,244,242,0.23806203532423525,0.7540186047554016,0.003743008105795139,0.23806203532423525,0.2906302511692047,0.15895196795463562,0.26711624904599424,1.0,2.0,9.0,0.7540332674980164
04_2-3_GABA_238_317,2-3_GABA,238,317,318,0.08498760861467342,0.6704084873199463,0.01865353791301928,0.08498760861467342,0.26690641045570374,0.1155051589012146,0.20815366026071855,0.0,1.0,2.0,-0.385956346988678
04_2-3_GABA_238_386,2-3_GABA,238,386,383,0.359226040667487,0.44582149386405945,0.05796795881684165,0.359226040667487,0.23160496819764376,0.2526818960905075,1.3082863328045573,0.0,,11.0,3.7155919051729143
04_2-3_GABA_238_452,2-3_GABA,238,452,447,0.34856970735042647,0.6898877024650574,0.06758802689606572,0.34856970735042647,0.1779051125049591,0.28798699378967285,0.7165625428699608,3.0,,10.0,4.379950061440468
04_2-3_GABA_238_488,2-3_GABA,238,488,485,0.1704584942564341,0.969058096408844,0.002005784149290297,0.1704584942564341,0.4412788152694702,0.2032313048839569,0.26537502622399767,0.0,2.0,12.0,1.7076283395290375
04_2-3_GABA_238_538,2-3_GABA,238,538,535,0.10950255716659807,0.8136658668518066,0.0004206695236762591,0.10950255716659807,0.25594592094421387,0.06241375207901001,0.0830796357862979,0.0,1.0,4.0,-0.2974257469177246
04_2-3_GABA_238_632,2-3_GABA,238,632,627,0.3188661970485066,0.7250431776046753,0.007657579796529635,0.3188661970485066,0.2333882451057434,0.4063868820667267,1.2753141480562096,3.0,,12.0,4.456818327307701
04_2-3_GABA_238_690,2-3_GABA,238,690,685,0.26314503580442233,0.717201828956604,0.007778509410546132,0.26314503580442233,0.3055464029312134,0.18393880128860474,0.344930722260989,1.0,18.0,10.0,2.400346100330353
04_2-3_GABA_238_753,2-3_GABA,238,753,748,0.24684006161710836,0.6587490439414978,0.009951072290584983,0.24684006161710836,0.2908221483230591,0.13851001858711243,0.26624303798193494,0.0,7.0,4.0,1.63784459233284
04_2-3_GABA_238_819,2-3_GABA,238,819,816,0.2662415571140346,0.7730655074119568,0.012808228166415652,0.2662415571140346,0.6430409550666809,0.15543431043624878,0.25166201318415937,0.0,1.0,6.0,0.0027020275592803955
04_2-3_GABA_239_99,2-3_GABA,239,99,95,0.26604958114914956,0.4446827173233032,0.02880924970833317,0.26604958114914956,0.3071441054344177,0.266207680106163,1.4915681445259128,1.0,,16.0,3.909660264849663
04_2-3_GABA_239_168,2-3_GABA,239,168,164,0.22966415821250297,0.5168489217758179,0.009828450364235799,0.22966415821250297,0.2626681327819824,0.16613630950450897,0.473710678462818,0.0,25.0,14.0,2.1195356845855713
04_2-3_GABA_239_212,2-3_GABA,239,212,208,0.24130305522238038,0.5464039444923401,0.07178649768477348,0.24130305522238038,0.29543954133987427,0.10588264465332031,0.2403576051646382,2.0,33.0,12.0,1.5570869743824005
04_2-3_GABA_239_291,2-3_GABA,239,291,286,0.288580660441691,0.6602041721343994,0.0019348536071513035,0.288580660441691,0.23243242502212524,0.2414454221725464,0.5765740350369776,2.0,45.0,14.0,2.9558020681142807
04_2-3_GABA_239_355,2-3_GABA,239,355,356,0.25475487542616804,0.8288863301277161,0.18318904060868052,0.25475487542616804,0.3078341484069824,0.2774706780910492,0.5031969568984932,0.0,,11.0,3.7957956194877625
04_2-3_GABA_239_386,2-3_GABA,239,386,381,0.18679548274476251,0.9137470722198486,0.01474692975816778,0.18679548274476251,0.14351314306259155,0.13400164246559143,0.17185306556759566,1.0,2.0,7.0,1.1525668501853943
04_2-3_GABA_239_428,2-3_GABA,239,428,430,0.16058842902833878,0.940910816192627,0.005205789172416739,0.16058842902833878,0.22265774011611938,0.12449458241462708,0.15248910698225984,1.0,1.0,5.0,0.11195099353790283
04_2-3_GABA_239_479,2-3_GABA,239,479,483,0.1432822382477315,0.841079592704773,0.0009337307324954759,0.1432822382477315,0.25351178646087646,0.053671181201934814,0.06816180830415394,0.0,1.0,4.0,0.12736615538597107
04_2-3_GABA_239_523,2-3_GABA,239,523,520,0.14933419221917882,0.8133075833320618,0.010734634675924995,0.14933419221917882,0.1970718502998352,0.06766852736473083,0.09075239128527574,0.0,2.0,3.0,-0.18405908346176147
04_2-3_GABA_239_634,2-3_GABA,239,634,629,0.20982755289432561,0.5026842951774597,0.01300708270115651,0.20982755289432561,0.20679569244384766,0.14784832298755646,0.4166666701662088,4.0,13.0,9.0,1.5876225382089615
04_2-3_GABA_239_710,2-3_GABA,239,710,707,0.17905846234025824,0.4688259959220886,0.011207553125996292,0.17905846234025824,0.43589086830616,0.17078343033790588,0.573016911202463,2.0,1.0,9.0,1.1310506835579872
04_2-3_GABA_242_90,2-3_GABA,242,90,88,0.08702631933657515,0.5900558233261108,0.02753128141211988,0.08702631933657515,0.24913495779037476,0.12301938235759735,0.2634042476481852,0.0,1.0,5.0,-1.5975621193647385
04_2-3_GABA_242_145,2-3_GABA,242,145,143,0.1859420939910134,0.5105526447296143,0.03661165706261664,0.1859420939910134,0.26300743222236633,0.20007997751235962,0.6444366884391558,2.0,2.0,6.0,1.9043193683028221
04_2-3_GABA_242_196,2-3_GABA,242,196,197,0.19347084116046828,0.4520258605480194,0.05064850721897477,0.19347084116046828,0.4275144524872303,0.12995776534080505,0.4035102118922768,0.0,3.0,3.0,0.24027644284069538
04_2-3_GABA_242_308,2-3_GABA,242,308,307,0.31489600224353737,0.3936632573604584,0.03141915746823802,0.31489600224353737,0.3136645406484604,0.22583206743001938,1.3455905754086592,0.0,44.0,8.0,3.5240675806999207
04_2-3_GABA_242_373,2-3_GABA,242,373,368,0.2053591583319811,0.6880049109458923,0.023585753942958615,0.2053591583319811,0.4248960614204407,0.32083819806575775,0.8738215824333148,1.0,5.0,5.0,1.685716301202774
04_2-3_GABA_242_397,2-3_GABA,242,397,392,0.2675103963655187,0.9250605702400208,0.008647518719817055,0.2675103963655187,0.11557179689407349,0.4473969489336014,0.9366360111535434,0.0,11.0,5.0,2.0269180089235306
04_2-3_GABA_242_420,2-3_GABA,242,420,415,0.25572702960909155,0.7367644309997559,0.0077545993451916834,0.25572702960909155,0.7885767221450806,0.15139922499656677,0.2586406288653616,1.0,1.0,7.0,2.5017647743225098
04_2-3_GABA_242_488,2-3_GABA,242,488,485,0.1724069209229416,0.8274585604667664,0.002315053185226669,0.1724069209229416,0.34614676237106323,0.2395174205303192,0.4073833318692575,1.0,3.0,5.0,0.759789913892746
04_2-3_GABA_242_584,2-3_GABA,242,584,581,0.253660276408042,0.6151394248008728,0.012260276471190993,0.253660276408042,0.4367913007736206,0.2718306928873062,0.7917966180823618,1.0,11.0,7.0,1.918675810098648
04_2-3_GABA_242_609,2-3_GABA,242,609,604,0.22911025530639767,0.6567032337188721,0.027361874910493834,0.22911025530639767,0.19770696759223938,0.15813232958316803,0.31717119525315624,0.0,4.0,10.0,2.1839690059423447
04_2-3_GABA_242_693,2-3_GABA,242,693,688,0.21737433003893575,0.7546625733375549,0.008648641082245457,0.21737433003893575,0.36412009596824646,0.3526497334241867,0.87721012468204,1.0,1.0,5.0,1.6513924598693848
04_2-3_GABA_242_804,2-3_GABA,242,804,801,0.1873862836676276,0.43112900853157043,0.011476705812013212,0.1873862836676276,0.31012198328971863,0.09075263142585754,0.26662435330425976,0.0,8.0,9.0,1.2206852287054062
04_2-3_GABA_243_67,2-3_GABA,243,67,62,0.103614278004896,0.7828576564788818,0.0006672100286495893,0.103614278004896,0.517505556344986,0.20039480924606323,0.3440473674812131,1.0,1.0,5.0,-0.6305827051401138
04_2-3_GABA_243_106,2-3_GABA,243,106,110,0.14482222489003516,0.594012439250946,0.034403710479340203,0.14482222489003516,0.3185604214668274,0.09638573229312897,0.19369083480742405,0.0,1.0,6.0,0.2631397992372513
04_2-3_GABA_243_269,2-3_GABA,243,269,267,0.30205893698521413,0.48853597044944763,0.923288122439554,0.30205893698521413,0.30306481570005417,0.2519388198852539,1.064843001213143,0.0,39.0,8.0,3.37301779165864
04_2-3_GABA_243_326,2-3_GABA,243,326,324,0.20210199842552226,0.6026595234870911,0.041265046000828254,0.20210199842552226,0.5858722925186157,0.15261799097061157,0.339119792160567,0.0,3.0,6.0,1.1934213042259216
04_2-3_GABA_243_384,2-3_GABA,243,384,387,0.24554384954494435,0.7596214413642883,0.07468402473441617,0.24554384954494435,0.4300536513328552,0.24201887845993042,0.46757666171883006,0.0,1.0,12.0,2.7430496513843536
04_2-3_GABA_243_449,2-3_GABA,243,449,454,0.22141996822340002,0.642588198184967,0.01676666429271671,0.22141996822340002,0.768421083688736,0.14478176832199097,0.2908394902850952,0.0,1.0,4.0,0.6031894683837891
04_2-3_GABA_243_511,2-3_GABA,243,511,506,0.19565853088112575,0.8903936147689819,0.03733369734078115,0.19565853088112575,0.5611327588558197,0.2461237907409668,0.3820197401178679,0.0,5.0,8.0,1.440185308456421
04_2-3_GABA_243_551,2-3_GABA,243,551,548,0.14566701057621162,0.7761645317077637,0.023218310444874064,0.14566701057621162,0.23685675859451294,0.11925721168518066,0.18154343550484545,0.0,1.0,3.0,-0.9620265066623688
04_2-3_GABA_243_657,2-3_GABA,243,657,653,0.21859168281564226,0.6406826972961426,0.006652869674614139,0.21859168281564226,0.2806188464164734,0.2040901631116867,0.4674614134044278,1.0,12.0,11.0,2.2963815331459045
04_2-3_GABA_243_678,2-3_GABA,243,678,677,0.1820047633575168,0.7627435326576233,0.010320416923632674,0.1820047633575168,0.3370397388935089,0.21048301458358765,0.3811299336002333,0.0,1.0,7.0,1.2559022307395935
04_2-3_GABA_243_755,2-3_GABA,243,755,757,0.18648521086143,0.6560372114181519,0.0008445819486332507,0.18648521086143,0.3425177037715912,0.21739552915096283,0.49561074092940643,0.0,1.0,5.0,0.8382769674062729
04_2-3_GABA_243_834,2-3_GABA,243,834,830,0.22631495949545585,0.7113268971443176,0.014655960414596632,0.22631495949545585,0.46412551403045654,0.2462029755115509,0.5293276996962062,0.0,1.0,5.0,0.47674843668937683
04_2-3_GABA_244_114,2-3_GABA,244,114,111,0.17217599049994925,0.4842110872268677,0.002036483588604133,0.17217599049994925,0.2801712155342102,0.17141827940940857,0.5480250028940741,0.0,2.0,8.0,1.106081485748291
04_2-3_GABA_244_142,2-3_GABA,244,142,143,0.2684907260347946,0.4728468358516693,0.1285627163604768,0.2684907260347946,0.2617170512676239,0.13372671604156494,0.39433436186696125,0.0,2.0,5.0,1.5362836718559265
04_2-3_GABA_244_224,2-3_GABA,244,224,219,0.22978260621348034,0.7410774230957031,0.053278089561528075,0.22978260621348034,0.4118865430355072,0.31804050505161285,0.7518031913670136,3.0,9.0,9.0,2.5114374458789825
04_2-3_GABA_244_245,2-3_GABA,244,245,241,0.2573704590245886,0.7448391914367676,0.028315182364296167,0.2573704590245886,0.5329555571079254,0.21109521389007568,0.3954990084578689,0.0,,7.0,2.9065170884132385
04_2-3_GABA_244_260,2-3_GABA,244,260,262,0.21479349403759646,0.856666624546051,0.04593090600659281,0.21479349403759646,0.34893298149108887,0.2139691412448883,0.3329235710490936,0.0,4.0,9.0,2.7397179901599884
04_2-3_GABA_244_386,2-3_GABA,244,386,386,0.13082301743059047,0.5636183619499207,0.00525221660600054,0.13082301743059047,0.29386651515960693,0.12852175533771515,0.2953867104099584,0.0,1.0,4.0,-0.3233659714460373
04_2-3_GABA_244_434,2-3_GABA,244,434,432,0.22682476493177944,0.5460969805717468,0.052993677590384154,0.22682476493177944,0.4370342493057251,0.1352129429578781,0.32907811104831836,1.0,1.0,11.0,1.7968590706586838
04_2-3_GABA_244_474,2-3_GABA,244,474,469,0.25340709783477033,0.7074982523918152,0.04978923844760519,0.25340709783477033,0.27653518319129944,0.1754516363143921,0.3297674132539929,1.0,12.0,7.0,1.2045746743679047
04_2-3_GABA_244_499,2-3_GABA,244,499,494,0.25825986316457533,0.7649379968643188,0.006101197690215433,0.25825986316457533,0.309315025806427,0.15103888511657715,0.24603209587089414,0.0,11.0,8.0,1.9197425246238708
04_2-3_GABA_244_532,2-3_GABA,244,532,530,0.12640276414751012,0.7543326616287231,0.009759713855266038,0.12640276414751012,0.4960330128669739,0.012777119874954224,0.017230158977352535,0.0,1.0,2.0,-1.5940831005573273
04_2-3_GABA_244_579,2-3_GABA,244,579,574,0.25643937212681744,0.7923640608787537,0.023817846115033015,0.25643937212681744,0.3061627149581909,0.22636041045188904,0.3999274744627073,1.0,9.0,10.0,1.7278140038251877
04_2-3_GABA_244_666,2-3_GABA,244,666,664,0.1995280647228558,0.6928268671035767,0.001824451798323899,0.1995280647228558,0.25987812876701355,0.24813596904277802,0.5579965097663244,1.0,11.0,8.0,2.240908235311508
04_2-3_GABA_244_809,2-3_GABA,244,809,812,0.07591627534397634,0.40735936164855957,0.0021134233978082504,0.07591627534397634,0.40375374257564545,0.10728852450847626,0.35754399038247864,0.0,1.0,4.0,0.16802657395601273
04_2-3_GABA_245_123,2-3_GABA,245,123,119,0.3243866037272712,0.5225722193717957,0.10942721470491276,0.3243866037272712,0.22056683897972107,0.18647803366184235,0.5548386184305236,2.0,,12.0,4.36311836540699
04_2-3_GABA_245_204,2-3_GABA,245,204,201,0.2810258974759521,0.8110218048095703,0.024529873716930654,0.2810258974759521,0.2758861780166626,0.20822426676750183,0.3454298560074247,0.0,29.0,9.0,3.036878764629364
04_2-3_GABA_245_261,2-3_GABA,245,261,266,0.09901383291742141,0.7817015051841736,0.004453348816665365,0.09901383291742141,0.38414841890335083,0.0015948116779327393,0.002044350716649736,0.0,1.0,3.0,-1.8599448502063751
04_2-3_GABA_245_389,2-3_GABA,245,389,385,0.1019383393114557,0.5411844253540039,0.03979260844842621,0.1019383393114557,0.38203534483909607,0.15140019357204437,0.38842051891092344,0.0,3.0,7.0,-0.09072886407375336
04_2-3_GABA_245_498,2-3_GABA,245,498,493,0.3285915292379994,0.511759340763092,0.16311403272261754,0.3285915292379994,0.26225635409355164,0.2610045149922371,1.0408753418398755,5.0,,10.0,5.776690378785133
04_2-3_GABA_245_549,2-3_GABA,245,549,548,0.09782043105334973,0.6559966206550598,0.017790453479672654,0.09782043105334973,0.1946556270122528,0.13362452387809753,0.25580333387361487,0.0,1.0,4.0,-0.7243668437004089
04_2-3_GABA_245_725,2-3_GABA,245,725,721,0.3666340586172972,0.5553742051124573,0.32886863305123876,0.3666340586172972,0.27561160922050476,0.29404976963996887,1.1252287567686172,3.0,,13.0,5.45676189661026
04_2-3_GABA_245_780,2-3_GABA,245,780,775,0.24219135303889022,0.7831476330757141,0.00047479956131902444,0.24219135303889022,0.2590886950492859,0.11735090613365173,0.1762563578115391,0.0,6.0,8.0,1.4359395802021027
04_2-3_GABA_246_166,2-3_GABA,246,166,161,0.21571980640617328,0.4089544117450714,0.058580022928774456,0.21571980640617328,0.22916176915168762,0.223843015730381,1.2092341182096475,4.0,5.0,8.0,2.0856161154806614
04_2-3_GABA_246_189,2-3_GABA,246,189,190,0.198969334543141,0.48448795080184937,0.05619579132979702,0.198969334543141,0.318060964345932,0.19389291107654572,0.6672271875660045,0.0,1.0,6.0,1.4879737049341202
04_2-3_GABA_246_264,2-3_GABA,246,264,261,0.22412123796728992,0.4824070334434509,0.2741927746960734,0.22412123796728992,0.255506694316864,0.13690830767154694,0.3962628439965157,0.0,1.0,2.0,1.6560283675789833
04_2-3_GABA_246_339,2-3_GABA,246,339,339,0.1230086567921167,0.5178533792495728,0.006720924726539078,0.1230086567921167,0.3711513876914978,0.12144690752029419,0.3063696386955938,0.0,1.0,6.0,-0.051021769642829895
04_2-3_GABA_246_381,2-3_GABA,246,381,381,0.2032271903914083,0.519418478012085,0.0904126009659853,0.2032271903914083,0.33099913597106934,0.15299773216247559,0.4175465878923533,0.0,5.0,7.0,0.9191560000181198
04_2-3_GABA_246_436,2-3_GABA,246,436,435,0.2501135462248041,0.4965394139289856,0.05859998805129801,0.2501135462248041,0.22986772656440735,0.09766837954521179,0.2448620509536427,1.0,10.0,3.0,1.2596787512302399
04_2-3_GABA_246_502,2-3_GABA,246,502,498,0.18249513928265026,0.5076596140861511,0.023666158468583432,0.18249513928265026,0.1806049942970276,0.08309103548526764,0.19570698274253953,2.0,1.0,6.0,1.589745745062828
04_2-3_GABA_246_575,2-3_GABA,246,575,576,0.258472344629257,0.4924388825893402,0.09015584686219892,0.258472344629257,0.3237084001302719,0.10182152688503265,0.26066820994536216,0.0,1.0,8.0,1.534125655889511
04_2-3_GABA_246_620,2-3_GABA,246,620,615,0.20692934758332668,0.7859819531440735,0.01922724197710333,0.20692934758332668,0.26269423961639404,0.18524426221847534,0.3083613114620071,1.0,7.0,8.0,1.6704089939594269
04_2-3_GABA_246_633,2-3_GABA,246,633,632,0.19387970480920647,0.8459631204605103,0.006168642366062941,0.19387970480920647,0.441728800535202,0.22423958778381348,0.3606741196016793,1.0,1.0,14.0,2.8284803330898285
04_2-3_GABA_246_690,2-3_GABA,246,690,688,0.14813421330457782,0.7927254438400269,0.03647997235335727,0.14813421330457782,0.240836501121521,0.10265177488327026,0.1487548061911386,0.0,1.0,1.0,-0.8409601151943207
04_2-3_GABA_246_776,2-3_GABA,246,776,771,0.17830336393533086,0.4826533794403076,0.025089985711391472,0.17830336393533086,0.5032052099704742,0.12156976759433746,0.33668037985118054,0.0,5.0,10.0,0.5622299835085869
04_2-3_GABA_249_66,2-3_GABA,249,66,71,0.15606410552258332,0.8399871587753296,0.0037786605198338588,0.15606410552258332,0.3730647563934326,0.2622208297252655,0.4538527368952021,0.0,1.0,5.0,0.360930860042572
04_2-3_GABA_249_101,2-3_GABA,249,101,96,0.19930115242612922,0.8283854126930237,0.004795191698537874,0.19930115242612922,0.39572209119796753,0.2446730136871338,0.41916706601372866,0.0,4.0,11.0,1.9236288964748383
04_2-3_GABA_249_125,2-3_GABA,249,125,130,0.17718308517860853,0.8024858236312866,0.0010688139029343476,0.17718308517860853,0.6454890966415405,0.07651370763778687,0.10539482984560244,0.0,1.0,3.0,0.16795209050178528
04_2-3_GABA_249_183,2-3_GABA,249,183,184,0.08418950333089836,0.712673544883728,0.022096640590131705,0.08418950333089836,0.3277565836906433,0.06111788749694824,0.0938030186739168,0.0,1.0,4.0,-1.4932678639888763
04_2-3_GABA_249_274,2-3_GABA,249,274,269,0.2735788786124213,0.4102500379085541,0.07565784262868312,0.2735788786124213,0.48580560088157654,0.1884310096502304,0.8494808183488632,4.0,22.0,11.0,3.841511771082878
04_2-3_GABA_249_336,2-3_GABA,249,336,331,0.11348543996091912,0.554527759552002,0.006423637131995456,0.11348543996091912,0.23611612617969513,0.2554381936788559,0.8540525074258051,0.0,1.0,3.0,-0.3618406164459884
04_2-3_GABA_249_388,2-3_GABA,249,388,385,0.1699859976827039,0.5606538653373718,0.012075765738542507,0.1699859976827039,0.41087353229522705,0.2418375164270401,0.7585480395017565,0.0,3.0,6.0,0.9649955034255981
04_2-3_GABA_249_469,2-3_GABA,249,469,464,0.13533246873259552,0.4133590757846832,0.005240773586897476,0.13533246873259552,0.30382850766181946,0.16627568006515503,0.6729536785786268,1.0,1.0,3.0,1.8256458640098572
04_2-3_GABA_249_540,2-3_GABA,249,540,536,0.31631005029256937,0.7834327220916748,0.01726421283755945,0.31631005029256937,0.37672868371009827,0.3956710398197174,1.0203974706871959,2.0,3.0,11.0,3.3487018048763275
04_2-3_GABA_249_647,2-3_GABA,249,647,651,0.228214175799829,0.5219966769218445,0.02694549717975364,0.228214175799829,0.3537899851799011,0.1284489780664444,0.3263873183353055,0.0,1.0,3.0,-0.38199949264526367
04_2-3_GABA_249_762,2-3_GABA,249,762,758,0.2905122888575533,0.6273488998413086,0.41408822413171986,0.2905122888575533,0.18822979927062988,0.27962251007556915,0.8041452081446814,2.0,1.0,11.0,3.2077956199645996
04_2-3_GABA_249_804,2-3_GABA,249,804,800,0.12709336237573532,0.6879012584686279,0.0727988566527027,0.12709336237573532,0.2546524405479431,0.10874420404434204,0.1877628930073895,0.0,1.0,5.0,-0.5783661603927612
04_2-3_GABA_249_836,2-3_GABA,249,836,832,0.2391592525025399,0.705130398273468,0.011534415981254358,0.2391592525025399,0.633530467748642,0.22103674709796906,0.45659914473415886,1.0,1.0,6.0,0.8380498439073563
04_2-3_GABA_250_128,2-3_GABA,250,128,123,0.336968992601355,0.5936045050621033,0.36321370649750484,0.336968992601355,0.13621801137924194,0.28275516629219055,0.9096212570729734,8.0,,11.0,5.764793202280998
04_2-3_GABA_250_301,2-3_GABA,250,301,306,0.22654799467339337,0.6801943182945251,0.005514334403687507,0.22654799467339337,0.3616504669189453,0.10900634527206421,0.19084145748947295,0.0,1.0,1.0,-0.2542058974504471
04_2-3_GABA_250_374,2-3_GABA,250,374,377,0.08830155992086827,0.6406792402267456,0.03343691773138733,0.08830155992086827,0.41601043939590454,0.023377269506454468,0.03787007107587392,0.0,1.0,3.0,-1.4393149018287659
04_2-3_GABA_250_458,2-3_GABA,250,458,456,0.07690690145084106,0.5427371263504028,0.033968073549035215,0.07690690145084106,0.16199153661727905,0.14043457806110382,0.34907702836651233,0.0,1.0,2.0,0.09589430689811707
04_2-3_GABA_250_546,2-3_GABA,250,546,543,0.06688179501634534,0.4350200593471527,0.010963596604521713,0.06688179501634534,0.24347171187400818,0.16896124184131622,0.6350522167438023,0.0,1.0,5.0,0.27252065390348434
04_2-3_GABA_250_682,2-3_GABA,250,682,678,0.24979643787777478,0.3024651110172272,0.16569823907443645,0.24979643787777478,0.25626110285520554,0.1391555666923523,0.8520969626583943,4.0,,10.0,2.508161086589098
04_2-3_GABA_251_291,2-3_GABA,251,291,287,0.2834578632002079,0.5455576181411743,0.21119192746694235,0.2834578632002079,0.2011231780052185,0.296255387365818,1.1883382930206137,2.0,,8.0,3.811421327292919
04_2-3_GABA_251_333,2-3_GABA,251,333,328,0.23758733120118536,0.7137613892555237,0.06572875721184797,0.23758733120118536,0.4566805362701416,0.1684790551662445,0.3089758179084148,1.0,3.0,9.0,2.04155769944191
04_2-3_GABA_251_362,2-3_GABA,251,362,358,0.1561596353796758,0.8201276659965515,0.023785811290491787,0.1561596353796758,0.3764105439186096,0.1705610454082489,0.26257667805309076,0.0,5.0,9.0,0.7528685331344604
04_2-3_GABA_251_557,2-3_GABA,251,557,552,0.349086433657823,0.4346528649330139,0.6384235985380486,0.349086433657823,0.3041059523820877,0.2256912812590599,1.080061115976272,5.0,,11.0,5.307743269950151
04_2-3_GABA_251_781,2-3_GABA,251,781,778,0.2714274832050788,0.4993709921836853,0.19952859850831497,0.2714274832050788,0.20671673119068146,0.2545141652226448,1.0394407555691347,6.0,,10.0,3.637430816888809
04_2-3_GABA_252_118,2-3_GABA,252,118,116,0.11782682001276856,0.6388582587242126,0.009034872865717232,0.11782682001276856,0.35692232847213745,0.1555277407169342,0.3217834068458142,0.0,1.0,4.0,-0.35005876421928406
04_2-3_GABA_252_203,2-3_GABA,252,203,199,0.08524807141952609,0.5022169947624207,0.0033388627920332955,0.08524807141952609,0.13387936353683472,0.10948458313941956,0.2787765407162727,0.0,1.0,8.0,0.523446649312973
04_2-3_GABA_252_286,2-3_GABA,252,286,285,0.06755381745686181,0.3772069215774536,0.0034827038173706765,0.06755381745686181,0.35579216480255127,0.08425508439540863,0.2876072913755143,1.0,1.0,3.0,-0.1385219618678093
04_2-3_GABA_252_535,2-3_GABA,252,535,530,0.3738072261540405,0.5372036099433899,0.3321397746923963,0.3738072261540405,0.22307750582695007,0.3011411800980568,1.2756844886133,5.0,,12.0,6.855105012655258
04_2-3_GABA_252_617,2-3_GABA,252,617,614,0.0707335533738261,0.5285422801971436,0.012893557436235778,0.0707335533738261,0.5013129413127899,0.024961933493614197,0.04956891915464272,0.0,1.0,4.0,-1.146736741065979
04_2-3_GABA_252_775,2-3_GABA,252,775,770,0.3757224149818705,0.6055132150650024,0.0657310124806729,0.3757224149818705,0.3642151951789856,0.23058995604515076,0.6150324112939105,2.0,,13.0,5.038403823971748
04_2-3_GABA_254_197,2-3_GABA,254,197,193,0.2086988524364923,0.6328226923942566,0.024330196172233504,0.2086988524364923,0.20802003145217896,0.30891844630241394,0.9537338581687518,5.0,1.0,9.0,3.330627530813217
04_2-3_GABA_254_267,2-3_GABA,254,267,265,0.21692684975589382,0.4748728573322296,0.028927239091689122,0.21692684975589382,0.3788660615682602,0.19611798226833344,0.7035499638288991,0.0,8.0,8.0,2.4684621542692184
04_2-3_GABA_254_381,2-3_GABA,254,381,377,0.11866246905913796,0.44458121061325073,0.006074487923372238,0.11866246905913796,0.2583763478323817,0.26316991448402405,1.4506809669479312,0.0,8.0,4.0,1.5145358266308904
04_2-3_GABA_254_444,2-3_GABA,254,444,441,0.30893538942623966,0.5740022659301758,0.21003614101790635,0.30893538942623966,0.5195064917206764,0.36358416080474854,1.7279129121898573,2.0,14.0,9.0,4.48232477158308
04_2-3_GABA_254_504,2-3_GABA,254,504,501,0.245584262598388,0.6935206055641174,0.006498585463211152,0.245584262598388,0.48128342628479004,0.18043121695518494,0.3516564968228302,1.0,1.0,8.0,2.1615639477968216
04_2-3_GABA_254_630,2-3_GABA,254,630,634,0.2155373482598565,0.4642517864704132,0.011289252855971247,0.2155373482598565,0.2792200446128845,0.27316150814294815,1.429489299685044,0.0,1.0,8.0,1.298790879547596
04_2-3_GABA_254_671,2-3_GABA,254,671,666,0.23814535339818751,0.5075492262840271,0.03212249924197925,0.23814535339818751,0.34494271874427795,0.12591959536075592,0.32995235473755125,3.0,6.0,2.0,1.5014371126890182
04_2-3_GABA_254_696,2-3_GABA,254,696,691,0.3484606297097588,0.8389652371406555,0.14200993705883372,0.3484606297097588,0.5692551732063293,0.37404268980026245,0.8045268871987125,1.0,1.0,13.0,3.723898321390152
04_2-3_GABA_254_787,2-3_GABA,254,787,782,0.1407593742479046,0.782794177532196,0.004066015006707008,0.1407593742479046,0.40280386805534363,0.25540995597839355,0.4842957857667671,1.0,1.0,4.0,0.3376813381910324
04_2-3_GABA_254_798,2-3_GABA,254,798,803,0.16188125029103675,0.7251133322715759,0.0038442551298103404,0.16188125029103675,0.28518354892730713,0.18331938982009888,0.33835629278287277,0.0,1.0,4.0,0.4134659022092819
04_2-3_GABA_254_854,2-3_GABA,254,854,850,0.27016415229244317,0.5350236892700195,0.03658970355243639,0.27016415229244317,0.2659410685300827,0.15540440380573273,0.40936909623985,2.0,6.0,7.0,2.252739891409874
04_2-3_GABA_255_62,2-3_GABA,255,62,59,0.3474897314534471,0.779830276966095,0.4484594926085666,0.3474897314534471,0.35499534010887146,0.3670680671930313,0.8892966906898891,4.0,,11.0,6.846480563282967
04_2-3_GABA_255_301,2-3_GABA,255,301,296,0.2981576447303753,0.5238705277442932,0.17693257465758908,0.2981576447303753,0.21115386486053467,0.2624659389257431,1.0040601816211028,11.0,,14.0,6.297348737716675
04_2-3_GABA_255_366,2-3_GABA,255,366,362,0.2534737155357817,0.8503541946411133,0.01833912607564431,0.2534737155357817,0.3766908645629883,0.24479621648788452,0.40424901548558567,0.0,17.0,10.0,3.4714803397655487
04_2-3_GABA_255_469,2-3_GABA,255,469,464,0.22856886618553385,0.6363101005554199,0.0210814021699989,0.22856886618553385,0.27321770787239075,0.17392119765281677,0.37613618441325625,5.0,1.0,7.0,1.592401310801506
04_2-3_GABA_255_561,2-3_GABA,255,561,559,0.2858646627421311,0.6983083486557007,0.19428441886512066,0.2858646627421311,0.32105743885040283,0.2521814554929733,0.56526844572221,1.0,,9.0,3.678385838866234
04_2-3_GABA_255_783,2-3_GABA,255,783,780,0.2848074923676355,0.3546864092350006,0.179734071238492,0.2848074923676355,0.29649558663368225,0.20657478272914886,1.394723612200608,2.0,,8.0,3.5559104159474373
04_2-3_GABA_261_56,2-3_GABA,261,56,52,0.29815017235293956,0.647528886795044,0.015672766792764463,0.29815017235293956,0.2647930979728699,0.17812970280647278,0.379484474797915,2.0,,13.0,2.2106844782829285
04_2-3_GABA_261_75,2-3_GABA,261,75,72,0.26009909227249095,0.7499747276306152,0.0026818263776279983,0.26009909227249095,0.3118849992752075,0.1304394006729126,0.21054392703229666,2.0,8.0,7.0,3.07216939330101
04_2-3_GABA_261_117,2-3_GABA,261,117,112,0.16959675584819492,0.9632494449615479,0.005660551227776875,0.16959675584819492,0.33051449060440063,0.18701744079589844,0.2409298248362207,2.0,16.0,11.0,1.841169685125351
04_2-3_GABA_261_243,2-3_GABA,261,243,239,0.3380741563110926,0.6707871556282043,0.25835102989871356,0.3380741563110926,0.22817561030387878,0.23787815868854523,0.5494876760939709,1.0,,10.0,3.2836540192365646
04_2-3_GABA_261_427,2-3_GABA,261,427,422,0.2846707517537722,0.42211851477622986,0.002906077406325392,0.2846707517537722,0.24816972762346268,0.2938863970339298,2.291831424203215,5.0,,17.0,3.9585456885397434
04_2-3_GABA_261_481,2-3_GABA,261,481,476,0.2900595590481122,0.5449767112731934,0.024945078820945217,0.2900595590481122,0.28515374660491943,0.23752160370349884,0.7725407640192056,0.0,35.0,13.0,3.6874335259199142
04_2-3_GABA_261_528,2-3_GABA,261,528,526,0.27640826027965165,0.640503466129303,0.04222877773524304,0.27640826027965165,0.30640554428100586,0.19740793108940125,0.4455200187734327,0.0,48.0,9.0,2.4847704619169235
04_2-3_GABA_261_592,2-3_GABA,261,592,587,0.25340671323619174,0.7305759787559509,0.036025795019974854,0.25340671323619174,0.22356051206588745,0.14999690651893616,0.25835741192149214,0.0,27.0,5.0,1.3323709666728973
04_2-3_GABA_261_649,2-3_GABA,261,649,645,0.24171845822425952,0.7413282990455627,0.012149283346070109,0.24171845822425952,0.2027459740638733,0.13923588395118713,0.23125334327515562,4.0,,9.0,1.7148438394069672
04_2-3_GABA_261_772,2-3_GABA,261,772,768,0.26510430995837686,0.6351781487464905,0.01966774483291162,0.26510430995837686,0.2792325019836426,0.1343453973531723,0.2682440335210168,0.0,23.0,13.0,1.9049154371023178
04_2-3_GABA_261_857,2-3_GABA,261,857,855,0.25337822006244226,0.5345891714096069,0.01771409276194201,0.25337822006244226,0.11695060133934021,0.14587408304214478,0.3752725001100197,0.0,,8.0,1.6413118243217468
04_2-3_GABA_263_162,2-3_GABA,263,162,162,0.22912649330695992,0.3353591561317444,0.12257038086297173,0.22912649330695992,0.31436048448085785,0.23178615048527718,2.237901169697137,0.0,,12.0,2.5398065675981343
04_2-3_GABA_263_257,2-3_GABA,263,257,254,0.2541924405170583,0.5516820549964905,0.006448444403440843,0.2541924405170583,0.4457262456417084,0.29372310638427734,1.138642826560082,0.0,,11.0,3.60369873046875
04_2-3_GABA_263_340,2-3_GABA,263,340,340,0.22660878019450142,0.6901161670684814,0.0032438090769678577,0.22660878019450142,0.21246200799942017,0.1757405698299408,0.34165806226698087,0.0,1.0,10.0,1.3833747208118439
04_2-3_GABA_263_442,2-3_GABA,263,442,442,0.24694855989087128,0.71514493227005,0.04547813468463153,0.24694855989087128,0.4446650743484497,0.17585653066635132,0.3260899551026895,0.0,2.0,8.0,1.3835618793964386
04_2-3_GABA_263_484,2-3_GABA,263,484,479,0.11088850294686617,0.7991441488265991,0.04901816285092696,0.11088850294686617,0.4774734377861023,0.10820701718330383,0.1566090635857837,1.0,2.0,1.0,-1.0437458455562592
04_2-3_GABA_263_577,2-3_GABA,263,577,581,0.09129055014114244,0.5256712436676025,0.014610527014583673,0.09129055014114244,0.2506904602050781,0.07842385768890381,0.17534782795273607,0.0,1.0,2.0,-0.7760885804891586
04_2-3_GABA_263_682,2-3_GABA,263,682,680,0.30468317634315756,0.5408016443252563,0.6532462483074619,0.30468317634315756,0.26531097292900085,0.26995259523391724,0.9966902085850796,0.0,,6.0,2.7785097509622574
04_2-3_GABA_263_785,2-3_GABA,263,785,783,0.2739648960590537,0.6378393173217773,0.22221983560482036,0.2739648960590537,0.43817049264907837,0.1982855200767517,0.45110637496374323,0.0,7.0,11.0,2.8494228422641754
04_2-3_GABA_263_840,2-3_GABA,263,840,836,0.11574097586856491,0.6871074438095093,0.029474234301132374,0.11574097586856491,0.20000940561294556,0.034280210733413696,0.05251038712323125,0.0,1.0,4.0,0.1132943332195282
04_2-3_GABA_264_58,2-3_GABA,264,58,58,0.24323848418391902,0.48844969272613525,0.05250005857606781,0.24323848418391902,0.29841992259025574,0.18191179633140564,0.5934398274109554,0.0,1.0,8.0,1.1787666976451874
04_2-3_GABA_264_118,2-3_GABA,264,118,114,0.24858030199880327,0.6886483430862427,0.011051001782586703,0.24858030199880327,0.22625601291656494,0.1777191460132599,0.34783517370191297,0.0,44.0,10.0,2.8142673075199127
04_2-3_GABA_264_186,2-3_GABA,264,186,181,0.21739194551610305,0.8200029134750366,0.038565437401509826,0.21739194551610305,0.3934950828552246,0.17166215181350708,0.26477149357936625,6.0,1.0,5.0,1.6068827211856842
04_2-3_GABA_264_285,2-3_GABA,264,285,282,0.18534105502071208,0.7697027921676636,0.005817412125269765,0.18534105502071208,0.3747479319572449,0.13857394456863403,0.2195652204709128,0.0,7.0,5.0,1.2627699375152588
04_2-3_GABA_264_399,2-3_GABA,264,399,394,0.1719071328953221,0.5060688257217407,0.011650629485180971,0.1719071328953221,0.3155827224254608,0.11041313409805298,0.2790636819729313,2.0,7.0,6.0,0.982483834028244
04_2-3_GABA_264_471,2-3_GABA,264,471,470,0.2768946609985355,0.5434545278549194,0.09257958495873851,0.2768946609985355,0.2669805586338043,0.17246662080287933,0.46488475102420707,0.0,46.0,7.0,1.9438859224319458
04_2-3_GABA_264_539,2-3_GABA,264,539,534,0.23308137652783556,0.8043736219406128,0.0013981031416769602,0.23308137652783556,0.3254803717136383,0.3173786401748657,0.6517082353171563,1.0,7.0,6.0,2.1881857961416245
04_2-3_GABA_264_583,2-3_GABA,264,583,578,0.08998600966829906,0.7150136828422546,0.020653833798851898,0.08998600966829906,0.45478755235671997,0.05780473351478577,0.08795487884627584,0.0,1.0,1.0,-2.110289514064789
04_2-3_GABA_264_682,2-3_GABA,264,682,677,0.126798741248362,0.529341459274292,0.0036955363136745977,0.126798741248362,0.238103449344635,0.2127605378627777,0.6720573587130871,1.0,2.0,10.0,2.1003576070070267
04_2-3_GABA_264_829,2-3_GABA,264,829,824,0.3527781306031499,0.48485106229782104,0.6779287056361977,0.3527781306031499,0.22773031890392303,0.3377687409520149,2.2964604981851275,6.0,,15.0,6.445665180683136
04_2-3_GABA_265_80,2-3_GABA,265,80,75,0.3401421232460355,0.7131684422492981,0.9924968433201737,0.3401421232460355,0.18355929851531982,0.24684524536132812,0.5293436976943493,5.0,,13.0,4.572471857070923
04_2-3_GABA_265_133,2-3_GABA,265,133,130,0.11151208341646582,0.8724356293678284,0.02739517779726888,0.11151208341646582,0.4454460144042969,0.019432634115219116,0.022781437138405726,0.0,1.0,1.0,-2.3751206398010254
04_2-3_GABA_265_198,2-3_GABA,265,198,203,0.08109731076883957,0.694305419921875,0.011877194224173708,0.08109731076883957,0.4925175905227661,0.11035734415054321,0.18898485795123682,0.0,1.0,2.0,-1.7129161059856415
04_2-3_GABA_276_63,2-3_GABA,276,63,58,0.28491751544590954,0.6175259351730347,0.06096695620439752,0.28491751544590954,0.37903493642807007,0.16096942126750946,0.35257282803946305,3.0,32.0,10.0,2.9882952868938446
04_2-3_GABA_276_110,2-3_GABA,276,110,106,0.1996406655480305,0.8557371497154236,0.0017562338282777815,0.1996406655480305,0.5441299676895142,0.1667952835559845,0.2421035674400193,0.0,2.0,8.0,1.5024372190237045
04_2-3_GABA_276_169,2-3_GABA,276,169,165,0.2289934290218427,0.7276968955993652,0.019725786818608194,0.2289934290218427,0.4867551326751709,0.14411625266075134,0.24695173564197664,0.0,1.0,8.0,0.4904744178056717
04_2-3_GABA_276_259,2-3_GABA,276,259,254,0.28279672874909184,0.6222083568572998,0.05531025504169538,0.28279672874909184,0.397932693362236,0.3362000435590744,1.1754904592878503,3.0,29.0,8.0,2.240494843572378
04_2-3_GABA_276_323,2-3_GABA,276,323,318,0.37091619952274946,0.6117204427719116,0.28313805798794517,0.37091619952274946,0.3973701000213623,0.2845610976219177,0.8697935786961977,2.0,,8.0,5.176783733069897
04_2-3_GABA_276_374,2-3_GABA,276,374,379,0.15531586021821275,0.7210577726364136,0.005589014384997677,0.15531586021821275,0.3065086603164673,0.18006747961044312,0.33284789381941626,0.0,2.0,7.0,0.2846990078687668
04_2-3_GABA_276_423,2-3_GABA,276,423,418,0.27316528577023014,0.8538795709609985,0.0023919128924272362,0.27316528577023014,0.4767158627510071,0.29365453124046326,0.5241724493195644,1.0,14.0,9.0,2.487603574991226
04_2-3_GABA_276_499,2-3_GABA,276,499,495,0.19369687123288803,0.6032145619392395,0.005453683538632868,0.19369687123288803,0.5871922373771667,0.09519058465957642,0.18737419672452738,0.0,4.0,6.0,0.3647642731666565
04_2-3_GABA_276_548,2-3_GABA,276,548,545,0.23874785401150794,0.5639883875846863,0.010420601210884657,0.23874785401150794,0.22729361057281494,0.07217159867286682,0.14674488610393263,0.0,14.0,4.0,0.9905200898647308
04_2-3_GABA_276_569,2-3_GABA,276,569,570,0.1156614450697146,0.6504266858100891,0.010278105054849369,0.1156614450697146,0.56159308552742,0.09767964482307434,0.17671672135711902,0.0,1.0,3.0,0.35838669538497925
04_2-3_GABA_276_619,2-3_GABA,276,619,617,0.2650122834909095,0.49947699904441833,0.022525634371880477,0.2650122834909095,0.17189481854438782,0.13721062242984772,0.37875616200459994,1.0,39.0,10.0,1.654074266552925
04_2-3_GABA_276_718,2-3_GABA,276,718,716,0.30863772547806295,0.3584307134151459,0.12829115033366922,0.30863772547806295,0.16985060274600983,0.18994150310754776,1.127321463260382,3.0,,8.0,3.0594697948545218
04_2-3_GABA_276_789,2-3_GABA,276,789,784,0.29982446262267304,0.5343583822250366,0.009592517505849267,0.29982446262267304,0.3585449159145355,0.2765267342329025,1.0725088885959368,4.0,35.0,8.0,3.8755260184407234
04_2-3_GABA_276_833,2-3_GABA,276,833,829,0.32883571274187345,0.714247465133667,0.0278292011736446,0.32883571274187345,0.38468697667121887,0.2741380035877228,0.6228859580177527,1.0,41.0,9.0,3.751281052827835
04_2-3_GABA_277_68,2-3_GABA,277,68,67,0.17612824846434721,0.8823709487915039,0.0019621084417499185,0.17612824846434721,0.32811057567596436,0.11690142750740051,0.15271859199735877,0.0,1.0,5.0,0.3140494227409363
04_2-3_GABA_277_144,2-3_GABA,277,144,139,0.147136815019742,0.9482782483100891,0.02720519367777667,0.147136815019742,0.4055100083351135,0.1138971745967865,0.13650498337636327,1.0,1.0,5.0,-0.895946741104126
04_2-3_GABA_277_241,2-3_GABA,277,241,236,0.25143351943615805,0.46297600865364075,0.04724382675583355,0.25143351943615805,0.25213856995105743,0.1243736743927002,0.36731487591238177,0.0,12.0,11.0,1.1821729391813278
04_2-3_GABA_277_289,2-3_GABA,277,289,286,0.17369696657038675,0.5062305331230164,0.005683600893776498,0.17369696657038675,0.2725989520549774,0.13357949256896973,0.35845731805918923,1.0,7.0,9.0,0.6713559031486511
04_2-3_GABA_277_359,2-3_GABA,277,359,355,0.26821119247054725,0.44081705808639526,0.047197010810260995,0.26821119247054725,0.2869172468781471,0.21955358982086182,0.992272206261272,2.0,,13.0,2.5179087221622467
04_2-3_GABA_277_400,2-3_GABA,277,400,397,0.2795148623876558,0.5974719524383545,0.0195547113437244,0.2795148623876558,0.2656984031200409,0.18011748790740967,0.4315695726649039,1.0,25.0,14.0,2.412538558244705
04_2-3_GABA_277_443,2-3_GABA,277,443,440,0.25987000975337937,0.6807911992073059,0.039730144324672076,0.25987000975337937,0.09818890690803528,0.15504196286201477,0.2948971717767544,1.0,25.0,7.0,1.6628762632608414
04_2-3_GABA_277_518,2-3_GABA,277,518,514,0.1541596707093246,0.5229549407958984,0.008529469523585976,0.1541596707093246,0.25688478350639343,0.11746223270893097,0.2896777928833641,0.0,1.0,9.0,0.35282738506793976
04_2-3_GABA_277_591,2-3_GABA,277,591,586,0.304006093765771,0.5746990442276001,0.07651587626111155,0.304006093765771,0.33659349381923676,0.3491728976368904,1.5482590507369323,1.0,46.0,11.0,3.4469660073518753
04_2-3_GABA_277_646,2-3_GABA,277,646,641,0.27472576741109317,0.5691009759902954,0.008113088863752844,0.27472576741109317,0.3745656907558441,0.19237345457077026,0.5106434853654944,1.0,15.0,10.0,2.249200716614723
04_2-3_GABA_277_679,2-3_GABA,277,679,675,0.22672502751673856,0.690584123134613,0.0009484335532403549,0.22672502751673856,0.2959180176258087,0.16596156358718872,0.3163446949943568,2.0,7.0,5.0,0.9576898217201233
04_2-3_GABA_277_701,2-3_GABA,277,701,704,0.17520784145796475,0.7221543192863464,0.0007445245253090941,0.17520784145796475,0.23262155055999756,0.1343993842601776,0.22866568403069845,0.0,1.0,7.0,1.4122726917266846
04_2-3_GABA_277_759,2-3_GABA,277,759,754,0.22417744262603573,0.6274949908256531,0.011558380196495075,0.22417744262603573,0.0979427695274353,0.060361653566360474,0.10643291374487338,1.0,14.0,7.0,1.030337542295456
04_2-3_GABA_277_800,2-3_GABA,277,800,803,0.22275958769781368,0.7055528163909912,0.005502698913789135,0.22275958769781368,0.1980057954788208,0.08294084668159485,0.13321434652197167,0.0,1.0,6.0,0.9679922759532928
04_2-3_GABA_281_60,2-3_GABA,281,60,56,0.30003996473027705,0.6774883270263672,0.009128834999729172,0.30003996473027705,0.4917626976966858,0.19693799316883087,0.40981761803793687,0.0,19.0,9.0,2.4478100389242172
04_2-3_GABA_281_111,2-3_GABA,281,111,106,0.19201043558898778,1.0,0.005799901597309983,0.19201043558898778,0.5047734379768372,0.3178060054779053,0.46585869712990013,1.0,3.0,3.0,0.8522699773311615
04_2-3_GABA_281_173,2-3_GABA,281,173,170,0.18840496774637105,0.677339494228363,0.004758379649261544,0.18840496774637105,0.2623223662376404,0.12388277053833008,0.22383461115509265,0.0,1.0,5.0,0.7654683738946915
04_2-3_GABA_281_208,2-3_GABA,281,208,206,0.07228324240582676,0.6372561454772949,0.026752522987279915,0.07228324240582676,0.3975203335285187,0.07809355854988098,0.1396616304016393,0.0,1.0,2.0,-1.9749864488840103
04_2-3_GABA_281_259,2-3_GABA,281,259,254,0.2891828523829343,0.6180648803710938,0.08037407056821674,0.2891828523829343,0.2690691649913788,0.3418588191270828,1.2376948485032404,3.0,26.0,11.0,4.369599275290966
04_2-3_GABA_281_328,2-3_GABA,281,328,324,0.30230677235339676,0.6029312610626221,0.00765854234770076,0.30230677235339676,0.29156047105789185,0.2897523045539856,0.9251972347829033,1.0,2.0,10.0,3.992287263274193
04_2-3_GABA_281_399,2-3_GABA,281,399,396,0.2779048884212568,0.45664796233177185,0.09638425701380413,0.2779048884212568,0.6294536422938108,0.1889406442642212,0.7057731765724303,2.0,7.0,7.0,1.9036644692532718
04_2-3_GABA_281_477,2-3_GABA,281,477,475,0.2770275227162471,0.49523577094078064,0.08168460553151555,0.2770275227162471,0.3241879679262638,0.3276673033833504,1.9554234048900034,0.0,12.0,7.0,3.228996915742755
04_2-3_GABA_281_552,2-3_GABA,281,552,549,0.2669502511516952,0.5226953625679016,0.09605481695798981,0.2669502511516952,0.4878944307565689,0.31287113577127457,1.491110633637774,3.0,,13.0,3.3254129253327847
04_2-3_GABA_281_604,2-3_GABA,281,604,599,0.24679736406518354,0.6730929017066956,0.01019711253427056,0.24679736406518354,0.2498469352722168,0.15015605092048645,0.2871399303658452,1.0,6.0,5.0,1.0546452105045319
04_2-3_GABA_281_661,2-3_GABA,281,661,658,0.2844607100294694,0.7630865573883057,0.011375519828093428,0.2844607100294694,0.5505779385566711,0.2909901589155197,0.6163786884561329,1.0,28.0,8.0,2.141158476471901
04_2-3_GABA_281_741,2-3_GABA,281,741,737,0.269744030341028,0.6356024146080017,0.007599093292114485,0.269744030341028,0.36426445841789246,0.26743729412555695,0.7264058414200298,0.0,26.0,11.0,2.140480548143387
04_2-3_GABA_281_835,2-3_GABA,281,835,831,0.3001167701365364,0.47686854004859924,0.033071957970739446,0.3001167701365364,0.18392933905124664,0.26652097702026367,1.267050462497448,2.0,43.0,9.0,3.2017607018351555
04_2-3_GABA_289_108,2-3_GABA,289,108,112,0.10987804345115137,0.8113346099853516,0.010945780556380217,0.10987804345115137,0.4205763339996338,0.18540871143341064,0.2962151140611814,0.0,1.0,6.0,-0.9629770815372467
04_2-3_GABA_289_161,2-3_GABA,289,161,158,0.20218094018403324,0.5636518597602844,0.014747753301137931,0.20218094018403324,0.32525596022605896,0.12078966200351715,0.2727477364637438,0.0,9.0,3.0,0.42373038828372955
04_2-3_GABA_289_255,2-3_GABA,289,255,251,0.30004206095665537,0.689416766166687,0.23831878033536583,0.30004206095665537,0.34802815318107605,0.3238149583339691,0.8857039308791699,1.0,37.0,8.0,2.784636542201042
04_2-3_GABA_289_301,2-3_GABA,289,301,297,0.17843944700852993,0.7250101566314697,0.024922988250878138,0.17843944700852993,0.2733153700828552,0.13023078441619873,0.2189564576376461,1.0,1.0,5.0,0.975163072347641
04_2-3_GABA_289_330,2-3_GABA,289,330,327,0.13773758513039222,0.7342003583908081,0.010612464150436868,0.13773758513039222,0.21824651956558228,0.10710409283638,0.17079370221043683,1.0,1.0,6.0,0.2937907874584198
04_2-3_GABA_289_379,2-3_GABA,289,379,376,0.17881250058518672,0.6684595346450806,0.0014639759863062556,0.17881250058518672,0.3123224675655365,0.08785337209701538,0.15131319259764572,0.0,1.0,7.0,0.03212359547615051
04_2-3_GABA_289_403,2-3_GABA,289,403,401,0.16840669061045943,0.7284817695617676,0.003407371499222948,0.16840669061045943,0.26603007316589355,0.11975237727165222,0.19672514386257733,1.0,2.0,9.0,1.0451478958129883
04_2-3_GABA_289_442,2-3_GABA,289,442,439,0.16484409145926546,0.7738736271858215,0.02132177196414657,0.16484409145926546,0.4588130712509155,0.11323517560958862,0.171402641398511,0.0,1.0,7.0,-0.2066865861415863
04_2-3_GABA_289_496,2-3_GABA,289,496,491,0.1874291231928807,0.7946092486381531,0.02993983052240477,0.1874291231928807,0.5104734301567078,0.2751770317554474,0.529765045007953,0.0,4.0,5.0,1.0593006610870361
04_2-3_GABA_289_545,2-3_GABA,289,545,544,0.24482498474645326,0.7255068421363831,0.020142750725709153,0.24482498474645326,0.4300641417503357,0.2236882746219635,0.4457552771112558,0.0,1.0,6.0,1.513053074479103
04_2-3_GABA_289_604,2-3_GABA,289,604,609,0.12944039072772687,0.8049584031105042,0.0032012049004878787,0.12944039072772687,0.41979992389678955,0.17634251713752747,0.280525072739107,0.0,1.0,6.0,-1.346718579530716
04_2-3_GABA_289_724,2-3_GABA,289,724,722,0.32994730102200526,0.40765801072120667,0.541920927973471,0.32994730102200526,0.40124519914388657,0.17859293520450592,0.7796602550679316,0.0,40.0,2.0,1.897775897756219
04_2-3_GABA_289_767,2-3_GABA,289,767,767,0.12271010855036209,0.7283241152763367,0.009627315189429025,0.12271010855036209,0.5325955748558044,0.20570695400238037,0.39360925978959316,0.0,1.0,4.0,-1.307103082537651
04_2-3_GABA_289_852,2-3_GABA,289,852,848,0.2887762803727766,0.6613523364067078,0.07356462535340437,0.2887762803727766,0.353471115231514,0.34069180488586426,1.0624687836386209,3.0,36.0,7.0,4.100489243865013
04_2-3_GABA_290_84,2-3_GABA,290,84,80,0.12990267228887104,0.7632214426994324,0.0012308366605912491,0.12990267228887104,0.26440584659576416,0.10114243626594543,0.15276490461581535,0.0,1.0,5.0,-0.042624473571777344
04_2-3_GABA_290_162,2-3_GABA,290,162,157,0.2393281657774222,0.8222292065620422,0.0007769741316249191,0.2393281657774222,0.3015742897987366,0.2751658856868744,0.5029872689082429,3.0,3.0,10.0,2.7144439220428467
04_2-3_GABA_290_323,2-3_GABA,290,323,320,0.42150277775960027,0.5023779273033142,0.23192589391004106,0.42150277775960027,0.2859441936016083,0.2575368583202362,1.0518531853740423,2.0,,10.0,5.091588910669088
04_2-3_GABA_290_449,2-3_GABA,290,449,447,0.3634807861384437,0.5683752298355103,0.09819796527832833,0.3634807861384437,0.4480879008769989,0.3229423314332962,1.3158070231646783,3.0,,12.0,4.888364661484957
04_2-3_GABA_290_514,2-3_GABA,290,514,509,0.25518395896573226,0.6478102207183838,0.00340911863892968,0.25518395896573226,0.6624378263950348,0.15177027881145477,0.30596382667896355,4.0,12.0,8.0,1.6019900292158127
04_2-3_GABA_290_665,2-3_GABA,290,665,660,0.3354204477064202,0.5916198492050171,0.06431592660757265,0.3354204477064202,0.2984441965818405,0.4798402078449726,4.2927334710208775,5.0,,14.0,5.0913449679501355
04_2-3_GABA_290_758,2-3_GABA,290,758,761,0.24145691378458692,0.42313769459724426,0.013002884236317057,0.24145691378458692,0.3190138041973114,0.20834583789110184,0.9699894636887496,2.0,1.0,6.0,2.037040166556835
04_2-3_GABA_290_801,2-3_GABA,290,801,796,0.30633805736824304,0.7783836126327515,0.06211699141823518,0.30633805736824304,0.48605749011039734,0.32878343760967255,0.7312796032448061,3.0,,10.0,4.065782472491264
04_2-3_GABA_294_50,2-3_GABA,294,50,46,0.31897784303148236,0.5243480801582336,0.08239018541818961,0.31897784303148236,0.3990136981010437,0.1957089602947235,0.5955132802692663,4.0,,10.0,3.7964637130498886
04_2-3_GABA_294_156,2-3_GABA,294,156,151,0.2748673053293154,0.519844651222229,0.04329123642843107,0.2748673053293154,0.4326615333557129,0.1182701587677002,0.2945161134234446,4.0,,7.0,2.5433748960494995
04_2-3_GABA_294_181,2-3_GABA,294,181,176,0.21760181723567185,0.7323402762413025,0.005836813446691085,0.21760181723567185,0.2569843530654907,0.17305654287338257,0.30942531053292555,4.0,1.0,11.0,2.2719849050045013
04_2-3_GABA_294_230,2-3_GABA,294,230,234,0.1754521289896766,0.975082516670227,0.008115927637190516,0.1754521289896766,0.3958342671394348,0.25257301330566406,0.3495774271888311,1.0,2.0,5.0,1.3303654789924622
04_2-3_GABA_294_328,2-3_GABA,294,328,323,0.28183754488659296,0.6634755730628967,0.04933477379616535,0.28183754488659296,0.18657657504081726,0.18852859735488892,0.3969466214072584,4.0,,12.0,3.3496544659137726
04_2-3_GABA_294_427,2-3_GABA,294,427,422,0.32903554113359107,0.7324796319007874,0.03892482412045848,0.32903554113359107,0.3884265422821045,0.2286568284034729,0.45384374588890897,0.0,34.0,9.0,3.1478516161441803
04_2-3_GABA_294_738,2-3_GABA,294,738,733,0.39551531914840216,0.4427568018436432,0.2801804122529219,0.39551531914840216,0.1027851402759552,0.3397771269083023,3.2994581418288838,6.0,,15.0,6.872648848220706
04_2-3_GABA_294_845,2-3_GABA,294,845,840,0.2501221309536677,0.5207093954086304,0.04608198789271704,0.2501221309536677,0.2724054753780365,0.20140917599201202,0.6307830804501147,0.0,36.0,11.0,2.8519767969846725
04_2-3_GABA_297_96,2-3_GABA,297,96,95,0.30692798918335706,0.6017674207687378,0.19028914776317443,0.30692798918335706,0.45430120825767517,0.22508758306503296,0.5975567591756428,0.0,1.0,5.0,1.9113019779324532
04_2-3_GABA_297_123,2-3_GABA,297,123,128,0.22097493533828874,0.7206435799598694,0.0005839958892100012,0.22097493533828874,0.4599740505218506,0.16076502203941345,0.28714266650349907,1.0,1.0,5.0,0.6369165778160095
04_2-3_GABA_297_175,2-3_GABA,297,175,171,0.22528024242886036,0.9071636199951172,0.02735889704110738,0.22528024242886036,0.760155200958252,0.27854183316230774,0.44309923549689145,0.0,6.0,9.0,1.736513763666153
04_2-3_GABA_297_246,2-3_GABA,297,246,246,0.202879306154475,0.6825771331787109,0.046716608024457824,0.202879306154475,0.8216093480587006,0.10019806027412415,0.17204955489624874,0.0,2.0,7.0,-1.087844356894493
04_2-3_GABA_297_286,2-3_GABA,297,286,282,0.2151399131899824,0.8085330128669739,0.019934385469209316,0.2151399131899824,0.33664798736572266,0.2043626606464386,0.3382533748889449,1.0,1.0,6.0,1.3875716030597687
04_2-3_GABA_297_361,2-3_GABA,297,361,362,0.21108566321990646,0.7561022043228149,0.008364603329068276,0.21108566321990646,0.7128621339797974,0.09515458345413208,0.1439669051672665,0.0,1.0,5.0,0.2590940296649933
04_2-3_GABA_297_428,2-3_GABA,297,428,423,0.2657147695508161,0.6650318503379822,0.08631684950849489,0.2657147695508161,0.3709278702735901,0.14263154566287994,0.2730311303160268,1.0,15.0,5.0,1.870635524392128
04_2-3_GABA_297_505,2-3_GABA,297,505,500,0.18082095609297993,0.5455913543701172,0.014933106827645447,0.18082095609297993,0.28045564889907837,0.1268540769815445,0.30294431337152866,0.0,8.0,4.0,0.22013621032238007
04_2-3_GABA_297_557,2-3_GABA,297,557,553,0.2371611997543006,0.7102552056312561,0.04362094620630871,0.2371611997543006,0.500186413526535,0.33113884925842285,0.87344912371117,0.0,1.0,6.0,1.7367417514324188
04_2-3_GABA_297_587,2-3_GABA,297,587,585,0.2098384462818283,0.7406435012817383,0.06228602439257969,0.2098384462818283,0.23321810364723206,0.23364269733428955,0.4608329918121923,0.0,5.0,6.0,1.3579526543617249
04_2-3_GABA_297_620,2-3_GABA,297,620,618,0.19284991494026626,0.7580614686012268,0.01409327890354128,0.19284991494026626,0.48884350061416626,0.18651831150054932,0.3263416054996072,0.0,1.0,7.0,0.9966433048248291
04_2-3_GABA_297_667,2-3_GABA,297,667,663,0.10323276869679919,0.665813148021698,0.058399611701164575,0.10323276869679919,0.46404731273651123,0.10856875777244568,0.194831495250914,0.0,1.0,2.0,-1.7604504078626633
04_2-3_GABA_297_721,2-3_GABA,297,721,716,0.23875614811829943,0.587689995765686,0.01886687282616285,0.23875614811829943,0.6713806539773941,0.24295763671398163,0.7047717753631066,1.0,5.0,11.0,2.0195169374346733
04_2-3_GABA_297_808,2-3_GABA,297,808,805,0.2684765420501791,0.41575396060943604,0.31576413730639546,0.2684765420501791,0.5304199904203415,0.15985653549432755,0.6246898944857316,0.0,,8.0,2.5268457010388374
04_2-3_GABA_297_838,2-3_GABA,297,838,839,0.12863257021530575,0.5748209953308105,0.010104873688978139,0.12863257021530575,0.2153317928314209,0.13688404858112335,0.312565654935167,0.0,2.0,6.0,0.5934198498725891
04_2-3_GABA_298_61,2-3_GABA,298,61,56,0.24678111930593624,0.7114521265029907,0.0364696789127662,0.24678111930593624,0.5019173324108124,0.3075053244829178,0.7612520335478166,3.0,2.0,11.0,3.7243478149175644
04_2-3_GABA_298_108,2-3_GABA,298,108,104,0.26035391203338487,0.7920647263526917,0.00832080127367227,0.26035391203338487,0.38850051164627075,0.22057169675827026,0.38595693269401055,1.0,12.0,5.0,1.9618420004844666
04_2-3_GABA_298_166,2-3_GABA,298,166,163,0.21192529694331946,0.7712068557739258,0.008372741454184197,0.21192529694331946,0.2387012243270874,0.12543782591819763,0.19424565149279738,1.0,1.0,8.0,1.2160580456256866
04_2-3_GABA_298_254,2-3_GABA,298,254,253,0.23658828784263092,0.643105149269104,0.014297349578974362,0.23658828784263092,0.14561790227890015,0.23469583690166473,0.5746583875406658,1.0,1.0,7.0,2.013577416539192
04_2-3_GABA_298_318,2-3_GABA,298,318,318,0.2474795315934571,0.6773309111595154,0.02274063869397355,0.2474795315934571,0.2989547550678253,0.16988641023635864,0.33478815895589903,0.0,2.0,11.0,1.6187639832496643
04_2-3_GABA_298_379,2-3_GABA,298,379,384,0.20372873135067837,0.766171395778656,0.02755561068086979,0.20372873135067837,0.5330787897109985,0.174627423286438,0.29520615779537046,0.0,2.0,8.0,0.8411349356174469
04_2-3_GABA_298_420,2-3_GABA,298,420,417,0.1353829128464787,0.8033370971679688,0.003261132076093026,0.1353829128464787,0.4616250991821289,0.12400075793266296,0.18253220204920037,0.0,3.0,5.0,-1.0638760328292847
04_2-3_GABA_298_496,2-3_GABA,298,496,494,0.25657367080607785,0.6680096387863159,0.092456269382024,0.25657367080607785,0.3181435465812683,0.1664300411939621,0.3318118240710897,0.0,2.0,4.0,1.3282593935728073
04_2-3_GABA_298_521,2-3_GABA,298,521,517,0.13513571818438608,0.7678456902503967,0.04720753826189651,0.13513571818438608,0.6512950658798218,0.18640455603599548,0.32059058960087344,0.0,1.0,4.0,0.5508085489273071
04_2-3_GABA_298_549,2-3_GABA,298,549,545,0.32289638963434253,0.6621394157409668,0.029200712268656632,0.32289638963434253,0.34221646189689636,0.1294027864933014,0.2429019883165251,0.0,23.0,9.0,1.393065258860588
04_2-3_GABA_298_576,2-3_GABA,298,576,581,0.14894746729058223,0.7918052077293396,0.05380330557302674,0.14894746729058223,0.5454860925674438,0.12475907802581787,0.18703215935196094,0.0,1.0,6.0,-1.2620587050914764
04_2-3_GABA_298_619,2-3_GABA,298,619,616,0.2505605316468752,0.8378699421882629,0.11087775159923657,0.2505605316468752,0.4248417019844055,0.2997437119483948,0.5570137545883703,0.0,9.0,2.0,1.106820672750473
04_2-3_GABA_298_722,2-3_GABA,298,722,720,0.2776023068176312,0.5370693802833557,0.0643139357531869,0.2776023068176312,0.3630601428449154,0.2787323147058487,1.0789482108684192,0.0,22.0,6.0,2.329259593039751
04_2-3_GABA_298_802,2-3_GABA,298,802,801,0.20871734164808714,0.39577746391296387,0.02526615366792726,0.20871734164808714,0.2067379504442215,0.16541308164596558,0.7180497263428837,0.0,4.0,5.0,1.5056618601083755
04_2-3_GABA_298_832,2-3_GABA,298,832,828,0.21562765976852588,0.5451972484588623,0.01365452344071209,0.21562765976852588,0.2944905459880829,0.18235717713832855,0.502582794878887,0.0,3.0,9.0,2.300041511654854
04_2-3_GABA_304_63,2-3_GABA,304,63,58,0.1878582014003251,0.6889005899429321,0.00885308638188236,0.1878582014003251,0.23642516136169434,0.11851271986961365,0.20777566650283052,2.0,4.0,5.0,0.6748495101928711
04_2-3_GABA_304_165,2-3_GABA,304,165,161,0.26896974665661266,0.8131401538848877,0.007841293157620662,0.26896974665661266,0.27848535776138306,0.21669071912765503,0.3633010721451227,3.0,16.0,11.0,3.668303996324539
04_2-3_GABA_304_251,2-3_GABA,304,251,246,0.2142394682962495,0.6097942590713501,0.016784794241472695,0.2142394682962495,0.4206174612045288,0.1301773488521576,0.2714194309634839,1.0,2.0,4.0,0.7239881157875061
04_2-3_GABA_304_325,2-3_GABA,304,325,320,0.3103105387094694,0.7087287306785583,0.1544386480902992,0.3103105387094694,0.3551214039325714,0.3543614447116852,0.9999835163813949,2.0,36.0,11.0,3.879937991499901
04_2-3_GABA_304_366,2-3_GABA,304,366,364,0.17865843580163748,0.7169905304908752,0.002418057804635799,0.17865843580163748,0.23472577333450317,0.18196192383766174,0.34009756034522276,0.0,2.0,8.0,0.8334261178970337
04_2-3_GABA_304_401,2-3_GABA,304,401,396,0.25768548621369763,0.7654463052749634,0.04797042353503139,0.25768548621369763,0.1345847249031067,0.16104665398597717,0.2664572251862116,3.0,1.0,7.0,1.681101679801941
04_2-3_GABA_304_494,2-3_GABA,304,494,493,0.25639423610935974,0.6299663782119751,0.048118947379595774,0.25639423610935974,0.15086966753005981,0.17393377423286438,0.38140644487961145,1.0,1.0,12.0,1.2744841277599335
04_2-3_GABA_304_553,2-3_GABA,304,553,549,0.32136750587415286,0.8874915838241577,0.036415805236881676,0.32136750587415286,0.38512665033340454,0.3070637881755829,0.5290301230878636,0.0,,9.0,2.9042505621910095
04_2-3_GABA_304_570,2-3_GABA,304,570,573,0.1643292165489128,0.9357934594154358,0.007574917662405009,0.1643292165489128,0.3748602867126465,0.21784037351608276,0.3034186742761921,3.0,1.0,8.0,2.558562844991684
04_2-3_GABA_304_624,2-3_GABA,304,624,621,0.17499004585870226,0.8058014512062073,0.010745341019333094,0.17499004585870226,0.3929711580276489,0.05445986986160278,0.07248350312801953,0.0,1.0,4.0,-0.8479589819908142
04_2-3_GABA_304_661,2-3_GABA,304,661,664,0.12247978622028129,0.8148946762084961,0.011856443391996211,0.12247978622028129,0.29516059160232544,0.08588781952857971,0.11781483087790806,0.0,1.0,3.0,-0.6010688543319702
04_2-3_GABA_304_723,2-3_GABA,304,723,719,0.2491521472082197,0.6979618668556213,0.10892052257032588,0.2491521472082197,0.19335293769836426,0.16014966368675232,0.2977798992717659,2.0,1.0,7.0,2.1357048749923706
04_2-3_GABA_304_808,2-3_GABA,304,808,804,0.2098985267680339,0.5211567878723145,0.013340987440045426,0.2098985267680339,0.37145736813545227,0.14465755224227905,0.384217386258988,2.0,1.0,11.0,1.2389580458402634
04_2-3_GABA_305_56,2-3_GABA,305,56,53,0.32240627906575475,0.6574053168296814,0.2726508363606639,0.32240627906575475,0.24483662843704224,0.28847381472587585,0.7819170037822049,1.0,,11.0,2.998912036418915
04_2-3_GABA_305_177,2-3_GABA,305,177,172,0.320709168599541,0.6049880385398865,0.1519798901630619,0.320709168599541,0.30412282049655914,0.31912779808044434,1.1163770014589427,2.0,37.0,11.0,3.318406715989113
04_2-3_GABA_305_231,2-3_GABA,305,231,226,0.26226931500073725,0.8973399996757507,0.012703750722441617,0.26226931500073725,0.5142507553100586,0.3634817898273468,0.680858293685438,0.0,10.0,6.0,1.6643953323364258
04_2-3_GABA_305_349,2-3_GABA,305,349,345,0.2761342826957067,0.6291160583496094,0.1567634567549456,0.2761342826957067,0.4400198459625244,0.27852165699005127,0.794426995724922,3.0,1.0,9.0,2.3619286194443703
04_2-3_GABA_305_408,2-3_GABA,305,408,405,0.30287476166580646,0.9168933033943176,0.031365116312085196,0.30287476166580646,0.25430163741111755,0.3998035788536072,0.7731802816401366,0.0,15.0,5.0,2.71781387925148
04_2-3_GABA_305_452,2-3_GABA,305,452,447,0.20776016249083828,0.8790704607963562,0.006916137178679716,0.20776016249083828,0.6788493096828461,0.21077942848205566,0.3154006537423131,0.0,2.0,9.0,0.40213271975517273
04_2-3_GABA_305_543,2-3_GABA,305,543,539,0.07129458203141774,0.4772995710372925,0.01265657560264073,0.07129458203141774,0.2492397427558899,0.1573709100484848,0.4918937539453217,0.0,2.0,3.0,-0.5884914807975292
04_2-3_GABA_305_627,2-3_GABA,305,627,623,0.3362843278978096,0.60320645570755,0.255526312220694,0.3362843278978096,0.5064086765050888,0.3474883586168289,1.3588727687643885,5.0,,14.0,7.915250718593597
04_2-3_GABA_305_693,2-3_GABA,305,693,696,0.07842681588244249,0.6314191818237305,0.020642799514127026,0.07842681588244249,0.532696396112442,0.08807224035263062,0.1620920881861909,0.0,1.0,3.0,-1.5927871093153954
04_2-3_GABA_305_782,2-3_GABA,305,782,779,0.30750926789494404,0.4462447762489319,0.036156655479456346,0.30750926789494404,0.29168134927749634,0.23666895180940628,1.1292760147423329,4.0,,7.0,4.387849397957325
04_2-3_GABA_306_208,2-3_GABA,306,208,204,0.24045797670923424,0.2552414834499359,0.2985912968947387,0.24045797670923424,0.11158762872219086,0.17651743069291115,2.2422299730644903,5.0,,13.0,3.3034320157021284
04_2-3_GABA_306_254,2-3_GABA,306,254,249,0.23230653450433447,0.5357059836387634,0.14469665564921172,0.23230653450433447,0.16598275303840637,0.19533169269561768,0.5738732268949326,5.0,,13.0,2.9234163761138916
04_2-3_GABA_306_304,2-3_GABA,306,304,299,0.25318717393922063,0.6708252429962158,0.04099842073199552,0.25318717393922063,0.2339690923690796,0.12916138768196106,0.23845303025993134,4.0,,7.0,2.5574959814548492
04_2-3_GABA_306_360,2-3_GABA,306,360,356,0.22365667937054354,0.8200617432594299,0.06732508373855961,0.22365667937054354,0.14015579223632812,0.13744497299194336,0.20135012642318312,2.0,,11.0,1.8797067999839783
04_2-3_GABA_306_405,2-3_GABA,306,405,408,0.1566170371378704,0.9487402439117432,0.0007467338561355611,0.1566170371378704,0.2890721559524536,0.14170846343040466,0.17559217227589896,0.0,1.0,6.0,1.042105346918106
04_2-3_GABA_306_498,2-3_GABA,306,498,502,0.1445738317991565,0.9105684757232666,0.007879400808627887,0.1445738317991565,0.19171082973480225,0.07824632525444031,0.09400966345827286,0.0,1.0,8.0,-0.07584971189498901
04_2-3_GABA_310_103,2-3_GABA,310,103,101,0.2696103926475353,0.7086155414581299,0.04458441694945329,0.2696103926475353,0.25130775570869446,0.11878636479377747,0.20139113067540557,0.0,1.0,5.0,1.3646432161331177
04_2-3_GABA_310_194,2-3_GABA,310,194,190,0.19167498802174737,0.7664967179298401,0.0055794075493768485,0.19167498802174737,0.2549774646759033,0.11699268221855164,0.18012618211129353,0.0,2.0,4.0,0.3925800621509552
04_2-3_GABA_310_307,2-3_GABA,310,307,303,0.3275625967505861,0.6359808444976807,0.23967595082335347,0.3275625967505861,0.41060397028923035,0.20236164331436157,0.46668054081122234,2.0,,8.0,3.263339787721634
04_2-3_GABA_310_449,2-3_GABA,310,449,444,0.2887945716645384,0.6573049426078796,0.14821046453179554,0.2887945716645384,0.2223529815673828,0.19268274307250977,0.41470843034447297,2.0,35.0,14.0,3.590119481086731
04_2-3_GABA_310_596,2-3_GABA,310,596,593,0.3109864941928833,0.6025511026382446,0.3418510389574623,0.3109864941928833,0.35840868949890137,0.3501245081424713,1.3870349470975962,2.0,,9.0,4.54011595249176
04_2-3_GABA_310_714,2-3_GABA,310,714,711,0.22851640222997993,0.5262609124183655,0.024298128162155985,0.22851640222997993,0.5564282536506653,0.1637854129076004,0.45185236830809905,0.0,25.0,10.0,2.101461261510849
04_2-3_GABA_315_166,2-3_GABA,315,166,163,0.46124144295871283,0.4547819197177887,0.19822354849705848,0.46124144295871283,0.3722390681505203,0.31583070755004883,2.272961153939288,4.0,,12.0,7.163671184331179
04_2-3_GABA_315_308,2-3_GABA,315,308,303,0.369584161651811,0.6913416385650635,0.06934964199468349,0.369584161651811,0.40090036392211914,0.2551889717578888,0.5850909353047912,5.0,,15.0,4.6691873371601105
04_2-3_GABA_315_463,2-3_GABA,315,463,459,0.4027509847916137,0.5750758647918701,0.07132177857344899,0.4027509847916137,0.2311243712902069,0.2337847501039505,0.6850009860869829,3.0,,12.0,5.596460253000259
04_2-3_GABA_315_835,2-3_GABA,315,835,830,0.3883337206251357,0.35014018416404724,0.12268421451910289,0.3883337206251357,0.13352087140083313,0.24649090692400932,2.378124705618248,5.0,,14.0,6.963573686778545
04_2-3_GABA_316_118,2-3_GABA,316,118,113,0.40921187099881595,0.5592508316040039,0.20003726771130223,0.40921187099881595,0.2633700668811798,0.2857452780008316,1.044751282876756,4.0,,15.0,7.081257171928883
04_2-3_GABA_316_201,2-3_GABA,316,201,196,0.3119308158946366,0.7914475202560425,0.059737004782632115,0.3119308158946366,0.2620684504508972,0.2087080478668213,0.35814983840226594,1.0,,10.0,3.2672330737113953
04_2-3_GABA_316_302,2-3_GABA,316,302,298,0.2251250722132883,0.7199791669845581,3.779774301425358e-05,0.2251250722132883,0.1694570779800415,0.11724719405174255,0.19452625597615625,1.0,9.0,12.0,1.1571204960346222
04_2-3_GABA_316_634,2-3_GABA,316,634,629,0.3550538016849738,0.4261370897293091,0.24786132015663595,0.3550538016849738,0.12345829606056213,0.2850497141480446,2.0203771809750593,5.0,,13.0,6.179700568318367
04_2-3_GABA_316_851,2-3_GABA,316,851,847,0.29304952909480875,0.397975891828537,0.014387441910320934,0.29304952909480875,0.22691676020622253,0.22322877496480942,1.2774389584858739,3.0,,15.0,4.10387746244669
04_2-3_GABA_320_74,2-3_GABA,320,74,69,0.3536628746378834,0.6844308376312256,0.17183911546365294,0.3536628746378834,0.16704022884368896,0.22261570394039154,0.48204506024140703,6.0,,12.0,4.359344854950905
04_2-3_GABA_320_151,2-3_GABA,320,151,148,0.20709731021574906,0.7957197427749634,0.02066556272817608,0.20709731021574906,0.15052658319473267,0.12406322360038757,0.18471230466556562,0.0,1.0,5.0,-0.3348068296909332
04_2-3_GABA_320_414,2-3_GABA,320,414,409,0.274170906657873,0.38104090094566345,0.05624604655269998,0.274170906657873,0.2284974679350853,0.2462076097726822,1.826014982136836,4.0,,14.0,3.539005160331726
04_2-3_GABA_320_454,2-3_GABA,320,454,451,0.3477299156408782,0.6797133088111877,0.24539483167083365,0.3477299156408782,0.2191850244998932,0.29369834065437317,0.7608470263646908,4.0,,11.0,4.763931334018707
04_2-3_GABA_320_678,2-3_GABA,320,678,674,0.3718394560324022,0.5083572268486023,0.07784817121711568,0.3718394560324022,0.22051461040973663,0.31773069500923157,1.6667705798527757,3.0,,13.0,5.505983583629131
04_2-3_GABA_320_720,2-3_GABA,320,720,716,0.21445107782382397,0.7599663734436035,0.0030511902075776643,0.21445107782382397,0.3007737994194031,0.16641196608543396,0.28036514264313384,1.0,19.0,6.0,2.938284859061241
04_2-3_GABA_320_743,2-3_GABA,320,743,742,0.1722996603739236,0.9259117841720581,0.000391666717881104,0.1722996603739236,0.34549760818481445,0.20913934707641602,0.2917792820324502,0.0,1.0,5.0,0.9579682350158691
04_2-3_GABA_320_766,2-3_GABA,320,766,763,0.16630444664502192,0.8784636855125427,0.003790227735967284,0.16630444664502192,0.19704127311706543,0.12002596259117126,0.1582542098893129,0.0,3.0,5.0,1.174769639968872
04_2-3_GABA_320_819,2-3_GABA,320,819,815,0.18656741982799838,0.7504396438598633,0.030352576566179332,0.18656741982799838,0.36599236726760864,0.06563282012939453,0.0958413640971936,0.0,5.0,6.0,0.3704182505607605
04_2-3_GABA_320_836,2-3_GABA,320,836,837,0.1497269926281492,0.833477795124054,0.0005583597117755274,0.1497269926281492,0.26616400480270386,0.14020183682441711,0.20223092283234964,0.0,2.0,9.0,1.3393378257751465
04_2-3_GABA_323_157,2-3_GABA,323,157,152,0.26055002897105844,0.5644466876983643,0.006587692527878485,0.26055002897105844,0.2738287001848221,0.22455905377864838,0.6606861543885736,0.0,12.0,11.0,2.7398871034383774
04_2-3_GABA_323_216,2-3_GABA,323,216,214,0.16000368431381232,0.6075783967971802,0.055196245127948504,0.16000368431381232,0.3319319486618042,0.20962488651275635,0.5267572243876779,0.0,3.0,10.0,1.3187346011400223
04_2-3_GABA_323_273,2-3_GABA,323,273,269,0.1496001433228494,0.6323988437652588,0.00860415025065642,0.1496001433228494,0.3592284619808197,0.248038187623024,0.6453266838300851,0.0,1.0,4.0,0.1414196640253067
04_2-3_GABA_323_317,2-3_GABA,323,317,312,0.22866522021877156,0.5048237442970276,0.039361273039295104,0.22866522021877156,0.38690002262592316,0.11728847026824951,0.30265237290254965,2.0,2.0,7.0,0.8153701275587082
04_2-3_GABA_323_388,2-3_GABA,323,388,384,0.1748078023995086,0.402313232421875,0.004320266873090379,0.1748078023995086,0.2706514894962311,0.11416158080101013,0.3961857589878335,2.0,8.0,4.0,1.1471166834235191
04_2-3_GABA_323_445,2-3_GABA,323,445,441,0.10259103280577336,0.4853980839252472,0.002726318613391086,0.10259103280577336,0.37755756080150604,0.23415516316890717,0.9319871081899861,0.0,3.0,8.0,1.4238595217466354
04_2-3_GABA_323_519,2-3_GABA,323,519,515,0.15482945711678556,0.42716512084007263,0.017351979698654662,0.15482945711678556,0.2535841763019562,0.205563522875309,0.9276265368266666,0.0,5.0,8.0,1.8477895334362984
04_2-3_GABA_323_554,2-3_GABA,323,554,551,0.19874590334275016,0.4397159814834595,0.010220661121268168,0.19874590334275016,0.294855535030365,0.11880771815776825,0.3702233059582818,1.0,3.0,3.0,1.7615248411893845
04_2-3_GABA_323_677,2-3_GABA,323,677,679,0.16939289204553964,0.3881121575832367,0.21490816402698448,0.16939289204553964,0.3208765238523483,0.23593993484973907,1.5504796513549362,2.0,1.0,8.0,2.6117168702185154
04_2-3_GABA_323_713,2-3_GABA,323,713,709,0.14405195946913754,0.3779939115047455,0.016638819170836004,0.14405195946913754,0.29244956374168396,0.07165403664112091,0.2339037210647802,1.0,8.0,2.0,0.5543535500764847
04_2-3_GABA_323_736,2-3_GABA,323,736,741,0.18856988503839286,0.526054322719574,0.02844985695147165,0.18856988503839286,0.5382337868213654,0.18788819015026093,0.5556091283379774,0.0,1.0,9.0,1.349615328013897
04_2-3_GABA_323_800,2-3_GABA,323,800,795,0.21979340028556982,0.6252537369728088,0.03293945243052992,0.21979340028556982,0.46817734837532043,0.2532125264406204,0.6806034365881435,1.0,8.0,8.0,1.2280212044715881
04_2-3_GABA_323_830,2-3_GABA,323,830,825,0.1769290610123359,0.6758726239204407,0.01261388417213858,0.1769290610123359,0.316597580909729,0.20597589015960693,0.4383428854911849,0.0,2.0,8.0,0.8527919352054596
04_2-3_GABA_325_101,2-3_GABA,325,101,102,0.10663863359503353,0.5948958992958069,0.05522912814448956,0.10663863359503353,0.3855459988117218,0.04499372839927673,0.0818213325579738,0.0,1.0,2.0,-1.4059249758720398
04_2-3_GABA_325_154,2-3_GABA,325,154,149,0.22961840647124748,0.6424053311347961,0.06205806649194769,0.22961840647124748,0.14992770552635193,0.20948027074337006,0.4838718981848036,0.0,12.0,10.0,2.1283561885356903
04_2-3_GABA_325_341,2-3_GABA,325,341,336,0.16677763008954338,0.49138692021369934,0.011513394517102331,0.16677763008954338,0.19168439507484436,0.1382942944765091,0.391665768118994,0.0,2.0,10.0,2.4995227009058
04_2-3_GABA_325_393,2-3_GABA,325,393,389,0.20691406109126081,0.5424705147743225,0.0141801510282553,0.20691406109126081,0.20258662104606628,0.19142809510231018,0.5453132851612811,2.0,19.0,7.0,2.421860232949257
04_2-3_GABA_325_447,2-3_GABA,325,447,446,0.18827036266479158,0.5261355638504028,0.04743192038855299,0.18827036266479158,0.13007426261901855,0.11755417287349701,0.28771298808403517,1.0,2.0,5.0,0.936610996723175
04_2-3_GABA_325_515,2-3_GABA,325,515,511,0.24830187711724916,0.5598437786102295,0.12763945484147937,0.24830187711724916,0.32374870777130127,0.13809527456760406,0.3274351260144529,3.0,37.0,5.0,1.7755398154258728
04_2-3_GABA_325_769,2-3_GABA,325,769,764,0.15753899544250277,0.343082994222641,0.027000671496628718,0.15753899544250277,0.31963564455509186,0.20907670259475708,1.560200644722957,3.0,21.0,13.0,2.048282239586115
04_2-3_GABA_325_807,2-3_GABA,325,807,804,0.23490995619724891,0.4276958405971527,0.35040447554321896,0.23490995619724891,0.3363153636455536,0.17374113202095032,0.6841421960436581,2.0,,6.0,3.447310283780098
04_2-3_GABA_325_848,2-3_GABA,325,848,849,0.30496171594626464,0.8292356133460999,0.7534687792874034,0.30496171594626464,0.23964256048202515,0.37899643182754517,0.8417668816589354,1.0,2.0,11.0,3.7968489974737167
04_2-3_GABA_326_92,2-3_GABA,326,92,88,0.22609453869261287,0.6752381324768066,0.015980535832927713,0.22609453869261287,0.1848759651184082,0.16231411695480347,0.3164486591442131,3.0,6.0,5.0,1.4407176971435547
04_2-3_GABA_326_121,2-3_GABA,326,121,117,0.2187439112501243,0.7580817937850952,0.011614553851634358,0.2187439112501243,0.21425622701644897,0.12358012795448303,0.19476722380658687,0.0,8.0,5.0,1.3826950192451477
04_2-3_GABA_326_205,2-3_GABA,326,205,202,0.08045247686582516,0.674510657787323,0.0173131156988051,0.08045247686582516,0.2882145047187805,0.09061455726623535,0.15518952290547583,0.0,1.0,2.0,-1.275464028120041
04_2-3_GABA_326_337,2-3_GABA,326,337,333,0.3164765063261008,0.48043501377105713,0.26176120623380444,0.3164765063261008,0.2904905676841736,0.23235956579446793,0.9366487804000484,3.0,,10.0,4.497124120593071
04_2-3_GABA_326_394,2-3_GABA,326,394,390,0.2715824213650576,0.7536572217941284,0.014576571627866124,0.2715824213650576,0.19405490159988403,0.22899669408798218,0.4364664044561772,1.0,36.0,8.0,2.8139216005802155
04_2-3_GABA_326_518,2-3_GABA,326,518,515,0.24374918234792814,0.5479147434234619,0.018476545054581656,0.24374918234792814,0.4812996983528137,0.14556759595870972,0.36179601837853775,1.0,30.0,8.0,1.504525676369667
04_2-3_GABA_326_754,2-3_GABA,326,754,749,0.23657321070739845,0.3794138729572296,0.021729901000922886,0.23657321070739845,0.19818201661109924,0.23337288945913315,1.5979958766997415,5.0,,13.0,2.5278907055035233
04_2-3_GABA_326_843,2-3_GABA,326,843,839,0.3025658919339905,0.4787330627441406,0.22825282058514385,0.3025658919339905,0.16097934544086456,0.2007107436656952,0.721923133117466,4.0,,10.0,3.489089347422123
04_2-3_GABA_329_80,2-3_GABA,329,80,79,0.13666937008867,0.7425366044044495,0.034264474774426554,0.13666937008867,0.21824830770492554,0.10432085394859314,0.16345703451235763,0.0,4.0,1.0,0.36652565002441406
04_2-3_GABA_329_122,2-3_GABA,329,122,120,0.21473953486980635,0.9346641898155212,0.014724603235427318,0.21473953486980635,0.3890789747238159,0.32762083411216736,0.5396992340564667,0.0,1.0,6.0,1.5835614800453186
04_2-3_GABA_329_172,2-3_GABA,329,172,167,0.18403970795371652,0.8120166063308716,0.03287324547004079,0.18403970795371652,0.4220179319381714,0.10054841637611389,0.14132524517014283,1.0,3.0,4.0,0.33535799384117126
04_2-3_GABA_329_209,2-3_GABA,329,209,206,0.16767503459765398,0.9378725290298462,0.03276638309937721,0.16767503459765398,0.286133348941803,0.19426479935646057,0.26124634212958947,1.0,1.0,8.0,1.258079081773758
04_2-3_GABA_329_340,2-3_GABA,329,340,336,0.1625657557013872,0.3407040536403656,0.037189227715733804,0.1625657557013872,0.25982946157455444,0.1099114865064621,0.476234949294067,0.0,7.0,5.0,1.623353198170662
04_2-3_GABA_329_451,2-3_GABA,329,451,448,0.3015065977428979,0.37387651205062866,0.543285082189578,0.3015065977428979,0.30514197051525116,0.24636536836624146,1.9321085298712373,3.0,,10.0,4.752609064802527
04_2-3_GABA_329_470,2-3_GABA,329,470,468,0.2597413841910605,0.5859687328338623,0.04169615753318659,0.2597413841910605,0.39832714200019836,0.25375935435295105,0.7638536741897913,2.0,47.0,11.0,5.016715407371521
04_2-3_GABA_329_564,2-3_GABA,329,564,560,0.1425340159280874,0.522175133228302,0.0028047643382616764,0.1425340159280874,0.26298654079437256,0.14854960143566132,0.39758953496279054,0.0,1.0,1.0,0.7293141186237335
04_2-3_GABA_329_627,2-3_GABA,329,627,623,0.25279264528978385,0.6531676650047302,0.12414828775926154,0.25279264528978385,0.3775016665458679,0.3311474919319153,1.0283439350150168,1.0,17.0,10.0,2.904943034052849
04_2-3_GABA_329_672,2-3_GABA,329,672,668,0.19973911891828955,0.6856579780578613,0.018003210153709093,0.19973911891828955,0.5855095386505127,0.17859694361686707,0.352219814748258,1.0,7.0,9.0,0.8342442512512207
04_2-3_GABA_329_725,2-3_GABA,329,725,722,0.07548189770550409,0.6448442339897156,0.0629335715073268,0.07548189770550409,0.277990460395813,0.10152789950370789,0.18686701109355766,0.0,1.0,2.0,-1.7219720929861069
04_2-3_GABA_329_802,2-3_GABA,329,802,801,0.2588227344482821,0.4496726989746094,0.4716823410035202,0.2588227344482821,0.39543573558330536,0.23210423439741135,1.0668100951507875,1.0,46.0,8.0,3.0832194164395332
04_2-3_GABA_331_148,2-3_GABA,331,148,144,0.34867529070475206,0.552517294883728,0.15782912923582032,0.34867529070475206,0.38069140911102295,0.25622451305389404,0.8647679888504614,1.0,,13.0,5.259567201137543
04_2-3_GABA_331_335,2-3_GABA,331,335,331,0.3447916710421962,0.6329119205474854,0.10585441263023843,0.3447916710421962,0.263113796710968,0.2941439598798752,0.8682756164432007,1.0,,15.0,4.756941765546799
04_2-3_GABA_331_397,2-3_GABA,331,397,392,0.25276523393803535,0.8642621040344238,0.008068933852379594,0.25276523393803535,0.35483890771865845,0.2860164940357208,0.49462804228874707,1.0,17.0,9.0,2.2412465661764145
04_2-3_GABA_331_454,2-3_GABA,331,454,450,0.31583785468103,0.8121500611305237,0.024451604874872527,0.31583785468103,0.2042832374572754,0.1834372580051422,0.29176637901003605,2.0,26.0,10.0,3.536089152097702
04_2-3_GABA_331_584,2-3_GABA,331,584,579,0.39472684582769724,0.6591349840164185,0.10358467121517212,0.39472684582769724,0.16798411309719086,0.2251313030719757,0.5187313217760358,4.0,,14.0,5.816397964954376
04_2-3_GABA_335_156,2-3_GABA,335,156,154,0.23839586680353514,0.5251139402389526,0.009296289541329137,0.23839586680353514,0.30204910039901733,0.19604942202568054,0.5957780653173239,0.0,2.0,8.0,1.4500129520893097
04_2-3_GABA_335_242,2-3_GABA,335,242,237,0.2873012180549763,0.5216085314750671,0.031886922991404706,0.2873012180549763,0.21364301443099976,0.22518333792686462,0.7596632905301517,4.0,,13.0,2.9326868057250977
04_2-3_GABA_335_284,2-3_GABA,335,284,279,0.22157699335076791,0.5902153253555298,0.0009737510425514974,0.22157699335076791,0.22611582279205322,0.081989586353302,0.16132513578369279,1.0,4.0,9.0,1.2915040105581284
04_2-3_GABA_335_320,2-3_GABA,335,320,315,0.22652747037688528,0.7125593423843384,0.0048599387885412525,0.22652747037688528,0.20746999979019165,0.11495557427406311,0.19236085916521609,1.0,8.0,6.0,1.6281362473964691
04_2-3_GABA_335_406,2-3_GABA,335,406,402,0.2547577444301949,0.7205097675323486,0.008518519845704795,0.2547577444301949,0.166195809841156,0.20889127254486084,0.40829499830722404,1.0,19.0,10.0,2.178933709859848
04_2-3_GABA_335_471,2-3_GABA,335,471,468,0.20741256882593556,0.6666163802146912,0.004851063487651635,0.20741256882593556,0.5682906806468964,0.1462041437625885,0.28093909697306807,1.0,3.0,6.0,0.9630329608917236
04_2-3_GABA_335_526,2-3_GABA,335,526,521,0.1982837216975542,0.6912657618522644,0.0042902417907115945,0.1982837216975542,0.4320642948150635,0.09475091099739075,0.1588408249377227,0.0,1.0,5.0,-0.15904392302036285
04_2-3_GABA_335_539,2-3_GABA,335,539,544,0.1993172163008468,0.7506306767463684,0.0025389601405252683,0.1993172163008468,0.247059166431427,0.16538864374160767,0.2825987103019005,1.0,1.0,11.0,1.8612614572048187
04_2-3_GABA_335_651,2-3_GABA,335,651,646,0.19792733131165385,0.8921365737915039,4.425000558406074e-06,0.19792733131165385,0.20850157737731934,0.22933030128479004,0.3459989906514758,0.0,8.0,7.0,2.08097842335701
04_2-3_GABA_335_705,2-3_GABA,335,705,700,0.16956147625883158,0.8948739171028137,0.0033388850454473813,0.16956147625883158,0.07649952173233032,0.17612969875335693,0.2450519868637355,0.0,3.0,5.0,2.0686690509319305
04_2-3_GABA_336_76,2-3_GABA,336,76,71,0.21928071715473824,0.42614302039146423,0.03316988197870999,0.21928071715473824,0.4178142249584198,0.2041015326976776,0.9192044910956024,0.0,11.0,6.0,1.9604651369154453
04_2-3_GABA_336_132,2-3_GABA,336,132,131,0.30546904257596186,0.6091777086257935,0.3793666018982691,0.30546904257596186,0.43279336392879486,0.3185339570045471,1.095960106583148,0.0,1.0,9.0,2.654833137989044
04_2-3_GABA_336_155,2-3_GABA,336,155,158,0.1874262473985236,0.8102643489837646,0.02452070843161558,0.1874262473985236,0.4053499400615692,0.321140393614769,0.6565623909638617,1.0,2.0,8.0,2.567821189761162
04_2-3_GABA_336_187,2-3_GABA,336,187,187,0.233043562543468,0.7734789848327637,0.02919480022536621,0.233043562543468,0.2584645748138428,0.15808400511741638,0.2568821818964766,0.0,3.0,7.0,1.839420109987259
04_2-3_GABA_336_271,2-3_GABA,336,271,266,0.19376360272056578,0.8665017485618591,0.013268990214280893,0.19376360272056578,0.47817468643188477,0.11316156387329102,0.15021309917255,1.0,6.0,4.0,0.5377030074596405
04_2-3_GABA_336_333,2-3_GABA,336,333,333,0.2136383973492212,0.8280744552612305,0.035057149964951045,0.2136383973492212,0.5424896478652954,0.09011518955230713,0.12211404306406755,0.0,2.0,5.0,-0.17275387048721313
04_2-3_GABA_336_436,2-3_GABA,336,436,431,0.20985158815380378,0.6245554685592651,0.05039612555696875,0.20985158815380378,0.4015798568725586,0.18232668936252594,0.4122904205685181,0.0,6.0,6.0,0.7810968309640884
04_2-3_GABA_336_494,2-3_GABA,336,494,490,0.24368680602298567,0.7668850421905518,0.042867575169029074,0.24368680602298567,0.4632970988750458,0.30919820070266724,0.6755671622489764,3.0,1.0,7.0,2.1249198615550995
04_2-3_GABA_336_560,2-3_GABA,336,560,560,0.15299718146677602,0.6211966276168823,0.021337265329378508,0.15299718146677602,0.24162131547927856,0.09124144911766052,0.1721682376536953,0.0,1.0,5.0,-0.5388206541538239
04_2-3_GABA_336_601,2-3_GABA,336,601,600,0.20168709670256968,0.8057346940040588,0.07825949066166177,0.20168709670256968,0.16348415613174438,0.26711025834083557,0.49591188341081344,0.0,1.0,7.0,2.7461823374032974
04_2-3_GABA_336_656,2-3_GABA,336,656,655,0.1898942301773373,0.6212043166160583,0.009608146663605262,0.1898942301773373,0.3526224195957184,0.10338270664215088,0.19964927042608405,0.0,1.0,4.0,-1.016385167837143
04_2-3_GABA_336_759,2-3_GABA,336,759,759,0.153163165269875,0.29496219754219055,0.01591499077254035,0.153163165269875,0.19426178932189941,0.17958864569664001,1.55658418089662,0.0,,6.0,2.2614276744425297
04_2-3_GABA_336_790,2-3_GABA,336,790,793,0.2965381201369572,0.5699917078018188,0.48383641392783056,0.2965381201369572,0.19291464984416962,0.3314070701599121,1.3890545235243652,0.0,3.0,9.0,3.607408344745636
04_2-3_GABA_336_837,2-3_GABA,336,837,832,0.22561834822902158,0.8491190671920776,0.026756490039449715,0.22561834822902158,0.3201960623264313,0.277725487947464,0.48604936778361957,0.0,10.0,6.0,1.4174352288246155
04_2-3_GABA_336_854,2-3_GABA,336,854,853,0.19669673118807388,0.7748385667800903,0.030530083192486172,0.19669673118807388,0.4494037628173828,0.16045427322387695,0.2611627199893516,0.0,1.0,11.0,1.667437881231308
04_2-3_GABA_340_99,2-3_GABA,340,99,96,0.2551030254123198,0.6121472716331482,0.5174843304535287,0.2551030254123198,0.5750162601470947,0.32485657930374146,1.130759150843849,2.0,2.0,5.0,3.808314660564065
04_2-3_GABA_340_150,2-3_GABA,340,150,146,0.21350785757802457,0.5588288903236389,0.09077702885393045,0.21350785757802457,0.4270293265581131,0.17416571080684662,0.45277458327472564,0.0,6.0,4.0,0.5939839854836464
04_2-3_GABA_340_279,2-3_GABA,340,279,277,0.21012979148935518,0.38871344923973083,0.017097613577167388,0.21012979148935518,0.28969259560108185,0.22802137583494186,1.4189957911648077,1.0,7.0,10.0,2.8667601943016052
04_2-3_GABA_340_311,2-3_GABA,340,311,314,0.1197637172194835,0.47249463200569153,0.014869259927852636,0.1197637172194835,0.5320346504449844,0.12113846838474274,0.3447739955273127,1.0,2.0,5.0,0.9784077033400536
04_2-3_GABA_340_360,2-3_GABA,340,360,355,0.30479653666459205,0.6056592464447021,0.022856563408047852,0.30479653666459205,0.5058323442935944,0.34015506505966187,1.2811665085091868,1.0,12.0,13.0,4.188546419143677
04_2-3_GABA_340_402,2-3_GABA,340,402,402,0.22526126580934488,0.7074834704399109,0.0363955749485238,0.22526126580934488,0.4263561964035034,0.18108543753623962,0.3440085756729595,0.0,2.0,5.0,0.6196177750825882
04_2-3_GABA_340_417,2-3_GABA,340,417,422,0.1649282941820945,0.746781051158905,0.0036002508828587494,0.1649282941820945,0.36364471912384033,0.18925780057907104,0.33946171820141957,1.0,2.0,1.0,1.6863215565681458
04_2-3_GABA_340_458,2-3_GABA,340,458,454,0.21932017414712582,0.8102453351020813,0.05550430242261017,0.21932017414712582,0.3762989342212677,0.26711270213127136,0.49180013484041024,0.0,6.0,7.0,1.0856336057186127
04_2-3_GABA_340_528,2-3_GABA,340,528,528,0.13529871830677992,0.729223370552063,0.025309042851716094,0.13529871830677992,0.4099571108818054,0.13117095828056335,0.21933020516104076,0.0,2.0,6.0,-0.5291673690080643
04_2-3_GABA_340_599,2-3_GABA,340,599,599,0.18626696924508032,0.5326598286628723,0.05684219907139484,0.18626696924508032,0.3362048864364624,0.12271317839622498,0.2993393855429894,1.0,1.0,7.0,0.4094535559415817
04_2-3_GABA_340_744,2-3_GABA,340,744,740,0.25159016221371205,0.48663201928138733,0.11567537956831704,0.25159016221371205,0.426636278629303,0.3119787201285362,1.7862744170409413,4.0,,8.0,4.041915941983461
04_2-3_GABA_340_778,2-3_GABA,340,778,773,0.18331853129277387,0.7588778138160706,0.001573130209123895,0.18331853129277387,0.4361165761947632,0.37362873554229736,0.9698368058827179,1.0,2.0,5.0,1.5439013242721558
04_2-3_GABA_344_111,2-3_GABA,344,111,107,0.248965589318138,0.7969662547111511,0.22421268198868977,0.248965589318138,0.45535945892333984,0.17025357484817505,0.2716612896445611,4.0,1.0,4.0,2.5348903238773346
04_2-3_GABA_344_147,2-3_GABA,344,147,152,0.15236305447411175,0.9230751395225525,0.00639385538250883,0.15236305447411175,0.4687809348106384,0.1277073621749878,0.1605639124593068,0.0,1.0,3.0,-0.5680957138538361
04_2-3_GABA_344_227,2-3_GABA,344,227,228,0.1963821214862239,0.6744650602340698,0.046204432781526535,0.1963821214862239,0.623774528503418,0.09326690435409546,0.1604735035899811,0.0,1.0,7.0,-0.8973318487405777
04_2-3_GABA_344_277,2-3_GABA,344,277,272,0.19822750853048726,0.6975165009498596,0.042160093034492654,0.19822750853048726,0.37206870317459106,0.11635053157806396,0.20020190050672043,0.0,9.0,6.0,0.8027884066104889
04_2-3_GABA_344_351,2-3_GABA,344,351,346,0.19805838477154714,0.6899898648262024,0.024808123526677738,0.19805838477154714,0.23550981283187866,0.14215880632400513,0.2594938788477524,0.0,9.0,8.0,0.47519640624523163
04_2-3_GABA_344_432,2-3_GABA,344,432,428,0.2635659731385419,0.5679090023040771,0.0069197546194320935,0.2635659731385419,0.1507686972618103,0.18058627843856812,0.46624240539337297,1.0,39.0,8.0,2.633702337741852
04_2-3_GABA_344_648,2-3_GABA,344,648,646,0.13024003817083768,0.2856418490409851,0.00443425607222962,0.13024003817083768,0.16222774982452393,0.13348107784986496,0.8772371275787455,0.0,,12.0,1.284823466092348
04_2-3_GABA_344_809,2-3_GABA,344,809,806,0.24243541806758206,0.33502504229545593,0.20258788087154886,0.24243541806758206,0.25632286071777344,0.215296920388937,1.7982151307529577,1.0,,9.0,3.5885603465139866
04_2-3_GABA_346_72,2-3_GABA,346,72,68,0.2576135550502325,0.6285594701766968,0.09415157007643758,0.2576135550502325,0.32028019428253174,0.1903136521577835,0.4342623348195195,1.0,47.0,4.0,2.31705704331398
04_2-3_GABA_346_174,2-3_GABA,346,174,172,0.2871124682302038,0.5456803441047668,0.04480627471496688,0.2871124682302038,0.3061605393886566,0.200074702501297,0.5789104065924144,0.0,,8.0,3.280014768242836
04_2-3_GABA_346_218,2-3_GABA,346,218,213,0.22049251220746188,0.8573364615440369,0.034942748059122564,0.22049251220746188,0.3252280056476593,0.3338620960712433,0.6377811753393204,0.0,7.0,4.0,1.4060923159122467
04_2-3_GABA_346_294,2-3_GABA,346,294,289,0.2506395727429415,0.6425033807754517,0.07047245759686212,0.2506395727429415,0.2840909957885742,0.15733632445335388,0.3242930912211397,2.0,17.0,9.0,2.040676474571228
04_2-3_GABA_346_322,2-3_GABA,346,322,318,0.13394016527402952,0.8170045614242554,0.051421683242135335,0.13394016527402952,0.3357120752334595,0.21682631969451904,0.36126987721117215,0.0,1.0,4.0,0.34764933586120605
04_2-3_GABA_346_366,2-3_GABA,346,366,362,0.27680780735553967,0.7362340092658997,0.14899789478369668,0.27680780735553967,0.2614954113960266,0.21913999319076538,0.42379139262544496,0.0,,5.0,3.2080854773521423
04_2-3_GABA_346_441,2-3_GABA,346,441,440,0.13347609912832067,0.6198968291282654,0.003955009645098945,0.13347609912832067,0.34159335494041443,0.019648045301437378,0.03273316969702657,0.0,1.0,3.0,-0.8780477344989777
04_2-3_GABA_346_475,2-3_GABA,346,475,471,0.19771131409683257,0.7432460784912109,0.009443777915167097,0.19771131409683257,0.26032382249832153,0.1932394802570343,0.3513402946027179,0.0,1.0,6.0,0.9675677716732025
04_2-3_GABA_346_550,2-3_GABA,346,550,545,0.23556759446468858,0.5554324388504028,0.0028689051366169592,0.23556759446468858,0.28422608971595764,0.13993677496910095,0.33679479025580844,2.0,11.0,11.0,1.492174819111824
04_2-3_GABA_346_643,2-3_GABA,346,643,645,0.17029594296563183,0.5971219539642334,0.009060544371644556,0.17029594296563183,0.3653799295425415,0.14247998595237732,0.31338942723532676,0.0,2.0,7.0,0.752365306019783
04_2-3_GABA_346_711,2-3_GABA,346,711,709,0.1502854458455555,0.5857741832733154,0.0061262031644750995,0.1502854458455555,0.22851306200027466,0.11314305663108826,0.2393897698505486,0.0,1.0,6.0,1.0425373166799545
04_2-3_GABA_346_818,2-3_GABA,346,818,813,0.21828177719955144,0.3917073607444763,0.038067417502432956,0.21828177719955144,0.2946360856294632,0.1864536628127098,0.9084058640185548,3.0,33.0,9.0,1.9723638808354735
04_2-3_GABA_350_51,2-3_GABA,350,51,46,0.25721449252646217,0.7928981184959412,0.009737195994517412,0.25721449252646217,0.6016654968261719,0.2654651999473572,0.5033155698318517,2.0,1.0,6.0,1.197000503540039
04_2-3_GABA_350_124,2-3_GABA,350,124,122,0.30990960148900415,0.6171799302101135,0.05463200056055029,0.30990960148900415,0.36919058859348297,0.20666244626045227,0.5034193532322091,1.0,27.0,5.0,2.2969425320625305
04_2-3_GABA_350_181,2-3_GABA,350,181,177,0.29901297078313466,0.7554042935371399,0.01865333348664426,0.29901297078313466,0.4500621408224106,0.38090814650058746,1.0171216700486085,3.0,16.0,9.0,4.012512534856796
04_2-3_GABA_350_220,2-3_GABA,350,220,219,0.19162701285365116,0.742461621761322,0.005844051359896799,0.19162701285365116,0.22424176335334778,0.19275641441345215,0.3506541539663279,0.0,1.0,5.0,1.2960605025291443
04_2-3_GABA_350_289,2-3_GABA,350,289,285,0.307217708071411,0.7749999761581421,0.08252645341741345,0.307217708071411,0.6055538952350616,0.3510647267103195,0.8281093095409802,0.0,28.0,9.0,2.375155195593834
04_2-3_GABA_350_330,2-3_GABA,350,330,326,0.18649448295245635,0.8764358758926392,0.0030671545755075317,0.18649448295245635,0.36976316571235657,0.304002583026886,0.5310707584895495,0.0,3.0,4.0,1.5138783156871796
04_2-3_GABA_350_370,2-3_GABA,350,370,369,0.22779647715368284,0.7009711861610413,0.018104075111826275,0.22779647715368284,0.6891909837722778,0.03592634201049805,0.05402093156046717,0.0,1.0,3.0,-1.016436219215393
04_2-3_GABA_350_440,2-3_GABA,350,440,435,0.34746894439999776,0.6050090789794922,0.04445719743714236,0.34746894439999776,0.33532994985580444,0.19594675302505493,0.479014420523488,5.0,,7.0,4.4584761671721935
04_2-3_GABA_350_503,2-3_GABA,350,503,498,0.146946263793251,0.6882863640785217,0.020692033335679687,0.146946263793251,0.2118244767189026,0.08804267644882202,0.14667822130124092,1.0,1.0,7.0,0.5979637652635574
04_2-3_GABA_350_549,2-3_GABA,350,549,545,0.2757451305673083,0.536614179611206,0.08846226147114554,0.2757451305673083,0.213059663772583,0.11522960662841797,0.27345473473971876,0.0,1.0,6.0,0.8987384885549545
04_2-3_GABA_350_604,2-3_GABA,350,604,602,0.27649676746402047,0.5722388029098511,0.010922550154441157,0.27649676746402047,0.5591021627187729,0.20615440607070923,0.5631335502160008,0.0,2.0,8.0,2.989591471850872
04_2-3_GABA_350_627,2-3_GABA,350,627,622,0.14905750858142344,0.6232216358184814,0.024089839628231222,0.14905750858142344,0.4291803240776062,0.11677227914333344,0.2305704955574358,1.0,4.0,2.0,-0.17816920578479767
04_2-3_GABA_350_645,2-3_GABA,350,645,642,0.2705642861620331,0.6987319588661194,0.004751467256113112,0.2705642861620331,0.13014501333236694,0.23108036816120148,0.494129332080066,0.0,11.0,6.0,1.5171707719564438
04_2-3_GABA_350_713,2-3_GABA,350,713,708,0.33397072766290575,0.5833759903907776,0.09756397729478465,0.33397072766290575,0.12544631958007812,0.29819339513778687,1.0456226996365399,3.0,,7.0,3.52830464579165
04_2-3_GABA_350_750,2-3_GABA,350,750,755,0.12940728406051583,0.7301985621452332,0.003384221232517639,0.12940728406051583,0.48865407705307007,0.14917317032814026,0.25674122409972067,0.0,1.0,6.0,0.36166438460350037
04_2-3_GABA_350_792,2-3_GABA,350,792,791,0.19643894114773275,0.6455720663070679,0.0183800099051759,0.19643894114773275,0.5969338417053223,0.06273174285888672,0.10763109609121621,0.0,1.0,5.0,-0.7209282219409943
04_2-3_GABA_350_842,2-3_GABA,350,842,842,0.23898083789163443,0.626696765422821,0.007012301669100014,0.23898083789163443,0.805091142654419,0.12069511413574219,0.23852711513636168,1.0,2.0,6.0,0.20998068153858185
04_2-3_GABA_353_78,2-3_GABA,353,78,74,0.24339619038243313,0.58878493309021,0.033632747460714006,0.24339619038243313,0.29825106263160706,0.18791256844997406,0.4687590989681136,4.0,14.0,9.0,2.3309324234724045
04_2-3_GABA_353_113,2-3_GABA,353,113,108,0.11751218654512394,0.740295946598053,0.0527043119293522,0.11751218654512394,0.27537593245506287,0.1974359154701233,0.3636958039808162,0.0,1.0,5.0,-0.3333657830953598
04_2-3_GABA_353_164,2-3_GABA,353,164,159,0.25091405754843477,0.6085073947906494,0.05849886645593537,0.25091405754843477,0.09596079587936401,0.17661546170711517,0.4089343842246647,4.0,5.0,13.0,2.507612854242325
04_2-3_GABA_353_181,2-3_GABA,353,181,177,0.3238037345161189,0.832103967666626,0.07500317796991066,0.3238037345161189,0.20790955424308777,0.27195167541503906,0.4854959609678695,3.0,36.0,10.0,4.590620398521423
04_2-3_GABA_353_288,2-3_GABA,353,288,283,0.2596299243820633,0.8177049160003662,0.032159003719367044,0.2596299243820633,0.21177887916564941,0.24557483196258545,0.42922901419455656,0.0,22.0,7.0,2.607227176427841
04_2-3_GABA_353_355,2-3_GABA,353,355,353,0.1787807350050465,0.8250983953475952,0.006864316468072919,0.1787807350050465,0.3469092845916748,0.1037222146987915,0.14378380861633666,1.0,1.0,5.0,1.7056664824485779
04_2-3_GABA_353_468,2-3_GABA,353,468,465,0.2670814403747269,0.6439527273178101,0.0013951370480535911,0.2670814403747269,0.3093063235282898,0.1103384792804718,0.20677573675422392,1.0,11.0,7.0,0.8269522190093994
04_2-3_GABA_353_524,2-3_GABA,353,524,522,0.21693601957686415,0.8797502517700195,0.0065281800496406655,0.21693601957686415,0.23738503456115723,0.21726366877555847,0.3279518021233269,1.0,1.0,9.0,1.585190236568451
04_2-3_GABA_353_609,2-3_GABA,353,609,614,0.1667850377810985,0.6416217088699341,0.006401688939282154,0.1667850377810985,0.30630558729171753,0.08159095048904419,0.14569012374415388,0.0,1.0,5.0,-1.4717491269111633
04_2-3_GABA_353_665,2-3_GABA,353,665,662,0.2617016931506634,0.7008988261222839,0.04272986163607831,0.2617016931506634,0.47815120220184326,0.18739953637123108,0.3649460478554573,2.0,2.0,13.0,2.761572241783142
04_2-3_GABA_353_701,2-3_GABA,353,701,696,0.25265408566737657,0.773051917552948,0.07121201765420318,0.25265408566737657,0.34192222356796265,0.1150253415107727,0.1748034892490426,1.0,22.0,7.0,1.2772566080093384
04_2-3_GABA_354_58,2-3_GABA,354,58,53,0.24428157354013166,0.6837031245231628,0.08791927752496491,0.24428157354013166,0.5019937753677368,0.16495782136917114,0.3179938601202192,0.0,7.0,6.0,0.9422627985477448
04_2-3_GABA_354_123,2-3_GABA,354,123,120,0.24557692758653643,0.5486630797386169,0.03210590215551252,0.24557692758653643,0.3475169390439987,0.1354866623878479,0.32791480030871545,0.0,1.0,5.0,0.7637700885534286
04_2-3_GABA_354_178,2-3_GABA,354,178,175,0.2768106160323526,0.6378119587898254,0.10867154881878144,0.2768106160323526,0.5489000976085663,0.299298420548439,0.8841549502076813,0.0,1.0,11.0,1.7301622033119202
04_2-3_GABA_354_223,2-3_GABA,354,223,218,0.18610895998164317,0.7058694362640381,0.016056001345650443,0.18610895998164317,0.41923004388809204,0.1853255331516266,0.3560228677034481,1.0,3.0,5.0,0.0073994845151901245
04_2-3_GABA_354_291,2-3_GABA,354,291,287,0.23328612852257885,0.7201145887374878,0.018374100819991763,0.23328612852257885,0.49040818214416504,0.2429753988981247,0.5092337918835098,1.0,2.0,7.0,1.562099501490593
04_2-3_GABA_354_341,2-3_GABA,354,341,336,0.24380218499305456,0.8464035987854004,0.03728639668333462,0.24380218499305456,0.37524712085723877,0.284888356924057,0.5073564093820365,2.0,1.0,4.0,2.328646257519722
04_2-3_GABA_354_361,2-3_GABA,354,361,366,0.19529324380304158,0.8357396125793457,0.049633531345716665,0.19529324380304158,0.48738133907318115,0.19221025705337524,0.29868141274810633,0.0,1.0,3.0,-1.4864208102226257
04_2-3_GABA_354_391,2-3_GABA,354,391,386,0.17401876750733178,0.812003493309021,0.04727915669475426,0.17401876750733178,0.5586380958557129,0.25140291452407837,0.44845282726781033,0.0,4.0,8.0,0.9990359246730804
04_2-3_GABA_354_438,2-3_GABA,354,438,433,0.2943255206230715,0.5738490223884583,0.28832734987190944,0.2943255206230715,0.4811817407608032,0.16495837271213531,0.40342906555265096,0.0,10.0,7.0,1.9324959516525269
04_2-3_GABA_354_486,2-3_GABA,354,486,483,0.17944134691925984,0.7115314602851868,0.0066897037548746055,0.17944134691925984,0.35608381032943726,0.12598425149917603,0.21515643761734196,0.0,1.0,6.0,0.7152590453624725
04_2-3_GABA_354_550,2-3_GABA,354,550,548,0.26645826630995906,0.5754522681236267,0.12210050889302644,0.26645826630995906,0.41985297203063965,0.19567939639091492,0.5152537502168827,1.0,1.0,7.0,2.095079317688942
04_2-3_GABA_354_607,2-3_GABA,354,607,603,0.22713842074490467,0.5243110060691833,0.07459727255406254,0.22713842074490467,0.23826560378074646,0.1325918436050415,0.3384869986215674,0.0,1.0,6.0,0.454316683113575
04_2-3_GABA_354_643,2-3_GABA,354,643,644,0.25505713481306824,0.5834036469459534,0.12639257012861968,0.25505713481306824,0.4903625547885895,0.17706337571144104,0.435751482799134,0.0,1.0,10.0,1.240549735724926
04_2-3_GABA_354_707,2-3_GABA,354,707,711,0.28264423238245145,0.4842574894428253,0.04572328044095083,0.28264423238245145,0.2518719360232353,0.21633349359035492,0.8074435173379422,0.0,1.0,10.0,1.3031175751239061
04_2-3_GABA_354_745,2-3_GABA,354,745,749,0.1587624893883513,0.7014216780662537,0.003918461345241869,0.1587624893883513,0.47653287649154663,0.22125358879566193,0.4607836166950646,0.0,1.0,4.0,-0.44322287291288376
04_2-3_GABA_354_795,2-3_GABA,354,795,791,0.22124336027887548,0.558567464351654,0.03267967840025685,0.22124336027887548,0.7761741876602173,0.09337534010410309,0.20072424969605376,1.0,3.0,4.0,-0.6187043339014053
04_2-3_GABA_354_849,2-3_GABA,354,849,845,0.24774700885946943,0.8083181381225586,0.010334584593904184,0.24774700885946943,0.17226558923721313,0.40099188685417175,0.9844489168216134,0.0,2.0,4.0,1.598970353603363
04_2-3_GABA_357_77,2-3_GABA,357,77,75,0.08960914855979446,0.49264660477638245,0.09725554776468019,0.08960914855979446,0.15992960333824158,0.10177591443061829,0.26038256882496696,0.0,2.0,4.0,0.14403986930847168
04_2-3_GABA_357_149,2-3_GABA,357,149,144,0.2632046211321126,0.4365076422691345,0.3221456421524721,0.2632046211321126,0.4093088209629059,0.13503779470920563,0.44793134637573195,3.0,14.0,7.0,2.7279486432671547
04_2-3_GABA_357_164,2-3_GABA,357,164,166,0.19344293818597869,0.5802475810050964,0.0014894568984910256,0.19344293818597869,0.39833319187164307,0.17126476764678955,0.41875785987306446,0.0,1.0,14.0,3.0363907366991043
04_2-3_GABA_357_293,2-3_GABA,357,293,291,0.06365348442488784,0.33248209953308105,0.001257322547487428,0.06365348442488784,0.28296566009521484,0.06173911690711975,0.2280358896408185,1.0,2.0,3.0,0.06789644807577133
04_2-3_GABA_357_468,2-3_GABA,357,468,466,0.21871043100813478,0.4986858665943146,0.0006295667407189618,0.21871043100813478,0.3453761786222458,0.2442280799150467,0.9597980203407362,0.0,25.0,9.0,3.2861731350421906
04_2-3_GABA_357_603,2-3_GABA,357,603,598,0.2390719889872519,0.508824348449707,0.1048857156506644,0.2390719889872519,0.22742301225662231,0.23885111510753632,0.8847214672011967,5.0,36.0,6.0,2.994084782898426
04_2-3_GABA_357_683,2-3_GABA,357,683,679,0.1068310235660056,0.47584739327430725,0.018503503486645985,0.1068310235660056,0.3631439507007599,0.10299678146839142,0.27624141735887914,0.0,1.0,2.0,-0.10868744552135468
04_2-3_GABA_357_740,2-3_GABA,357,740,735,0.28945537670805466,0.4956151247024536,0.21132691304143406,0.28945537670805466,0.2926252782344818,0.15643882751464844,0.46123160377574013,4.0,,7.0,3.0475085079669952
04_2-3_GABA_357_778,2-3_GABA,357,778,773,0.2716835624748132,0.7737606763839722,0.07758377170846034,0.2716835624748132,0.35889798402786255,0.24815165996551514,0.47212215204457664,2.0,2.0,12.0,2.3557576537132263
04_2-3_GABA_357_789,2-3_GABA,357,789,792,0.2022829178962412,0.7484663128852844,0.02599963563001353,0.2022829178962412,0.4895353317260742,0.1665196716785431,0.28614250841493494,6.0,1.0,4.0,3.1810569763183594
