spike_key,video_id,roi_index,frame_index,cascade_peak_idx,prob_value,f_value,skew_contribution,spike_prob_value,max_second_derivative_raw,amplitude,relative_amplitude,rise_time,decay_time,fwhm,auc
01_1-1_1x_28_110,1-1_1x,28,110,107,0.1029256866977674,0.39043551683425903,0.03035400565063206,0.1029256866977674,0.3880161643028259,0.05711357295513153,0.1713465734972511,0.0,1.0,1.0,-0.5992875099182129
01_1-1_1x_28_156,1-1_1x,28,156,152,0.29372025891217646,0.5621902942657471,0.0015506723002952129,0.29372025891217646,0.15577559173107147,0.2461557537317276,0.7788887673979744,2.0,,13.0,3.427215039730072
01_1-1_1x_28_207,1-1_1x,28,207,202,0.2841915627541047,0.7771231532096863,0.11337482382190435,0.2841915627541047,0.26528191566467285,0.26808443665504456,0.5266484216947918,2.0,41.0,10.0,3.0527207106351852
01_1-1_1x_28_292,1-1_1x,28,292,287,0.13201453693248527,0.6423341035842896,0.03290020452206632,0.13201453693248527,0.7328804731369019,0.07490456104278564,0.13200680512207708,1.0,1.0,2.0,-1.7922947257757187
01_1-1_1x_28_319,1-1_1x,28,319,316,0.20050480595303014,0.5625220537185669,0.001396773187140223,0.20050480595303014,0.33293211460113525,0.0651279091835022,0.13093823057442705,0.0,5.0,5.0,0.5453363358974457
01_1-1_1x_28_436,1-1_1x,28,436,431,0.2607540015529542,0.796323835849762,0.020911215530026946,0.2607540015529542,0.4950772523880005,0.36950525641441345,0.8657197090699364,1.0,,6.0,3.7321799397468567
01_1-1_1x_28_707,1-1_1x,28,707,702,0.3637676735366344,0.6344600319862366,0.003114887424331194,0.3637676735366344,0.26112644374370575,0.3551020473241806,1.2711362009349885,3.0,,15.0,5.043953612446785
01_1-1_1x_28_727,1-1_1x,28,727,723,0.19911799183610518,0.6971919536590576,0.0031660860421759526,0.19911799183610518,0.5125721096992493,0.1282660961151123,0.2254530962414636,1.0,1.0,5.0,2.07576984167099
01_1-1_1x_28_748,1-1_1x,28,748,753,0.16257715695557284,0.8105751872062683,0.024175727256753217,0.16257715695557284,0.3968965411186218,0.14716151356697083,0.2218246614660275,2.0,1.0,4.0,0.26889654994010925
01_1-1_1x_28_789,1-1_1x,28,789,788,0.09887476203280327,0.6182030439376831,0.07248347046733811,0.09887476203280327,0.26661378145217896,0.0003502368927001953,0.0005668613765393094,0.0,1.0,3.0,-1.5532484203577042
01_1-1_1x_28_810,1-1_1x,28,810,809,0.10821068373493269,0.5819277763366699,0.0005568717796123349,0.10821068373493269,0.14614146947860718,0.07079543173313141,0.13850704710938244,1.0,1.0,5.0,0.04049423336982727
01_1-1_1x_47_589,1-1_1x,47,589,592,0.09925916268194565,0.2668501138687134,0.014791174928570754,0.09925916268194565,0.30348268523812294,0.14423508942127228,1.176324761759507,0.0,1.0,9.0,1.3594749309122562
01_1-1_1x_47_652,1-1_1x,47,652,647,0.4646632063143725,0.8771178126335144,0.06375191489461353,0.4646632063143725,0.3528232276439667,0.5843529850244522,1.9959808348452177,4.0,,17.0,9.321646310389042
01_1-1_1x_47_731,1-1_1x,47,731,735,0.09268888594686732,0.7657488584518433,0.005122833965662128,0.09268888594686732,0.2768922448158264,0.044694602489471436,0.061985075491744715,0.0,1.0,5.0,-0.48181185126304626
01_1-1_1x_123_62,1-1_1x,123,62,64,0.0749743641403207,0.4194779396057129,0.026341300428941224,0.0749743641403207,0.6899483352899551,0.07777628302574158,0.22761459164169706,0.0,1.0,4.0,-0.24049292504787445
01_1-1_1x_123_101,1-1_1x,123,101,97,0.3100869357866101,0.565960168838501,0.318403907790058,0.3100869357866101,0.37460336089134216,0.2384645938873291,0.7281460029586143,2.0,40.0,9.0,2.870320476591587
01_1-1_1x_123_174,1-1_1x,123,174,175,0.11088971435045533,0.5920723080635071,0.03380241600561051,0.11088971435045533,0.36860302090644836,0.15427187085151672,0.3523794353289229,0.0,1.0,3.0,-0.6602969616651535
01_1-1_1x_123_230,1-1_1x,123,230,226,0.11226858900485906,0.4678250849246979,0.03843886696892411,0.11226858900485906,0.4202786982059479,0.1353229433298111,0.4069836743929474,1.0,1.0,7.0,0.33185961842536926
01_1-1_1x_123_250,1-1_1x,123,250,246,0.26622316232486015,0.7101637721061707,0.14702472649628132,0.26622316232486015,0.5566923469305038,0.3807379752397537,1.1557624778066304,1.0,5.0,9.0,3.135425090789795
01_1-1_1x_123_282,1-1_1x,123,282,277,0.22892880105497365,0.7141969203948975,0.007247731966626238,0.22892880105497365,0.4240105450153351,0.20105764269828796,0.39181885199043776,0.0,7.0,12.0,1.4348470866680145
01_1-1_1x_123_362,1-1_1x,123,362,358,0.17629545316833464,0.6650261282920837,0.003892671933025831,0.17629545316833464,0.39840784668922424,0.23008204996585846,0.5289922576972937,1.0,1.0,6.0,0.8028988540172577
01_1-1_1x_123_433,1-1_1x,123,433,435,0.18815348260249776,0.6254222989082336,0.042335302159556755,0.18815348260249776,0.5087631642818451,0.20148298144340515,0.4752637303099892,1.0,1.0,5.0,0.2628147006034851
01_1-1_1x_123_498,1-1_1x,123,498,498,0.18313365538726173,0.5581797361373901,0.0039982814411831874,0.18313365538726173,0.37601569294929504,0.16970498859882355,0.43684947264680507,0.0,2.0,5.0,1.2927386909723282
01_1-1_1x_123_538,1-1_1x,123,538,534,0.17735962318683363,0.5840911865234375,0.006875242634457556,0.17735962318683363,0.3554823696613312,0.11249126493930817,0.2385311358013886,0.0,6.0,2.0,0.7724605053663254
01_1-1_1x_123_584,1-1_1x,123,584,581,0.20152047360757377,0.7370352745056152,0.029759973721096122,0.20152047360757377,0.4895066022872925,0.2235565483570099,0.43537645665248187,0.0,1.0,1.0,1.3028138279914856
01_1-1_1x_123_629,1-1_1x,123,629,624,0.1463151775493577,0.8775460124015808,0.021206153919690798,0.1463151775493577,0.2418297827243805,0.2971050441265106,0.5118609132801821,0.0,1.0,4.0,-0.005824834108352661
01_1-1_1x_123_664,1-1_1x,123,664,660,0.16479755955717806,0.7381962537765503,0.007499395148356262,0.16479755955717806,0.4383414387702942,0.16664552688598633,0.29156734309935417,0.0,3.0,5.0,-0.010232493281364441
01_1-1_1x_123_701,1-1_1x,123,701,696,0.12473639522459748,0.7026662826538086,0.006249449879900264,0.12473639522459748,0.22381961345672607,0.16223523020744324,0.3001959814726674,0.0,4.0,6.0,-0.17107416689395905
01_1-1_1x_123_761,1-1_1x,123,761,756,0.09459083322097814,0.5714945197105408,0.02022151110369333,0.09459083322097814,0.5037480294704437,0.17428365349769592,0.43876859452356043,0.0,3.0,7.0,1.0701124966144562
01_1-1_1x_123_796,1-1_1x,123,796,791,0.12084745748192154,0.5175365209579468,0.0007099143610845086,0.12084745748192154,0.37320786714553833,0.10782887041568756,0.2631849082460948,1.0,1.0,4.0,-0.743996150791645
01_1-1_1x_130_138,1-1_1x,130,138,141,0.17129981014066883,0.6097397208213806,0.00644669750718294,0.17129981014066883,0.4181284010410309,0.12645567953586578,0.26165912534479535,0.0,1.0,8.0,0.005151137709617615
01_1-1_1x_130_191,1-1_1x,130,191,187,0.18032590039991317,0.7020258903503418,0.05832625014488999,0.18032590039991317,0.8784357011318207,0.23520587384700775,0.5038470192619255,1.0,1.0,8.0,0.36671672761440277
01_1-1_1x_130_251,1-1_1x,130,251,247,0.1965961372817117,0.5610468983650208,0.03634745231428454,0.1965961372817117,0.4457334876060486,0.16694030165672302,0.423591746626575,0.0,1.0,5.0,0.24706395715475082
01_1-1_1x_130_329,1-1_1x,130,329,325,0.24696068320423187,0.38914963603019714,0.26113236010939184,0.24696068320423187,0.3729022741317749,0.14986390620470047,0.6262968807792733,2.0,25.0,9.0,3.20344390720129
01_1-1_1x_130_370,1-1_1x,130,370,365,0.23693888912955585,0.6221115589141846,0.16232662564682002,0.23693888912955585,0.4707286059856415,0.25082455575466156,0.6755543652760048,0.0,8.0,9.0,1.8668600618839264
01_1-1_1x_130_389,1-1_1x,130,389,384,0.2435202211300155,0.8524455428123474,0.008313470312167613,0.2435202211300155,0.14869311451911926,0.38239483535289764,0.813518263635176,0.0,9.0,6.0,2.8201883286237717
01_1-1_1x_130_405,1-1_1x,130,405,400,0.25555304901747505,0.8068618178367615,0.17208236520331438,0.25555304901747505,0.42926156520843506,0.2318931221961975,0.40331434381457737,1.0,10.0,11.0,3.092521518468857
01_1-1_1x_130_476,1-1_1x,130,476,471,0.17470474633314373,0.7340037822723389,0.05238789108953539,0.17470474633314373,0.31042587757110596,0.0865531861782074,0.13368307435402163,0.0,7.0,2.0,0.20019105076789856
01_1-1_1x_130_502,1-1_1x,130,502,504,0.22836799811433994,0.7901740074157715,0.031609620399729664,0.22836799811433994,0.37002578377723694,0.152186781167984,0.2385420505407992,0.0,1.0,7.0,-0.23954224586486816
01_1-1_1x_130_555,1-1_1x,130,555,558,0.24304505373651275,0.8386279940605164,0.25262210165319,0.24304505373651275,0.45859426259994507,0.2077181041240692,0.32923577112571983,0.0,1.0,6.0,1.2708410918712616
01_1-1_1x_130_646,1-1_1x,130,646,641,0.1716833034186972,0.8001590371131897,0.00772401994470017,0.1716833034186972,0.3157786726951599,0.168075293302536,0.26590668554337077,0.0,4.0,5.0,1.2542536854743958
01_1-1_1x_130_678,1-1_1x,130,678,680,0.16503673651457312,0.7638462781906128,0.029776415790780324,0.16503673651457312,0.42458081245422363,0.1098138689994812,0.16790279419836773,0.0,1.0,4.0,-0.41263481974601746
01_1-1_1x_130_755,1-1_1x,130,755,750,0.22206793150225101,0.6033708453178406,0.1313937047977896,0.22206793150225101,0.3230781555175781,0.12160155177116394,0.2524061898506665,1.0,3.0,3.0,1.2534113079309464
01_1-1_1x_130_775,1-1_1x,130,775,772,0.20768592452084694,0.7585155367851257,0.018228137607459286,0.20768592452084694,0.28794950246810913,0.2281433641910553,0.4301571160402278,0.0,4.0,6.0,2.9352021515369415
01_1-1_1x_154_87,1-1_1x,154,87,83,0.10887129412678334,0.7433068752288818,0.022169639917761844,0.10887129412678334,0.39533019065856934,0.15459641814231873,0.262601787145743,0.0,1.0,2.0,-1.352601483464241
01_1-1_1x_154_120,1-1_1x,154,120,123,0.1342450286257707,0.6064995527267456,0.009108101714186249,0.1342450286257707,0.642218828201294,0.06237435340881348,0.11463235572805766,1.0,2.0,3.0,-0.5587491989135742
01_1-1_1x_154_182,1-1_1x,154,182,178,0.0856648139855527,0.6168859601020813,0.03512424678329323,0.0856648139855527,0.5047365128993988,0.20795980095863342,0.5085509848385191,0.0,4.0,4.0,-0.15115873515605927
01_1-1_1x_154_244,1-1_1x,154,244,244,0.10547174731271465,0.4470288157463074,0.044541745996604494,0.10547174731271465,0.4399435818195343,0.11962832510471344,0.365388350122147,1.0,3.0,5.0,0.3773229494690895
01_1-1_1x_154_331,1-1_1x,154,331,327,0.07657165466149354,0.487841933965683,0.04175326333859906,0.07657165466149354,0.2838190644979477,0.23465466499328613,0.9268027809837026,0.0,2.0,5.0,0.7295763865113258
01_1-1_1x_154_381,1-1_1x,154,381,379,0.07773940591026945,0.4043208956718445,0.003970969796866079,0.07773940591026945,0.40852608531713486,0.16771606355905533,0.7088446252826541,3.0,1.0,9.0,1.1582806445658207
01_1-1_1x_154_506,1-1_1x,154,506,509,0.09173365728452001,0.3494398593902588,0.0011947644255881436,0.09173365728452001,0.31303635239601135,0.07317298650741577,0.26486341175782724,0.0,3.0,4.0,1.3209897428750992
01_1-1_1x_154_534,1-1_1x,154,534,536,0.0715918333011878,0.42309054732322693,0.0831945344676477,0.0715918333011878,0.31596697866916656,0.11966641247272491,0.39438659858644703,0.0,1.0,2.0,-0.08650898188352585
01_1-1_1x_154_569,1-1_1x,154,569,574,0.07777297323396612,0.372903048992157,0.004681124541682472,0.07777297323396612,0.317709818482399,0.09631261229515076,0.34821381912295607,0.0,1.0,6.0,-1.3257277309894562
01_1-1_1x_154_684,1-1_1x,154,684,684,0.11080544232028247,0.42496585845947266,0.002107589776097738,0.11080544232028247,0.2839016020298004,0.1833018884062767,0.7584990363517061,0.0,4.0,2.0,1.8862736001610756
01_1-1_1x_154_729,1-1_1x,154,729,725,0.11971644064737935,0.420771062374115,0.0630638001852536,0.11971644064737935,0.2955741584300995,0.09712189435958862,0.30008386845360124,0.0,1.0,3.0,0.26635707169771194
01_1-1_1x_154_748,1-1_1x,154,748,745,0.10128832205570067,0.6172967553138733,0.011890015228393443,0.10128832205570067,0.6596963405609131,0.3010072559118271,0.9516827352184926,0.0,1.0,5.0,1.0994947031140327
01_1-1_1x_154_780,1-1_1x,154,780,776,0.16303930172666245,0.5811769366264343,0.00541307104675272,0.16303930172666245,0.4436302185058594,0.2262260466814041,0.6373446386243427,0.0,1.0,6.0,1.070848062634468
01_1-1_1x_154_826,1-1_1x,154,826,821,0.10597603563704097,0.5396753549575806,0.1446856506348588,0.10597603563704097,0.28724515438079834,0.14707247912883759,0.37460876672995125,0.0,1.0,4.0,-0.03576166182756424
01_1-1_1x_176_83,1-1_1x,176,83,78,0.23995758212289042,0.7155773043632507,0.5,0.23995758212289042,0.1130295991897583,0.09647336602210999,0.15582741450588367,5.0,,9.0,2.2359842658042908
01_1-1_1x_176_217,1-1_1x,176,217,213,0.24846711051703102,0.7847485542297363,0.5,0.24846711051703102,0.1666232943534851,0.1632506549358368,0.2626728990094902,10.0,,7.0,3.8079066276550293
01_1-1_1x_178_98,1-1_1x,178,98,93,0.08314810668956246,0.6204736232757568,0.005707696281476059,0.08314810668956246,0.35083311796188354,0.10969787836074829,0.2147672035190349,0.0,1.0,4.0,-1.1148455739021301
01_1-1_1x_178_131,1-1_1x,178,131,126,0.07222086328007166,0.5466403365135193,0.015219061807782345,0.07222086328007166,0.4034441411495209,0.09354211390018463,0.20644996875216542,0.0,1.0,2.0,-2.175552725791931
01_1-1_1x_178_205,1-1_1x,178,205,207,0.06939056365721166,0.40590760111808777,0.004187174348766992,0.06939056365721166,0.4572613537311554,0.11177089810371399,0.37999643348913176,1.0,1.0,1.0,-0.41945140808820724
01_1-1_1x_178_237,1-1_1x,178,237,234,0.0736856811816945,0.4071459174156189,0.016092213873006214,0.0736856811816945,0.15628427267074585,0.14815574884414673,0.5720516329300777,1.0,2.0,8.0,0.35798539966344833
01_1-1_1x_178_315,1-1_1x,178,315,312,0.2980350974188042,0.5051668882369995,0.0677414487963073,0.2980350974188042,0.28929951786994934,0.18961848318576813,0.6009172607130824,1.0,16.0,7.0,3.419898796826601
01_1-1_1x_178_366,1-1_1x,178,366,369,0.08474917247048527,0.5754417777061462,0.029720759743873698,0.08474917247048527,0.4533841013908386,0.08966955542564392,0.18459177226042683,0.0,1.0,8.0,-1.468655712902546
01_1-1_1x_178_469,1-1_1x,178,469,465,0.27771754659239795,0.627989649772644,0.007979922328292045,0.27771754659239795,0.6523426920175552,0.3239363580942154,1.0653933601771868,0.0,20.0,13.0,4.303338259458542
01_1-1_1x_178_533,1-1_1x,178,533,535,0.07565507359297753,0.46840980648994446,0.008664723141711062,0.07565507359297753,0.39588022232055664,0.0732576847076416,0.1853910954019898,0.0,1.0,2.0,-1.4952112436294556
01_1-1_1x_178_583,1-1_1x,178,583,578,0.08333383800987837,0.38822853565216064,0.00739133152656397,0.08333383800987837,0.38833098113536835,0.09548908472061157,0.32619137740659243,0.0,1.0,4.0,0.5981851518154144
01_1-1_1x_178_669,1-1_1x,178,669,674,0.0772111131358415,0.4776346683502197,0.0035460839194434717,0.0772111131358415,0.6612054854631424,0.20981919765472412,0.7834468901659798,0.0,1.0,8.0,0.41139279305934906
01_1-1_1x_178_720,1-1_1x,178,720,718,0.4123620128157719,0.6328768134117126,0.5270435976376641,0.4123620128157719,0.47829052805900574,0.39374659210443497,1.6465781278163008,1.0,,10.0,7.04261239618063
01_1-1_1x_178_789,1-1_1x,178,789,785,0.14039466569965373,0.7288910150527954,0.06949889230895782,0.14039466569965373,0.18067291378974915,0.05564481019973755,0.08265150222700852,0.0,1.0,4.0,-0.5408500730991364
01_1-1_1x_178_805,1-1_1x,178,805,806,0.10803811212351573,0.6950576305389404,0.023216176563689805,0.10803811212351573,0.3123816251754761,0.016529560089111328,0.02436090827923019,0.0,1.0,2.0,-1.6605857908725739
01_1-1_1x_201_58,1-1_1x,201,58,54,0.25917496296387565,0.9068831205368042,0.05431941817137976,0.25917496296387565,0.616222620010376,0.38999658823013306,0.7545110268006485,1.0,5.0,5.0,1.6924729198217392
01_1-1_1x_201_91,1-1_1x,201,91,91,0.1469600761592854,0.7848230600357056,0.03051083091840208,0.1469600761592854,0.37940627336502075,0.22827214002609253,0.41015499538146427,0.0,1.0,6.0,0.09827464818954468
01_1-1_1x_201_117,1-1_1x,201,117,113,0.2084207550669182,0.8343313932418823,0.01852641014364412,0.2084207550669182,0.6399959623813629,0.3152802884578705,0.6074166600397957,0.0,2.0,8.0,1.1135156601667404
01_1-1_1x_201_170,1-1_1x,201,170,166,0.2791394781394313,0.658812940120697,0.05559212335216256,0.2791394781394313,0.21142783761024475,0.15705206990242004,0.3130018286083149,1.0,7.0,6.0,1.4764567762613297
01_1-1_1x_201_208,1-1_1x,201,208,205,0.29120864311075634,0.6503516435623169,0.08244287999652433,0.29120864311075634,0.9679136276245117,0.08851796388626099,0.15755190030134716,1.0,1.0,6.0,0.18027761578559875
01_1-1_1x_201_233,1-1_1x,201,233,228,0.14094105000241244,0.9199585318565369,0.009754700572382402,0.14094105000241244,0.3084039092063904,0.31185755133628845,0.5128384286923614,0.0,1.0,4.0,0.636999785900116
01_1-1_1x_201_264,1-1_1x,201,264,262,0.1446977218276809,0.8202120661735535,0.035976547317467356,0.1446977218276809,0.31113046407699585,0.2577017545700073,0.4581280542846901,0.0,1.0,6.0,0.39405903220176697
01_1-1_1x_201_301,1-1_1x,201,301,297,0.24459721639999976,0.6744818091392517,0.020201235753613312,0.24459721639999976,0.704602062702179,0.18378928303718567,0.3745508098465652,0.0,1.0,3.0,1.1669084578752518
01_1-1_1x_201_354,1-1_1x,201,354,349,0.16983614782269024,0.8419807553291321,0.019410942897813078,0.16983614782269024,0.2859319895505905,0.3511974662542343,0.715585624189088,0.0,2.0,1.0,-0.8473071753978729
01_1-1_1x_201_377,1-1_1x,201,377,375,0.29908160589908295,0.6755642890930176,0.033171794243588806,0.29908160589908295,0.39558637142181396,0.24567076563835144,0.5714688689983447,0.0,1.0,4.0,1.774697721004486
01_1-1_1x_201_415,1-1_1x,201,415,417,0.19558348014039512,0.8136947154998779,0.00282067238848897,0.19558348014039512,0.7864171862602234,0.2223491668701172,0.3760054800198203,0.0,1.0,4.0,-0.17763476073741913
01_1-1_1x_201_457,1-1_1x,201,457,452,0.1923479515656658,0.7077810168266296,0.036353396208252516,0.1923479515656658,0.19550156593322754,0.1637440323829651,0.3009795970956105,1.0,1.0,3.0,0.17952607572078705
01_1-1_1x_201_534,1-1_1x,201,534,537,0.23592789701039396,0.6712413430213928,0.0003333664908070226,0.23592789701039396,0.7936668694019318,0.25794847309589386,0.6241299859404595,0.0,1.0,6.0,2.4823459088802338
01_1-1_1x_201_563,1-1_1x,201,563,559,0.14538068783950156,0.6776174306869507,0.007482747541794351,0.14538068783950156,0.40449076890945435,0.14218828082084656,0.2655594691779554,0.0,1.0,4.0,0.08391311764717102
01_1-1_1x_201_653,1-1_1x,201,653,650,0.20261709032546582,0.5944116711616516,0.02357718559730819,0.20261709032546582,0.7354516461491585,0.16262498497962952,0.3766326989319769,1.0,1.0,4.0,0.7057622447609901
01_1-1_1x_201_700,1-1_1x,201,700,697,0.30158557684622933,0.556453287601471,0.08376337647287145,0.30158557684622933,0.8148799240589142,0.19922927021980286,0.557715216574984,0.0,28.0,5.0,2.211217910051346
01_1-1_1x_201_734,1-1_1x,201,734,738,0.19538307836769103,0.6874415278434753,0.010553048306422877,0.19538307836769103,0.5432232916355133,0.1456470787525177,0.2688234975402381,0.0,1.0,4.0,-0.35682979226112366
01_1-1_1x_201_771,1-1_1x,201,771,767,0.23414722061985682,0.7510212659835815,0.0013581983228362659,0.23414722061985682,0.4678545892238617,0.2358296811580658,0.45775142316801665,0.0,1.0,3.0,1.0354264676570892
01_1-1_1x_201_806,1-1_1x,201,806,802,0.20365593946814597,0.7812572717666626,0.00927418686880509,0.20365593946814597,0.749129056930542,0.23464569449424744,0.4292731882210151,1.0,5.0,5.0,1.651662677526474
01_1-1_1x_201_830,1-1_1x,201,830,826,0.1287505715035596,0.8495774865150452,0.034259468095170637,0.1287505715035596,0.4046080708503723,0.2530166506767273,0.4241254797110094,0.0,2.0,3.0,-1.7059512287378311
01_1-1_1x_211_58,1-1_1x,211,58,53,0.2485278942420815,0.7520288228988647,0.013484482400462867,0.2485278942420815,0.590145617723465,0.3359549641609192,0.8074406913713669,0.0,5.0,3.0,-0.19503921270370483
01_1-1_1x_211_93,1-1_1x,211,93,88,0.2576591805324727,0.7562587857246399,0.04867069931183302,0.2576591805324727,0.5401307344436646,0.3223162889480591,0.7427626732626893,1.0,8.0,5.0,1.8083766847848892
01_1-1_1x_211_126,1-1_1x,211,126,123,0.1710059911933336,0.5400270819664001,0.013754901297517507,0.1710059911933336,0.8886254876852036,0.0762818455696106,0.16449084450399043,0.0,2.0,4.0,-0.20715933293104172
01_1-1_1x_211_172,1-1_1x,211,172,168,0.2950380179334286,0.8445947170257568,0.0074701580634327245,0.2950380179334286,0.6123524159193039,0.4925267696380615,1.3989537340520628,1.0,1.0,8.0,4.1820854395627975
01_1-1_1x_211_196,1-1_1x,211,196,191,0.13984239907495952,0.5330900549888611,0.012407318986588084,0.13984239907495952,0.27599862217903137,0.08154119551181793,0.18058111276430652,0.0,7.0,4.0,0.022840626537799835
01_1-1_1x_211_213,1-1_1x,211,213,208,0.19825095034937196,0.7353839874267578,0.021675746963166584,0.19825095034937196,0.6081666946411133,0.28383512794971466,0.6285812088606214,1.0,3.0,6.0,1.1639873683452606
01_1-1_1x_211_242,1-1_1x,211,242,237,0.17176846655739794,0.6332777142524719,0.008483575018585543,0.17176846655739794,0.525136411190033,0.1302177906036377,0.2588514498613439,1.0,1.0,4.0,-0.3360939919948578
01_1-1_1x_211_268,1-1_1x,211,268,270,0.11895789897016018,0.7179118394851685,0.01908859788458343,0.11895789897016018,0.6107856631278992,0.2367931604385376,0.49217203727728726,0.0,2.0,3.0,-0.8035353124141693
01_1-1_1x_211_309,1-1_1x,211,309,306,0.12677221708405806,0.4997800588607788,0.010910893448489825,0.12677221708405806,0.5294325351715088,0.07667551934719086,0.18122121647604877,0.0,1.0,5.0,-0.38634729385375977
01_1-1_1x_211_353,1-1_1x,211,353,349,0.22051934935328418,0.5803102254867554,0.04027309541047748,0.22051934935328418,0.4600724168121815,0.24288669228553772,0.7198273634954079,1.0,3.0,5.0,0.6554800923913717
01_1-1_1x_211_381,1-1_1x,211,381,376,0.24528783504654317,0.6640170812606812,0.047084662133889364,0.24528783504654317,0.5346458926796913,0.2860908955335617,0.7570020452092537,3.0,3.0,8.0,1.2975834235548973
01_1-1_1x_211_412,1-1_1x,211,412,410,0.2715845398323925,0.540123701095581,0.05075195171359434,0.2715845398323925,0.6876764446496964,0.11539450287818909,0.2716895927157943,0.0,1.0,4.0,0.4588462933897972
01_1-1_1x_211_456,1-1_1x,211,456,455,0.22267305142820842,0.565024197101593,0.02938546025806464,0.22267305142820842,0.3943709582090378,0.12155207991600037,0.2740918204450066,1.0,1.0,3.0,0.9422444999217987
01_1-1_1x_211_519,1-1_1x,211,519,517,0.2337135229714121,0.5566683411598206,0.013284956946697892,0.2337135229714121,0.29435497522354126,0.25093652307987213,0.8207733321830853,0.0,1.0,9.0,2.7018410190939903
01_1-1_1x_211_540,1-1_1x,211,540,536,0.1972470906498084,0.6226910352706909,0.004007939485853763,0.1972470906498084,0.549172580242157,0.22045178711414337,0.5480613543418958,1.0,1.0,1.0,2.2851973325014114
01_1-1_1x_211_581,1-1_1x,211,581,583,0.14086293939466027,0.6064813137054443,0.001059488472084344,0.14086293939466027,0.46661674976348877,0.06941500306129456,0.12924847767501776,0.0,1.0,2.0,-0.9446308761835098
01_1-1_1x_211_650,1-1_1x,211,650,647,0.20696534951142453,0.6257820129394531,0.01524257973625754,0.20696534951142453,0.6011141687631607,0.1983645260334015,0.4641001646172772,0.0,1.0,4.0,1.3072218894958496
01_1-1_1x_211_693,1-1_1x,211,693,695,0.1848144566508259,0.6527574062347412,0.003946612501473971,0.1848144566508259,0.346955269575119,0.2504705935716629,0.6226169630408344,0.0,2.0,7.0,0.3170119822025299
01_1-1_1x_211_728,1-1_1x,211,728,726,0.20955402399731507,0.6527748107910156,0.002772549226677642,0.20955402399731507,0.3468044102191925,0.23388153314590454,0.5583320278155678,0.0,3.0,4.0,0.8692712932825089
01_1-1_1x_211_765,1-1_1x,211,765,770,0.18417572690556078,0.5865033864974976,0.015852098073543253,0.18417572690556078,0.3466998040676117,0.06284275650978088,0.12000664726552952,0.0,1.0,3.0,-1.3307848870754242
01_1-1_1x_211_798,1-1_1x,211,798,795,0.2627345123771316,1.0,0.1723310249011567,0.2627345123771316,0.7133342921733856,0.5028652399778366,1.0115270152411344,1.0,2.0,5.0,1.2601260542869568
01_1-1_1x_225_75,1-1_1x,225,75,80,0.1434041794585022,0.43038833141326904,0.004397063958307723,0.1434041794585022,0.6651763767004013,0.11766020953655243,0.3762380205223,1.0,1.0,8.0,0.0028966814279556274
01_1-1_1x_225_114,1-1_1x,225,114,110,0.26551385980854036,0.46935606002807617,0.011476682647742929,0.26551385980854036,0.5567286163568497,0.13293540477752686,0.3951463820749151,3.0,1.0,3.0,2.039739578962326
01_1-1_1x_225_187,1-1_1x,225,187,183,0.36029009975927084,0.5973281264305115,0.09284241666107701,0.36029009975927084,0.364003449678421,0.2264147847890854,0.6104250221550884,1.0,28.0,5.0,3.081425726413727
01_1-1_1x_225_276,1-1_1x,225,276,271,0.08455124922143559,0.5098457336425781,0.012756845389729123,0.08455124922143559,0.553486168384552,0.07021836936473846,0.15972247196232586,0.0,2.0,3.0,-1.5091245844960213
01_1-1_1x_225_353,1-1_1x,225,353,348,0.36507335928898266,0.6047318577766418,0.025889473690115863,0.36507335928898266,0.5306773483753204,0.3228999078273773,1.1457178928276437,3.0,,8.0,5.278856549412012
01_1-1_1x_225_370,1-1_1x,225,370,372,0.22798688401370845,0.7375749349594116,0.019252061178970895,0.22798688401370845,0.5012644529342651,0.23577240109443665,0.4698509576635145,0.0,6.0,9.0,4.056102693080902
01_1-1_1x_225_438,1-1_1x,225,438,433,0.07963974379973522,0.7724487781524658,0.013501862377813456,0.07963974379973522,0.398438036441803,0.2999778687953949,0.6349128863903999,0.0,2.0,1.0,-1.135103553533554
01_1-1_1x_225_500,1-1_1x,225,500,496,0.09837803312999696,0.5418271422386169,0.0008843164007481833,0.09837803312999696,0.20016345381736755,0.18568837642669678,0.521393328253292,0.0,1.0,6.0,-0.003886699676513672
01_1-1_1x_225_529,1-1_1x,225,529,530,0.08822950726635594,0.490019828081131,0.004192124692264233,0.08822950726635594,0.370385967195034,0.14856134355068207,0.4350787878502237,0.0,3.0,9.0,0.2258729711174965
01_1-1_1x_225_617,1-1_1x,225,617,613,0.1732947397148384,0.7752935886383057,0.03723893801085836,0.1732947397148384,1.0492148697376251,0.47387051582336426,1.57211095818898,0.0,4.0,3.0,1.205085925757885
01_1-1_1x_225_669,1-1_1x,225,669,666,0.3360088144112735,0.842369019985199,0.02203759890557175,0.3360088144112735,0.6573331207036972,0.4857197403907776,1.361897438691406,2.0,15.0,12.0,5.060670845210552
01_1-1_1x_225_717,1-1_1x,225,717,714,0.2719545487671609,0.8409705758094788,0.004706939550536226,0.2719545487671609,0.46558743715286255,0.2960442304611206,0.5432738442327775,1.0,12.0,7.0,1.8010559231042862
01_1-1_1x_225_789,1-1_1x,225,789,793,0.10964941587902205,0.6052306294441223,0.0021788876380338415,0.10964941587902205,0.5735923647880554,0.08621367812156677,0.1661095613580205,0.0,1.0,3.0,-2.0025123953819275
01_1-1_1x_225_835,1-1_1x,225,835,831,0.09543547420570354,0.5563077926635742,0.003627664816037752,0.09543547420570354,0.35163211822509766,0.14536380767822266,0.353731440267715,0.0,3.0,4.0,0.5834535658359528
01_1-1_1x_252_157,1-1_1x,252,157,152,0.3805189470195114,0.8302115797996521,0.041572415652761034,0.3805189470195114,0.5107596814632416,0.5090894848108292,1.5853455515994583,4.0,24.0,9.0,6.425070911645889
01_1-1_1x_252_245,1-1_1x,252,245,240,0.2631559346607325,0.6723934412002563,0.022234709472443118,0.2631559346607325,0.5742820799350739,0.2219090610742569,0.492601010965551,1.0,5.0,9.0,1.7817591205239296
01_1-1_1x_252_283,1-1_1x,252,283,278,0.17361734048165084,0.6855507493019104,0.03254526318911207,0.17361734048165084,0.5314597487449646,0.08145743608474731,0.13484247268180655,0.0,1.0,2.0,-0.8996771574020386
01_1-1_1x_252_331,1-1_1x,252,331,329,0.1377037524159486,0.5564621686935425,0.012092401333494677,0.1377037524159486,0.13236770033836365,0.10281062126159668,0.2266290544881691,0.0,1.0,3.0,-0.08505059778690338
01_1-1_1x_252_416,1-1_1x,252,416,414,0.2730443433694606,0.6663824319839478,0.00580034222833911,0.2730443433694606,0.3371192514896393,0.2370930314064026,0.5522918364334855,0.0,1.0,6.0,2.108930930495262
01_1-1_1x_252_446,1-1_1x,252,446,446,0.11784422737517519,0.553282618522644,0.02548273086715358,0.11784422737517519,0.23166507482528687,0.03007391095161438,0.0574797600201094,0.0,1.0,5.0,-0.772435337305069
01_1-1_1x_252_518,1-1_1x,252,518,517,0.10599967090443929,0.46314573287963867,0.010381320535378397,0.10599967090443929,0.6406055688858032,0.13637015223503113,0.41732051081057886,0.0,8.0,2.0,0.3723416440188885
01_1-1_1x_252_551,1-1_1x,252,551,547,0.12590934544075277,0.47545772790908813,0.030069651209451063,0.12590934544075277,0.393466055393219,0.13208872079849243,0.38468445917702754,0.0,1.0,5.0,-0.6788363456726074
01_1-1_1x_252_582,1-1_1x,252,582,579,0.30147594181370785,0.6842238306999207,0.011045804826844703,0.30147594181370785,0.18020197749137878,0.37896643579006195,1.241465209719061,2.0,11.0,5.0,3.7183091938495636
01_1-1_1x_252_640,1-1_1x,252,640,637,0.19310745082299535,0.7055153250694275,0.010227874766263828,0.19310745082299535,0.507407009601593,0.18588638305664062,0.35772907940155957,0.0,1.0,6.0,0.12961705029010773
01_1-1_1x_252_768,1-1_1x,252,768,763,0.2871716475600122,0.6735333800315857,0.08620154409193698,0.2871716475600122,0.5598853528499603,0.3591095060110092,1.1421190809051238,1.0,26.0,12.0,3.5377157405018806
01_1-1_1x_252_786,1-1_1x,252,786,783,0.17088440346023734,0.623836100101471,0.0005053416978104242,0.17088440346023734,0.2736284136772156,0.1776285022497177,0.3980848894212073,0.0,8.0,15.0,2.845353662967682
01_1-1_1x_256_101,1-1_1x,256,101,97,0.07263268656774559,0.578303337097168,0.008870797381182988,0.07263268656774559,0.6626787651330233,0.28935466706752777,1.0014050836013397,0.0,1.0,2.0,0.6132091647014022
01_1-1_1x_256_147,1-1_1x,256,147,142,0.4002912537007507,0.5634278059005737,0.9020812595514669,0.4002912537007507,0.4501793831586838,0.2809143662452698,0.9943398324271396,4.0,,10.0,6.414906278252602
01_1-1_1x_256_162,1-1_1x,256,162,167,0.1509690828544249,0.8287084102630615,0.14076080597959797,0.1509690828544249,0.5357866287231445,0.33168500661849976,0.6673428337304191,10.0,1.0,14.0,5.1675750613212585
01_1-1_1x_256_242,1-1_1x,256,242,237,0.19295396486645855,0.7228080034255981,0.0016644386801671228,0.19295396486645855,0.32542479038238525,0.27180127799510956,0.6026546006285686,1.0,8.0,4.0,1.7575707584619522
01_1-1_1x_256_257,1-1_1x,256,257,253,0.212840163512386,0.8673002123832703,0.01955252490000025,0.212840163512386,0.5116662383079529,0.33647507429122925,0.6338717783800342,0.0,4.0,6.0,2.0722545087337494
01_1-1_1x_256_296,1-1_1x,256,296,293,0.27448561406192007,0.8518676161766052,0.03420333365976948,0.27448561406192007,0.4618630111217499,0.37292051315307617,0.7786256786999625,0.0,11.0,8.0,2.1581263542175293
01_1-1_1x_256_353,1-1_1x,256,353,348,0.10390985673596881,0.712457001209259,0.05248912700586079,0.10390985673596881,0.6739173233509064,0.24938587844371796,0.5385476791434158,0.0,1.0,2.0,-0.6631913334131241
01_1-1_1x_256_434,1-1_1x,256,434,429,0.2727668479801071,0.6491097211837769,0.15701482094917393,0.2727668479801071,0.5076265931129456,0.22730985283851624,0.5389045134847072,3.0,3.0,14.0,2.806864947080612
01_1-1_1x_256_500,1-1_1x,256,500,497,0.08325129223138865,0.6048083305358887,0.009975308569931307,0.08325129223138865,0.40388739109039307,0.07107511162757874,0.13316598838077706,0.0,1.0,6.0,-0.9509957134723663
01_1-1_1x_256_568,1-1_1x,256,568,565,0.0944284411882767,0.44630441069602966,0.004832113964373911,0.0944284411882767,0.3603048622608185,0.09472280740737915,0.269419123530224,0.0,1.0,5.0,-0.09528090059757233
01_1-1_1x_256_593,1-1_1x,256,593,588,0.13820247662766005,0.6466383934020996,0.06354439947086471,0.13820247662766005,0.2246900200843811,0.3227047771215439,0.9962065093054512,2.0,7.0,4.0,0.9042614847421646
01_1-1_1x_256_655,1-1_1x,256,655,656,0.1349368611434694,0.5542578101158142,0.00849775760251182,0.1349368611434694,0.3834299147129059,0.26371465623378754,0.9076608851739364,0.0,1.0,7.0,1.4530248790979385
01_1-1_1x_256_726,1-1_1x,256,726,722,0.11948528325126112,0.421364426612854,0.0017226300404658689,0.11948528325126112,0.2952375113964081,0.15629585087299347,0.5896430779723316,0.0,1.0,5.0,0.9872168465517461
01_1-1_1x_256_802,1-1_1x,256,802,798,0.29945965401388175,0.8331475257873535,0.4360943826356011,0.29945965401388175,0.45068684220314026,0.4918303042650223,1.4409771123513129,1.0,8.0,10.0,6.247207880020142
01_1-1_1x_270_158,1-1_1x,270,158,153,0.2627356030075322,0.684611439704895,0.006266034345472355,0.2627356030075322,0.6337382793426514,0.298570454120636,0.7734164642356832,3.0,8.0,9.0,4.019309908151627
01_1-1_1x_270_217,1-1_1x,270,217,214,0.12997961991874257,0.5604128241539001,0.09641096438973104,0.12997961991874257,0.5326879024505615,0.03802698850631714,0.07279483077709495,0.0,1.0,5.0,-1.3789314031600952
01_1-1_1x_270_277,1-1_1x,270,277,272,0.3380354202666356,0.6645543575286865,0.060465933663584846,0.3380354202666356,0.3197573125362396,0.3252469450235367,0.9585612722757721,4.0,,10.0,4.771516680717468
01_1-1_1x_270_298,1-1_1x,270,298,297,0.26661186672737486,0.8634512424468994,0.0020772546504209165,0.26661186672737486,0.6921022534370422,0.27359485626220703,0.4638329984555607,0.0,3.0,9.0,3.3073901534080505
01_1-1_1x_270_347,1-1_1x,270,347,342,0.14543808092291244,0.9322802424430847,0.0071920372344244565,0.14543808092291244,0.32962965965270996,0.19748210906982422,0.26875695527863824,2.0,1.0,6.0,-1.62860506772995
01_1-1_1x_270_390,1-1_1x,270,390,389,0.24467221061741404,0.6955869793891907,0.031199986180240502,0.24467221061741404,0.26359620690345764,0.15480399131774902,0.28625898878553147,0.0,2.0,2.0,1.3224805295467377
01_1-1_1x_270_455,1-1_1x,270,455,451,0.2944952745401639,0.688911497592926,0.03364363472496304,0.2944952745401639,0.16010889410972595,0.1670379340648651,0.32007356903773027,1.0,2.0,5.0,1.702577143907547
01_1-1_1x_270_494,1-1_1x,270,494,490,0.196700263399822,0.8852909803390503,0.003983587427577162,0.196700263399822,0.4333992004394531,0.2126065492630005,0.3160568900381826,2.0,1.0,3.0,0.5944317281246185
01_1-1_1x_270_593,1-1_1x,270,593,596,0.11404019907962254,0.7638039588928223,0.005191430206136702,0.11404019907962254,0.2882644534111023,0.2282114326953888,0.426091518333219,0.0,1.0,5.0,0.18091577291488647
01_1-1_1x_270_650,1-1_1x,270,650,647,0.23536054276012824,0.6784990429878235,0.01203799790809457,0.23536054276012824,0.6102800369262695,0.2582564651966095,0.6145414073795187,0.0,1.0,7.0,2.3693543672561646
01_1-1_1x_270_713,1-1_1x,270,713,717,0.22877385012476187,0.5986760258674622,0.024608520973918826,0.22877385012476187,0.48459386825561523,0.13141149282455444,0.28123575305144605,0.0,1.0,9.0,-0.10559025406837463
01_1-1_1x_270_851,1-1_1x,270,851,848,0.35854692739988975,0.6168551445007324,0.09700249206519286,0.35854692739988975,0.841649979352951,0.32404477894306183,1.106671132785562,1.0,,11.0,5.0725996270775795
01_1-1_1x_277_133,1-1_1x,277,133,128,0.39332454263836986,0.7304103970527649,0.04678220330092542,0.39332454263836986,0.27196362614631653,0.49217431247234344,2.0659100124951895,3.0,,14.0,6.693358615040779
01_1-1_1x_277_210,1-1_1x,277,210,207,0.1432236908390781,0.602484405040741,0.006315181158884014,0.1432236908390781,0.4533027708530426,0.13867129385471344,0.2989809699430742,0.0,4.0,5.0,0.564105823636055
01_1-1_1x_277_256,1-1_1x,277,256,253,0.1006105397365383,0.5408028960227966,0.006549368564604431,0.1006105397365383,0.42929017543792725,0.12776583433151245,0.3093326148707893,0.0,1.0,4.0,0.6459035277366638
01_1-1_1x_277_329,1-1_1x,277,329,326,0.3091478772035525,0.7798811793327332,0.11699994258936904,0.3091478772035525,0.6056098937988281,0.43548908829689026,1.2645153580241957,2.0,19.0,7.0,4.103422358632088
01_1-1_1x_277_362,1-1_1x,277,362,357,0.13659578538608363,0.7515848278999329,0.0056560325542685105,0.13659578538608363,0.4944106936454773,0.19251644611358643,0.3443522337973291,0.0,1.0,5.0,-0.0021008849143981934
01_1-1_1x_277_449,1-1_1x,277,449,444,0.2655747898807617,0.752915620803833,0.003858931599318752,0.2655747898807617,0.42300182580947876,0.24849721789360046,0.49264106237976335,1.0,6.0,11.0,2.182696670293808
01_1-1_1x_277_477,1-1_1x,277,477,472,0.19892523577153776,0.8303958177566528,0.007278407798362296,0.19892523577153776,0.5780470371246338,0.14061221480369568,0.20384974969212968,1.0,1.0,4.0,0.3554753214120865
01_1-1_1x_277_515,1-1_1x,277,515,510,0.140855612444108,0.7973177433013916,0.019774199496588752,0.140855612444108,0.3629002571105957,0.10403242707252502,0.15005716209079778,0.0,5.0,2.0,-0.29502058029174805
01_1-1_1x_277_550,1-1_1x,277,550,555,0.16001167713856634,0.879856288433075,0.008245437486387059,0.16001167713856634,0.3845983147621155,0.23835739493370056,0.3715632206837673,2.0,1.0,7.0,-0.017557770013809204
01_1-1_1x_277_615,1-1_1x,277,615,615,0.20323000591490276,0.8253716230392456,0.011231611363101973,0.20323000591490276,0.6716253757476807,0.24460089206695557,0.4211660109962154,0.0,5.0,12.0,2.4028280377388
01_1-1_1x_277_692,1-1_1x,277,692,690,0.16051622758043335,0.8832203149795532,0.005637389634505779,0.16051622758043335,0.6537238955497742,0.23035413026809692,0.352835137831354,0.0,1.0,6.0,0.8349187672138214
01_1-1_1x_277_749,1-1_1x,277,749,744,0.15584253040329943,0.7598915100097656,0.005238498969872073,0.15584253040329943,0.17703115940093994,0.18952137231826782,0.3322778662384605,0.0,1.0,8.0,0.6764591932296753
01_1-1_1x_277_782,1-1_1x,277,782,777,0.09001181653120975,0.8400644659996033,0.00473748980097264,0.09001181653120975,0.27693116664886475,0.31045296788215637,0.5861900071763739,0.0,1.0,3.0,-0.647125780582428
01_1-1_1x_277_816,1-1_1x,277,816,819,0.09362528381141161,0.5482758283615112,0.023368778913911602,0.09362528381141161,0.23456542193889618,0.09727424383163452,0.21568492698985312,0.0,1.0,8.0,-1.365037389099598
01_1-1_1x_289_111,1-1_1x,289,111,107,0.2566703611418233,0.6513559222221375,0.11354246764018051,0.2566703611418233,0.38921479880809784,0.38538649678230286,1.4489879659851421,3.0,31.0,9.0,3.4523918330669403
01_1-1_1x_289_188,1-1_1x,289,188,184,0.2585753136544622,0.5509167313575745,0.052025525275309896,0.2585753136544622,0.338146835565567,0.21749600768089294,0.652317004421714,2.0,25.0,6.0,1.9374567717313766
01_1-1_1x_289_203,1-1_1x,289,203,201,0.22708584320721778,0.6721721291542053,0.014502112816014785,0.22708584320721778,0.32691144943237305,0.26114803552627563,0.6353594340935984,0.0,10.0,8.0,3.448824256658554
01_1-1_1x_289_256,1-1_1x,289,256,253,0.2638219138303209,0.879911482334137,0.001058820056774673,0.2638219138303209,0.4926445782184601,0.37501534819602966,0.7427574165054895,1.0,2.0,11.0,3.071868985891342
01_1-1_1x_289_296,1-1_1x,289,296,300,0.09834833614238683,0.6971358060836792,0.004529238409776892,0.09834833614238683,0.8495520949363708,0.02893945574760437,0.04330980816200063,0.0,1.0,2.0,-1.466303288936615
01_1-1_1x_289_394,1-1_1x,289,394,390,0.22239942543267785,0.703562319278717,0.012134847832592905,0.22239942543267785,0.489321231842041,0.3281698226928711,0.8742045343941076,1.0,4.0,8.0,2.144753724336624
01_1-1_1x_289_432,1-1_1x,289,432,427,0.15363396972679172,0.6717023253440857,0.0196323707268607,0.15363396972679172,0.37782055139541626,0.14812782406806946,0.282916421076778,0.0,1.0,4.0,0.3779752403497696
01_1-1_1x_289_461,1-1_1x,289,461,456,0.21711814302973853,0.6905044913291931,0.0016812813859784412,0.21711814302973853,0.20961615443229675,0.16250908374786377,0.30778503262423135,0.0,10.0,4.0,2.1637581139802933
01_1-1_1x_289_499,1-1_1x,289,499,496,0.1353425785191087,0.7255803942680359,0.03891651951281111,0.1353425785191087,0.29205769300460815,0.1611398458480835,0.28548594940452965,0.0,1.0,5.0,0.5904184281826019
01_1-1_1x_289_588,1-1_1x,289,588,583,0.08065239456935631,0.583473801612854,0.01845374921202719,0.08065239456935631,0.4561833143234253,0.22904066741466522,0.6462168609963883,1.0,1.0,2.0,-1.1363825798034668
01_1-1_1x_289_638,1-1_1x,289,638,635,0.1371956525672832,0.5388268828392029,0.002509478001814602,0.1371956525672832,0.28685498982667923,0.3415778949856758,1.7317092407050745,1.0,1.0,3.0,1.261208388954401
01_1-1_1x_289_685,1-1_1x,289,685,680,0.23507379799988645,0.5565885305404663,0.021540094952365703,0.23507379799988645,0.2998386472463608,0.2766653001308441,0.9883613436655092,3.0,7.0,10.0,2.8513249084353447
01_1-1_1x_289_783,1-1_1x,289,783,778,0.24347264528429627,0.47543877363204956,0.09165517628102934,0.24347264528429627,0.20780181139707565,0.2849203944206238,1.4955008309431204,3.0,11.0,6.0,2.5208646468818188
01_1-1_1x_289_816,1-1_1x,289,816,811,0.18845832752269703,0.6228564381599426,0.008856437580585354,0.18845832752269703,0.43507251143455505,0.2710261642932892,0.7703321300770448,2.0,6.0,3.0,1.4390912055969238
01_1-1_1x_289_835,1-1_1x,289,835,835,0.1903434939200246,0.5087626576423645,0.007653097307027336,0.1903434939200246,0.43166038393974304,0.11749117076396942,0.30028043111785707,1.0,11.0,5.0,1.7998314052820206
01_1-1_1x_317_88,1-1_1x,317,88,84,0.08984284797469624,0.6903058886528015,0.0005729081102109164,0.08984284797469624,0.3534643054008484,0.17863774299621582,0.3491281302395389,1.0,1.0,2.0,-0.8879238814115524
01_1-1_1x_317_166,1-1_1x,317,166,161,0.32772845547742374,0.8643888235092163,0.0926403043094485,0.32772845547742374,0.2512737512588501,0.43561385571956635,1.0159498301992094,3.0,31.0,14.0,4.986964732408524
01_1-1_1x_317_202,1-1_1x,317,202,198,0.210181477909487,0.9256138205528259,0.013011377098553293,0.210181477909487,0.5862280428409576,0.18271362781524658,0.24594639980095953,0.0,5.0,4.0,-0.24559667706489563
01_1-1_1x_317_229,1-1_1x,317,229,226,0.12920731466204954,0.8455294370651245,0.013193680783978005,0.12920731466204954,0.5504703521728516,0.10458245873451233,0.14114702103265397,0.0,1.0,3.0,-1.32403963804245
01_1-1_1x_317_242,1-1_1x,317,242,247,0.12903007108366527,0.8311474919319153,0.016597265163068083,0.12903007108366527,0.8863286674022675,0.132343590259552,0.18938587770164136,0.0,1.0,3.0,-0.2815675139427185
01_1-1_1x_317_309,1-1_1x,317,309,314,0.10349490086511329,0.5759242177009583,0.0028265564104091464,0.10349490086511329,0.5990171730518341,0.06979042291641235,0.13788927677931714,0.0,1.0,1.0,0.17483623325824738
01_1-1_1x_317_383,1-1_1x,317,383,382,0.15162199285867567,0.42104488611221313,0.016501416933266327,0.15162199285867567,0.37226181477308273,0.1190517246723175,0.394219935659079,0.0,1.0,4.0,0.40106862038373947
01_1-1_1x_317_425,1-1_1x,317,425,421,0.15959485589614816,0.6908294558525085,0.002026365676831252,0.15959485589614816,0.49663592875003815,0.36701372265815735,1.1334029975556472,0.0,6.0,2.0,0.5383041724562645
01_1-1_1x_317_443,1-1_1x,317,443,438,0.14584992953529494,0.4703370928764343,0.011356002318875404,0.14584992953529494,0.39266735315322876,0.11595512926578522,0.3272038116284674,0.0,4.0,6.0,1.141064926981926
01_1-1_1x_317_464,1-1_1x,317,464,459,0.15306328270696762,0.6093915700912476,0.003730490708180513,0.15306328270696762,0.1827097237110138,0.21903926134109497,0.5611322296066972,0.0,4.0,5.0,1.2179309725761414
01_1-1_1x_317_518,1-1_1x,317,518,515,0.14864863635812475,0.6059913635253906,0.0007988766730125848,0.14864863635812475,0.32440343499183655,0.20930825173854828,0.5276459862274653,0.0,6.0,9.0,0.616282656788826
01_1-1_1x_317_543,1-1_1x,317,543,538,0.24173295535068923,0.7614948153495789,0.005449205133226957,0.24173295535068923,0.472866028547287,0.3284963220357895,0.7586546537882102,1.0,16.0,9.0,2.5018457621335983
01_1-1_1x_317_569,1-1_1x,317,569,573,0.12072951095341654,0.6816462874412537,0.003783360028128249,0.12072951095341654,0.33104366064071655,0.11126160621643066,0.19506415561075657,0.0,1.0,5.0,-1.0094002187252045
01_1-1_1x_317_594,1-1_1x,317,594,599,0.08669303987168575,0.6498820185661316,0.012026805001612339,0.08669303987168575,0.42813700437545776,0.1116187572479248,0.20736833677738,2.0,1.0,4.0,-1.1000938415527344
01_1-1_1x_317_637,1-1_1x,317,637,632,0.37439997009181253,0.7038910388946533,0.021814762523567535,0.37439997009181253,0.5336496382951736,0.26829415559768677,0.615923037756857,0.0,19.0,12.0,3.923908196389675
01_1-1_1x_317_662,1-1_1x,317,662,659,0.15309299577193772,0.8092129826545715,0.04270628035726754,0.15309299577193772,0.57208251953125,0.10782304406166077,0.15372767433472073,0.0,1.0,4.0,-0.9223425984382629
01_1-1_1x_317_710,1-1_1x,317,710,706,0.22864991644817428,0.9139360785484314,0.003071174314991695,0.22864991644817428,0.5189977288246155,0.3315953314304352,0.5694180478894877,1.0,6.0,10.0,2.919671654701233
01_1-1_1x_317_741,1-1_1x,317,741,736,0.18574230881646242,0.8617626428604126,0.031027245940870977,0.18574230881646242,0.510994017124176,0.1548749804496765,0.21909419089519577,0.0,3.0,6.0,-0.32912638783454895
01_1-1_1x_317_780,1-1_1x,317,780,781,0.11331550649393363,0.7134844064712524,0.011131872516468005,0.11331550649393363,0.19020026922225952,0.0354694128036499,0.05231361125479596,0.0,1.0,2.0,-1.1899941265583038
01_1-1_1x_317_808,1-1_1x,317,808,813,0.1971786250498494,0.7433833479881287,0.024019364061052262,0.1971786250498494,0.4130011796951294,0.1665458083152771,0.2887222083530349,1.0,1.0,5.0,-0.692025363445282
01_1-1_1x_318_87,1-1_1x,318,87,82,0.18211080926918854,0.7394450306892395,0.0014578989650848838,0.18211080926918854,0.348766952753067,0.38669873774051666,1.0962517408984631,0.0,3.0,3.0,1.5354054123163223
01_1-1_1x_318_115,1-1_1x,318,115,112,0.1344610280132535,0.633807897567749,0.030896019142424406,0.1344610280132535,0.5598617643117905,0.17529526352882385,0.38231283178544273,0.0,4.0,3.0,-1.503008283674717
01_1-1_1x_318_167,1-1_1x,318,167,162,0.33329490196182304,0.688895583152771,0.05569861253879297,0.33329490196182304,0.2887805104255676,0.29553166031837463,0.7512932507610555,2.0,2.0,10.0,3.576130896806717
01_1-1_1x_318_214,1-1_1x,318,214,210,0.1727781909555853,0.8006021976470947,0.01402397472105867,0.1727781909555853,0.3987281918525696,0.1666407585144043,0.26285630044373376,0.0,1.0,2.0,1.347375899553299
01_1-1_1x_318_256,1-1_1x,318,256,252,0.16631482933651098,0.6896135210990906,0.014839201938360814,0.16631482933651098,0.33711403608322144,0.14227932691574097,0.2599496403253755,1.0,1.0,3.0,1.2043317258358002
01_1-1_1x_318_296,1-1_1x,318,296,291,0.15777073620257348,0.5927642583847046,0.009818122614587203,0.15777073620257348,0.3009854853153229,0.12608103454113007,0.2701640601149841,1.0,2.0,2.0,-0.050353601574897766
01_1-1_1x_318_340,1-1_1x,318,340,338,0.12136676610842345,0.5018410682678223,0.08407751316985404,0.12136676610842345,0.5600222796201706,0.11872470378875732,0.30989201923073934,0.0,1.0,1.0,-1.7446665093302727
01_1-1_1x_318_379,1-1_1x,318,379,376,0.1997823311727734,0.5400493144989014,0.0033756237011638153,0.1997823311727734,0.47814856469631195,0.22747085988521576,0.7277240530424467,0.0,2.0,3.0,0.49108438938856125
01_1-1_1x_318_418,1-1_1x,318,418,413,0.13819610510282188,0.6513929963111877,0.028092018152293213,0.13819610510282188,0.2718617022037506,0.223120778799057,0.5209788766947908,0.0,4.0,4.0,-0.34754278510808945
01_1-1_1x_318_432,1-1_1x,318,432,431,0.1637445714634454,0.6510595679283142,0.036808172312735005,0.1637445714634454,0.5996745675802231,0.2269521951675415,0.5351290964129477,0.0,2.0,7.0,0.49614740908145905
01_1-1_1x_318_483,1-1_1x,318,483,479,0.09869763482769625,0.5051369667053223,0.02460322051747884,0.09869763482769625,0.535405345261097,0.1710401475429535,0.5119478478477496,0.0,1.0,7.0,-0.3253159187734127
01_1-1_1x_318_512,1-1_1x,318,512,507,0.1252930187580968,0.4544253349304199,0.008386857684059116,0.1252930187580968,0.26921261847019196,0.1604814976453781,0.5459597286598554,0.0,3.0,5.0,1.034062072634697
01_1-1_1x_318_547,1-1_1x,318,547,542,0.13527835405635869,0.41201135516166687,0.0022414531394797698,0.13527835405635869,0.16019830107688904,0.11947114765644073,0.4083922298247034,3.0,5.0,7.0,1.2142937034368515
01_1-1_1x_318_636,1-1_1x,318,636,632,0.3528134117259297,0.9597694873809814,0.060105921499237665,0.3528134117259297,0.7726396918296814,0.6918507665395737,2.5823158768703918,0.0,,14.0,6.9764739237725735
01_1-1_1x_318_672,1-1_1x,318,672,669,0.17475385738715457,0.7006849646568298,0.0017681296919218605,0.17475385738715457,0.3952805995941162,0.07311534881591797,0.11650555885811499,0.0,1.0,4.0,-0.4298591613769531
01_1-1_1x_318_721,1-1_1x,318,721,716,0.16082900511594891,0.8103889226913452,0.005645873145469537,0.16082900511594891,0.6050949692726135,0.22343915700912476,0.3806785010799316,2.0,2.0,5.0,1.1788514256477356
01_1-1_1x_318_758,1-1_1x,318,758,753,0.09978072446612452,0.689943790435791,0.0016911440186388345,0.09978072446612452,0.4073807895183563,0.10870087146759033,0.1870145302768622,0.0,1.0,2.0,-1.8869146555662155
01_1-1_1x_318_804,1-1_1x,318,804,802,0.12616739510947914,0.5517973899841309,0.007325093625761634,0.12616739510947914,0.4866887480020523,0.12270575761795044,0.28596632598333954,1.0,1.0,5.0,-0.5309338420629501
01_1-1_1x_345_123,1-1_1x,345,123,122,0.24062582054000328,0.6389598846435547,0.00442909091995847,0.24062582054000328,0.37090975046157837,0.12979349493980408,0.2549137130110299,0.0,22.0,4.0,1.905162826180458
01_1-1_1x_345_182,1-1_1x,345,182,181,0.15459918069851875,0.8640075922012329,0.005313908373321471,0.15459918069851875,0.3061412572860718,0.19427868723869324,0.2900855641725064,0.0,1.0,6.0,0.7691843211650848
01_1-1_1x_345_213,1-1_1x,345,213,209,0.12730383330167763,0.7675673365592957,0.02982864903752042,0.12730383330167763,0.208656907081604,0.12435373663902283,0.19333194549125926,0.0,9.0,8.0,0.9796373844146729
01_1-1_1x_345_536,1-1_1x,345,536,533,0.12139156758574766,0.24906036257743835,0.005085730579172558,0.12139156758574766,0.12161625176668167,0.10209138691425323,0.6946458356505136,4.0,3.0,7.0,1.4858870953321457
01_1-1_1x_345_769,1-1_1x,345,769,764,0.39137375791608564,0.4988338053226471,0.847307049745332,0.39137375791608564,0.21622833609580994,0.3509097471833229,2.3722290450740204,6.0,,14.0,7.116229921579361
01_1-1_1x_354_136,1-1_1x,354,136,138,0.1289473851488168,0.6159623861312866,0.015043020963920167,0.1289473851488168,0.3036033511161804,0.056210726499557495,0.10042083043851904,0.0,1.0,2.0,-0.7229029536247253
01_1-1_1x_354_180,1-1_1x,354,180,176,0.28435181631547896,0.666672945022583,0.02318307933270268,0.28435181631547896,0.4460296630859375,0.2517877519130707,0.6068853651439164,1.0,18.0,3.0,3.3331541419029236
01_1-1_1x_354_247,1-1_1x,354,247,244,0.26829762647889394,0.6137608885765076,0.05226804651584425,0.26829762647889394,0.5315851271152496,0.16026923060417175,0.3534116400746419,0.0,10.0,11.0,1.6425579935312271
01_1-1_1x_354_308,1-1_1x,354,308,303,0.17660587209487544,0.698062539100647,0.012994661933170466,0.17660587209487544,0.38754963874816895,0.2152806669473648,0.4459170473555264,1.0,1.0,3.0,0.5276142358779907
01_1-1_1x_354_351,1-1_1x,354,351,346,0.26021932821466354,0.711319625377655,0.017395079730159278,0.26021932821466354,0.3864156901836395,0.29193416237831116,0.6960998607115952,2.0,1.0,11.0,1.9773900359869003
01_1-1_1x_354_406,1-1_1x,354,406,406,0.1461808819138832,0.7682836651802063,0.00023863918055825017,0.1461808819138832,0.4167823791503906,0.16127383708953857,0.2656857098950455,0.0,1.0,8.0,1.1440233141183853
01_1-1_1x_354_444,1-1_1x,354,444,441,0.16487654344235855,0.7328212261199951,0.012377522436396764,0.16487654344235855,0.4020036458969116,0.13314291834831238,0.22202390285393525,0.0,1.0,3.0,-0.05489811301231384
01_1-1_1x_354_482,1-1_1x,354,482,479,0.2228846737700192,0.8227037787437439,0.009656840190595735,0.2228846737700192,0.4031222462654114,0.23529228568077087,0.4005578516243749,0.0,1.0,5.0,0.9645935297012329
01_1-1_1x_354_609,1-1_1x,354,609,605,0.07340549292360375,0.5644999146461487,0.019488673442824726,0.07340549292360375,0.49520398676395416,0.23411250114440918,0.7085999392745528,1.0,2.0,6.0,-0.23496761173009872
01_1-1_1x_354_653,1-1_1x,354,653,648,0.20730357703433155,0.5571139454841614,0.06132929060586727,0.20730357703433155,0.34881410002708435,0.27852481603622437,0.9997691460114037,3.0,8.0,5.0,2.4558930546045303
01_1-1_1x_354_716,1-1_1x,354,716,713,0.2927011068842854,0.620982825756073,0.14397787708421228,0.2927011068842854,0.3017630949616432,0.36099936068058014,1.3885473854106634,1.0,38.0,12.0,2.586593382060528
01_1-1_1x_354_830,1-1_1x,354,830,827,0.29634542667361563,0.45472919940948486,0.051344046991946106,0.29634542667361563,0.3245866224169731,0.2703586295247078,1.4663871229213492,1.0,,7.0,4.0360423643141985
01_1-1_1x_357_77,1-1_1x,357,77,73,0.2785439082132968,0.6728115677833557,0.0007225613522523848,0.2785439082132968,0.18446457386016846,0.3558284044265747,1.122546701403416,2.0,11.0,7.0,2.896249935030937
01_1-1_1x_357_158,1-1_1x,357,158,162,0.10532252053467452,0.5142107605934143,0.003908219139895964,0.10532252053467452,0.3342723548412323,0.13530538976192474,0.35709546545883897,0.0,1.0,7.0,-0.024241536855697632
01_1-1_1x_357_246,1-1_1x,357,246,250,0.1087124544278335,0.47359219193458557,0.002228920786215003,0.1087124544278335,0.28178219497203827,0.14427876472473145,0.4381198967413806,0.0,1.0,5.0,0.11227919161319733
01_1-1_1x_357_279,1-1_1x,357,279,275,0.3817909283477464,0.7832627892494202,0.04627166637188183,0.3817909283477464,0.25524166226387024,0.4217090457677841,1.1663799735742564,2.0,,14.0,5.629903048276901
01_1-1_1x_357_310,1-1_1x,357,310,306,0.2516978256180362,0.8974388241767883,0.020474942268441213,0.2516978256180362,0.6625832617282867,0.17723804712295532,0.24609532892757108,0.0,9.0,9.0,1.037644386291504
01_1-1_1x_357_363,1-1_1x,357,363,358,0.21286340745687715,0.8525412082672119,0.00013479197522726306,0.21286340745687715,0.360085129737854,0.19056648015975952,0.2878757633309932,0.0,5.0,5.0,1.0686492323875427
01_1-1_1x_357_432,1-1_1x,357,432,429,0.09487348651474213,0.640142560005188,0.007271340762084657,0.09487348651474213,0.44074735045433044,0.08391118049621582,0.15085661037370926,0.0,3.0,1.0,-0.9474385529756546
01_1-1_1x_357_506,1-1_1x,357,506,503,0.3510467096077464,0.6120256781578064,0.0019978173425642134,0.3510467096077464,0.2660393714904785,0.2363225370645523,0.6290140039204362,0.0,22.0,9.0,3.5562078058719635
01_1-1_1x_357_585,1-1_1x,357,585,582,0.2132724455652344,0.5513159036636353,0.011423670012596778,0.2132724455652344,0.24562352895736694,0.13232682645320892,0.315824048049709,0.0,14.0,4.0,1.863460659980774
01_1-1_1x_357_724,1-1_1x,357,724,719,0.07948728002331848,0.433107852935791,0.006969854008137097,0.07948728002331848,0.3494488596916199,0.12268279492855072,0.39520905856024446,0.0,2.0,4.0,-0.0008040070533752441
01_1-1_1x_369_133,1-1_1x,369,133,133,0.13486618885244034,0.37714484333992004,0.0003718929399280265,0.13486618885244034,0.11464396119117737,0.16451441496610641,0.7737105936544644,0.0,6.0,12.0,1.4409134313464165
01_1-1_1x_369_415,1-1_1x,369,415,410,0.46969830148243186,0.7298098206520081,0.1343739568718025,0.46969830148243186,0.23686827719211578,0.5300302132964134,2.6530746571795705,3.0,,16.0,9.315958447754383
01_1-1_1x_369_550,1-1_1x,369,550,548,0.11427269598217034,0.5736197829246521,0.008346749433794067,0.11427269598217034,0.2881132662296295,0.05868920683860779,0.11397498918145596,0.0,4.0,3.0,-0.6670169532299042
01_1-1_1x_369_602,1-1_1x,369,602,603,0.06957652588898805,0.5332485437393188,0.0034624045740371742,0.06957652588898805,0.40890660881996155,0.15948279201984406,0.4266918284678524,0.0,1.0,3.0,-0.37280865013599396
01_1-1_1x_369_686,1-1_1x,369,686,682,0.40853519942763694,0.7291710376739502,0.007223313964780668,0.40853519942763694,0.35156574845314026,0.46712227165699005,1.7825776429214601,3.0,,16.0,7.3733067363500595
01_1-1_1x_369_840,1-1_1x,369,840,835,0.3383251762342343,0.8276166319847107,0.009020900378075363,0.3383251762342343,0.24051988124847412,0.41466863453388214,1.0041667161329642,3.0,,15.0,5.143341600894928
01_1-1_1x_375_76,1-1_1x,375,76,72,0.09135542529441144,0.6665099263191223,0.0017265037486253055,0.09135542529441144,0.2969551682472229,0.03313899040222168,0.05232161522259931,1.0,1.0,1.0,-1.0714788436889648
01_1-1_1x_375_147,1-1_1x,375,147,144,0.08066100715046197,0.488776296377182,0.03953356615953567,0.08066100715046197,0.40973177552223206,0.11303472518920898,0.30083103349951357,0.0,1.0,5.0,-0.6462967544794083
01_1-1_1x_375_224,1-1_1x,375,224,220,0.136522404753224,0.4151570796966553,0.014689922115313886,0.136522404753224,0.4401952624320984,0.1594104990363121,0.6233142927061264,0.0,11.0,11.0,1.876308262348175
01_1-1_1x_375_302,1-1_1x,375,302,297,0.09994581592810159,0.5503649115562439,0.003872342440072439,0.09994581592810159,0.6318559050559998,0.29053010046482086,1.1181338606804216,0.0,4.0,6.0,1.7560424506664276
01_1-1_1x_375_370,1-1_1x,375,370,368,0.07148401146905423,0.3966330885887146,0.006080083001050118,0.07148401146905423,0.3417827785015106,0.1414499431848526,0.5543075462957745,0.0,2.0,2.0,0.5711619704961777
01_1-1_1x_375_445,1-1_1x,375,445,446,0.11433478276074711,0.4152374863624573,0.004932134967757075,0.11433478276074711,0.358647957444191,0.13975518941879272,0.5073109632426664,0.0,2.0,6.0,0.6512241065502167
01_1-1_1x_375_533,1-1_1x,375,533,536,0.11842344940974471,0.3734130263328552,0.007878217729593745,0.11842344940974471,0.39224787801504135,0.16361447423696518,0.7798646492192374,1.0,1.0,6.0,1.3459464982151985
01_1-1_1x_375_576,1-1_1x,375,576,571,0.1411449542618833,0.4567534625530243,0.00932303041968007,0.1411449542618833,0.22730115056037903,0.18857622146606445,0.7031775727937937,0.0,2.0,2.0,0.6845328286290169
01_1-1_1x_375_665,1-1_1x,375,665,660,0.30808503061026715,0.7641904354095459,0.0919909215835455,0.30808503061026715,0.27212342619895935,0.4583601802587509,1.4987404697182376,0.0,15.0,12.0,4.831655815243721
01_1-1_1x_375_737,1-1_1x,375,737,732,0.0801220101190176,0.5187876224517822,0.03849126227341464,0.0801220101190176,0.5485925078392029,0.043402835726737976,0.09130043059590284,0.0,2.0,2.0,-1.1863956600427628
01_1-1_1x_375_759,1-1_1x,375,759,755,0.1494766565913815,0.5341513752937317,0.02288063746294934,0.1494766565913815,0.5329502373933792,0.10364991426467896,0.24076553426071662,0.0,2.0,6.0,-0.4130980521440506
01_1-1_1x_375_799,1-1_1x,375,799,795,0.1380037538844894,0.568842887878418,0.004853310413592338,0.1380037538844894,0.41098618507385254,0.15369495749473572,0.37021732795991513,1.0,3.0,11.0,0.9932282716035843
01_1-1_1x_375_830,1-1_1x,375,830,827,0.2634554631269142,0.6594438552856445,0.04748410983322021,0.2634554631269142,0.3351688086986542,0.222120463848114,0.5079089483825217,0.0,1.0,7.0,1.8857872486114502
01_1-1_1x_386_74,1-1_1x,386,74,78,0.1300609684626346,0.6940769553184509,0.03254983217871813,0.1300609684626346,0.5768570154905319,0.17933407425880432,0.3483954433515006,0.0,2.0,5.0,-0.6620952561497688
01_1-1_1x_386_131,1-1_1x,386,131,127,0.20927582064473046,0.6455978751182556,0.04840388763738673,0.20927582064473046,0.933241680264473,0.24324406683444977,0.6045526644123974,0.0,1.0,6.0,2.4933992698788643
01_1-1_1x_386_171,1-1_1x,386,171,167,0.16654687814417035,0.7349934577941895,0.004484308491943732,0.16654687814417035,0.49401068687438965,0.2139321267604828,0.41056995408980723,0.0,1.0,11.0,1.9153923243284225
01_1-1_1x_386_183,1-1_1x,386,183,188,0.161622999354991,0.8006275296211243,0.012419688397790894,0.161622999354991,0.6102985739707947,0.18520432710647583,0.30093816149557273,0.0,1.0,7.0,0.11994758248329163
01_1-1_1x_386_258,1-1_1x,386,258,253,0.13578860921855157,0.7447774410247803,0.02558542603137281,0.13578860921855157,0.8138539791107178,0.30779309570789337,0.7043572590333683,0.0,6.0,4.0,1.291007786989212
01_1-1_1x_386_278,1-1_1x,386,278,273,0.23355935113420231,0.8989026546478271,0.03623875924348943,0.23355935113420231,0.39959943294525146,0.4252288341522217,0.897725007701089,2.0,2.0,8.0,2.261767163872719
01_1-1_1x_386_314,1-1_1x,386,314,309,0.14135142840076698,1.0,0.014860906160693977,0.14135142840076698,0.7878035008907318,0.5162978619337082,1.0673880086569911,0.0,1.0,5.0,0.5999959260225296
01_1-1_1x_386_372,1-1_1x,386,372,377,0.1265534816003102,0.6569404602050781,0.007459178575118587,0.1265534816003102,0.26342546939849854,0.24399960041046143,0.5908826763518119,0.0,2.0,8.0,0.6859919726848602
01_1-1_1x_386_455,1-1_1x,386,455,452,0.11948320279274957,0.5331510305404663,0.007404565185116309,0.11948320279274957,0.9113709330558777,0.1524534821510315,0.40045827139154333,0.0,5.0,11.0,-0.6401895061135292
01_1-1_1x_386_518,1-1_1x,386,518,521,0.10153889694302086,0.4800534248352051,0.004967734498542369,0.10153889694302086,0.6537096351385117,0.2159433364868164,0.8176262324442704,0.0,1.0,7.0,0.9266899488866329
01_1-1_1x_386_594,1-1_1x,386,594,589,0.26816358559152687,0.6173684597015381,0.021777708952208413,0.26816358559152687,0.5951782166957855,0.3284151703119278,1.1365683740983792,1.0,13.0,9.0,4.139949440956116
01_1-1_1x_386_669,1-1_1x,386,669,665,0.23032697753827058,0.674206554889679,0.011250793545906078,0.23032697753827058,0.8885480165481567,0.311979204416275,0.861280088343803,0.0,1.0,12.0,2.9181836992502213
01_1-1_1x_386_718,1-1_1x,386,718,713,0.13318205582595788,0.7530534863471985,0.0013729731002095227,0.13318205582595788,0.48080524802207947,0.321233794093132,0.7439072368754552,0.0,2.0,5.0,1.76714988052845
01_1-1_1x_386_783,1-1_1x,386,783,787,0.2016689862018515,0.5982621312141418,0.02158727489076094,0.2016689862018515,0.7024349067360163,0.1860547512769699,0.4513620093491002,0.0,1.0,5.0,0.4543109443038702
01_1-1_1x_386_842,1-1_1x,386,842,846,0.19004768789352894,0.6891138553619385,0.004367682843385809,0.19004768789352894,0.6523691713809967,0.2857518792152405,0.7084254245901351,1.0,2.0,7.0,2.8662399649620056
01_1-1_1x_399_90,1-1_1x,399,90,87,0.3584279076044713,0.621100127696991,0.0320970351203728,0.3584279076044713,0.35686177015304565,0.24378599226474762,0.6461088238463989,2.0,,11.0,4.159731090068817
01_1-1_1x_399_168,1-1_1x,399,168,165,0.21022592085249786,0.8085472583770752,0.004720037869313837,0.21022592085249786,0.2571927309036255,0.1578555703163147,0.2425965679487432,4.0,1.0,2.0,1.5444033443927765
01_1-1_1x_399_247,1-1_1x,399,247,242,0.2659082896173871,0.7483413815498352,0.0034473066161311537,0.2659082896173871,0.41687464714050293,0.1564178466796875,0.264253467661159,3.0,7.0,7.0,1.0917479395866394
01_1-1_1x_399_474,1-1_1x,399,474,470,0.06162616669947323,0.351691871881485,0.00035192153353916656,0.06162616669947323,0.24315601587295532,0.04805810749530792,0.1582765592372828,1.0,1.0,2.0,-0.3994956761598587
01_1-1_1x_399_751,1-1_1x,399,751,751,0.07864374973773718,0.32371506094932556,0.000864636179114982,0.07864374973773718,0.11113448441028595,0.15320409089326859,0.898499907911505,1.0,2.0,4.0,0.7323445305228233
01_1-1_1x_399_800,1-1_1x,399,800,796,0.40511467340731455,0.5590304136276245,0.18597547623323876,0.40511467340731455,0.5715393126010895,0.3148404434323311,1.289325860437815,2.0,,14.0,6.18647950142622
01_1-1_1x_399_821,1-1_1x,399,821,817,0.2441793960879985,0.9746444821357727,0.00369298989034516,0.2441793960879985,0.23625850677490234,0.36909571290016174,0.609522686944066,1.0,14.0,9.0,3.797598421573639
01_1-1_1x_409_69,1-1_1x,409,69,65,0.08442413975145685,0.5079842209815979,0.003935172459573604,0.08442413975145685,0.5447341203689575,0.10096052289009094,0.24804581001913314,0.0,2.0,1.0,-1.776441678404808
01_1-1_1x_409_114,1-1_1x,409,114,109,0.3295967167963778,0.7504138946533203,0.016108444584959903,0.3295967167963778,0.6512500941753387,0.4386368691921234,1.4068928540942642,2.0,,14.0,6.584255084395409
01_1-1_1x_409_135,1-1_1x,409,135,136,0.1303952152870476,0.6388738751411438,0.04354878118392181,0.1303952152870476,0.46367865800857544,-0.0006734132766723633,-0.0010529530636246283,0.0,0.0,8.0,-0.1632285714149475
01_1-1_1x_409_216,1-1_1x,409,216,212,0.07598287368778649,0.5435632467269897,0.00028999840052782274,0.07598287368778649,0.34980309009552,0.1116802841424942,0.2585892332361793,0.0,5.0,5.0,-0.34121352434158325
01_1-1_1x_409_267,1-1_1x,409,267,263,0.11729921133655959,0.6175076365470886,0.012040178476723723,0.11729921133655959,0.40453073382377625,0.24832235276699066,0.6726225656245327,1.0,1.0,7.0,1.3426134288311005
01_1-1_1x_409_342,1-1_1x,409,342,339,0.07821969031244158,0.47763562202453613,0.007581310426730428,0.07821969031244158,0.4699195921421051,0.1960153877735138,0.6960273585980877,0.0,1.0,9.0,1.2343029081821442
01_1-1_1x_409_385,1-1_1x,409,385,382,0.15402238974309032,0.5681278109550476,0.005030751267308168,0.15402238974309032,0.5398726463317871,0.3074992001056671,1.1798366998294503,0.0,3.0,7.0,2.060138091444969
01_1-1_1x_409_433,1-1_1x,409,433,432,0.11397905346418058,0.43060845136642456,0.005995366285620345,0.11397905346418058,0.16877338290214539,0.14956846833229065,0.5321964039334741,0.0,5.0,8.0,1.0793964862823486
01_1-1_1x_409_484,1-1_1x,409,484,483,0.12701408262193675,0.47837382555007935,0.0070614333851371424,0.12701408262193675,0.39600101113319397,0.24649173021316528,1.063004583665781,0.0,6.0,8.0,2.369403213262558
01_1-1_1x_409_543,1-1_1x,409,543,540,0.18845772220211376,0.4332694113254547,0.0007790461426922127,0.18845772220211376,0.39096224308013916,0.139569491147995,0.47521119877616635,2.0,5.0,3.0,2.756952352821827
01_1-1_1x_409_641,1-1_1x,409,641,636,0.3576479376974988,0.8332507610321045,0.07272968750977635,0.3576479376974988,0.31772083044052124,0.48873360455036163,1.4186045465525643,1.0,,16.0,6.848103903234005
01_1-1_1x_409_722,1-1_1x,409,722,717,0.12222452801278562,0.6377284526824951,0.0062669690588074015,0.12222452801278562,0.5648955702781677,0.1221005916595459,0.23679983354140657,0.0,4.0,7.0,-0.687201976776123
01_1-1_1x_409_799,1-1_1x,409,799,795,0.12008457817413896,0.596997082233429,0.03990399642229547,0.12008457817413896,0.2840861678123474,0.2608186602592468,0.775834031011298,0.0,6.0,4.0,0.5036441013216972
01_1-1_1x_450_56,1-1_1x,450,56,51,0.09487065364853503,0.4482617676258087,0.003541944344157354,0.09487065364853503,0.49988216161727905,0.10208834707736969,0.2949052151827028,2.0,1.0,1.0,0.20262958854436874
01_1-1_1x_450_79,1-1_1x,450,79,79,0.20172503498546546,0.6247434616088867,0.007542177284347666,0.20172503498546546,0.5246089771389961,0.2661371976137161,0.7421431925051377,0.0,1.0,2.0,0.5653739348053932
01_1-1_1x_450_117,1-1_1x,450,117,116,0.13293468657265245,0.4980003833770752,0.003646285631649795,0.13293468657265245,0.2835877537727356,0.10523439943790436,0.26793155146093917,0.0,4.0,5.0,0.7297400385141373
01_1-1_1x_450_151,1-1_1x,450,151,147,0.17567370952452804,0.5847398638725281,0.008759832077831702,0.17567370952452804,0.3631199300289154,0.22235766053199768,0.6135998359804891,1.0,2.0,10.0,1.4754763692617416
01_1-1_1x_450_238,1-1_1x,450,238,233,0.22283715302584234,0.6839816570281982,0.01120747505449647,0.22283715302584234,0.3551049828529358,0.3004930317401886,0.7835774307895331,0.0,1.0,7.0,1.6092910319566727
01_1-1_1x_450_257,1-1_1x,450,257,252,0.29533371594386826,0.9476602673530579,0.2821019812423869,0.29533371594386826,0.5100458860397339,0.5039697289466858,1.1358586341661057,3.0,41.0,11.0,6.524067744612694
01_1-1_1x_450_273,1-1_1x,450,273,275,0.16101148328957232,0.8819962739944458,0.044189284357866544,0.16101148328957232,0.6391363143920898,0.17799729108810425,0.25283742648785135,1.0,1.0,9.0,1.1370538473129272
01_1-1_1x_450_348,1-1_1x,450,348,349,0.1579302764070512,0.8160486817359924,0.003927216202394715,0.1579302764070512,0.6022712886333466,0.27683955430984497,0.5134177821345618,1.0,1.0,5.0,-0.2154492884874344
01_1-1_1x_450_362,1-1_1x,450,362,365,0.2086465448109638,0.8786208033561707,0.0009096048295504476,0.2086465448109638,0.3740577697753906,0.3522084653377533,0.6690733478314308,0.0,1.0,8.0,1.1788251101970673
01_1-1_1x_450_398,1-1_1x,450,398,394,0.20469636247856737,0.7233819365501404,0.0777316903105883,0.20469636247856737,0.32747477293014526,0.22380250692367554,0.44798182961819005,0.0,2.0,4.0,0.9264866560697556
01_1-1_1x_450_442,1-1_1x,450,442,439,0.172455117794249,0.6095242500305176,0.006044676857748123,0.172455117794249,0.17894509434700012,0.1393011510372162,0.2962448066363507,0.0,5.0,4.0,1.2971525490283966
01_1-1_1x_450_475,1-1_1x,450,475,473,0.12536107060491425,0.5146298408508301,0.05065763271998207,0.12536107060491425,0.41440337896347046,0.04486630856990814,0.09550828339539513,0.0,2.0,2.0,-1.0663204938173294
01_1-1_1x_450_568,1-1_1x,450,568,563,0.17900639879304345,0.5633267760276794,0.020176612497187694,0.17900639879304345,0.7074059695005417,0.206293523311615,0.5777991874489985,0.0,2.0,2.0,0.5124019309878349
01_1-1_1x_450_602,1-1_1x,450,602,601,0.37658689518649757,0.5828586220741272,0.1529940942918548,0.37658689518649757,0.5786442160606384,0.2541288286447525,0.7730629645510069,0.0,22.0,8.0,4.087003290653229
01_1-1_1x_450_648,1-1_1x,450,648,646,0.1488246630128035,0.8701969981193542,0.02883017645804308,0.1488246630128035,0.4520423412322998,0.25388121604919434,0.41193366036551227,0.0,1.0,7.0,-0.010305851697921753
01_1-1_1x_450_682,1-1_1x,450,682,679,0.20553583960689353,0.6912301182746887,0.02513769840558996,0.20553583960689353,0.26876991987228394,0.16271182894706726,0.3078641406223964,1.0,1.0,3.0,-0.21960125863552094
01_1-1_1x_450_800,1-1_1x,450,800,795,0.16288571557197765,0.6530721783638,0.0007162131471011191,0.16288571557197765,0.5445787906646729,0.28776270151138306,0.787723067002824,0.0,4.0,6.0,1.6473643779754639
01_1-1_1x_450_837,1-1_1x,450,837,841,0.09351645699558006,0.5761748552322388,0.022927651490668954,0.09351645699558006,0.4935642182826996,0.15017619729042053,0.35252739531149224,1.0,1.0,1.0,-0.1871652454137802
01_1-1_1x_462_102,1-1_1x,462,102,103,0.16843617709244393,0.5721768736839294,0.003799449524592957,0.16843617709244393,0.5627597272396088,0.07418197393417358,0.1489613125986838,1.0,2.0,5.0,0.30593208968639374
01_1-1_1x_462_136,1-1_1x,462,136,132,0.25837529951441385,0.7636047601699829,0.007390195663240004,0.25837529951441385,0.5239451825618744,0.24713566899299622,0.47851008553057106,1.0,2.0,5.0,1.512797087430954
01_1-1_1x_462_173,1-1_1x,462,173,168,0.275009474247314,0.8538750410079956,0.006202851942772023,0.275009474247314,0.41360563039779663,0.23646482825279236,0.38299468225114736,0.0,19.0,7.0,2.7762571275234222
01_1-1_1x_462_199,1-1_1x,462,199,194,0.13696204718889857,0.879378616809845,0.016966673765395335,0.13696204718889857,0.26825177669525146,0.16505980491638184,0.2310730197330987,0.0,2.0,7.0,0.3567197918891907
01_1-1_1x_462_258,1-1_1x,462,258,261,0.18443727090815548,0.7681756615638733,0.008064261454731169,0.18443727090815548,0.20758464932441711,0.23749887943267822,0.4475396087216856,0.0,1.0,6.0,-0.6760828644037247
01_1-1_1x_462_369,1-1_1x,462,369,365,0.36014583586582816,0.5334916114807129,0.11071091698690196,0.36014583586582816,0.3030422031879425,0.3947484716773033,2.8451747036764297,1.0,,14.0,5.572287894785404
01_1-1_1x_462_394,1-1_1x,462,394,389,0.34468115589343484,0.7178170084953308,0.02416940949910031,0.34468115589343484,0.19028586149215698,0.22791343927383423,0.4652210222432353,4.0,23.0,10.0,5.29833522439003
01_1-1_1x_462_437,1-1_1x,462,437,434,0.22317831215978873,0.8658515214920044,0.0033482842946206044,0.22317831215978873,0.41499513387680054,0.1818166971206665,0.26580035203290286,0.0,15.0,9.0,1.7492144107818604
01_1-1_1x_462_485,1-1_1x,462,485,480,0.24434158834107958,0.8840520977973938,0.006071878683102182,0.24434158834107958,0.22100281715393066,0.20957207679748535,0.3107165079356944,2.0,6.0,5.0,0.5465600788593292
01_1-1_1x_462_529,1-1_1x,462,529,534,0.2382436634571618,0.8006927371025085,0.005630568811073182,0.2382436634571618,0.4592379927635193,0.1716555953025818,0.27288626361776747,0.0,1.0,2.0,-1.1978748440742493
01_1-1_1x_462_618,1-1_1x,462,618,615,0.20339591738896928,0.6951146125793457,0.008250612211229568,0.20339591738896928,0.5794638097286224,0.2694985866546631,0.6331965204297871,0.0,7.0,8.0,1.9406253099441528
01_1-1_1x_462_639,1-1_1x,462,639,643,0.20354905212173113,0.7126230597496033,0.007198357002469303,0.20354905212173113,0.3149915933609009,0.17851293087005615,0.33422494953342197,0.0,1.0,9.0,1.2509865164756775
01_1-1_1x_462_704,1-1_1x,462,704,701,0.27403563652827256,0.7424448132514954,0.0034971792466774927,0.27403563652827256,0.31937742233276367,0.27293969690799713,0.5813348724155535,1.0,6.0,4.0,2.9745201021432877
01_1-1_1x_462_726,1-1_1x,462,726,731,0.15419753601974306,0.8391993641853333,0.0034889921619992545,0.15419753601974306,0.3100622892379761,0.21801280975341797,0.3509618941330661,1.0,1.0,2.0,0.7640069127082825
01_1-1_1x_462_764,1-1_1x,462,764,765,0.17972729872196022,0.8270424604415894,0.007354331427726742,0.17972729872196022,0.4252350330352783,0.18340542912483215,0.2849516423093619,0.0,1.0,7.0,0.8961288928985596
01_1-1_1x_462_801,1-1_1x,462,801,796,0.11726261838337913,0.7523078918457031,0.013076799609861436,0.11726261838337913,0.26263171434402466,0.0501537024974823,0.07142833192241978,0.0,2.0,6.0,-1.3278479278087616
01_1-1_1x_473_138,1-1_1x,473,138,133,0.343666944881753,0.8115898966789246,0.001568292097885617,0.343666944881753,0.3977173864841461,0.43649934232234955,1.1637172337520316,0.0,35.0,12.0,5.613639459013939
01_1-1_1x_473_176,1-1_1x,473,176,172,0.18116526408556372,0.728143572807312,0.04349065809584029,0.18116526408556372,0.5588664412498474,0.08568233251571655,0.13336576145329437,0.0,3.0,3.0,-0.7012128829956055
01_1-1_1x_473_226,1-1_1x,473,226,222,0.12831580172102122,0.6032267808914185,0.017180480241473686,0.12831580172102122,0.42330673336982727,0.1821105182170868,0.4324471276900582,1.0,2.0,4.0,-0.0011686831712722778
01_1-1_1x_473_248,1-1_1x,473,248,245,0.3532798454898655,0.7105093598365784,0.004638400844361054,0.3532798454898655,0.22883224487304688,0.2997031509876251,0.7295487374140956,0.0,,8.0,3.5224712193012238
01_1-1_1x_473_299,1-1_1x,473,299,297,0.12136987330770027,0.7296454310417175,0.008497755974595131,0.12136987330770027,0.33521807193756104,0.13839048147201538,0.2340622798553008,1.0,1.0,6.0,0.30823856592178345
01_1-1_1x_473_395,1-1_1x,473,395,390,0.37684843585515004,0.6780369281768799,0.01744202991025023,0.37684843585515004,0.4124472141265869,0.36327067017555237,1.1540966064222178,3.0,47.0,11.0,5.843159183859825
01_1-1_1x_473_531,1-1_1x,473,531,526,0.12677898561260717,0.4128982126712799,0.002006532832061432,0.12677898561260717,0.3183678649365902,0.12039931118488312,0.4116231225931032,0.0,2.0,4.0,-1.7029539365321398
01_1-1_1x_473_574,1-1_1x,473,574,570,0.4246419764658653,0.6278446912765503,0.004287207530406491,0.4246419764658653,0.5209344327449799,0.40683436393737793,1.8407934544752367,1.0,,14.0,8.118013709783554
01_1-1_1x_473_592,1-1_1x,473,592,593,0.17623545864646595,0.8494485020637512,0.005162817855656514,0.17623545864646595,0.5240199565887451,0.20872697234153748,0.32576862593025635,2.0,1.0,7.0,3.198673129081726
01_1-1_1x_473_711,1-1_1x,473,711,708,0.38344094039320786,0.5462796688079834,0.03963922209163915,0.38344094039320786,0.4321824014186859,0.2687551975250244,0.96840179996598,2.0,,8.0,5.379419609904289
01_1-1_1x_473_738,1-1_1x,473,738,737,0.1937398116861972,0.8942755460739136,0.0006611780220345093,0.1937398116861972,0.48495805263519287,0.2886602282524109,0.47663957591226214,0.0,4.0,9.0,3.0498133301734924
01_1-1_1x_485_135,1-1_1x,485,135,137,0.18072574831589372,0.41069522500038147,0.005559464946552786,0.18072574831589372,0.2162325084209442,0.14922159910202026,0.5706946487980589,2.0,2.0,7.0,1.823036178946495
01_1-1_1x_485_222,1-1_1x,485,222,217,0.079067969422601,0.3587842881679535,0.021917761473722926,0.079067969422601,0.13263341784477234,0.10521286725997925,0.414923996100345,1.0,10.0,5.0,0.449979692697525
01_1-1_1x_485_251,1-1_1x,485,251,247,0.2760440552404521,0.5187099575996399,0.045015208151115364,0.2760440552404521,0.4399082809686661,0.21967917680740356,0.7346373380873942,1.0,28.0,14.0,2.798960193991661
01_1-1_1x_485_361,1-1_1x,485,361,363,0.10888216931925884,0.39995503425598145,0.0034795453536721997,0.10888216931925884,0.3965297341346741,0.09490002691745758,0.3110915232810641,1.0,1.0,3.0,-0.4978454187512398
01_1-1_1x_485_460,1-1_1x,485,460,456,0.3658536387782914,0.5761592984199524,0.19007182511675597,0.3658536387782914,0.3159688860177994,0.3327094316482544,1.3666445418935558,3.0,,15.0,6.1886430233716965
01_1-1_1x_485_491,1-1_1x,485,491,489,0.16160870474135663,0.7528365850448608,0.06461193099044373,0.16160870474135663,0.36436790227890015,0.13818877935409546,0.22482595410682948,0.0,1.0,4.0,1.5086059272289276
01_1-1_1x_485_684,1-1_1x,485,684,679,0.41436654002248574,0.7453856468200684,0.116492023079451,0.41436654002248574,0.3361784666776657,0.472588911652565,1.7323847785875617,4.0,,11.0,6.602886103093624
01_1-1_1x_485_808,1-1_1x,485,808,806,0.2529942025632804,0.4966389536857605,0.02256544305472544,0.2529942025632804,0.24601462483406067,0.16425815224647522,0.49418664235479204,0.0,29.0,10.0,2.97912135720253
01_1-1_1x_500_172,1-1_1x,500,172,170,0.11133083701121248,0.5356704592704773,0.005864366040346213,0.11133083701121248,0.1280154585838318,0.0973016768693924,0.22196306118433032,3.0,1.0,9.0,0.5492901057004929
01_1-1_1x_500_227,1-1_1x,500,227,222,0.09337091991860512,0.5781615376472473,0.019194944838764657,0.09337091991860512,0.3855639398097992,0.16134922206401825,0.38710281829904336,0.0,1.0,2.0,-0.6286336034536362
01_1-1_1x_500_373,1-1_1x,500,373,369,0.1551189450293209,0.3501087725162506,0.014160914262334692,0.1551189450293209,0.2610950767993927,0.09064216911792755,0.34934040809397426,1.0,1.0,9.0,0.5401503294706345
01_1-1_1x_500_523,1-1_1x,500,523,520,0.08936147904401126,0.4174124598503113,0.006805233902878902,0.08936147904401126,0.34833282232284546,0.20715830475091934,0.9852756757791107,0.0,1.0,8.0,1.1502779349684715
01_1-1_1x_500_684,1-1_1x,500,684,680,0.11039659415916525,0.5284904837608337,0.015218321930473993,0.11039659415916525,0.3243340849876404,0.2710578292608261,1.0529271423910136,0.0,1.0,4.0,0.8328957483172417
01_1-1_1x_500_728,1-1_1x,500,728,723,0.3547157231512418,0.735283374786377,0.16128523998441652,0.3547157231512418,0.35933223366737366,0.41789086163043976,1.3166374262430287,3.0,,12.0,6.106001511216164
01_1-1_1x_500_782,1-1_1x,500,782,786,0.13575388263978663,0.7621030807495117,0.036542929522709204,0.13575388263978663,0.3305072784423828,0.15483233332633972,0.2549642543846196,0.0,1.0,6.0,0.010747730731964111
01_1-1_1x_500_817,1-1_1x,500,817,815,0.2551458498292557,0.7918167114257812,0.041502576503846256,0.2551458498292557,0.28946444392204285,0.19307249784469604,0.32246240291815215,0.0,,8.0,2.3481525778770447
01_1-1_1x_504_127,1-1_1x,504,127,131,0.19454966245708505,0.7910330891609192,0.0012377826232855842,0.19454966245708505,0.36837393045425415,0.23469749093055725,0.4218631553995508,1.0,2.0,9.0,2.072037488222122
01_1-1_1x_504_518,1-1_1x,504,518,514,0.3195055226455809,0.5075131058692932,1.0,0.3195055226455809,0.3613143265247345,0.24822457879781723,0.9573295880129364,4.0,,12.0,4.539267495274544
01_1-1_1x_504_545,1-1_1x,504,545,541,0.18391837114894377,0.7417846322059631,0.016289369208552465,0.18391837114894377,0.29120248556137085,0.18186068534851074,0.3247953340256218,1.0,1.0,6.0,2.0535277724266052
01_1-1_1x_504_619,1-1_1x,504,619,615,0.23967211945016514,0.9100929498672485,0.00884433550614528,0.23967211945016514,0.3730567693710327,0.2470766305923462,0.3726554285459486,0.0,6.0,7.0,1.547906517982483
01_1-1_1x_512_236,1-1_1x,512,236,231,0.30363606002095467,0.4442072808742523,0.0028356783269310195,0.30363606002095467,0.1847783774137497,0.29872725158929825,2.053390097991913,5.0,,14.0,4.80504684150219
01_1-1_1x_512_305,1-1_1x,512,305,300,0.41295006238977144,0.7061457633972168,0.1597879030907267,0.41295006238977144,0.31349849700927734,0.34877027571201324,0.9759210906463449,2.0,,15.0,6.420218959450722
01_1-1_1x_512_435,1-1_1x,512,435,430,0.3516805954996004,0.7724609971046448,0.08491655180931314,0.3516805954996004,0.24436095356941223,0.23673531413078308,0.4418965184133864,5.0,,10.0,4.129390329122543
01_1-1_1x_512_550,1-1_1x,512,550,545,0.26529271528732135,0.8469595313072205,0.018902890620766055,0.26529271528732135,0.39154893159866333,0.2779558598995209,0.4884957230800737,2.0,41.0,11.0,3.2497070729732513
01_1-1_1x_512_622,1-1_1x,512,622,623,0.08988583750031948,0.625943124294281,0.009758884759060997,0.08988583750031948,0.7698568403720856,-0.009256511926651001,-0.014572602688694624,0.0,0.0,2.0,-0.9107457846403122
01_1-1_1x_512_662,1-1_1x,512,662,661,0.11757613115593593,0.6844547986984253,0.009022841288694055,0.11757613115593593,0.42459776997566223,0.19244106113910675,0.3911294471039145,0.0,1.0,6.0,0.8941632360219955
01_1-1_1x_531_65,1-1_1x,531,65,67,0.2028362895138065,0.7248071432113647,0.0386084328758642,0.2028362895138065,0.3243119418621063,0.23838970065116882,0.4900928293122779,0.0,3.0,8.0,2.0770738422870636
01_1-1_1x_531_134,1-1_1x,531,134,138,0.10316687782005374,0.6276297569274902,0.008384338886148729,0.10316687782005374,0.30441150069236755,0.16226571798324585,0.3486855545421442,0.0,1.0,4.0,-0.3741205930709839
01_1-1_1x_531_184,1-1_1x,531,184,180,0.14131801886194614,0.5423634648323059,0.00784868605293852,0.14131801886194614,0.3380316197872162,0.16051724553108215,0.4203714412174297,0.0,7.0,8.0,0.6867842525243759
01_1-1_1x_531_261,1-1_1x,531,261,263,0.12269488710162539,0.5309052467346191,0.0123857885843142,0.12269488710162539,0.33331814408302307,0.14004328846931458,0.35829347294590813,0.0,1.0,9.0,0.716421976685524
01_1-1_1x_531_289,1-1_1x,531,289,284,0.12387280007380577,0.5500548481941223,0.047033107311585144,0.12387280007380577,0.23546013236045837,0.1304953396320343,0.3110293938499146,1.0,2.0,6.0,-0.7027785778045654
01_1-1_1x_531_310,1-1_1x,531,310,307,0.18293172454991602,0.5715305805206299,0.006224669110658741,0.18293172454991602,0.28053224086761475,0.19648565351963043,0.5238989768260666,0.0,1.0,9.0,1.4149915277957916
01_1-1_1x_531_386,1-1_1x,531,386,383,0.2500706835106744,0.47181379795074463,0.09202876018492522,0.2500706835106744,0.5070766657590866,0.17254520952701569,0.5765563650893828,3.0,11.0,10.0,2.716216541826725
01_1-1_1x_531_432,1-1_1x,531,432,428,0.08007995832095711,0.5499463677406311,0.0601932025021756,0.08007995832095711,0.4466022700071335,0.15133601427078247,0.37965901525994783,2.0,2.0,8.0,-0.6525977924466133
01_1-1_1x_531_464,1-1_1x,531,464,466,0.22246258949108164,0.6019468903541565,0.17279908980800351,0.22246258949108164,0.6568359732627869,0.2917860746383667,0.9407573744123099,1.0,3.0,10.0,2.9268242865800858
01_1-1_1x_531_593,1-1_1x,531,593,588,0.2507369856721635,0.5110262632369995,0.04018336700424315,0.2507369856721635,0.38318000733852386,0.24884456396102905,0.9491301820387439,1.0,9.0,6.0,2.886190891265869
01_1-1_1x_531_677,1-1_1x,531,677,672,0.28171386650504865,0.629132866859436,0.2757176265467113,0.28171386650504865,0.5006975308060646,0.3527802377939224,1.2765582834758937,0.0,16.0,12.0,3.8706045486032963
01_1-1_1x_531_716,1-1_1x,531,716,719,0.2008317046478892,0.6591476798057556,0.04078603947778051,0.2008317046478892,0.3540564775466919,0.17400775849819183,0.3586754065284936,0.0,1.0,4.0,-1.1384615898132324
01_1-1_1x_531_778,1-1_1x,531,778,783,0.13894291716822282,0.6207914352416992,0.005615426603518172,0.13894291716822282,0.3186675012111664,0.15444810688495636,0.3311896997201315,3.0,1.0,8.0,-0.19355081021785736
01_1-1_1x_531_840,1-1_1x,531,840,835,0.15102964213672443,0.5620797872543335,0.010646017367713456,0.15102964213672443,0.3292748034000397,0.16909368336200714,0.4302790396078149,2.0,3.0,7.0,0.14540021121501923
01_1-1_1x_531_855,1-1_1x,531,855,851,0.16801933610477837,0.5180450677871704,0.03227378550905922,0.16801933610477837,0.4536201059818268,0.12997804582118988,0.3349371074169355,0.0,1.0,9.0,1.6056067049503326
01_1-1_1x_535_89,1-1_1x,535,89,86,0.21855902497378504,0.4658021926879883,0.012269653260924274,0.21855902497378504,0.10339924693107605,0.19005170464515686,0.6892162040911302,0.0,13.0,8.0,2.474803999066353
01_1-1_1x_535_162,1-1_1x,535,162,159,0.2872313344569263,0.5038929581642151,0.08907303378376871,0.2872313344569263,0.4612671881914139,0.2879880666732788,1.3338654102951095,0.0,,12.0,4.195566773414612
01_1-1_1x_535_225,1-1_1x,535,225,225,0.10093461213271238,0.6872782707214355,0.0007400976374222237,0.10093461213271238,0.48425060510635376,0.08183839917182922,0.13517180320874167,0.0,1.0,4.0,-0.9868540465831757
01_1-1_1x_535_245,1-1_1x,535,245,243,0.11048210288850992,0.6103542447090149,0.017384895891672907,0.11048210288850992,0.3498130142688751,0.08958902955055237,0.1720334364561802,0.0,1.0,4.0,0.03156667947769165
01_1-1_1x_535_294,1-1_1x,535,294,289,0.33182045025422013,0.798658013343811,0.014489596913139738,0.33182045025422013,0.609878659248352,0.31388475000858307,0.6474877509726172,0.0,12.0,8.0,3.0358534455299377
01_1-1_1x_535_342,1-1_1x,535,342,337,0.15594312421050124,0.7002882361412048,0.002379020651926583,0.15594312421050124,0.42893552780151367,0.11287856101989746,0.19216326492509106,0.0,1.0,3.0,-0.3008699119091034
01_1-1_1x_535_371,1-1_1x,535,371,366,0.11019721007065253,0.7384728789329529,0.00409364210423416,0.11019721007065253,0.3732462525367737,0.18357020616531372,0.3308151414188308,0.0,2.0,3.0,0.013911321759223938
01_1-1_1x_535_432,1-1_1x,535,432,437,0.18822164968061128,0.5260083079338074,0.0036086682892523202,0.18822164968061128,0.40383386611938477,0.025567367672920227,0.05108968035187446,0.0,1.0,2.0,-0.9421587288379669
01_1-1_1x_535_463,1-1_1x,535,463,458,0.16997691962620154,0.746616780757904,0.04821316679355757,0.16997691962620154,0.5000742673873901,0.2942856550216675,0.6505978436541893,1.0,6.0,5.0,1.3145672231912613
01_1-1_1x_535_610,1-1_1x,535,610,607,0.3585324531858268,0.4826267957687378,0.11594850573718973,0.3585324531858268,0.4128265529870987,0.303224615752697,1.6901947107085595,2.0,,10.0,5.200257387012243
01_1-1_1x_535_641,1-1_1x,535,641,636,0.2854633914546941,0.5999828577041626,0.035291263395874795,0.2854633914546941,0.32177966833114624,0.0778106153011322,0.1490133120501555,2.0,15.0,4.0,2.44416680932045
01_1-1_1x_535_712,1-1_1x,535,712,708,0.13067237508939492,0.5673286318778992,0.0018057921478656317,0.13067237508939492,0.27321356534957886,0.1755150705575943,0.44795557858221235,0.0,3.0,2.0,0.6305521577596664
01_1-1_1x_535_740,1-1_1x,535,740,735,0.21925036349363658,0.5554683804512024,0.002855558163684922,0.21925036349363658,0.26708364486694336,0.12322504818439484,0.2850825888699485,3.0,8.0,5.0,1.682303711771965
01_1-1_1x_535_766,1-1_1x,535,766,762,0.2800461231329425,0.8437381386756897,0.052754587837748675,0.2800461231329425,0.1566540002822876,0.34465838968753815,0.6905878076325644,1.0,8.0,7.0,2.6107679158449173
01_1-1_1x_535_799,1-1_1x,535,799,795,0.11379699199606294,0.6915239095687866,0.050347481586667873,0.11379699199606294,0.3154591917991638,0.11555925011634827,0.20063600816447463,0.0,3.0,5.0,-0.9615853130817413
01_1-1_1x_535_826,1-1_1x,535,826,823,0.1966430266278238,0.5878900289535522,0.06748867881260517,0.1966430266278238,0.2877098023891449,0.1406620293855667,0.3145197293582776,0.0,1.0,7.0,-0.2796522453427315
01_1-1_1x_552_46,1-1_1x,552,46,51,0.08470614979267481,0.4734981060028076,0.06459041175183154,0.08470614979267481,0.1800401508808136,0.0867065042257309,0.22416852854965366,0.0,1.0,4.0,-0.3858601152896881
01_1-1_1x_552_87,1-1_1x,552,87,83,0.12843827986320352,0.573333740234375,0.0016757131279881334,0.12843827986320352,0.7072634883224964,0.2993030697107315,1.0922247102442773,0.0,1.0,3.0,0.8802445791661739
01_1-1_1x_552_149,1-1_1x,552,149,145,0.2525476598495516,0.5936774015426636,0.024981873936983978,0.2525476598495516,0.2877090573310852,0.25480227172374725,0.751906083694915,1.0,43.0,9.0,3.352804481983185
01_1-1_1x_552_215,1-1_1x,552,215,210,0.19195925444902281,0.7876657247543335,0.009198084190904562,0.19195925444902281,0.36032792925834656,0.2473374903202057,0.4577541474937656,0.0,8.0,4.0,0.8126883506774902
01_1-1_1x_552_294,1-1_1x,552,294,292,0.12350296203743072,0.5703328251838684,0.045307896957145044,0.12350296203743072,0.8298124670982361,0.12090997397899628,0.2690338812431207,0.0,5.0,3.0,1.4873602539300919
01_1-1_1x_552_313,1-1_1x,552,313,313,0.11353617748015211,0.6771945953369141,0.09361211142004221,0.11353617748015211,0.1349572241306305,0.23048603534698486,0.5159651190749088,0.0,1.0,3.0,0.22249163687229156
01_1-1_1x_552_366,1-1_1x,552,366,368,0.11343601224543948,0.5148264169692993,0.02952290970357952,0.11343601224543948,0.5462609380483627,0.12376545369625092,0.31648634182347374,0.0,1.0,6.0,-0.49570293724536896
01_1-1_1x_552_403,1-1_1x,552,403,400,0.09858037700091897,0.49798113107681274,0.022211593998671654,0.09858037700091897,0.4368992745876312,0.1712578684091568,0.5241679671378677,0.0,1.0,3.0,-0.3708614557981491
01_1-1_1x_552_465,1-1_1x,552,465,460,0.09306070202883983,0.5637053847312927,0.0010778761339214852,0.09306070202883983,0.6795233339071274,0.2786707580089569,0.9776733487206163,1.0,2.0,4.0,0.23539917916059494
01_1-1_1x_552_522,1-1_1x,552,522,517,0.37161011489077045,0.6760672926902771,0.6093350397977063,0.37161011489077045,0.5292236804962158,0.400154173374176,1.4502904913185286,4.0,,12.0,6.912653338164091
01_1-1_1x_552_585,1-1_1x,552,585,582,0.1132809349656177,0.7213279008865356,0.000909635249516339,0.1132809349656177,0.5405575037002563,0.06497761607170105,0.0989983817711485,1.0,1.0,7.0,-0.9886951446533203
01_1-1_1x_552_691,1-1_1x,552,691,691,0.1298728352313813,0.5819764733314514,0.004274926422703293,0.1298728352313813,0.20710405707359314,0.21175982058048248,0.5719889124569594,0.0,1.0,4.0,-0.3689376562833786
01_1-1_1x_552_756,1-1_1x,552,756,753,0.13617872885026278,0.4422362446784973,0.006446596356042335,0.13617872885026278,0.5640953630208969,0.11633560061454773,0.35696646426915274,1.0,1.0,2.0,0.11958690732717514
01_1-1_1x_552_779,1-1_1x,552,779,778,0.32290287219966135,0.6344954371452332,0.10446352000058116,0.32290287219966135,0.7218466848134995,0.3239782005548477,1.0433501344797136,0.0,2.0,10.0,3.532612591981888
01_1-1_1x_552_833,1-1_1x,552,833,830,0.13813074394046793,0.7315474152565002,0.046926213830588565,0.13813074394046793,0.43760666251182556,0.23724587261676788,0.47996182927084774,0.0,2.0,8.0,0.5049257725477219
01_1-1_1x_568_167,1-1_1x,568,167,163,0.1280057326174807,0.49517250061035156,0.014987298613655636,0.1280057326174807,0.3979710191488266,0.26749806851148605,1.174914838023303,1.0,1.0,2.0,-0.018065471202135086
01_1-1_1x_568_239,1-1_1x,568,239,236,0.162335232316099,0.6185212731361389,0.005713725031724534,0.162335232316099,0.3954823613166809,0.27756689488887787,0.814088079219753,0.0,3.0,9.0,1.6227157562971115
01_1-1_1x_568_299,1-1_1x,568,299,295,0.17914955484912173,0.6061059236526489,0.0243371248394364,0.17914955484912173,0.5549953281879425,0.27086666226387024,0.8079801307930481,1.0,2.0,5.0,1.5464918687939644
01_1-1_1x_568_340,1-1_1x,568,340,338,0.15786238631035884,0.44932305812835693,0.10526344484372264,0.15786238631035884,0.43214239180088043,0.121937096118927,0.3724567033067067,0.0,2.0,2.0,0.18192850798368454
01_1-1_1x_568_411,1-1_1x,568,411,407,0.35561012295593486,0.7750595808029175,0.015322214535855676,0.35561012295593486,0.5734786987304688,0.40499967336654663,1.0944165126458165,0.0,,10.0,5.990960121154785
01_1-1_1x_568_433,1-1_1x,568,433,437,0.14346092138266311,0.903007984161377,0.010690202568649552,0.14346092138266311,0.5572499632835388,0.26620134711265564,0.4180253967615116,0.0,3.0,7.0,1.897375464439392
01_1-1_1x_568_509,1-1_1x,568,509,504,0.1389970231803704,0.5084212422370911,0.016019800614452784,0.1389970231803704,0.49445220828056335,0.04203371703624725,0.09012616068181921,4.0,2.0,1.0,-0.8345200568437576
01_1-1_1x_568_547,1-1_1x,568,547,543,0.14847268348983078,0.5923831462860107,0.008862572441593271,0.14847268348983078,0.29154448211193085,0.19202996790409088,0.4796514134849767,0.0,1.0,6.0,0.16887757927179337
01_1-1_1x_568_570,1-1_1x,568,570,565,0.14480049085577168,0.5628447532653809,0.04651968496163282,0.14480049085577168,0.7103550136089325,0.15993234515190125,0.39694072937772756,1.0,1.0,2.0,0.7138201668858528
01_1-1_1x_568_586,1-1_1x,568,586,589,0.09219688117733343,0.5878448486328125,0.023439848072506896,0.09219688117733343,0.604079008102417,0.17508114874362946,0.4241679895558511,0.0,1.0,4.0,-0.11916232854127884
01_1-1_1x_568_643,1-1_1x,568,643,639,0.3714467686352867,0.6332433223724365,0.11929653592840102,0.3714467686352867,0.46387624740600586,0.28968581557273865,0.8431945448411706,2.0,,10.0,5.728600442409515
01_1-1_1x_568_675,1-1_1x,568,675,676,0.14929534247265175,0.7597278356552124,0.0045023746752012265,0.14929534247265175,0.48471599817276,0.05710536241531372,0.08127460277777943,0.0,1.0,4.0,-1.0327430069446564
01_1-1_1x_568_723,1-1_1x,568,723,718,0.20363948822338898,0.7210693359375,0.006214401631321649,0.20363948822338898,0.4800708293914795,0.1196327805519104,0.19891172141209826,3.0,3.0,8.0,0.8420756161212921
01_1-1_1x_568_824,1-1_1x,568,824,820,0.15878865121412597,0.5869874954223633,0.004331589883788832,0.15878865121412597,0.2392970621585846,0.21679487824440002,0.5856272334577107,0.0,5.0,6.0,0.816790983080864
01_1-1_1x_584_58,1-1_1x,584,58,54,0.2533456205313932,0.9145702123641968,0.18093354235310485,0.2533456205313932,0.35068684816360474,0.384420245885849,0.7251160429933732,0.0,1.0,5.0,1.7468789517879486
01_1-1_1x_584_96,1-1_1x,584,96,101,0.13651084457010762,0.7743124961853027,0.0027327458100516997,0.13651084457010762,0.43185171484947205,0.14213261008262634,0.22482937721865714,0.0,1.0,3.0,-1.609976351261139
01_1-1_1x_584_162,1-1_1x,584,162,157,0.1544459262616891,0.7150774002075195,0.08858402423140439,0.1544459262616891,0.404935359954834,0.180404931306839,0.3374120453176926,0.0,5.0,4.0,0.05803889036178589
01_1-1_1x_584_178,1-1_1x,584,178,177,0.09710887043662816,0.6529598236083984,0.05052258194904224,0.09710887043662816,0.5191682279109955,0.11609157919883728,0.21623849130155368,0.0,1.0,4.0,-0.18255116045475006
01_1-1_1x_584_209,1-1_1x,584,209,204,0.26418864457688557,0.6177650094032288,0.07248705453321397,0.26418864457688557,0.3988698720932007,0.12408208847045898,0.2513396417198654,1.0,13.0,3.0,0.98606276512146
01_1-1_1x_584_232,1-1_1x,584,232,229,0.1940909732721557,0.7105668783187866,0.07069761368542297,0.1940909732721557,0.5307977199554443,0.15056562423706055,0.2688665840292692,0.0,3.0,8.0,1.1148802936077118
01_1-1_1x_584_283,1-1_1x,584,283,278,0.2580336677807066,0.7287009358406067,0.1644696632331448,0.2580336677807066,0.32868117094039917,0.20444747805595398,0.3899783111014496,0.0,8.0,10.0,2.279362305998802
01_1-1_1x_584_327,1-1_1x,584,327,322,0.10859242242209116,0.7779091000556946,0.005718797481028775,0.10859242242209116,0.4447728395462036,0.19519338011741638,0.3349718798354907,1.0,2.0,4.0,-0.25540658831596375
01_1-1_1x_584_362,1-1_1x,584,362,358,0.1246465972808319,0.6216318011283875,0.004315035905822471,0.1246465972808319,0.22598221898078918,0.0862269401550293,0.16104997627079812,0.0,1.0,5.0,-0.15067335963249207
01_1-1_1x_584_408,1-1_1x,584,408,403,0.22148609912347525,0.7647613883018494,0.1330844722470248,0.22148609912347525,0.4100472033023834,0.2983597218990326,0.6397055229244153,2.0,2.0,8.0,1.6144959181547165
01_1-1_1x_584_444,1-1_1x,584,444,443,0.11819957698470798,0.73389732837677,0.010287749386273226,0.11819957698470798,0.29418671131134033,0.17704561352729797,0.3179403220032408,1.0,1.0,3.0,-0.29220740497112274
01_1-1_1x_584_516,1-1_1x,584,516,521,0.12202944743213745,0.6160829663276672,0.010034777428456196,0.12202944743213745,0.43300411105155945,0.18037940561771393,0.413995711496588,2.0,1.0,7.0,0.3537997305393219
01_1-1_1x_584_552,1-1_1x,584,552,554,0.11849745294712088,0.6441895961761475,0.005447807416411856,0.11849745294712088,0.2922821640968323,0.19418996572494507,0.431533611550383,0.0,2.0,3.0,-0.053926050662994385
01_1-1_1x_584_594,1-1_1x,584,594,593,0.09714088146359445,0.4633995294570923,0.018190465168809365,0.09714088146359445,0.3344864547252655,0.07123732566833496,0.18165270640591302,0.0,1.0,5.0,-0.5675839781761169
01_1-1_1x_584_626,1-1_1x,584,626,623,0.15002067406428987,0.4352692663669586,0.031650000307316226,0.15002067406428987,0.29360389709472656,0.07653255760669708,0.21333907497557678,0.0,1.0,7.0,0.8754625990986824
01_1-1_1x_584_645,1-1_1x,584,645,650,0.1070853215927571,0.4809224605560303,0.04255285641680318,0.1070853215927571,0.40540190041065216,0.1093989908695221,0.2944605113691285,0.0,1.0,6.0,1.0537030100822449
01_1-1_1x_584_688,1-1_1x,584,688,688,0.09863522911125247,0.4682382345199585,0.038732140709388345,0.09863522911125247,0.31231746077537537,0.07215926051139832,0.18218402199213632,2.0,1.0,4.0,-1.0902463346719742
01_1-1_1x_584_739,1-1_1x,584,739,737,0.07267043392122635,0.46531692147254944,0.015487349899427925,0.07267043392122635,0.41162802278995514,0.15439288318157196,0.49656142390986113,0.0,2.0,5.0,-0.08083759993314743
01_1-1_1x_584_824,1-1_1x,584,824,819,0.09246883685587273,0.5519797205924988,0.006712384320624798,0.09246883685587273,0.4478398263454437,0.2508285194635391,0.8328989508367551,0.0,2.0,5.0,-0.07709189876914024
01_1-1_1x_608_56,1-1_1x,608,56,54,0.17003103408744447,0.6727674007415771,0.005009308872604848,0.17003103408744447,0.3793095052242279,0.173164501786232,0.34660427741374966,0.0,1.0,6.0,0.3524472564458847
01_1-1_1x_608_84,1-1_1x,608,84,83,0.16087433948350024,0.6302891373634338,0.06468441033392273,0.16087433948350024,0.17556500434875488,0.13133439421653748,0.2632190514679035,0.0,1.0,6.0,-0.7752649337053299
01_1-1_1x_608_130,1-1_1x,608,130,125,0.10429450782135335,0.5843070149421692,0.004552955906291837,0.10429450782135335,0.3335784077644348,0.1587037742137909,0.3728913669505545,0.0,4.0,4.0,-0.497611865401268
01_1-1_1x_608_162,1-1_1x,608,162,157,0.253603137232282,0.7515324354171753,0.047438317613832125,0.253603137232282,0.5410389751195908,0.3838822990655899,1.0441511129985863,1.0,3.0,6.0,1.972331814467907
01_1-1_1x_608_203,1-1_1x,608,203,208,0.15201404855259085,0.7257584929466248,0.03320224037365517,0.15201404855259085,0.579454094171524,0.2312447726726532,0.4676205395161503,2.0,1.0,4.0,-1.1038903594017029
01_1-1_1x_608_255,1-1_1x,608,255,256,0.197620962597636,0.5806482434272766,0.016565054454118974,0.197620962597636,0.31388700008392334,0.1284584254026413,0.2840807560944304,0.0,1.0,6.0,0.8660523444414139
01_1-1_1x_608_370,1-1_1x,608,370,365,0.2126341589485894,0.6102247834205627,0.06621858021723998,0.2126341589485894,0.4106047749519348,0.2972029596567154,0.9494640216553522,1.0,7.0,8.0,2.0661201290786266
01_1-1_1x_608_389,1-1_1x,608,389,386,0.17082630011690716,0.7132567167282104,0.01417232100131334,0.17082630011690716,0.27471086382865906,0.3277401775121689,0.8501325991840389,1.0,1.0,4.0,1.2896558120846748
01_1-1_1x_608_409,1-1_1x,608,409,412,0.1826249145512519,0.7171134948730469,0.03595545481796691,0.1826249145512519,0.6914725601673126,0.2929345518350601,0.6905919226849193,0.0,2.0,7.0,1.7591090500354767
01_1-1_1x_608_444,1-1_1x,608,444,448,0.1090155296201299,0.6299470663070679,0.0011681180133638538,0.1090155296201299,0.4135175049304962,0.0921170711517334,0.17127544387911725,0.0,1.0,2.0,-1.7006352692842484
01_1-1_1x_608_491,1-1_1x,608,491,492,0.09131984413387853,0.8019418716430664,0.005446009254584908,0.09131984413387853,0.37226438522338867,0.3948894143104553,0.9701192246771844,0.0,1.0,1.0,-0.7368511706590652
01_1-1_1x_608_522,1-1_1x,608,522,517,0.11231409508371851,0.5433399677276611,0.010149622589486245,0.11231409508371851,0.4864276945590973,0.181733176112175,0.5025712467962178,2.0,3.0,10.0,0.19639454782009125
01_1-1_1x_608_560,1-1_1x,608,560,555,0.2490445857049131,0.704233705997467,0.32156498013377993,0.2490445857049131,0.5727544575929642,0.33261464536190033,0.8950419410485605,3.0,4.0,5.0,0.6705126762390137
01_1-1_1x_608_631,1-1_1x,608,631,627,0.2053637807307076,0.8808614611625671,0.007974641821956795,0.2053637807307076,0.3273514211177826,0.36345458030700684,0.7024540912676209,3.0,1.0,4.0,1.6143490076065063
01_1-1_1x_608_647,1-1_1x,608,647,651,0.15780560367571575,0.7121596336364746,0.02532119156032295,0.15780560367571575,0.7385462522506714,0.16923916339874268,0.31171998971532033,0.0,1.0,2.0,1.3399036228656769
01_1-1_1x_608_702,1-1_1x,608,702,699,0.11544105727901888,0.9022412300109863,0.015939876312096476,0.11544105727901888,0.802842378616333,0.3114437460899353,0.5271582133744394,0.0,1.0,3.0,-0.8172089606523514
01_1-1_1x_608_745,1-1_1x,608,745,746,0.20249883456164786,0.6032571792602539,0.0728777541545315,0.20249883456164786,0.4115689694881439,0.0962696224451065,0.18988557243862958,0.0,2.0,4.0,-0.1597263216972351
01_1-1_1x_608_797,1-1_1x,608,797,792,0.18593439881141227,0.7104676365852356,0.00546057254444794,0.18593439881141227,0.4491164982318878,0.2232283502817154,0.4581493253043184,0.0,3.0,6.0,1.1888314634561539
01_1-1_1x_608_848,1-1_1x,608,848,848,0.13128899728666388,0.5665135979652405,0.0212240048744558,0.13128899728666388,0.6248412579298019,0.13855832815170288,0.3237682485182937,0.0,1.0,3.0,-0.8922624737024307
01_1-1_1x_625_52,1-1_1x,625,52,47,0.37310152408785613,0.6146050691604614,0.3510438879478281,0.37310152408785613,0.21363282203674316,0.3922177702188492,1.763669832249844,3.0,,15.0,6.6146534606814384
01_1-1_1x_625_124,1-1_1x,625,124,120,0.27175452065201433,0.6957008838653564,0.0036789744372726007,0.27175452065201433,0.2936413884162903,0.15996965765953064,0.298600585208507,0.0,1.0,6.0,2.1915474832057953
01_1-1_1x_625_157,1-1_1x,625,157,162,0.13225316957568387,0.7699254751205444,0.014661668003675452,0.13225316957568387,0.4555646777153015,0.0947781503200531,0.14038143504169318,0.0,1.0,6.0,-0.6760061979293823
01_1-1_1x_625_198,1-1_1x,625,198,198,0.23242779180505335,0.7885769009590149,0.008606760419166068,0.23242779180505335,0.43560779094696045,0.18086108565330505,0.29760799554364625,0.0,1.0,6.0,0.3536066859960556
01_1-1_1x_625_233,1-1_1x,625,233,230,0.16238628730601348,0.8802918195724487,0.019897907648898445,0.16238628730601348,0.3903181552886963,0.19632825255393982,0.2870448983266194,0.0,1.0,11.0,0.9478185176849365
01_1-1_1x_625_284,1-1_1x,625,284,284,0.2696180196546871,0.9066917300224304,0.06157899077944489,0.2696180196546871,0.8122515976428986,0.3028486371040344,0.5015353171307396,0.0,1.0,5.0,1.5216906666755676
01_1-1_1x_625_382,1-1_1x,625,382,383,0.11075624141925772,0.5400717854499817,0.009505098457471226,0.11075624141925772,0.39425161480903625,0.0851995050907135,0.18730423630875254,0.0,1.0,6.0,-0.37690190970897675
01_1-1_1x_625_439,1-1_1x,625,439,434,0.11752756808986027,0.5441432595252991,0.016492449985738424,0.11752756808986027,0.5923940241336823,0.13349898159503937,0.3250964125639459,0.0,1.0,8.0,-0.16018357872962952
01_1-1_1x_625_515,1-1_1x,625,515,510,0.2050659803663769,0.6221122741699219,0.019851111060630835,0.2050659803663769,0.37491124868392944,0.2921086698770523,0.8851681196118497,1.0,3.0,5.0,1.9180301278829575
01_1-1_1x_625_558,1-1_1x,625,558,557,0.11436309707661259,0.545243501663208,0.002446330621730243,0.11436309707661259,0.3232475519180298,0.13048315048217773,0.314598900571443,0.0,2.0,6.0,-0.45270830392837524
01_1-1_1x_625_612,1-1_1x,625,612,608,0.2642118602049191,0.6045118570327759,0.10656311169114888,0.2642118602049191,0.642350435256958,0.20966912806034088,0.5310193468827393,4.0,2.0,4.0,2.9030983224511147
01_1-1_1x_625_642,1-1_1x,625,642,641,0.15757076673020073,0.7136663198471069,0.09662058234822425,0.15757076673020073,0.5262049436569214,0.1347040832042694,0.23266471399820937,0.0,1.0,5.0,-1.2006526291370392
01_1-1_1x_625_667,1-1_1x,625,667,662,0.09786759305033521,0.61406010389328,0.009761926119173597,0.09786759305033521,0.38871389627456665,0.12393070757389069,0.25285303943110593,0.0,2.0,5.0,-0.06654107570648193
01_1-1_1x_625_755,1-1_1x,625,755,750,0.20567118297148407,0.5565620064735413,0.029332039574738025,0.20567118297148407,0.22251248359680176,0.23098735511302948,0.7094758579876511,2.0,5.0,5.0,1.2279141694307327
01_1-1_1x_625_803,1-1_1x,625,803,798,0.32744277890349177,0.5610846281051636,0.10757851149042601,0.32744277890349177,0.29679253697395325,0.16558118164539337,0.4186592635981895,5.0,40.0,7.0,4.213974863290787
01_1-1_1x_625_854,1-1_1x,625,854,852,0.15908879206372395,0.694085955619812,0.027862796519395862,0.15908879206372395,0.4817620515823364,0.08975061774253845,0.14851128523741022,0.0,1.0,3.0,-1.1690036207437515
01_1-1_1x_628_87,1-1_1x,628,87,83,0.17652724403643738,0.6499199867248535,0.01916122175365467,0.17652724403643738,0.20883680880069733,0.316189706325531,0.9474408673591037,0.0,2.0,4.0,0.3430615961551666
01_1-1_1x_628_127,1-1_1x,628,127,126,0.2121468731341376,0.5322355628013611,0.024383983154684638,0.2121468731341376,0.33508530259132385,0.17986729741096497,0.5104526005248692,1.0,2.0,4.0,1.9519660919904709
01_1-1_1x_628_168,1-1_1x,628,168,171,0.1347756760891771,0.809113621711731,0.0032224363711412796,0.1347756760891771,0.37917932868003845,0.36731864511966705,0.8314233175603412,0.0,1.0,2.0,0.14925695955753326
01_1-1_1x_628_215,1-1_1x,628,215,210,0.3228464603207426,0.5620578527450562,0.14293544540328793,0.3228464603207426,0.18222564458847046,0.1517457813024521,0.3698301655345737,2.0,8.0,7.0,3.686534285545349
01_1-1_1x_628_288,1-1_1x,628,288,284,0.2611821904375847,0.902564525604248,0.1316014670857749,0.2611821904375847,0.9555924534797668,0.3443564474582672,0.6168962093884499,1.0,4.0,6.0,2.0113563239574432
01_1-1_1x_628_312,1-1_1x,628,312,309,0.1858359276735686,0.771165132522583,0.12773300785964747,0.1858359276735686,0.7157930433750153,0.14886224269866943,0.2392118775806929,0.0,1.0,4.0,-0.980796679854393
01_1-1_1x_628_372,1-1_1x,628,372,369,0.08730608984123735,0.4589936137199402,0.0006091919892829444,0.08730608984123735,0.3384920358657837,0.06244152784347534,0.15746110048940035,1.0,1.0,2.0,-0.41856060922145844
01_1-1_1x_628_408,1-1_1x,628,408,404,0.20768845110472045,0.5190886855125427,0.0038840356131901494,0.20768845110472045,0.366354763507843,0.17334866523742676,0.501384436489267,2.0,2.0,2.0,1.5418066680431366
01_1-1_1x_628_454,1-1_1x,628,454,450,0.22844229518466017,0.7500163912773132,0.04010131914416187,0.22844229518466017,0.7890846878290176,0.32951997220516205,0.7836451328937979,2.0,2.0,10.0,2.3762516528367996
01_1-1_1x_628_501,1-1_1x,628,501,499,0.10837546499990257,0.5816993117332458,0.0069441951048716056,0.10837546499990257,0.37191900610923767,0.09449437260627747,0.19395200051872152,0.0,2.0,4.0,-0.0991990864276886
01_1-1_1x_628_534,1-1_1x,628,534,529,0.25667413226189867,0.6072413325309753,0.00769529106410646,0.25667413226189867,0.4933135211467743,0.15176653861999512,0.3332051315438039,1.0,3.0,9.0,1.422813892364502
01_1-1_1x_628_553,1-1_1x,628,553,554,0.16801311779382752,0.698669970035553,0.09361833156532037,0.16801311779382752,0.7843628525733948,0.2193078100681305,0.45749921120814935,1.0,1.0,11.0,1.97228142619133
01_1-1_1x_628_593,1-1_1x,628,593,598,0.10953309031714917,0.7007828950881958,0.029970164346615768,0.10953309031714917,0.6321836709976196,0.14353567361831665,0.2575798821207315,1.0,1.0,5.0,-2.140613943338394
01_1-1_1x_628_683,1-1_1x,628,683,678,0.13339949841898258,0.6003249287605286,0.0043690967396795245,0.13339949841898258,0.6197506189346313,0.26004596054553986,0.7642140268311924,2.0,2.0,6.0,0.8498807996511459
01_1-1_1x_628_699,1-1_1x,628,699,704,0.14976140611056524,0.545895516872406,0.0008807451839126487,0.14976140611056524,0.288398802280426,0.19761128723621368,0.5673851137119609,1.0,4.0,5.0,1.1368037909269333
01_1-1_1x_628_733,1-1_1x,628,733,728,0.29597946046000906,0.6611347198486328,0.05220037519533287,0.29597946046000906,0.3502439856529236,0.24915821850299835,0.6047874519279025,3.0,8.0,8.0,3.211184576153755
01_1-1_1x_628_765,1-1_1x,628,765,768,0.06948179428469298,0.6899338364601135,0.03347313994798138,0.06948179428469298,0.5574869513511658,0.07123911380767822,0.11514420795811166,0.0,1.0,4.0,-2.6238993704319
01_1-1_1x_628_805,1-1_1x,628,805,808,0.13556050547289672,0.6485953330993652,0.010967083707526614,0.13556050547289672,0.5017304420471191,0.25022122263908386,0.628106134582838,0.0,1.0,6.0,0.06944575160741806
01_1-1_1x_644_105,1-1_1x,644,105,102,0.11211674893774103,0.5611003637313843,0.009581172536480257,0.11211674893774103,0.3664575219154358,0.24911253154277802,0.7984687408968624,0.0,3.0,4.0,0.48548723757267
01_1-1_1x_644_243,1-1_1x,644,243,238,0.366885503385192,0.7433222532272339,0.1337278645954718,0.366885503385192,0.4957314729690552,0.4620204269886017,1.6424366424008332,3.0,,15.0,7.252046063542366
01_1-1_1x_644_264,1-1_1x,644,264,260,0.16502982369749583,0.8720340728759766,0.002030372519809997,0.16502982369749583,0.3039292097091675,0.2055041790008545,0.3083195230840716,0.0,1.0,7.0,1.2015206813812256
01_1-1_1x_644_342,1-1_1x,644,342,338,0.10846140764972895,0.5753113031387329,0.037667075388568366,0.10846140764972895,0.3256797194480896,0.10909943282604218,0.23401255903859466,0.0,1.0,4.0,-1.1211372166872025
01_1-1_1x_644_380,1-1_1x,644,380,375,0.08486765938885311,0.5826070308685303,0.006201980833501904,0.08486765938885311,0.3505825996398926,0.24338993430137634,0.7175049157735865,0.0,2.0,3.0,0.6483561620116234
01_1-1_1x_644_425,1-1_1x,644,425,429,0.10072989364891784,0.4162633419036865,0.004021672278058129,0.10072989364891784,0.3758496940135956,0.1021665632724762,0.3252709681318724,0.0,2.0,6.0,0.22211486101150513
01_1-1_1x_644_468,1-1_1x,644,468,465,0.06650413793857213,0.32192572951316833,0.00018392250761766084,0.06650413793857213,0.4591395854949951,0.023794278502464294,0.0798113665022547,0.0,2.0,3.0,-0.8928635716438293
01_1-1_1x_644_567,1-1_1x,644,567,563,0.2655852068158381,0.5749669075012207,0.007137848282666107,0.2655852068158381,0.5421857833862305,0.24245764315128326,0.7291756024461243,3.0,27.0,11.0,3.918079875409603
01_1-1_1x_644_656,1-1_1x,644,656,652,0.1483346198636209,0.4978330433368683,0.0014775690559306737,0.1483346198636209,0.4752682149410248,0.11816330254077911,0.31122654729611854,0.0,1.0,9.0,0.23354795575141907
01_1-1_1x_644_701,1-1_1x,644,701,696,0.31282657895028604,0.6710130572319031,0.06395159757170565,0.31282657895028604,0.33653688430786133,0.22224955260753632,0.4952487230296684,2.0,11.0,9.0,3.489120900630951
01_1-1_1x_644_747,1-1_1x,644,747,743,0.1086797919947845,0.7903223037719727,0.002203840295492979,0.1086797919947845,0.5618102550506592,0.12078163027763367,0.18039476175102734,0.0,1.0,1.0,-2.3530961871147156
01_1-1_1x_644_817,1-1_1x,644,817,812,0.3070695944897724,0.9030556678771973,0.04061134287520441,0.3070695944897724,0.5322485566139221,0.4281622916460037,0.9015966805937516,2.0,44.0,13.0,4.758646130561829
01_1-1_1x_656_225,1-1_1x,656,225,221,0.07058289932363099,0.4479137063026428,0.0012206615017451537,0.07058289932363099,0.2580285668373108,0.22255271673202515,0.9875387801413937,1.0,1.0,6.0,0.5568755120038986
01_1-1_1x_656_273,1-1_1x,656,273,268,0.08374109347015393,0.4747810363769531,0.0002091778350217416,0.08374109347015393,0.29999007284641266,0.21253597736358643,0.8104479762676994,0.0,2.0,5.0,0.7852333188056946
01_1-1_1x_656_386,1-1_1x,656,386,383,0.10399769334746264,0.41429880261421204,0.01549289372141532,0.10399769334746264,0.3681276738643646,0.19040276110172272,0.8504070005681709,0.0,13.0,6.0,0.8848442062735558
01_1-1_1x_656_483,1-1_1x,656,483,482,0.07605053678811363,0.49087798595428467,0.001528222543857622,0.07605053678811363,0.29764360189437866,0.2292371541261673,0.8761520612989131,0.0,1.0,7.0,1.1797422617673874
01_1-1_1x_656_565,1-1_1x,656,565,560,0.3763932744694906,0.6625040173530579,0.6686036774570818,0.3763932744694906,0.6071946322917938,0.353966549038887,1.1472400774302642,1.0,48.0,12.0,5.194735400378704
01_1-1_1x_656_611,1-1_1x,656,611,611,0.13913195377032028,0.9388884902000427,0.015472567325027576,0.13913195377032028,0.5973507165908813,0.22805288434028625,0.3208236650785888,1.0,1.0,4.0,-0.14863696694374084
01_1-1_1x_656_665,1-1_1x,656,665,660,0.17646951994240126,0.8711073398590088,0.004346568132239466,0.17646951994240126,0.3534979224205017,0.2469075322151184,0.39555848814996847,2.0,1.0,7.0,0.5873229503631592
01_1-1_1x_656_686,1-1_1x,656,686,681,0.17134648411311665,0.843670129776001,0.013546985387904404,0.17134648411311665,0.37718600034713745,0.1968398094177246,0.30431444417864634,0.0,2.0,7.0,0.8913808465003967
01_1-1_1x_656_778,1-1_1x,656,778,781,0.16974397424354482,0.7955648303031921,0.0056926261006204504,0.16974397424354482,0.42871278524398804,0.1949079930782318,0.3244914250517956,1.0,1.0,4.0,0.7823677361011505
01_1-1_1x_656_816,1-1_1x,656,816,821,0.14661448864570423,0.78535395860672,0.006685941208605323,0.14661448864570423,0.3706664443016052,0.16313955187797546,0.26219185880904305,1.0,1.0,5.0,-1.0675639510154724
01_1-1_1x_672_233,1-1_1x,672,233,228,0.36794892704212734,0.8427797555923462,0.051914409808464984,0.36794892704212734,0.2609616667032242,0.6099293902516365,2.6194049099265095,3.0,,16.0,8.226946637034416
01_1-1_1x_672_249,1-1_1x,672,249,250,0.17112955451550232,0.7704703211784363,0.0004690735492118126,0.17112955451550232,0.4595561623573303,0.11050713062286377,0.16744438508735052,1.0,1.0,8.0,1.3765194714069366
01_1-1_1x_672_309,1-1_1x,672,309,304,0.33734338827708055,0.7671225666999817,0.016739572528529808,0.33734338827708055,0.13099557161331177,0.15883490443229675,0.2611180766681396,2.0,25.0,11.0,3.5992458909749985
01_1-1_1x_672_360,1-1_1x,672,360,360,0.12618349875954143,0.8133305907249451,0.005784557070714579,0.12618349875954143,0.5033903121948242,0.10255596041679382,0.14428759278075445,1.0,1.0,5.0,0.09350189566612244
01_1-1_1x_672_389,1-1_1x,672,389,384,0.13366516356222125,0.8630452156066895,0.02293044089389455,0.13366516356222125,0.24923449754714966,0.16258922219276428,0.23211911058156132,1.0,3.0,2.0,-0.3151339888572693
01_1-1_1x_672_445,1-1_1x,672,445,440,0.31392634466760183,0.9121684432029724,0.0067183420921850465,0.31392634466760183,0.16609442234039307,0.32388830184936523,0.5505681376633117,1.0,28.0,13.0,3.0905416309833527
01_1-1_1x_672_499,1-1_1x,672,499,495,0.08743938251395775,0.8110102415084839,0.008230806259719486,0.08743938251395775,0.3332952857017517,0.1173299252986908,0.16914120605262517,0.0,1.0,5.0,-1.141814798116684
01_1-1_1x_672_539,1-1_1x,672,539,540,0.09363445911354595,0.6393042206764221,0.006148522304158636,0.09363445911354595,0.24846160411834717,0.08844053745269775,0.1605488619891086,0.0,1.0,1.0,-0.3208552300930023
01_1-1_1x_672_715,1-1_1x,672,715,710,0.07075367983701551,0.40325045585632324,0.003666348342283234,0.07075367983701551,0.21164776384830475,0.11317622661590576,0.3901629831518186,1.0,1.0,6.0,-0.22148528695106506
01_1-1_1x_688_66,1-1_1x,688,66,61,0.1322889604687856,0.7488828301429749,0.005695447013733193,0.1322889604687856,0.30676284432411194,0.14701753854751587,0.244269840112882,2.0,1.0,5.0,-0.2623188942670822
01_1-1_1x_688_179,1-1_1x,688,179,174,0.30170331131960104,0.8836677074432373,0.11663186448231502,0.30170331131960104,0.642322339117527,0.5636938959360123,1.7616875996218335,3.0,22.0,8.0,4.579505331814289
01_1-1_1x_688_222,1-1_1x,688,222,217,0.15292829736418193,0.8101879358291626,0.013336998096678479,0.15292829736418193,0.4459315538406372,0.3325226604938507,0.6961415821161088,2.0,4.0,3.0,-0.1240687370300293
01_1-1_1x_688_243,1-1_1x,688,243,239,0.2713561625896911,0.6845154166221619,0.06652051188386088,0.2713561625896911,0.5154436230659485,0.24480003118515015,0.5567238247573605,0.0,9.0,10.0,2.829858720302582
01_1-1_1x_688_308,1-1_1x,688,308,306,0.2458212603942459,0.6206235885620117,0.004633225827960247,0.2458212603942459,0.4527999460697174,0.16003093123435974,0.34744568478980004,0.0,2.0,3.0,2.294743925333023
01_1-1_1x_688_369,1-1_1x,688,369,366,0.15499150195155792,0.8574681878089905,0.0006022782376920191,0.15499150195155792,0.25131961703300476,0.39435744285583496,0.8515402571705066,1.0,1.0,4.0,1.101124882698059
01_1-1_1x_688_402,1-1_1x,688,402,398,0.08616691221619338,0.6473848223686218,0.0067088972565156465,0.08616691221619338,0.3124990463256836,0.17155830562114716,0.36054801399854447,1.0,3.0,3.0,-0.9105406403541565
01_1-1_1x_688_444,1-1_1x,688,444,440,0.23753965286096573,0.6762987375259399,0.006914524165287392,0.23753965286096573,0.5472898930311203,0.31153638660907745,0.8540804329887751,2.0,1.0,7.0,1.75180072337389
01_1-1_1x_688_482,1-1_1x,688,482,479,0.282332798394454,0.7391329407691956,0.097464234220771,0.282332798394454,0.744638055562973,0.2756805121898651,0.5948410132080603,0.0,9.0,7.0,2.5027552247047424
01_1-1_1x_688_514,1-1_1x,688,514,512,0.19836804904248317,0.8627678155899048,0.006379968114903389,0.19836804904248317,0.5059750378131866,0.27734601497650146,0.4737541627009775,0.0,3.0,5.0,0.3436052054166794
01_1-1_1x_688_559,1-1_1x,688,559,557,0.26474847644276134,0.6435871124267578,0.027899873799911545,0.26474847644276134,0.6190114617347717,0.07606050372123718,0.134021035409643,0.0,10.0,6.0,1.4060300290584564
01_1-1_1x_688_596,1-1_1x,688,596,601,0.17102611271581905,0.6526712775230408,0.009212320956757215,0.17102611271581905,0.7411642670631409,0.018214553594589233,0.028708898349768787,0.0,1.0,2.0,-1.9878151416778564
01_1-1_1x_688_640,1-1_1x,688,640,636,0.26726997084600623,0.6856589913368225,0.006739930013111384,0.26726997084600623,0.18299254775047302,0.17224544286727905,0.335490645661247,0.0,1.0,5.0,1.1804927289485931
01_1-1_1x_688_664,1-1_1x,688,664,659,0.14621397075621867,0.7663733959197998,0.0025983819014822446,0.14621397075621867,0.4792909026145935,0.18274489045143127,0.31311851415615216,0.0,2.0,7.0,0.20828881859779358
01_1-1_1x_688_695,1-1_1x,688,695,691,0.08325059550428657,0.7296123504638672,0.00417212452635006,0.08325059550428657,0.6114479601383209,0.1840583086013794,0.337378691161403,0.0,2.0,5.0,-1.1875965893268585
01_1-1_1x_688_736,1-1_1x,688,736,735,0.30292207528477844,0.6337282061576843,0.02042224421385577,0.30292207528477844,0.5238679945468903,0.2332693338394165,0.5825050959391003,1.0,18.0,5.0,3.425051838159561
01_1-1_1x_688_763,1-1_1x,688,763,759,0.2097672343255602,0.6916360855102539,0.01946078663147664,0.2097672343255602,0.3066151440143585,0.11339399218559265,0.19610124114905308,1.0,1.0,6.0,0.2019384503364563
01_1-1_1x_689_84,1-1_1x,689,84,81,0.27229893068942945,0.7725920081138611,0.012744824252411786,0.27229893068942945,0.3937891125679016,0.31275971233844757,0.6801603871929918,1.0,1.0,4.0,1.5096779614686966
01_1-1_1x_689_186,1-1_1x,689,186,184,0.2553243934045909,0.8171243071556091,0.13017698370337424,0.2553243934045909,0.6505666077136993,0.3901407867670059,0.9137139213521256,1.0,1.0,11.0,4.985337480902672
01_1-1_1x_689_298,1-1_1x,689,298,293,0.22458539060440708,0.8054350018501282,0.042115241452559474,0.22458539060440708,0.4940211772918701,0.3011036664247513,0.5970354115926313,1.0,11.0,4.0,2.6397963762283325
01_1-1_1x_689_355,1-1_1x,689,355,351,0.28560919225466713,0.7285106182098389,0.042156672677877614,0.28560919225466713,0.2845754027366638,0.2714487314224243,0.5938992930046663,2.0,11.0,7.0,1.833014190196991
01_1-1_1x_689_419,1-1_1x,689,419,421,0.10525702140481036,0.7015783190727234,0.02778424863248085,0.10525702140481036,0.5520784556865692,0.01821717619895935,0.026658197336696644,0.0,1.0,6.0,-1.6601068079471588
01_1-1_1x_689_508,1-1_1x,689,508,503,0.1067953077415644,0.6367330551147461,0.0039682344283835744,0.1067953077415644,0.24892552196979523,0.3099514842033386,0.9484974423094636,1.0,3.0,3.0,0.18615908920764923
01_1-1_1x_689_542,1-1_1x,689,542,538,0.1742784597056226,0.5142589211463928,0.03381068862405002,0.1742784597056226,0.6379615366458893,0.17214243113994598,0.5031690554778641,1.0,4.0,5.0,1.0847149044275284
01_1-1_1x_689_601,1-1_1x,689,601,599,0.20284810809967477,0.5878897309303284,0.01488554088703939,0.20284810809967477,0.44975340366363525,0.1687219887971878,0.40251663436352053,0.0,2.0,7.0,2.163782775402069
01_1-1_1x_689_625,1-1_1x,689,625,624,0.17459576142696298,0.6787062287330627,0.026343762761475674,0.17459576142696298,0.38355332612991333,0.19079269468784332,0.3910379224491051,2.0,1.0,6.0,1.3640648871660233
01_1-1_1x_689_660,1-1_1x,689,660,658,0.21186612580815836,0.7720698714256287,0.030664191443339543,0.21186612580815836,0.38745036721229553,0.22447305917739868,0.4099239698927306,0.0,1.0,7.0,0.789986178278923
01_1-1_1x_689_685,1-1_1x,689,685,682,0.1642319841812286,0.7013875246047974,0.03428703413356081,0.1642319841812286,0.5123129189014435,0.11532998085021973,0.19678951679618048,1.0,1.0,5.0,0.17353767156600952
01_1-1_1x_689_714,1-1_1x,689,714,715,0.07713267984102484,0.6390981674194336,0.02347955428960991,0.07713267984102484,0.25499218702316284,0.07866007089614868,0.14035461076633027,0.0,1.0,3.0,-1.6067183017730713
01_1-1_1x_689_759,1-1_1x,689,759,761,0.11224615875243155,0.5750321745872498,0.008223538905995266,0.11224615875243155,0.46991270780563354,0.1709982454776764,0.42322743996903767,0.0,1.0,5.0,0.6756724268198013
01_1-1_1x_712_65,1-1_1x,712,65,65,0.1670447535864542,0.5319761037826538,0.009437865033728381,0.1670447535864542,0.5450890585780144,0.12721559405326843,0.31429843325951484,0.0,1.0,3.0,0.3297813721001148
01_1-1_1x_712_141,1-1_1x,712,141,139,0.12959392498684993,0.5995279550552368,0.016050691628239702,0.12959392498684993,0.49236223101615906,0.20312795042991638,0.512431755952965,0.0,2.0,6.0,-0.06493277847766876
01_1-1_1x_712_194,1-1_1x,712,194,191,0.3456356921682901,0.7489670515060425,0.016359230043650794,0.3456356921682901,0.3835428059101105,0.38865926861763,1.0786868535060148,2.0,28.0,14.0,5.292986020445824
01_1-1_1x_712_253,1-1_1x,712,253,249,0.20932716935543733,0.8555386066436768,0.0683945321569881,0.20932716935543733,0.3384752869606018,0.2033604085445404,0.31181724433178304,0.0,1.0,7.0,1.2730490267276764
01_1-1_1x_712_279,1-1_1x,712,279,284,0.12161673301572139,0.7559584975242615,0.0011526439607378771,0.12161673301572139,0.48074209690093994,0.09289616346359253,0.140101704910134,0.0,1.0,2.0,-2.1613244265317917
01_1-1_1x_712_365,1-1_1x,712,365,361,0.2903305812503692,0.7317476868629456,0.1038304864074352,0.2903305812503692,0.32770316302776337,0.4061528742313385,1.2474181358991077,1.0,21.0,10.0,3.2338902950286865
01_1-1_1x_712_415,1-1_1x,712,415,414,0.09126608629440763,0.6218002438545227,0.0003788368830687668,0.09126608629440763,0.4636099636554718,0.1631057858467102,0.3555869991434084,0.0,1.0,4.0,-0.8935078084468842
01_1-1_1x_712_470,1-1_1x,712,470,470,0.11004164236279035,0.5955870151519775,0.005794747846490776,0.11004164236279035,0.6696498394012451,0.21035580337047577,0.546050779213048,0.0,1.0,7.0,0.2013859897851944
01_1-1_1x_712_538,1-1_1x,712,538,533,0.31485262326266683,0.677742063999176,0.03443889331829751,0.31485262326266683,0.3572174310684204,0.3099154978990555,0.8425587667169696,2.0,22.0,10.0,4.591001063585281
01_1-1_1x_712_639,1-1_1x,712,639,638,0.10461777631744754,0.6093748211860657,0.004785877918697987,0.10461777631744754,0.6566042006015778,0.17275585234165192,0.3956673087265989,0.0,1.0,3.0,0.004215031862258911
01_1-1_1x_712_717,1-1_1x,712,717,714,0.16864621981738454,0.3806540369987488,0.0017248837099842287,0.16864621981738454,0.2308490127325058,0.11869747936725616,0.4531189462881622,2.0,4.0,5.0,1.2405822575092316
01_1-1_1x_712_769,1-1_1x,712,769,764,0.08750192203987757,0.4665223956108093,0.01822899781722824,0.08750192203987757,0.34397315979003906,0.1427171230316162,0.44074984293750763,0.0,1.0,5.0,0.507280558347702
01_1-1_1x_712_806,1-1_1x,712,806,802,0.17885585410094157,0.5552562475204468,0.0038594971821311634,0.17885585410094157,0.5094357430934906,0.26227517426013947,0.8951949398694218,1.0,7.0,7.0,1.3287238106131554
01_1-1_1x_712_848,1-1_1x,712,848,845,0.2025920221743419,0.47540193796157837,0.011280512136550954,0.2025920221743419,0.3685925602912903,0.18052704632282257,0.6122157275566953,0.0,1.0,2.0,0.5016310214996338
01_1-1_1x_741_114,1-1_1x,741,114,112,0.33459057026892014,0.6853288412094116,0.04121007834421905,0.33459057026892014,0.3309061899781227,0.39302918314933777,1.3446104787045692,0.0,40.0,11.0,3.327807731926441
01_1-1_1x_741_231,1-1_1x,741,231,227,0.27709477971492197,0.6462352871894836,0.018259878595086983,0.27709477971492197,0.38420513505116105,0.3845598101615906,1.4696058435792925,1.0,31.0,11.0,3.969386889366433
01_1-1_1x_741_317,1-1_1x,741,317,312,0.2588359998440233,0.7976059317588806,0.019214318419606125,0.2588359998440233,0.21312028169631958,0.48393677175045013,1.5428254780847546,3.0,1.0,9.0,3.8922057449817657
01_1-1_1x_741_377,1-1_1x,741,377,373,0.25318824388029015,0.5161657333374023,0.037235905063596954,0.25318824388029015,0.4838589280843735,0.21465133130550385,0.7119107076112237,2.0,4.0,7.0,2.3967369869351387
01_1-1_1x_741_425,1-1_1x,741,425,426,0.23925943619685486,0.5349365472793579,0.030246878515551374,0.23925943619685486,0.29289117455482483,0.14547143876552582,0.3735159725106911,0.0,1.0,5.0,2.062205508351326
01_1-1_1x_741_515,1-1_1x,741,515,516,0.2037660839193456,0.5442779064178467,0.000985678209358839,0.2037660839193456,0.4406054615974426,0.20276667177677155,0.5937335326314441,1.0,2.0,6.0,1.5456111133098602
01_1-1_1x_741_637,1-1_1x,741,637,634,0.367384835780883,0.6405882835388184,0.06968479182968033,0.367384835780883,0.5017192661762238,0.3508777320384979,1.211132042728205,0.0,,5.0,3.9225088134407997
01_1-1_1x_741_715,1-1_1x,741,715,712,0.09863365880964867,0.6884762644767761,0.001268837114963716,0.09863365880964867,0.5443845391273499,0.1571703553199768,0.2958189483896604,0.0,1.0,2.0,-1.0565150827169418
01_1-1_1x_741_816,1-1_1x,741,816,814,0.32408027104075415,0.601791262626648,0.03822025341164079,0.32408027104075415,0.5483150482177734,0.3409433215856552,1.307057744926096,0.0,14.0,8.0,3.442727394402027
01_1-1_1x_742_136,1-1_1x,742,136,132,0.21941786395225826,0.54832524061203,0.0502686517824969,0.21941786395225826,0.225073903799057,0.13471680879592896,0.32571098273892746,2.0,15.0,6.0,2.175504818558693
01_1-1_1x_742_188,1-1_1x,742,188,183,0.12701929747415275,0.5113770365715027,0.015066449337582347,0.12701929747415275,0.300101101398468,0.057978615164756775,0.12787564408554453,1.0,1.0,4.0,-0.15588058531284332
01_1-1_1x_742_235,1-1_1x,742,235,231,0.31454919385834784,0.6021827459335327,0.3108940433187625,0.31454919385834784,0.2119503915309906,0.24665865302085876,0.6937888540832157,3.0,,13.0,4.530168503522873
01_1-1_1x_742_280,1-1_1x,742,280,276,0.15809749849985438,0.7677751183509827,0.010025807738993744,0.15809749849985438,0.35794752836227417,0.10018327832221985,0.1500666609674311,1.0,2.0,1.0,0.22358354926109314
01_1-1_1x_742_365,1-1_1x,742,365,362,0.1350458106356748,0.764373242855072,0.009734131843104336,0.1350458106356748,0.34102410078048706,0.1459057629108429,0.23591501193239794,0.0,1.0,10.0,0.47811415791511536
01_1-1_1x_742_421,1-1_1x,742,421,417,0.21251369583245788,0.6659079194068909,0.053291315358256174,0.21251369583245788,0.3559737205505371,0.1365073323249817,0.2578526273977501,1.0,6.0,8.0,0.7806245982646942
01_1-1_1x_742_443,1-1_1x,742,443,440,0.1679993805892804,0.7543565630912781,0.0006245672003115006,0.1679993805892804,0.230027437210083,0.17183560132980347,0.294986125151948,0.0,5.0,6.0,1.3148759007453918
01_1-1_1x_742_648,1-1_1x,742,648,644,0.23301281667713775,0.35388219356536865,0.4455951527665666,0.23301281667713775,0.4196181744337082,0.1300077736377716,0.5807174114837116,2.0,,6.0,1.8856850191950798
01_1-1_1x_742_676,1-1_1x,742,676,672,0.2086683460660393,0.6327780485153198,0.013908043512445909,0.2086683460660393,0.30951938033103943,0.2105685919523239,0.4987301650381342,1.0,11.0,14.0,2.6088792234659195
01_1-1_1x_742_693,1-1_1x,742,693,694,0.19618886460164475,0.6850616931915283,9.422647800970898e-05,0.19618886460164475,0.4102267622947693,0.1532999575138092,0.28828692857794974,0.0,2.0,4.0,1.3334888517856598
01_1-1_1x_742_731,1-1_1x,742,731,734,0.18889816103514262,0.6853808164596558,0.021812576677530778,0.18889816103514262,0.2959950268268585,0.08388003706932068,0.13945125250600543,0.0,1.0,6.0,-0.02967071533203125
01_1-1_1x_742_757,1-1_1x,742,757,752,0.19209712721489536,0.8885250091552734,0.0013696564013722312,0.19209712721489536,0.31863975524902344,0.285705029964447,0.47394751306675803,2.0,1.0,6.0,1.679573118686676
01_1-1_1x_742_802,1-1_1x,742,802,797,0.13957882912634864,0.7151235938072205,0.0445111431532974,0.13957882912634864,0.2714061141014099,0.07795187830924988,0.12234045613328572,0.0,3.0,4.0,-0.0630006492137909
01_1-1_1x_795_46,1-1_1x,795,46,49,0.12074458011508814,0.5861025452613831,0.0063530741088989465,0.12074458011508814,0.43798673152923584,0.10447511076927185,0.21692101256533197,0.0,1.0,5.0,0.6489053070545197
01_1-1_1x_795_102,1-1_1x,795,102,97,0.2437819131957772,0.7168184518814087,0.006836636745651822,0.2437819131957772,0.15994995832443237,0.23265929520130157,0.4805430032484625,1.0,1.0,9.0,2.4964117109775543
01_1-1_1x_795_134,1-1_1x,795,134,131,0.31122373084006283,0.8692952990531921,0.06860079135470087,0.31122373084006283,0.5526109933853149,0.2599867582321167,0.4266914720771365,0.0,14.0,9.0,2.999770924448967
01_1-1_1x_795_210,1-1_1x,795,210,206,0.14598666414647515,0.8273460268974304,0.06980356290131816,0.14598666414647515,0.350019633769989,0.26247844099998474,0.4646725136174461,0.0,3.0,4.0,-0.6619720011949539
01_1-1_1x_795_270,1-1_1x,795,270,265,0.2738812369213809,0.8103309869766235,0.002269456077608729,0.2738812369213809,0.3191301226615906,0.386763334274292,0.9131087603285317,2.0,7.0,6.0,2.9465752243995667
01_1-1_1x_795_288,1-1_1x,795,288,291,0.13041086104436084,0.6720263361930847,0.019641096462739083,0.13041086104436084,0.1597798466682434,0.1370067596435547,0.25607803087719566,1.0,1.0,6.0,1.1493352055549622
01_1-1_1x_795_516,1-1_1x,795,516,511,0.2962422514376768,0.9456851482391357,0.17971236824589693,0.2962422514376768,0.45213583111763,0.682044044137001,2.5870170983382654,3.0,36.0,6.0,5.046959474682808
01_1-1_1x_795_557,1-1_1x,795,557,555,0.1631983907561941,0.681380569934845,0.030574367894510762,0.1631983907561941,0.3013993203639984,0.19038301706314087,0.38774738478765347,0.0,1.0,10.0,0.49592188000679016
01_1-1_1x_795_620,1-1_1x,795,620,624,0.14870844201712197,0.6117843389511108,0.0069862979111295995,0.14870844201712197,0.25890758633613586,0.1501007378101349,0.3251160262984982,1.0,1.0,7.0,0.12595036625862122
01_1-1_1x_795_698,1-1_1x,795,698,703,0.08471988719982688,0.5413679480552673,0.00977227974775739,0.08471988719982688,0.3204391896724701,0.11634056270122528,0.27372486270341184,0.0,2.0,3.0,-0.9305962771177292
01_1-1_1x_800_165,1-1_1x,800,165,160,0.26889247043066816,0.6322616934776306,0.011341678398148992,0.26889247043066816,0.5626961588859558,0.16754887998104095,0.36054284520448354,2.0,1.0,3.0,2.3900816589593887
01_1-1_1x_800_188,1-1_1x,800,188,184,0.21308674582055778,0.7697083950042725,0.0023916249831254306,0.21308674582055778,0.3656427264213562,0.16893696784973145,0.281200070798764,1.0,1.0,7.0,2.076282024383545
01_1-1_1x_800_269,1-1_1x,800,269,264,0.1051192402284448,0.7546179890632629,0.004608017145707256,0.1051192402284448,0.3411385416984558,0.22594285011291504,0.4273755912969744,1.0,3.0,3.0,0.3729276955127716
01_1-1_1x_800_302,1-1_1x,800,302,299,0.29832306716655665,0.6082381010055542,0.294271380467953,0.29832306716655665,0.26277294754981995,0.14643657207489014,0.3170984998988092,2.0,1.0,6.0,1.6905585825443268
01_1-1_1x_800_353,1-1_1x,800,353,357,0.14792731277948792,0.7891948223114014,0.003633840454538996,0.14792731277948792,0.238530695438385,0.21538731455802917,0.3753651035367851,0.0,1.0,4.0,0.1303938627243042
01_1-1_1x_800_461,1-1_1x,800,461,459,0.2731366884733527,0.6336994171142578,0.1453358695731943,0.2731366884733527,0.5998399555683136,0.3113028407096863,0.9655897844244975,2.0,,9.0,4.654769137501717
01_1-1_1x_800_631,1-1_1x,800,631,626,0.21785955836939774,0.8219555616378784,0.00023546807412713798,0.21785955836939774,0.3572641909122467,0.26612958312034607,0.4788001881994646,0.0,1.0,8.0,1.766003131866455
01_1-1_1x_800_771,1-1_1x,800,771,766,0.2690774797972072,0.6343677639961243,0.05583156683733744,0.2690774797972072,0.31793856620788574,0.27380532026290894,0.7593839153849893,1.0,2.0,8.0,2.574343353509903
01_1-1_1x_800_789,1-1_1x,800,789,786,0.230801748561974,0.8907021880149841,0.018547989068825207,0.230801748561974,0.5509431958198547,0.41630831360816956,0.8775583667236942,1.0,1.0,3.0,3.1983740031719208
01_1-1_1x_800_839,1-1_1x,800,839,844,0.07885169084083232,0.6028298139572144,0.21064244361477996,0.07885169084083232,0.3033478856086731,0.027665406465530396,0.048099997331511504,0.0,1.0,2.0,-2.158805951476097
01_1-1_1x_843_73,1-1_1x,843,73,68,0.2326045017170289,0.8302502036094666,0.013250473130791625,0.2326045017170289,0.3729035556316376,0.2442333996295929,0.4167685942978197,0.0,2.0,6.0,1.3066751658916473
01_1-1_1x_843_112,1-1_1x,843,112,110,0.23166195503127635,0.7739703059196472,0.00748403848892867,0.23166195503127635,0.2896316647529602,0.19108325242996216,0.3278220905507616,0.0,2.0,4.0,1.5732910931110382
01_1-1_1x_843_160,1-1_1x,843,160,155,0.19542251347410106,0.8351373076438904,0.0007376667197014936,0.19542251347410106,0.510355532169342,0.20113185048103333,0.31723993572719134,1.0,5.0,7.0,0.6338218152523041
01_1-1_1x_843_215,1-1_1x,843,215,211,0.15789834303994116,0.8063211441040039,0.0023312735705938318,0.15789834303994116,0.717876136302948,0.20263612270355225,0.33566531472566474,0.0,1.0,10.0,0.5916386842727661
01_1-1_1x_843_277,1-1_1x,843,277,272,0.23463378477265473,0.6349602341651917,0.011153966788644222,0.23463378477265473,0.30070576071739197,0.11039593815803528,0.21045263468813974,3.0,10.0,7.0,0.564399927854538
01_1-1_1x_843_303,1-1_1x,843,303,303,0.13765637159195257,0.6373509764671326,0.012015358680432244,0.13765637159195257,0.24544519186019897,0.05946502089500427,0.1029009622428559,0.0,1.0,4.0,-0.04754304885864258
01_1-1_1x_843_424,1-1_1x,843,424,421,0.29533759661918546,0.6514766216278076,0.0035293691464160413,0.29533759661918546,0.3494652956724167,0.3955437242984772,1.5454977786208457,1.0,46.0,7.0,4.0118120312690735
01_1-1_1x_843_490,1-1_1x,843,490,486,0.24583590523088242,0.5067110657691956,0.0031893926545451907,0.24583590523088242,0.3929372727870941,0.19337400794029236,0.6171437533759051,1.0,15.0,9.0,1.5493521466851234
01_1-1_1x_843_575,1-1_1x,843,575,571,0.18194850688033282,0.5779321193695068,0.00328643569085492,0.18194850688033282,0.4571533799171448,0.15032559633255005,0.35155122345866985,2.0,2.0,7.0,1.5580712109804153
01_1-1_1x_843_606,1-1_1x,843,606,604,0.17054551659087852,0.6576605439186096,0.006073899991604762,0.17054551659087852,0.5881915390491486,0.1564054936170578,0.3120277661501171,0.0,1.0,6.0,0.22626957297325134
01_1-1_1x_843_761,1-1_1x,843,761,756,0.307022484718494,0.6306541562080383,0.08569108972646856,0.307022484718494,0.3921247720718384,0.4585028514266014,2.6633713407442134,2.0,,14.0,4.665026679635048
01_1-1_1x_843_809,1-1_1x,843,809,805,0.22477500341416057,0.4905422329902649,0.009162610729839076,0.22477500341416057,0.21834099292755127,0.11352328956127167,0.30110765397827377,3.0,7.0,4.0,1.531916856765747
01_1-1_1x_843_850,1-1_1x,843,850,851,0.24584296894033392,0.5916039347648621,0.03422084673176046,0.24584296894033392,0.2255602478981018,0.1564023792743683,0.35937918259068496,0.0,1.0,8.0,0.16036967933177948
01_1-1_1x_858_112,1-1_1x,858,112,107,0.20724252406161758,0.6929563283920288,0.021621026070110707,0.20724252406161758,0.3477346897125244,0.16890853643417358,0.3223151380967129,0.0,2.0,5.0,1.0557951778173447
01_1-1_1x_858_176,1-1_1x,858,176,172,0.24350994111515803,0.671088457107544,0.07018679059635825,0.24350994111515803,0.29994291067123413,0.2127121537923813,0.4640557381652608,0.0,12.0,9.0,1.712550014257431
01_1-1_1x_858_198,1-1_1x,858,198,194,0.09644997649308773,0.7603693604469299,0.03386596989137539,0.09644997649308773,0.2835267186164856,0.22116419672966003,0.41016705998317665,1.0,2.0,2.0,-0.6151967197656631
01_1-1_1x_858_250,1-1_1x,858,250,245,0.22334045075022985,0.7016978859901428,0.04951729918861598,0.22334045075022985,0.329885870218277,0.2716168165206909,0.6315479471248466,2.0,2.0,5.0,2.0663656294345856
01_1-1_1x_858_271,1-1_1x,858,271,270,0.21805637891121293,0.640890896320343,0.04656851800864062,0.21805637891121293,0.39134401082992554,0.13667398691177368,0.2710618869805219,3.0,1.0,5.0,2.0305081009864807
01_1-1_1x_858_389,1-1_1x,858,389,388,0.07473593983013832,0.4133782386779785,0.007886833817069522,0.07473593983013832,0.5928612649440765,0.1063559502363205,0.34641117026437257,0.0,1.0,5.0,-0.23053070530295372
01_1-1_1x_858_478,1-1_1x,858,478,473,0.24077231513916791,0.482360303401947,0.020132161556725772,0.24077231513916791,0.47330841422080994,0.2515804246068001,1.0901315397176237,1.0,4.0,11.0,2.5017537400126457
01_1-1_1x_858_524,1-1_1x,858,524,519,0.08795744106953576,0.4354947805404663,0.005613026659108766,0.08795744106953576,0.4468027204275131,0.14293228089809418,0.4885529795268168,1.0,4.0,4.0,0.1751420795917511
01_1-1_1x_858_555,1-1_1x,858,555,552,0.26748517847743003,0.5021791458129883,0.04460601207744691,0.26748517847743003,0.4346845895051956,0.20363153517246246,0.6820739068571894,0.0,2.0,8.0,1.219854548573494
01_1-1_1x_858_609,1-1_1x,858,609,604,0.26729222612701786,0.6154942512512207,0.19853679455040532,0.26729222612701786,0.4550835192203522,0.2688456177711487,0.7755565486358796,2.0,43.0,12.0,5.287410423159599
01_1-1_1x_858_680,1-1_1x,858,680,677,0.16134466842926867,0.5854297280311584,0.005681746915220713,0.16134466842926867,0.4306313693523407,0.09342741966247559,0.18989223845768133,0.0,1.0,5.0,0.17205584049224854
01_1-1_1x_858_749,1-1_1x,858,749,754,0.20680724412873824,0.659411609172821,0.04413124371240964,0.20680724412873824,0.4019458591938019,0.30019041895866394,0.8356701306504197,1.0,1.0,7.0,1.2469517141580582
01_1-1_1x_858_779,1-1_1x,858,779,775,0.15934855128905237,0.616843581199646,0.011166992097723922,0.15934855128905237,0.16621357202529907,0.13564762473106384,0.2818968507685713,2.0,1.0,6.0,0.7450301647186279
01_1-1_1x_858_838,1-1_1x,858,838,833,0.16051342054855536,0.6507658958435059,0.001390983739391074,0.16051342054855536,0.31805214285850525,0.17775551974773407,0.3757962377378026,0.0,4.0,7.0,1.8549304157495499
01_1-1_1x_882_101,1-1_1x,882,101,98,0.22108101875259045,0.8079601526260376,0.002205838278943184,0.22108101875259045,0.5725022554397583,0.2099473774433136,0.3510750708948714,0.0,3.0,8.0,0.8102028965950012
01_1-1_1x_882_193,1-1_1x,882,193,191,0.3422094475324252,0.6316076517105103,0.013220384532615799,0.3422094475324252,0.3476457893848419,0.20754922926425934,0.4894354604890934,0.0,,6.0,2.47856505215168
01_1-1_1x_882_264,1-1_1x,882,264,261,0.09648019787986425,0.5770946145057678,0.0009398906306209186,0.09648019787986425,0.336442232131958,0.03929722309112549,0.07307068371558405,0.0,1.0,2.0,-1.1136611700057983
01_1-1_1x_882_330,1-1_1x,882,330,325,0.38097188585090064,0.5630306005477905,0.15966479379152906,0.38097188585090064,0.45378389954566956,0.24966584146022797,0.7967259694012516,1.0,,13.0,4.737919375300407
01_1-1_1x_882_348,1-1_1x,882,348,351,0.1938103001388286,0.7085587382316589,0.007512986067558566,0.1938103001388286,0.4258177876472473,0.12116172909736633,0.20626889005773938,0.0,2.0,8.0,2.4691437780857086
01_1-1_1x_882_426,1-1_1x,882,426,423,0.3193465994527721,0.7061713337898254,0.02291597299098465,0.3193465994527721,0.4591597318649292,0.28833962976932526,0.6900855703261292,0.0,23.0,8.0,3.0258481055498123
01_1-1_1x_882_460,1-1_1x,882,460,462,0.2008252451630465,0.7339482307434082,0.008641836411224742,0.2008252451630465,0.6039162874221802,0.11673057079315186,0.1891238348600712,0.0,1.0,3.0,-0.8933939933776855
01_1-1_1x_882_536,1-1_1x,882,536,531,0.22526176216358415,0.748550534248352,0.0035288470392658027,0.22526176216358415,0.25600600242614746,0.18957766890525818,0.3391536166767177,1.0,5.0,10.0,1.5166139006614685
01_1-1_1x_882_689,1-1_1x,882,689,685,0.382146852316934,0.4988734722137451,0.010083081935784508,0.382146852316934,0.2812712490558624,0.3079073056578636,1.6123657463049204,3.0,,10.0,5.458849191665649
01_1-1_1x_882_798,1-1_1x,882,798,793,0.28875601632179315,0.5049692392349243,0.02270885918171868,0.28875601632179315,0.44773969054222107,0.2147618532180786,0.7400289019715449,1.0,39.0,8.0,3.563384547829628
01_1-1_1x_882_822,1-1_1x,882,822,817,0.15393171881964157,0.6466584205627441,0.009207202272561752,0.15393171881964157,0.16160857677459717,0.16359040141105652,0.3386487925620423,1.0,1.0,10.0,0.8014529347419739
01_1-1_1x_905_138,1-1_1x,905,138,134,0.1029445841822524,0.6418680548667908,0.0034118950550594187,0.1029445841822524,0.8101391196250916,0.2659507542848587,0.7074714408545666,1.0,4.0,2.0,-0.21506202220916748
01_1-1_1x_905_184,1-1_1x,905,184,182,0.12051986696887482,0.6069039106369019,0.004735709484365925,0.12051986696887482,0.5963634848594666,0.21333959698677063,0.5420704814624635,0.0,1.0,3.0,0.7865117192268372
01_1-1_1x_905_259,1-1_1x,905,259,259,0.22808072103165522,0.6258314251899719,0.0009939367162106905,0.22808072103165522,0.7053348422050476,0.23475247621536255,0.6002687611564685,0.0,2.0,9.0,2.246777141466737
01_1-1_1x_905_382,1-1_1x,905,382,378,0.13089793984943848,0.4965752363204956,0.04380892891846354,0.13089793984943848,0.41582752764225006,0.14870107173919678,0.42745649685763043,0.0,1.0,3.0,0.2916189655661583
01_1-1_1x_905_437,1-1_1x,905,437,433,0.3091670911618175,0.7366621494293213,0.1575555031692266,0.3091670911618175,0.7481084764003754,0.4163464903831482,1.2998006142532432,0.0,29.0,10.0,4.2131694834679365
01_1-1_1x_905_511,1-1_1x,905,511,506,0.2734499793605325,1.0,0.14977348811561117,0.2734499793605325,0.5088398456573486,0.5898236483335495,1.4379757534466189,3.0,3.0,6.0,3.717298284173012
01_1-1_1x_905_581,1-1_1x,905,581,586,0.12869824930697465,0.5757326483726501,0.0038350630467751745,0.12869824930697465,0.6083053052425385,0.09276899695396423,0.19208277202944593,0.0,1.0,4.0,0.601322129368782
01_1-1_1x_905_643,1-1_1x,905,643,638,0.07684263328202191,0.5440868735313416,0.02308364171336213,0.07684263328202191,0.5735229551792145,0.12345348298549652,0.2934942535714869,1.0,2.0,5.0,-0.3862125873565674
01_1-1_1x_905_719,1-1_1x,905,719,714,0.11035785691321998,0.4726967513561249,0.0013629145620580754,0.11035785691321998,0.27314548194408417,0.16517077386379242,0.5370953543848523,1.0,6.0,7.0,1.3137826472520828
01_1-1_1x_905_773,1-1_1x,905,773,768,0.0956521717981687,0.5591028332710266,0.009732581864942014,0.0956521717981687,0.526902586221695,0.20720233023166656,0.5888094175542881,1.0,6.0,7.0,-0.4358687363564968
01_1-1_1x_905_827,1-1_1x,905,827,823,0.11257305080733737,0.5359257459640503,0.0007188097491206323,0.11257305080733737,0.6009989231824875,0.15491007268428802,0.40657139206592346,0.0,3.0,6.0,-0.04325263947248459
01_1-1_1x_919_97,1-1_1x,919,97,95,0.1128503179049517,0.6289563775062561,0.04735931755816764,0.1128503179049517,0.5068336725234985,0.1591678410768509,0.3388074180919673,0.0,1.0,8.0,0.8186870962381363
01_1-1_1x_919_165,1-1_1x,919,165,160,0.09210580183839212,0.5813956260681152,0.0009733286227242353,0.09210580183839212,0.47232356667518616,0.1839205026626587,0.4627220468211416,0.0,2.0,6.0,0.03665211796760559
01_1-1_1x_919_325,1-1_1x,919,325,320,0.22069941811835314,0.5658381581306458,0.0466892755214826,0.22069941811835314,0.400007039308548,0.36104627698659897,1.7629911643452592,2.0,30.0,6.0,3.331018589437008
01_1-1_1x_919_437,1-1_1x,919,437,433,0.3714436172636556,0.6252163648605347,0.5073888318759014,0.3714436172636556,0.4865829646587372,0.31413979828357697,1.0098471953073374,6.0,,9.0,6.889973938465118
01_1-1_1x_919_572,1-1_1x,919,572,567,0.3106878364244086,0.7280084490776062,0.038242403185117006,0.3106878364244086,0.514537051320076,0.34571973979473114,0.9043420101086881,0.0,18.0,11.0,4.033842742443085
01_1-1_1x_919_624,1-1_1x,919,624,619,0.2088107684416206,0.7597723603248596,0.004943334684873992,0.2088107684416206,0.7057236433029175,0.166456401348114,0.28055271197355086,1.0,6.0,8.0,1.4314654767513275
01_1-1_1x_919_639,1-1_1x,919,639,641,0.19307253381697087,0.8304241895675659,0.00558745852911034,0.19307253381697087,0.41536247730255127,0.1843567192554474,0.2853521152618684,2.0,1.0,4.0,1.9221495389938354
01_1-1_1x_919_722,1-1_1x,919,722,719,0.1685258999322254,0.578098475933075,0.0004819519045045166,0.1685258999322254,0.27166685461997986,0.0685809850692749,0.13459986418328354,0.0,1.0,2.0,0.3594537377357483
01_1-1_1x_919_810,1-1_1x,919,810,805,0.2621386019789788,0.46081817150115967,0.04600596871994995,0.2621386019789788,0.323511004447937,0.154828742146492,0.5059937608728058,1.0,5.0,7.0,2.5284475162625313
01_1-1_1x_919_846,1-1_1x,919,846,843,0.18951885982307726,0.6653700470924377,0.00288674792482956,0.18951885982307726,0.36300820112228394,0.1931247115135193,0.4089499608858404,2.0,1.0,6.0,1.048972725868225
01_1-1_1x_921_95,1-1_1x,921,95,91,0.25437876304134993,0.8343551754951477,0.07021123531903214,0.25437876304134993,0.40374138951301575,0.31354695558547974,0.6020391837130818,0.0,13.0,7.0,2.8666346818208694
01_1-1_1x_921_169,1-1_1x,921,169,166,0.13072615652264746,0.6805702447891235,0.0763306013369851,0.13072615652264746,0.5665500164031982,0.09912478923797607,0.17047994492280705,0.0,1.0,3.0,-1.630841076374054
01_1-1_1x_921_248,1-1_1x,921,248,245,0.3142985132359689,0.58181232213974,0.32793676884759854,0.3142985132359689,0.3062063157558441,0.23596645891666412,0.6822879323106494,5.0,,10.0,4.437852174043655
01_1-1_1x_921_295,1-1_1x,921,295,291,0.11496958795760176,0.6611562967300415,0.0713893304396368,0.11496958795760176,0.38682281970977783,0.08399778604507446,0.14553677107764829,0.0,2.0,5.0,-0.8122275769710541
01_1-1_1x_921_328,1-1_1x,921,328,323,0.2699709690200007,0.7339729070663452,0.11801996316491828,0.2699709690200007,0.36503663659095764,0.2175959050655365,0.42138961305870803,1.0,8.0,8.0,2.3560394942760468
01_1-1_1x_921_430,1-1_1x,921,430,429,0.2505805879840434,0.6454614400863647,0.013409468843137096,0.2505805879840434,0.3469150960445404,0.20786471664905548,0.47501433515380165,0.0,1.0,8.0,1.3389752805233002
01_1-1_1x_921_465,1-1_1x,921,465,467,0.1335068379187077,0.7341703772544861,0.08586357803919219,0.1335068379187077,0.5564376711845398,0.13927701115608215,0.23412096872003735,1.0,1.0,5.0,-1.0906583219766617
01_1-1_1x_921_489,1-1_1x,921,489,490,0.10886167667518812,0.6808911561965942,0.02386519841281442,0.10886167667518812,0.49689242243766785,0.1353708803653717,0.24815004384411524,0.0,1.0,1.0,-0.8414848446846008
01_1-1_1x_921_531,1-1_1x,921,531,526,0.10982390883351198,0.5351057648658752,0.02160369295766271,0.10982390883351198,0.23187091946601868,0.11598750948905945,0.2767417262337542,0.0,2.0,3.0,0.8103552609682083
01_1-1_1x_921_588,1-1_1x,921,588,588,0.08060100566163113,0.48340749740600586,0.0006953639265993563,0.08060100566163113,0.37516745924949646,0.16795773804187775,0.5324389480608281,1.0,1.0,4.0,0.3588005006313324
01_1-1_1x_921_704,1-1_1x,921,704,699,0.34259750149684726,0.6050136685371399,0.520850969970532,0.34259750149684726,0.553345650434494,0.32497695088386536,1.160479788533421,2.0,40.0,13.0,4.854125693440437
01_1-1_1x_921_803,1-1_1x,921,803,804,0.2111126617095614,0.639030933380127,0.003861180959805679,0.2111126617095614,0.2767016291618347,0.20565000176429749,0.4745248043044864,0.0,1.0,4.0,1.0641761273145676
01_1-1_1x_921_853,1-1_1x,921,853,848,0.12591579109431567,0.5895823240280151,0.050719616381355935,0.12591579109431567,0.4228442907333374,0.09657074511051178,0.19587926377419052,2.0,1.0,6.0,-0.6434130370616913
01_1-2_1x_26_107,1-2_1x,26,107,102,0.17422671412184135,0.8360746502876282,0.001110958632782116,0.17422671412184135,0.27476832270622253,0.3296995759010315,0.6510975610330285,0.0,1.0,2.0,-0.24508199095726013
01_1-2_1x_26_187,1-2_1x,26,187,183,0.15169335539902112,0.6665707230567932,0.05984891374389943,0.15169335539902112,0.5162128508090973,0.2055477350950241,0.4458513793504575,1.0,2.0,6.0,0.2616327255964279
01_1-2_1x_26_231,1-2_1x,26,231,227,0.18200659843495426,0.5451299548149109,0.003882501431701694,0.18200659843495426,0.23358836770057678,0.15883289277553558,0.41116774726944655,1.0,4.0,10.0,1.2908389866352081
01_1-2_1x_26_284,1-2_1x,26,284,279,0.1186335548046596,0.5826770663261414,0.041972190591570674,0.1186335548046596,0.4734478294849396,0.1663437932729721,0.39954479749623234,0.0,1.0,7.0,0.5419740825891495
01_1-2_1x_26_354,1-2_1x,26,354,349,0.08858134260078207,0.4431127905845642,0.01963085772258034,0.08858134260078207,0.246928408741951,0.1310911625623703,0.4201348585779633,0.0,4.0,4.0,0.6473179459571838
01_1-2_1x_26_389,1-2_1x,26,389,387,0.07336082007580091,0.3863619267940521,0.0036614411858494618,0.07336082007580091,0.24911344051361084,0.09736165404319763,0.33689121853228343,0.0,2.0,2.0,0.26363854855298996
01_1-2_1x_26_513,1-2_1x,26,513,509,0.27916972105522725,0.7047817707061768,0.1385103826497992,0.27916972105522725,0.45337849855422974,0.4900461360812187,2.2820904268501985,2.0,19.0,8.0,4.5650379955768585
01_1-2_1x_26_526,1-2_1x,26,526,530,0.11611682260920647,0.5872114896774292,0.0006673123256585133,0.11611682260920647,0.4172516465187073,0.24796760082244873,0.7309419829474058,3.0,4.0,9.0,4.080582290887833
01_1-2_1x_26_563,1-2_1x,26,563,559,0.10543702783650305,0.591316282749176,0.003950577937726186,0.10543702783650305,0.29367226362228394,0.16342075169086456,0.3819174070051094,0.0,1.0,8.0,0.16424663364887238
01_1-2_1x_26_589,1-2_1x,26,589,585,0.10837086469653917,0.47796720266342163,0.02531813868019253,0.10837086469653917,0.15638631582260132,0.07157565653324127,0.17612486582167552,1.0,2.0,5.0,0.03749145567417145
01_1-2_1x_26_612,1-2_1x,26,612,608,0.3460791313489213,0.8206830024719238,0.027627391665178778,0.3460791313489213,0.3333294689655304,0.39950500428676605,0.9485419609006644,2.0,25.0,4.0,3.5396844148635864
01_1-2_1x_26_666,1-2_1x,26,666,666,0.1254316551255525,0.6845836639404297,0.00192687539935317,0.1254316551255525,0.6261827349662781,0.07090336084365845,0.11553794457124314,0.0,1.0,4.0,0.349125474691391
01_1-2_1x_26_696,1-2_1x,26,696,691,0.179291153254512,0.9231547117233276,0.04957998969252988,0.179291153254512,0.5165945291519165,0.35459932684898376,0.6236847566351932,0.0,2.0,2.0,-0.3906523585319519
01_1-2_1x_26_731,1-2_1x,26,731,735,0.11985149234298463,0.6543731689453125,0.0005204358613098274,0.11985149234298463,0.3348392844200134,0.12851828336715698,0.24439876264695437,0.0,1.0,4.0,-1.012408822774887
01_1-2_1x_26_813,1-2_1x,26,813,810,0.34034769474975946,0.7013351321220398,0.18165436032168833,0.34034769474975946,0.5046839565038681,0.31030242145061493,0.7935459438107069,1.0,24.0,11.0,4.842219576239586
01_1-2_1x_91_100,1-2_1x,91,100,102,0.1580752614351354,0.7940476536750793,0.01746426933969964,0.1580752614351354,0.26547324657440186,0.09598663449287415,0.13750464766722648,0.0,1.0,5.0,-0.241632342338562
01_1-2_1x_91_154,1-2_1x,91,154,149,0.1281656634466025,0.7645469307899475,0.01705562616459474,0.1281656634466025,0.4405457377433777,0.16612973809242249,0.27761524922696224,0.0,6.0,7.0,0.20419061183929443
01_1-2_1x_91_248,1-2_1x,91,248,244,0.08543779154784868,0.5716833472251892,0.04115177668067245,0.08543779154784868,0.3879320025444031,0.10405823588371277,0.22252491014693554,0.0,1.0,2.0,-0.7881781756877899
01_1-2_1x_91_284,1-2_1x,91,284,287,0.0877780892700526,0.48616424202919006,0.0072774312589221095,0.0877780892700526,0.3433992266654968,0.1279599368572235,0.35722612768652395,0.0,1.0,8.0,-0.1043701171875
01_1-2_1x_91_370,1-2_1x,91,370,370,0.08520725827562574,0.3721155822277069,0.004555524536018828,0.08520725827562574,0.27573440968990326,0.12671982496976852,0.5163896327538043,0.0,1.0,12.0,0.7961702644824982
01_1-2_1x_91_607,1-2_1x,91,607,604,0.08094166466150379,0.3786526024341583,0.002634536484102165,0.08094166466150379,0.6732076369225979,0.16378464549779892,0.7622571919660847,0.0,11.0,4.0,1.1505174916237593
01_1-2_1x_91_644,1-2_1x,91,644,645,0.08640175931666672,0.43548017740249634,0.001838908150287942,0.08640175931666672,0.35650932788848877,0.2168048545718193,0.9914463679090756,0.0,2.0,4.0,0.4747241623699665
01_1-2_1x_91_728,1-2_1x,91,728,724,0.3894981002165938,0.5903223156929016,0.029506476781458745,0.3894981002165938,0.43379130959510803,0.353047251701355,1.487923955270466,3.0,,11.0,5.613090578466654
01_1-2_1x_91_755,1-2_1x,91,755,750,0.21575400913257065,0.8303279280662537,0.023351048261732735,0.21575400913257065,0.32751351594924927,0.22651582956314087,0.3751429130431263,0.0,1.0,5.0,1.3483048975467682
01_1-2_1x_103_89,1-2_1x,103,89,85,0.2665835099707636,0.7628750801086426,0.12229187143944967,0.2665835099707636,0.2639597952365875,0.27151820063591003,0.5525885806814631,2.0,9.0,6.0,2.4412105679512024
01_1-2_1x_103_157,1-2_1x,103,157,152,0.2640744164230866,1.0,0.002095798291491915,0.2640744164230866,0.3279542028903961,0.4823325276374817,0.9317420030975176,0.0,2.0,5.0,2.318605452775955
01_1-2_1x_103_241,1-2_1x,103,241,236,0.2939422429843383,0.6588397026062012,0.0002389357991156405,0.2939422429843383,0.29141801595687866,0.1621261090040207,0.3263975681202476,3.0,22.0,9.0,2.825793042778969
01_1-2_1x_103_462,1-2_1x,103,462,458,0.2845955149741678,0.557623028755188,0.04420635748844317,0.2845955149741678,0.276977077126503,0.2732705771923065,0.9610276812819237,3.0,5.0,9.0,3.6982663199305534
01_1-2_1x_103_538,1-2_1x,103,538,533,0.2655478748358082,0.7802902460098267,0.03472288323861226,0.2655478748358082,0.29606571793556213,0.36393971741199493,0.874118542944226,1.0,19.0,8.0,2.8964381963014603
01_1-2_1x_103_608,1-2_1x,103,608,604,0.22038197042807078,0.6983199715614319,0.006690347912494783,0.22038197042807078,0.3232196867465973,0.2401479184627533,0.524143532628411,0.0,1.0,7.0,1.6551070362329483
01_1-2_1x_118_174,1-2_1x,118,174,170,0.3076185104784218,0.6285222172737122,0.10329026671118292,0.3076185104784218,0.16081836819648743,0.31917887926101685,1.0317949024262416,1.0,5.0,10.0,3.221326172351837
01_1-2_1x_118_341,1-2_1x,118,341,336,0.20099109425156803,0.6253544688224792,0.00591789590100407,0.20099109425156803,0.5519853681325912,0.300669327378273,0.926033529101115,1.0,3.0,7.0,1.5779178440570831
01_1-2_1x_118_478,1-2_1x,118,478,477,0.26369309785014283,0.608023464679718,0.304094531281038,0.26369309785014283,0.5502707362174988,0.31688883900642395,1.088461526256347,1.0,,15.0,3.830740824341774
01_1-2_1x_118_553,1-2_1x,118,553,551,0.11346796892380728,0.7166711091995239,0.01810741463100093,0.11346796892380728,0.27958929538726807,0.11838880181312561,0.19788116805644507,0.0,1.0,4.0,-0.25969912111759186
01_1-2_1x_118_620,1-2_1x,118,620,615,0.22844670605044265,0.6675737500190735,0.0007056083579506431,0.22844670605044265,0.6619131565093994,0.15596115589141846,0.3048422921592579,1.0,3.0,4.0,1.7547019124031067
01_1-2_1x_118_680,1-2_1x,118,680,676,0.1567990456186406,0.6559470295906067,0.048251102625938,0.1567990456186406,0.6823359429836273,0.09109285473823547,0.16126791443480656,1.0,5.0,5.0,-0.8108598589897156
01_1-2_1x_118_697,1-2_1x,118,697,693,0.14208618682350874,0.6366093754768372,0.03828413956429959,0.14208618682350874,0.22692063450813293,0.09920784831047058,0.18460656193810596,1.0,3.0,8.0,0.6209478080272675
01_1-2_1x_118_708,1-2_1x,118,708,713,0.1254997201733719,0.7112021446228027,0.009350951008749997,0.1254997201733719,0.506476104259491,0.12541764974594116,0.21410203042725695,0.0,1.0,3.0,-0.6352681070566177
01_1-2_1x_118_745,1-2_1x,118,745,743,0.09790750354024652,0.588554859161377,0.03599905325125401,0.09790750354024652,0.8258029967546463,0.10130760073661804,0.20791825707575948,0.0,1.0,3.0,-0.4879331514239311
01_1-2_1x_118_774,1-2_1x,118,774,770,0.27516591316620725,0.649060845375061,0.15494921279386667,0.27516591316620725,0.3608182370662689,0.1865658015012741,0.40338983946428447,1.0,2.0,6.0,1.766358122229576
01_1-2_1x_118_821,1-2_1x,118,821,816,0.13531168632490265,0.8509930968284607,0.007532471811115626,0.13531168632490265,0.7489471137523651,0.2700766921043396,0.46491489981695355,0.0,3.0,4.0,-0.3840942978858948
01_1-2_1x_119_76,1-2_1x,119,76,72,0.17071329235703464,0.7340712547302246,0.008354049643519866,0.17071329235703464,0.33205586671829224,0.20948326587677002,0.3993291312952456,0.0,1.0,9.0,1.0158285200595856
01_1-2_1x_119_145,1-2_1x,119,145,140,0.15334037495679684,0.7416968941688538,0.002804872987192072,0.15334037495679684,0.27366358041763306,0.24213388562202454,0.4846913832278412,0.0,11.0,7.0,1.5580891370773315
01_1-2_1x_119_187,1-2_1x,119,187,183,0.1721331710348727,0.6986756324768066,0.014413670570981868,0.1721331710348727,0.4492030143737793,0.19824859499931335,0.3961588406546271,0.0,8.0,6.0,0.10770672559738159
01_1-2_1x_119_215,1-2_1x,119,215,217,0.1416098047081744,0.6355676651000977,0.06847139471940414,0.1416098047081744,0.4069508910179138,0.10459277033805847,0.19698251531257913,0.0,1.0,4.0,-1.4717407077550888
01_1-2_1x_119_229,1-2_1x,119,229,234,0.13524477417299047,0.6670209765434265,0.024738416552169094,0.13524477417299047,0.35663819313049316,0.17445501685142517,0.3541759502839191,0.0,1.0,3.0,-0.4634424299001694
01_1-2_1x_119_312,1-2_1x,119,312,311,0.11046986834065739,0.5523210167884827,0.06934064169761635,0.11046986834065739,0.6003544628620148,0.13598953187465668,0.326637635639794,0.0,1.0,5.0,0.012096062302589417
01_1-2_1x_119_397,1-2_1x,119,397,396,0.11915790202127047,0.5742102861404419,0.003784781501220942,0.11915790202127047,0.33832380175590515,0.16043537855148315,0.38773588153600314,0.0,1.0,4.0,-0.20299667119979858
01_1-2_1x_119_483,1-2_1x,119,483,480,0.1437004067787686,0.6204718947410583,0.005807774908983484,0.1437004067787686,0.4359167516231537,0.21050021052360535,0.5134506079984635,0.0,4.0,7.0,1.1915326714515686
01_1-2_1x_119_524,1-2_1x,119,524,524,0.10324882651253506,0.5831327438354492,0.00805680790018675,0.10324882651253506,0.36444738507270813,0.18043145537376404,0.44805283852706396,0.0,1.0,5.0,-0.09208537638187408
01_1-2_1x_119_643,1-2_1x,119,643,638,0.31886242431088446,0.6039447784423828,0.4237236590269088,0.31886242431088446,0.48035772144794464,0.28886018693447113,0.9167702728720009,4.0,10.0,8.0,3.6232101023197174
01_1-2_1x_119_751,1-2_1x,119,751,756,0.09420140635472488,0.49040094017982483,0.004857629281627824,0.09420140635472488,0.15106508135795593,0.10036133229732513,0.25731061735545385,0.0,1.0,8.0,0.05395285785198212
01_1-2_1x_119_849,1-2_1x,119,849,845,0.17870942362764208,0.37224772572517395,0.07037930430825537,0.17870942362764208,0.38578757643699646,0.20669285207986832,1.2484854569893187,1.0,9.0,5.0,2.8233473389409482
01_1-2_1x_122_50,1-2_1x,122,50,46,0.17118936043477342,0.5835445523262024,0.004595719871907045,0.17118936043477342,0.24335873126983643,0.27076050639152527,0.8656467934047756,0.0,3.0,4.0,1.7580979987978935
01_1-2_1x_122_78,1-2_1x,122,78,80,0.14384275974242927,0.561195433139801,0.007259070578421654,0.14384275974242927,0.9941071420907974,0.16542737185955048,0.4179907072956257,0.0,1.0,3.0,0.0763896033167839
01_1-2_1x_122_107,1-2_1x,122,107,103,0.12097605233368969,0.4939342439174652,0.013928248464037236,0.12097605233368969,0.5892765671014786,0.12050443887710571,0.3226963602010339,1.0,6.0,6.0,0.07395429164171219
01_1-2_1x_122_162,1-2_1x,122,162,160,0.36875090522950515,0.6000596284866333,0.28555066777925836,0.36875090522950515,0.5393495857715607,0.343157060444355,1.3357478792811517,1.0,,9.0,5.473484607413411
01_1-2_1x_122_237,1-2_1x,122,237,242,0.09697653036753665,0.7198987007141113,0.011802082782877445,0.09697653036753665,0.46167904138565063,0.11873194575309753,0.1975025145241064,0.0,1.0,5.0,-2.3915689885616302
01_1-2_1x_122_291,1-2_1x,122,291,296,0.08507906172279411,0.6595745086669922,0.00522236920275174,0.08507906172279411,0.2445487678050995,0.313255250453949,0.904527377629244,0.0,2.0,2.0,0.6621678918600082
01_1-2_1x_122_342,1-2_1x,122,342,338,0.13152537697783123,0.42984580993652344,0.013838745171364774,0.13152537697783123,0.5245540887117386,0.16087153553962708,0.5980926462217955,2.0,6.0,11.0,0.6044344939291477
01_1-2_1x_122_387,1-2_1x,122,387,382,0.10600404105639522,0.5010879635810852,0.07367883201445846,0.10600404105639522,0.3646271526813507,0.20447403192520142,0.68936084958552,1.0,5.0,4.0,0.14820070192217827
01_1-2_1x_122_442,1-2_1x,122,442,437,0.10010613121537267,0.5428270697593689,0.026922761987390225,0.10010613121537267,0.35898635536432266,0.2891654744744301,1.1399655282842862,0.0,3.0,4.0,0.6904058307409286
01_1-2_1x_122_471,1-2_1x,122,471,466,0.0914708357900454,0.44961991906166077,0.007368942804550954,0.0914708357900454,0.4035037159919739,0.19133305549621582,0.7407773390214857,1.0,1.0,4.0,-0.14665038138628006
01_1-2_1x_122_504,1-2_1x,122,504,500,0.3345539296061951,0.6348114609718323,0.653971863385337,0.3345539296061951,0.2682786285877228,0.33604517579078674,1.1247760957604405,4.0,5.0,9.0,5.618277996778488
01_1-2_1x_122_656,1-2_1x,122,656,656,0.2377026617694915,0.612542986869812,0.12172001744478875,0.2377026617694915,0.6636818051338196,0.3041788339614868,0.986427349264288,1.0,3.0,10.0,2.866462767124176
01_1-2_1x_122_769,1-2_1x,122,769,765,0.18109074924775354,0.6349576711654663,0.002619556376533366,0.18109074924775354,0.8468560772016644,0.30970190465450287,0.9521795969267273,0.0,1.0,7.0,0.9229146232828498
01_1-2_1x_122_835,1-2_1x,122,835,832,0.3127525719923564,0.7279064059257507,0.41571642192978786,0.3127525719923564,0.31807634234428406,0.3839060813188553,1.1160049972556332,1.0,4.0,11.0,4.373464968055487
01_1-2_1x_125_117,1-2_1x,125,117,113,0.24667008163182605,0.5821934938430786,0.020470261720980085,0.24667008163182605,0.3582327365875244,0.17489506304264069,0.4294027421095889,0.0,28.0,9.0,2.4008142203092575
01_1-2_1x_125_420,1-2_1x,125,420,415,0.08601697806055722,0.4553368091583252,0.0035967406295640573,0.08601697806055722,0.1813143640756607,0.2420344576239586,1.1347013095866538,2.0,1.0,4.0,0.5626503750681877
01_1-2_1x_125_640,1-2_1x,125,640,636,0.06268794338290809,0.33442413806915283,0.004078733585235932,0.06268794338290809,0.4577968865633011,0.11279838532209396,0.5089588367956074,1.0,1.0,7.0,0.3784703463315964
01_1-2_1x_125_693,1-2_1x,125,693,688,0.377454394023096,0.6166766285896301,0.21756591168178202,0.377454394023096,0.34951210021972656,0.40969669818878174,1.9794030145596302,3.0,,9.0,7.589780047535896
01_1-2_1x_125_740,1-2_1x,125,740,739,0.25329433263430867,0.7154947519302368,0.00860348737386877,0.25329433263430867,0.33383169770240784,0.15035709738731384,0.26605393602541133,0.0,13.0,4.0,1.2564746737480164
01_1-2_1x_125_782,1-2_1x,125,782,785,0.13712856496932696,0.763506293296814,0.003236802394980094,0.13712856496932696,0.44174981117248535,0.0786152184009552,0.11478499469847676,1.0,1.0,3.0,-0.42830201983451843
01_1-2_1x_125_846,1-2_1x,125,846,845,0.12158466529178551,0.8190004229545593,0.0013042570419772531,0.12158466529178551,0.20001530647277832,0.19600552320480347,0.3146181827227395,0.0,2.0,2.0,0.8465593755245209
01_1-2_1x_132_89,1-2_1x,132,89,94,0.09525992527474855,0.6274645924568176,0.002711104815731432,0.09525992527474855,0.08850029110908508,0.16635334491729736,0.3607661834426188,1.0,2.0,4.0,-0.19830144941806793
01_1-2_1x_132_165,1-2_1x,132,165,161,0.09568192873413157,0.4243132174015045,0.004761045353185776,0.09568192873413157,0.3001394122838974,0.1275862604379654,0.4299786636966819,2.0,4.0,8.0,0.3509287163615227
01_1-2_1x_132_244,1-2_1x,132,244,239,0.0662159826164201,0.40165767073631287,0.007832659949928397,0.0662159826164201,0.19602574408054352,0.14746367931365967,0.5801226004137485,1.0,1.0,8.0,0.47150710970163345
01_1-2_1x_132_317,1-2_1x,132,317,312,0.07253103086043651,0.4238758683204651,0.0025141336971335956,0.07253103086043651,0.39959201216697693,0.20904390513896942,0.9730577426337795,1.0,4.0,7.0,1.1640287339687347
01_1-2_1x_132_384,1-2_1x,132,384,381,0.06392769834578649,0.36960625648498535,0.0023042573092579136,0.06392769834578649,0.5339202210307121,0.1787598431110382,0.9366686014726076,0.0,3.0,5.0,0.367965891957283
01_1-2_1x_132_439,1-2_1x,132,439,434,0.07481669120823514,0.32582852244377136,0.002377479393729694,0.07481669120823514,0.4766199365258217,0.15575530380010605,0.9158132305736041,0.0,7.0,5.0,1.1784010510891676
01_1-2_1x_132_478,1-2_1x,132,478,473,0.4329515778143039,0.7056276798248291,0.029011906347343148,0.4329515778143039,0.22653264552354813,0.48897338658571243,2.2569291347762173,5.0,,15.0,7.14649011939764
01_1-2_1x_132_603,1-2_1x,132,603,602,0.09690022468339488,0.6087074279785156,0.0020761531515348145,0.09690022468339488,0.2556447982788086,0.09989911317825317,0.19633938808069504,1.0,1.0,7.0,-0.4333740174770355
01_1-2_1x_132_648,1-2_1x,132,648,643,0.10349228594032914,0.5860075354576111,0.021357285996775725,0.10349228594032914,0.2401781678199768,0.18255159258842468,0.4524697078203998,0.0,1.0,4.0,0.21634814143180847
01_1-2_1x_132_729,1-2_1x,132,729,729,0.0870935410264293,0.38487759232521057,0.004555447486871324,0.0870935410264293,0.29187311232089996,0.12893806397914886,0.5037833148024277,0.0,2.0,8.0,1.3911520913243294
01_1-2_1x_132_777,1-2_1x,132,777,772,0.46342864012261065,0.7622254490852356,0.0759376895008695,0.46342864012261065,0.3104891926050186,0.4707140177488327,1.6147360519993839,4.0,,13.0,7.635297432541847
01_1-2_1x_133_77,1-2_1x,133,77,76,0.13615409559766206,0.6499099731445312,0.0038218987041709683,0.13615409559766206,0.29376980662345886,0.1337931752204895,0.25923042179336353,1.0,1.0,1.0,0.1561248004436493
01_1-2_1x_133_116,1-2_1x,133,116,113,0.2117177438272025,0.6628530025482178,0.011263344664230322,0.2117177438272025,0.1603708565235138,0.146341472864151,0.2833266334899887,2.0,2.0,7.0,2.310077667236328
01_1-2_1x_133_160,1-2_1x,133,160,157,0.16064989147774023,0.6399463415145874,0.0007099861004403848,0.16064989147774023,0.4476047158241272,0.12331902980804443,0.2387001751817811,1.0,2.0,3.0,0.3188192546367645
01_1-2_1x_133_200,1-2_1x,133,200,197,0.2116144061007165,0.7803887128829956,0.007966352549507274,0.2116144061007165,0.11462414264678955,0.23454806208610535,0.4297006127038745,0.0,4.0,4.0,1.0891675353050232
01_1-2_1x_133_244,1-2_1x,133,244,243,0.15009120386889857,0.7544281482696533,0.05468444990706702,0.15009120386889857,0.5391840934753418,0.10629615187644958,0.1640038641325812,0.0,1.0,6.0,-0.8371354341506958
01_1-2_1x_133_258,1-2_1x,133,258,263,0.13532558074340728,0.7414008975028992,0.1027924105054002,0.13532558074340728,0.45693230628967285,0.12994036078453064,0.21250817179781403,0.0,1.0,5.0,-0.815003827214241
01_1-2_1x_133_345,1-2_1x,133,345,341,0.3084480284134366,0.6986249089241028,0.0012207773198304704,0.3084480284134366,0.6116889119148254,0.2607552409172058,0.5955088008359113,5.0,33.0,8.0,3.939426049590111
01_1-2_1x_133_419,1-2_1x,133,419,420,0.14141981634695966,0.5898491144180298,0.002099830679742759,0.14141981634695966,0.678431898355484,0.08128723502159119,0.15983745206790353,0.0,1.0,4.0,-1.1478680223226547
01_1-2_1x_133_484,1-2_1x,133,484,480,0.31019577872026965,0.5270018577575684,0.0484802473305559,0.31019577872026965,0.38126951456069946,0.19323262572288513,0.5789407985419267,2.0,1.0,8.0,3.090679109096527
01_1-2_1x_133_528,1-2_1x,133,528,533,0.11553906779839071,0.5910255312919617,0.0027645770004175617,0.11553906779839071,0.5161375999450684,0.12033087015151978,0.2556452836324321,0.0,2.0,9.0,0.3127834051847458
01_1-2_1x_133_607,1-2_1x,133,607,602,0.1472746031386747,0.5161505341529846,0.013867963625727396,0.1472746031386747,0.2412768006324768,0.2022278606891632,0.6441964145430525,2.0,1.0,4.0,1.1538875848054886
01_1-2_1x_133_649,1-2_1x,133,649,650,0.33313023574766526,0.5772168636322021,0.0029213732820656366,0.33313023574766526,0.3171781003475189,0.2910457253456116,1.0170338179042335,0.0,1.0,3.0,3.107397675514221
01_1-2_1x_133_733,1-2_1x,133,733,729,0.29362358442625364,0.8296192288398743,0.0458709380236621,0.29362358442625364,0.717239037156105,0.45399464666843414,1.208639338895091,0.0,2.0,9.0,2.84382301568985
01_1-2_1x_133_838,1-2_1x,133,838,838,0.11085399164452159,0.3846457600593567,0.01791495412570629,0.11085399164452159,0.646117813885212,0.07753856480121613,0.2524804563306981,0.0,1.0,2.0,0.12918467447161674
01_1-2_1x_149_57,1-2_1x,149,57,52,0.23528111606230678,0.7422194480895996,0.09704088233794966,0.23528111606230678,0.3998425006866455,0.1602303385734558,0.27531501183358686,1.0,4.0,3.0,1.6999513804912567
01_1-2_1x_149_93,1-2_1x,149,93,89,0.18686586026675642,0.7238147258758545,0.007633054416541798,0.18686586026675642,0.47121548652648926,0.12659510970115662,0.2119741319148586,1.0,1.0,6.0,0.5002828538417816
01_1-2_1x_149_118,1-2_1x,149,118,114,0.15788140099238707,0.7215635180473328,0.004045104211490101,0.15788140099238707,0.38580644130706787,0.14282295107841492,0.24678233949700892,0.0,2.0,9.0,1.08901247382164
01_1-2_1x_149_164,1-2_1x,149,164,161,0.17591328900484884,0.6495419144630432,0.013174219867252061,0.17591328900484884,0.502363920211792,0.09510773420333862,0.17154017120443196,0.0,2.0,5.0,0.05398459732532501
01_1-2_1x_149_203,1-2_1x,149,203,198,0.15673050937043856,0.6687491536140442,0.007585357647593802,0.15673050937043856,0.4850970506668091,0.11148819327354431,0.2000646038535022,0.0,2.0,1.0,0.28804415464401245
01_1-2_1x_149_229,1-2_1x,149,229,227,0.16252428902232452,0.6343324184417725,0.023049966684144833,0.16252428902232452,0.3827201724052429,0.07550445199012756,0.13511215709112318,1.0,1.0,8.0,0.3314284384250641
01_1-2_1x_149_269,1-2_1x,149,269,264,0.19403648334096024,0.7269088625907898,0.03439332349682971,0.19403648334096024,0.41448938846588135,0.2365630716085434,0.48244132193868156,0.0,5.0,4.0,0.29685133695602417
01_1-2_1x_149_301,1-2_1x,149,301,297,0.13990774092435326,0.8393309116363525,0.0015760571828813137,0.13990774092435326,0.5699912011623383,0.2943998873233795,0.5402516542245819,1.0,2.0,3.0,-0.5989207327365875
01_1-2_1x_149_343,1-2_1x,149,343,340,0.22301046380988565,0.7392159104347229,0.013911452439229272,0.22301046380988565,0.39679932594299316,0.2515912503004074,0.5159526801435903,0.0,1.0,3.0,0.26197294890880585
01_1-2_1x_149_380,1-2_1x,149,380,378,0.2062496417016842,0.7434651851654053,0.05731208346312578,0.2062496417016842,0.6090026795864105,0.2050154209136963,0.38075125020921685,0.0,2.0,6.0,0.15379831194877625
01_1-2_1x_149_407,1-2_1x,149,407,402,0.12123161853510858,0.6802821755409241,0.04969973267556873,0.12123161853510858,0.4027542471885681,0.12355482578277588,0.22193058386021486,1.0,1.0,4.0,-0.6784777641296387
01_1-2_1x_149_446,1-2_1x,149,446,441,0.1538482285144049,0.754655122756958,0.01504249731522253,0.1538482285144049,0.5674158036708832,0.29350726306438446,0.6364710513024011,3.0,1.0,8.0,0.9781251698732376
01_1-2_1x_149_496,1-2_1x,149,496,491,0.22056089659450526,0.7924520373344421,0.14473130672421505,0.22056089659450526,0.393995076417923,0.3454364687204361,0.7727616060252197,3.0,5.0,4.0,0.7783800065517426
01_1-2_1x_149_594,1-2_1x,149,594,599,0.18920254154410798,0.5607666373252869,0.03775422230856653,0.18920254154410798,0.5300380885601044,0.20727325975894928,0.5863568397969543,0.0,1.0,6.0,0.3717999756336212
01_1-2_1x_149_623,1-2_1x,149,623,628,0.13007336521842772,0.502043604850769,0.00846366280392223,0.13007336521842772,0.5534817278385162,0.12810517847537994,0.3425836165518271,0.0,1.0,3.0,-0.08148165047168732
01_1-2_1x_149_682,1-2_1x,149,682,677,0.16524307613659617,0.5415889024734497,0.027180222084080188,0.16524307613659617,0.584293931722641,0.18544557690620422,0.5207049061240632,0.0,3.0,5.0,1.4828442931175232
01_1-2_1x_149_699,1-2_1x,149,699,698,0.11001823552105475,0.5251754522323608,0.06156476333374163,0.11001823552105475,0.3870187997817993,0.10884280502796173,0.2614323084168924,0.0,1.0,2.0,0.2532854229211807
01_1-2_1x_149_729,1-2_1x,149,729,724,0.20894856993672906,0.5724209547042847,0.00101434403800297,0.20894856993672906,0.4546279311180115,0.1520642638206482,0.3617505492799275,1.0,6.0,4.0,0.4777934402227402
01_1-2_1x_149_770,1-2_1x,149,770,767,0.15658331726424263,0.5473372340202332,0.010559150543664483,0.15658331726424263,0.41747018694877625,0.14245714247226715,0.35185020317401877,0.0,1.0,7.0,0.32149508595466614
01_1-2_1x_149_801,1-2_1x,149,801,797,0.1661054792013333,0.6711130738258362,0.026691572940304643,0.1661054792013333,0.5744544565677643,0.20990091562271118,0.45510707358730895,1.0,3.0,4.0,0.23651854693889618
01_1-2_1x_149_823,1-2_1x,149,823,820,0.12497641664350909,0.7668901681900024,0.030169942207669758,0.12497641664350909,0.3340790867805481,0.30567800998687744,0.6627709277608681,0.0,2.0,3.0,0.07291862368583679
01_1-2_1x_158_77,1-2_1x,158,77,74,0.10228186547653732,0.5247117280960083,0.031000366507571205,0.10228186547653732,0.5503356754779816,0.08111384510993958,0.1828544459318057,1.0,1.0,2.0,-0.570557713508606
01_1-2_1x_158_117,1-2_1x,158,117,115,0.21915278475131247,0.6300580501556396,0.004710256493653574,0.21915278475131247,0.18358546495437622,0.23046933114528656,0.5767663604620311,0.0,1.0,4.0,1.1518649607896805
01_1-2_1x_158_163,1-2_1x,158,163,168,0.13562201857704473,0.5252916216850281,0.022461038787350115,0.13562201857704473,0.5242279022932053,0.08133065700531006,0.18319326129040098,0.0,1.0,2.0,-1.1005073487758636
01_1-2_1x_158_230,1-2_1x,158,230,225,0.13947348019873157,0.5891218185424805,0.02508734819218528,0.13947348019873157,0.29095426201820374,0.1467345952987671,0.3316881401385552,1.0,5.0,5.0,0.9745398908853531
01_1-2_1x_158_258,1-2_1x,158,258,255,0.25085541310200743,0.6778737306594849,0.004794145296593841,0.25085541310200743,0.617519348859787,0.21507224440574646,0.46471813681218305,0.0,13.0,10.0,1.622947171330452
01_1-2_1x_158_347,1-2_1x,158,347,342,0.2794929250078193,0.6929088234901428,0.0590492079139529,0.2794929250078193,0.4884110987186432,0.20317935943603516,0.41488081553040257,0.0,10.0,4.0,2.2933155298233032
01_1-2_1x_158_364,1-2_1x,158,364,360,0.20547084574765706,0.8918749094009399,0.0057761576249229655,0.20547084574765706,0.34716373682022095,0.3203950524330139,0.5606410243974634,1.0,3.0,8.0,3.350206881761551
01_1-2_1x_158_433,1-2_1x,158,433,428,0.1787146077094593,0.6084747314453125,0.0013443484024527612,0.1787146077094593,0.2846630811691284,0.1146891862154007,0.23226517528373616,3.0,1.0,4.0,0.4394865781068802
01_1-2_1x_158_508,1-2_1x,158,508,506,0.17417114807896303,0.4797046482563019,0.07149288728373124,0.17417114807896303,0.42234835028648376,0.07242263853549957,0.17781939002203004,0.0,3.0,3.0,0.42771726101636887
01_1-2_1x_158_561,1-2_1x,158,561,557,0.24097288927714333,0.4837523400783539,0.038686617304019386,0.24097288927714333,0.3951098620891571,0.17460116744041443,0.5647760154055684,1.0,8.0,5.0,1.8897022530436516
01_1-2_1x_158_657,1-2_1x,158,657,653,0.3254924886401093,0.6894021034240723,0.5140134490983816,0.3254924886401093,0.30670951306819916,0.4005773216485977,1.3869215764179021,1.0,37.0,7.0,4.122454904019833
01_1-2_1x_158_676,1-2_1x,158,676,671,0.2067278072673713,0.7753695845603943,0.0779204344730657,0.2067278072673713,0.3665594756603241,0.28480467200279236,0.5805647014539604,2.0,6.0,6.0,2.8921924829483032
01_1-2_1x_158_745,1-2_1x,158,745,741,0.18601986769209655,0.6423975229263306,0.000649715160887331,0.18601986769209655,0.43150487542152405,0.19805435836315155,0.4457238777552775,3.0,1.0,5.0,1.6790135502815247
01_1-2_1x_158_806,1-2_1x,158,806,804,0.23441841433565164,0.6158526539802551,0.0025756802028204036,0.23441841433565164,0.5439113080501556,0.10979622602462769,0.2169643936115657,1.0,3.0,7.0,0.9814030528068542
01_1-2_1x_190_73,1-2_1x,190,73,68,0.13941577513097853,0.9505391716957092,0.017902418888623785,0.13941577513097853,0.3541083335876465,0.1403718888759613,0.1732628456525716,1.0,1.0,7.0,-1.0716763734817505
01_1-2_1x_190_226,1-2_1x,190,226,224,0.2933759145386218,0.5843631029129028,0.5954818337646598,0.2933759145386218,0.471956729888916,0.19995753467082977,0.5201733564507313,3.0,35.0,7.0,3.100558266043663
01_1-2_1x_190_596,1-2_1x,190,596,592,0.23679590577206694,0.5353928804397583,0.11396351386937999,0.23679590577206694,0.4432663023471832,0.30549921840429306,1.3288718605785848,1.0,5.0,9.0,2.961323507130146
01_1-2_1x_190_646,1-2_1x,190,646,641,0.09385790770933371,0.47177571058273315,0.018727259350963883,0.09385790770933371,0.4638671800494194,0.11411355435848236,0.31905403569432783,0.0,2.0,6.0,-0.7662575617432594
01_1-2_1x_190_823,1-2_1x,190,823,824,0.0947899712855442,0.4114467203617096,0.0032963504081019693,0.0947899712855442,0.5349752213805914,0.21215727180242538,1.064568512463485,0.0,1.0,9.0,1.4182078186422586
01_1-2_1x_238_83,1-2_1x,238,83,80,0.12329420337216856,0.4100293815135956,0.00549737289857745,0.12329420337216856,0.5733790397644043,0.10395054519176483,0.3396201659707848,2.0,1.0,7.0,1.2887043058872223
01_1-2_1x_238_125,1-2_1x,238,125,120,0.12980478286861327,0.7530484199523926,0.003914762164503707,0.12980478286861327,0.5376735925674438,0.39067064225673676,1.0780756059077188,1.0,3.0,3.0,-0.06383223086595535
01_1-2_1x_238_145,1-2_1x,238,145,150,0.18077614104370526,0.6604537963867188,0.012211992353818278,0.18077614104370526,0.8560045957565308,0.3240204006433487,0.9631041529851871,0.0,1.0,5.0,1.2750146463513374
01_1-2_1x_238_255,1-2_1x,238,255,250,0.23925330970804187,0.7600408792495728,0.16526069520329295,0.23925330970804187,0.5499639809131622,0.5076213479042053,2.0110224640646512,2.0,2.0,7.0,4.162661895155907
01_1-2_1x_238_275,1-2_1x,238,275,273,0.13791870576454274,0.5960443019866943,0.04963391761913773,0.13791870576454274,0.5947756171226501,0.1743442863225937,0.4134320129157055,1.0,1.0,4.0,0.8662583529949188
01_1-2_1x_238_311,1-2_1x,238,311,307,0.1692252897642618,0.8338338732719421,0.015421428126000444,0.1692252897642618,0.4328058063983917,0.4617418497800827,1.2409345555083757,0.0,1.0,5.0,1.4940080642700195
01_1-2_1x_238_340,1-2_1x,238,340,336,0.245001562699732,0.6799476742744446,0.10802816773038142,0.245001562699732,0.5955117642879486,0.23937830328941345,0.5433385047948479,1.0,5.0,10.0,1.307108849287033
01_1-2_1x_238_397,1-2_1x,238,397,394,0.2330039658234178,0.5856248140335083,0.08215595874194052,0.2330039658234178,0.31858426332473755,0.1987350583076477,0.5136736120985997,1.0,2.0,6.0,1.8566252142190933
01_1-2_1x_238_464,1-2_1x,238,464,459,0.2129986774888274,0.5690692663192749,0.04185776937217009,0.2129986774888274,0.6215419620275497,0.1564016342163086,0.3790014579512362,0.0,2.0,8.0,0.7271878123283386
01_1-2_1x_238_513,1-2_1x,238,513,508,0.2628148348585879,0.6725419759750366,0.019893121082145086,0.2628148348585879,0.5439944863319397,0.17209869623184204,0.34389251129549686,2.0,12.0,3.0,2.3811756372451782
01_1-2_1x_238_557,1-2_1x,238,557,553,0.23735255301061015,0.9100120067596436,0.06639730019287529,0.23735255301061015,0.31927573680877686,0.3348918855190277,0.5822990244135752,0.0,4.0,7.0,1.2293514013290405
01_1-2_1x_238_608,1-2_1x,238,608,603,0.1336142696787581,0.6749215722084045,0.0035898102243069256,0.1336142696787581,0.36994701623916626,0.11228525638580322,0.19956986996411133,1.0,1.0,6.0,-0.035247623920440674
01_1-2_1x_238_690,1-2_1x,238,690,685,0.2568326364418671,0.6992851495742798,0.08281054707342614,0.2568326364418671,0.33001503348350525,0.3156281113624573,0.8226829692309581,1.0,1.0,9.0,2.5446572303771973
01_1-2_1x_238_720,1-2_1x,238,720,725,0.16748409134608083,0.7286182045936584,0.00316666960940053,0.16748409134608083,0.6795985400676727,0.19534271955490112,0.3663073308924074,0.0,1.0,2.0,-2.260739326477051
01_1-2_1x_238_780,1-2_1x,238,780,778,0.22806424778335166,0.7377427816390991,0.05248463527499118,0.22806424778335166,0.7417586743831635,0.32297438383102417,0.7786860945478145,0.0,1.0,10.0,2.401120662689209
01_1-2_1x_238_818,1-2_1x,238,818,821,0.11357554749707553,0.5984818339347839,0.12640418549554489,0.11357554749707553,0.20798128843307495,0.1228148341178894,0.2581949854944033,0.0,1.0,5.0,-0.9150362759828568
01_1-2_1x_238_856,1-2_1x,238,856,854,0.2166328661865583,0.7955154776573181,0.049632228366056866,0.2166328661865583,0.567111074924469,0.4062323123216629,1.0435393782605356,0.0,2.0,2.0,0.8089078590273857
01_1-2_1x_248_108,1-2_1x,248,108,103,0.06221667289922568,0.33485305309295654,0.006502634802855215,0.06221667289922568,0.40286339446902275,0.11468242108821869,0.5208797378832561,2.0,1.0,8.0,0.06474030949175358
01_1-2_1x_248_209,1-2_1x,248,209,204,0.06620511312829008,0.3789418339729309,0.031233799253733683,0.06620511312829008,0.21467536687850952,0.13671328127384186,0.5643978785757572,1.0,2.0,2.0,0.31548282504081726
01_1-2_1x_248_259,1-2_1x,248,259,255,0.0674972641939512,0.37722641229629517,0.00812289528117534,0.0674972641939512,0.3043426424264908,0.1735147312283516,0.8517662331325986,1.0,6.0,5.0,1.4223639518022537
01_1-2_1x_248_351,1-2_1x,248,351,351,0.06333418806744683,0.3602416217327118,0.01053416153105375,0.06333418806744683,0.40805862843990326,0.17363744974136353,0.9305121524797102,0.0,1.0,10.0,1.1022826209664345
01_1-2_1x_248_540,1-2_1x,248,540,537,0.3774558295184393,0.5650709271430969,1.0,0.3774558295184393,0.33161695301532745,0.3157573863863945,1.2665071677536064,5.0,,9.0,6.465058758854866
01_1-2_1x_248_631,1-2_1x,248,631,627,0.11673040728546624,0.9205012321472168,0.031138758810091975,0.11673040728546624,0.5404015779495239,0.1869681179523468,0.25488708598733684,0.0,2.0,6.0,0.2317507266998291
01_1-2_1x_248_669,1-2_1x,248,669,664,0.1612374469429925,0.7860210537910461,0.03186777667903606,0.1612374469429925,0.30091363191604614,0.09416165947914124,0.13609941594099562,2.0,6.0,4.0,0.3266424238681793
01_1-2_1x_248_703,1-2_1x,248,703,707,0.09466653581185783,0.7761054039001465,0.016238833142356385,0.09466653581185783,0.36950039863586426,0.17636165022850037,0.29406167075323414,0.0,1.0,3.0,-1.1991402059793472
01_1-2_1x_267_118,1-2_1x,267,118,113,0.19116319897946216,0.8514312505722046,0.03157508221313214,0.19116319897946216,0.45688384771347046,0.18442416191101074,0.2764950553691776,1.0,1.0,4.0,0.9349225461483002
01_1-2_1x_267_309,1-2_1x,267,309,305,0.3249124040336562,0.6553322076797485,0.17941792139347895,0.3249124040336562,0.19099268317222595,0.2723769545555115,0.7112500803511576,2.0,,13.0,4.433610886335373
01_1-2_1x_267_352,1-2_1x,267,352,352,0.15661162355713493,0.8314600586891174,0.002553855601394511,0.15661162355713493,0.20144528150558472,0.17245376110076904,0.26168757678320875,1.0,1.0,3.0,0.39351609349250793
01_1-2_1x_267_420,1-2_1x,267,420,423,0.10059229605624502,0.7639524340629578,0.005972277727456173,0.10059229605624502,0.304460346698761,0.1198674738407135,0.18610506570337043,0.0,1.0,4.0,-0.7400172352790833
01_1-2_1x_267_513,1-2_1x,267,513,515,0.09690002686854995,0.49300825595855713,0.017463152712822224,0.09690002686854995,0.17349863052368164,0.07648879289627075,0.18363798016524527,0.0,3.0,3.0,-0.1473936289548874
01_1-2_1x_273_53,1-2_1x,273,53,50,0.09718801162037205,0.4380802512168884,0.0007326798998209248,0.09718801162037205,0.6557726562023163,0.14690108597278595,0.5045041112389866,0.0,3.0,5.0,0.16299211233854294
01_1-2_1x_273_84,1-2_1x,273,84,82,0.1378781900696165,0.533706784248352,0.0006393625355716876,0.1378781900696165,0.7316584438085556,0.2185199111700058,0.6933027033638172,0.0,3.0,8.0,1.091541238129139
01_1-2_1x_273_110,1-2_1x,273,110,106,0.1611478951045956,0.6493858098983765,0.0440117778037224,0.1611478951045956,0.4564129561185837,0.27508315443992615,0.7349217282549092,2.0,3.0,6.0,0.2770935073494911
01_1-2_1x_273_150,1-2_1x,273,150,147,0.3610416383275806,0.6917493343353271,0.3716269282615673,0.3610416383275806,0.6017409563064575,0.3134612590074539,0.8286310868661878,1.0,,10.0,5.487645849585533
01_1-2_1x_273_244,1-2_1x,273,244,242,0.08722813548372874,0.7146506309509277,0.027551777009201615,0.08722813548372874,0.5756049752235413,0.19975396990776062,0.3879496314912284,0.0,2.0,3.0,0.6419482827186584
01_1-2_1x_273_280,1-2_1x,273,280,276,0.11417652645521062,0.5544131994247437,0.027736884244254988,0.11417652645521062,0.20730248093605042,0.0825347900390625,0.1749069005859181,2.0,1.0,2.0,-0.418925017118454
01_1-2_1x_273_345,1-2_1x,273,345,341,0.11821246702613553,0.6577240824699402,0.004614746187929371,0.11821246702613553,0.1903681606054306,0.30725783109664917,0.8767116088715219,0.0,2.0,2.0,-0.44590383395552635
01_1-2_1x_273_429,1-2_1x,273,429,426,0.29271080329371774,0.5588739514350891,0.07897114424454284,0.29271080329371774,0.30224037170410156,0.24048660695552826,0.7553271545658641,4.0,2.0,11.0,3.880788743495941
01_1-2_1x_273_475,1-2_1x,273,475,477,0.13001861614589003,0.6075470447540283,0.009131623276149773,0.13001861614589003,0.4876871705055237,0.09883153438568115,0.1942766288256474,0.0,1.0,2.0,-0.8638415932655334
01_1-2_1x_273_512,1-2_1x,273,512,507,0.14487483201571408,0.6478389501571655,0.047172710348924195,0.14487483201571408,0.2393673062324524,0.21151205897331238,0.4847559553330131,0.0,5.0,4.0,0.04744713008403778
01_1-2_1x_273_529,1-2_1x,273,529,532,0.12396340983059077,0.5843203067779541,0.0025703443914269707,0.12396340983059077,0.29594409465789795,0.16561388969421387,0.3955370229281475,2.0,1.0,4.0,0.7470355331897736
01_1-2_1x_273_560,1-2_1x,273,560,563,0.07977502403488251,0.5155228972434998,0.03522766577740619,0.07977502403488251,0.3812450170516968,0.1110386848449707,0.2745192060439848,0.0,1.0,2.0,-0.5762617825530469
01_1-2_1x_273_611,1-2_1x,273,611,606,0.36133317009184385,0.6828219890594482,0.10384751206435726,0.36133317009184385,0.5499080121517181,0.33564917743206024,0.9668072101000358,2.0,32.0,9.0,4.8571097776293755
01_1-2_1x_273_647,1-2_1x,273,647,652,0.18469610966073208,0.8112136125564575,0.00011680103136729576,0.18469610966073208,0.8296404480934143,0.17307651042938232,0.27122151313953347,0.0,1.0,2.0,-0.6829650402069092
01_1-2_1x_273_717,1-2_1x,273,717,712,0.2478752454292692,0.8040094375610352,0.01711039436547052,0.2478752454292692,0.6143641471862793,0.2693811058998108,0.5038661252066012,0.0,8.0,7.0,2.1511849462985992
01_1-2_1x_273_764,1-2_1x,273,764,761,0.18032869999248888,0.8695058226585388,0.0032987089697475245,0.18032869999248888,0.42265617847442627,0.25296059250831604,0.4102871616518411,0.0,5.0,4.0,0.4459228813648224
01_1-2_1x_273_792,1-2_1x,273,792,787,0.11084260232981617,0.7243256568908691,0.01587578309093727,0.11084260232981617,0.26468178629875183,0.08086496591567993,0.12567195953046642,1.0,1.0,1.0,-1.950727790594101
01_1-2_1x_273_824,1-2_1x,273,824,828,0.10857506063338297,0.620890736579895,0.00494347215793783,0.10857506063338297,0.8063458800315857,0.08761140704154968,0.16428802353429678,0.0,1.0,3.0,-1.888189822435379
01_1-2_1x_281_60,1-2_1x,281,60,55,0.2866075517271808,0.7145604491233826,0.004617846848492711,0.2866075517271808,0.40217578411102295,0.1875091791152954,0.3557702822961004,1.0,22.0,9.0,2.057109236717224
01_1-2_1x_281_89,1-2_1x,281,89,87,0.1282955832387924,0.7684516906738281,0.04218356133420875,0.1282955832387924,0.3227294981479645,0.10444620251655579,0.15729719765782613,0.0,1.0,4.0,-1.3787220120429993
01_1-2_1x_281_159,1-2_1x,281,159,159,0.30694365995534195,0.6803037524223328,0.02152281361920938,0.30694365995534195,0.34493720531463623,0.20973357558250427,0.445700951537124,0.0,28.0,10.0,2.888582408428192
01_1-2_1x_281_233,1-2_1x,281,233,229,0.27055385943290766,0.953142523765564,0.028151922953923793,0.27055385943290766,0.3394346237182617,0.42418333888053894,0.8019207360445774,2.0,33.0,10.0,2.8809806406497955
01_1-2_1x_281_341,1-2_1x,281,341,341,0.33466341444383163,0.6437844634056091,0.023560479238180512,0.33466341444383163,0.34897297620773315,0.24123670160770416,0.5992747308549553,1.0,1.0,9.0,2.8988755494356155
01_1-2_1x_281_391,1-2_1x,281,391,387,0.2867355894846584,0.8386163115501404,0.0067156538717434095,0.2867355894846584,0.6901025176048279,0.24203473329544067,0.4057026601517158,2.0,26.0,11.0,3.4728446006774902
01_1-2_1x_281_427,1-2_1x,281,427,431,0.11149344395898858,0.7703483700752258,0.004506049963739341,0.11149344395898858,0.37331515550613403,0.047717154026031494,0.06603251141974341,0.0,1.0,1.0,-1.76629039645195
01_1-2_1x_281_629,1-2_1x,281,629,632,0.060158512856530975,0.3023698925971985,0.0007731264248848337,0.060158512856530975,0.4961045868694782,0.08550038188695908,0.39424805085301556,0.0,1.0,6.0,0.19499587453901768
01_1-2_1x_281_689,1-2_1x,281,689,684,0.4549179074535153,0.7032520771026611,0.1071717934215623,0.4549179074535153,0.34686675667762756,0.4830361232161522,2.1934656172326683,3.0,,16.0,8.175038017332554
01_1-2_1x_281_804,1-2_1x,281,804,799,0.30020600476029075,0.8681274652481079,0.008556645915965557,0.30020600476029075,0.43155917525291443,0.4036899656057358,0.8692019182701367,1.0,25.0,9.0,3.7335428446531296
01_1-2_1x_282_88,1-2_1x,282,88,85,0.12520701308990836,0.5032548904418945,0.03543398603079816,0.12520701308990836,0.31814801692962646,0.1475314348936081,0.41473631438279435,0.0,1.0,9.0,0.8327078223228455
01_1-2_1x_282_132,1-2_1x,282,132,128,0.3585460654379189,0.606864333152771,0.301796631675095,0.3585460654379189,0.20568060874938965,0.23968170583248138,0.6527588398767284,1.0,,9.0,4.0280545353889465
01_1-2_1x_282_200,1-2_1x,282,200,195,0.11888072893148882,0.8499557375907898,0.014620038499187292,0.11888072893148882,0.4189685583114624,0.2178378701210022,0.34461590366517186,0.0,1.0,3.0,-1.2381480038166046
01_1-2_1x_282_208,1-2_1x,282,208,212,0.1279108972789601,0.6850784420967102,0.010935490269064088,0.1279108972789601,0.6136265993118286,0.06890544295310974,0.11182807920645542,0.0,1.0,3.0,-0.7803889811038971
01_1-2_1x_282_238,1-2_1x,282,238,236,0.1824982001656664,0.7563039660453796,0.08138285251501616,0.1824982001656664,0.28909724950790405,0.20178696513175964,0.3638968053266108,1.0,1.0,7.0,0.7963324934244156
01_1-2_1x_282_298,1-2_1x,282,298,300,0.11378293800972855,0.5890723466873169,0.006551735971331482,0.11378293800972855,0.6702781021595001,0.12917645275592804,0.2808819440671059,0.0,1.0,5.0,-0.34467849135398865
01_1-2_1x_282_354,1-2_1x,282,354,356,0.11116579573830922,0.5508379936218262,0.0008666489706923134,0.11116579573830922,0.3983169198036194,0.205619677901268,0.5956221571618748,1.0,1.0,7.0,0.6227831393480301
01_1-2_1x_282_437,1-2_1x,282,437,432,0.0853678484753228,0.4827031195163727,0.01319595271030439,0.0853678484753228,0.4008447527885437,0.1285170465707779,0.362851778733036,3.0,3.0,7.0,-0.2677987366914749
01_1-2_1x_282_493,1-2_1x,282,493,488,0.2819192335005267,0.49601009488105774,0.0705949541036116,0.2819192335005267,0.19718149304389954,0.1652475893497467,0.4995958930843927,3.0,24.0,8.0,3.898619506508112
01_1-2_1x_282_498,1-2_1x,282,498,503,0.2520406304637806,0.7492337822914124,0.17659426857211932,0.2520406304637806,0.4814612567424774,0.38039544224739075,1.0313337875937458,7.0,3.0,10.0,4.432200312614441
01_1-2_1x_282_567,1-2_1x,282,567,564,0.11482471464120717,0.6968117952346802,0.03857861526413521,0.11482471464120717,0.32173487544059753,0.07360976934432983,0.11811542049974201,0.0,1.0,4.0,-0.4556614011526108
01_1-2_1x_282_694,1-2_1x,282,694,690,0.10414301069126475,0.5460156798362732,0.011623237454840733,0.10414301069126475,0.7189580649137497,0.2131667137145996,0.6404307521167907,0.0,6.0,4.0,0.8862501382827759
01_1-2_1x_282_855,1-2_1x,282,855,850,0.3245060925103694,0.6173635125160217,0.16532247995761618,0.3245060925103694,0.6000680923461914,0.3086611032485962,0.9998661946988773,4.0,,13.0,5.51217682659626
01_1-2_1x_308_187,1-2_1x,308,187,182,0.116914233167455,0.5186961889266968,0.10465862804728701,0.116914233167455,0.2887133061885834,0.2181634157896042,0.7259222131161237,2.0,3.0,4.0,0.05871829390525818
01_1-2_1x_308_221,1-2_1x,308,221,216,0.07080459156104124,0.40705356001853943,0.013706920980412079,0.07080459156104124,0.2911536693572998,0.153590589761734,0.6059685547207073,0.0,2.0,7.0,0.5703661814332008
01_1-2_1x_308_313,1-2_1x,308,313,308,0.4418855308920511,0.5539258122444153,0.655526381185182,0.4418855308920511,0.3648671656847,0.3193964213132858,1.3618609592819773,4.0,,13.0,7.64346370100975
01_1-2_1x_308_382,1-2_1x,308,382,387,0.18990122973290388,0.9985986351966858,0.025322972852173272,0.18990122973290388,0.27756887674331665,0.20504546165466309,0.2583890638852128,0.0,1.0,5.0,-0.6522302031517029
01_1-2_1x_308_438,1-2_1x,308,438,442,0.09954044418120703,0.744523823261261,0.0036169158481188894,0.09954044418120703,0.29355067014694214,0.025029361248016357,0.0347874272415951,0.0,1.0,2.0,-1.7938672304153442
01_1-2_1x_308_488,1-2_1x,308,488,488,0.1184098781879979,0.7941331267356873,0.0031701930100439236,0.1184098781879979,0.619655191898346,0.22388941049575806,0.3926205657679828,0.0,1.0,5.0,0.17915239930152893
01_1-2_1x_308_621,1-2_1x,308,621,616,0.12967477211238304,0.41156119108200073,0.03256047009975286,0.12967477211238304,0.2467534840106964,0.11495576798915863,0.3875713626219696,1.0,6.0,6.0,1.2227560058236122
01_1-2_1x_344_72,1-2_1x,344,72,69,0.11717326375341353,0.34465473890304565,0.01740460315633259,0.11717326375341353,0.15646709501743317,0.09298558533191681,0.369475495953605,1.0,10.0,3.0,0.7769590392708778
01_1-2_1x_344_171,1-2_1x,344,171,167,0.4044853638662576,0.7123153805732727,0.28348206034333207,0.4044853638662576,0.33752837777137756,0.4799834117293358,2.065937865192166,2.0,,14.0,7.439051680266857
01_1-2_1x_344_233,1-2_1x,344,233,234,0.12312291008601091,0.7570620775222778,0.009244437712991866,0.12312291008601091,0.5315728187561035,0.07122310996055603,0.10384815288895981,0.0,1.0,4.0,-2.1511279344558716
01_1-2_1x_344_270,1-2_1x,344,270,274,0.1488210241317542,0.6606457829475403,0.025832686170324113,0.1488210241317542,0.22973549365997314,0.061962246894836426,0.1034974960283219,0.0,1.0,6.0,-1.0989587306976318
01_1-2_1x_344_346,1-2_1x,344,346,342,0.2919181758086335,0.6264985203742981,0.010199618344239632,0.2919181758086335,0.4749493896961212,0.19428196549415588,0.4495014438954846,1.0,9.0,9.0,2.7643202766776085
01_1-2_1x_344_455,1-2_1x,344,455,450,0.11792046681165329,0.6537696123123169,0.007949893601049368,0.11792046681165329,0.2615322470664978,0.15687920153141022,0.3157219341078868,1.0,1.0,6.0,0.4865840673446655
01_1-2_1x_344_550,1-2_1x,344,550,545,0.2628570236947788,0.6006985306739807,0.01891666576119421,0.2628570236947788,0.9462696835398674,0.18169145286083221,0.43362382757136975,4.0,6.0,7.0,2.72726022079587
01_1-2_1x_344_587,1-2_1x,344,587,592,0.14406802656508244,0.7211647629737854,0.0005030012992637069,0.14406802656508244,0.3997170925140381,0.08381596207618713,0.13150720917360556,0.0,2.0,3.0,-0.6904697120189667
01_1-2_1x_344_642,1-2_1x,344,642,646,0.10596779604945744,0.6808612942695618,0.0023755290012739566,0.10596779604945744,0.4812799096107483,0.10512253642082214,0.182587215100152,0.0,1.0,3.0,-1.535480871796608
01_1-2_1x_344_817,1-2_1x,344,817,812,0.07889429578417642,0.4774622917175293,0.06549726762946972,0.07889429578417642,0.5194280445575714,0.2556067258119583,1.1521312290211052,1.0,1.0,5.0,0.8139897249639034
01_1-2_1x_364_66,1-2_1x,364,66,63,0.28452902482594433,0.7470898628234863,0.15852136776305376,0.28452902482594433,0.3952903151512146,0.434636652469635,1.3910455647980435,2.0,29.0,11.0,4.627168342471123
01_1-2_1x_364_145,1-2_1x,364,145,145,0.2622651837215277,0.7430635094642639,0.03487343780481749,0.2622651837215277,0.569170206785202,0.3740159869194031,1.013462939245008,1.0,2.0,8.0,3.4662646800279617
01_1-2_1x_364_218,1-2_1x,364,218,214,0.28442138063477934,0.6732927560806274,0.005674665365069435,0.28442138063477934,0.3765019327402115,0.26047728955745697,0.6309775448852688,2.0,25.0,6.0,2.8680427968502045
01_1-2_1x_364_301,1-2_1x,364,301,296,0.214596419277863,0.8310449719429016,0.0010241841181247437,0.214596419277863,0.7676001787185669,0.3410118371248245,0.6958954668472038,0.0,5.0,7.0,2.3762977570295334
01_1-2_1x_364_347,1-2_1x,364,347,342,0.29444392129836905,0.8265131711959839,0.10770131383645429,0.29444392129836905,0.4402097761631012,0.3238041400909424,0.6441184065843512,2.0,5.0,8.0,2.731173574924469
01_1-2_1x_364_421,1-2_1x,364,421,417,0.3098597795620263,0.659172773361206,0.011935255747945179,0.3098597795620263,0.5105827897787094,0.12602999806404114,0.23639070789957553,1.0,7.0,6.0,1.9640132039785385
01_1-2_1x_364_470,1-2_1x,364,470,465,0.08845621541565016,0.7273126244544983,0.004539734287907155,0.08845621541565016,0.25978055596351624,0.16204524040222168,0.28667006972975384,0.0,2.0,3.0,-1.0059363394975662
01_1-2_1x_364_499,1-2_1x,364,499,495,0.26085206683558293,0.8927689790725708,0.029842265000613856,0.26085206683558293,0.5394351184368134,0.37197262048721313,0.7142381361836028,0.0,1.0,3.0,0.5659162551164627
01_1-2_1x_364_567,1-2_1x,364,567,565,0.16567893937022365,0.7089967727661133,0.015215933036452108,0.16567893937022365,0.3074723482131958,0.25184787809848785,0.5509099574255699,0.0,2.0,2.0,-0.3732032775878906
01_1-2_1x_364_592,1-2_1x,364,592,588,0.2783503948567349,0.883745551109314,0.059026290462956967,0.2783503948567349,0.471398264169693,0.45427000522613525,1.0577319467444157,0.0,2.0,7.0,2.0875006169080734
01_1-2_1x_364_653,1-2_1x,364,653,648,0.2788331638326042,0.7853466868400574,0.004862786905025491,0.2788331638326042,0.5418141484260559,0.28063954412937164,0.5560443282457035,3.0,6.0,10.0,3.7689460068941116
01_1-2_1x_364_725,1-2_1x,364,725,729,0.2457214350040582,0.9397978186607361,0.008088946458186004,0.2457214350040582,0.5327219069004059,0.4123488664627075,0.7817796674812482,0.0,2.0,6.0,1.459134727716446
01_1-2_1x_364_780,1-2_1x,364,780,777,0.09596243293102383,0.7435203194618225,0.025059446152799085,0.09596243293102383,0.3384782671928406,0.17442047595977783,0.30648484260064845,0.0,3.0,7.0,-0.31802985072135925
01_1-2_1x_364_829,1-2_1x,364,829,825,0.28901422183960307,0.6587863564491272,0.0023686279347280505,0.28901422183960307,0.2770361006259918,0.2303798943758011,0.5377600824713266,1.0,17.0,13.0,2.8994821161031723
01_1-2_1x_387_92,1-2_1x,387,92,87,0.11700440787016532,0.5121831297874451,0.010955473969965074,0.11700440787016532,0.40977388620376587,0.3239130973815918,1.72047082184239,0.0,6.0,4.0,1.1748504359275103
01_1-2_1x_387_154,1-2_1x,387,154,154,0.21667384663442296,0.39444565773010254,0.08707172769023429,0.21667384663442296,0.20140701532363892,0.2618352100253105,1.9744689393417139,0.0,1.0,8.0,1.9224009211175144
01_1-2_1x_387_242,1-2_1x,387,242,237,0.21595428819937268,0.48373663425445557,0.005865033610608057,0.21595428819937268,0.41949695348739624,0.2279580533504486,0.8912319887958119,1.0,14.0,6.0,2.4540464654564857
01_1-2_1x_387_334,1-2_1x,387,334,329,0.1905930124058619,0.5204982161521912,0.013377818150714725,0.1905930124058619,0.5698636472225189,0.3155364990234375,1.5394899274054312,0.0,6.0,12.0,4.040296316146851
01_1-2_1x_387_412,1-2_1x,387,412,407,0.30523216914424195,0.6029713153839111,0.03371145010502418,0.30523216914424195,0.5997816324234009,0.26282306015491486,0.7726720808195116,2.0,38.0,4.0,4.774397864937782
01_1-2_1x_387_449,1-2_1x,387,449,452,0.10492757713614789,0.7696788311004639,0.010060598607895588,0.10492757713614789,0.3810802102088928,0.20749002695083618,0.3690753451853024,1.0,1.0,4.0,-0.6237444579601288
01_1-2_1x_387_533,1-2_1x,387,533,528,0.1328820401464733,0.4750808775424957,0.016228625525442703,0.1328820401464733,0.3204023838043213,0.17144174873828888,0.5646233718739138,2.0,2.0,4.0,-0.09831203520298004
01_1-2_1x_387_629,1-2_1x,387,629,624,0.2587095224348036,0.42817193269729614,0.5472620576306823,0.2587095224348036,0.3697204813361168,0.25978676974773407,1.5428127110317336,4.0,,9.0,3.888144710799679
01_1-2_1x_387_694,1-2_1x,387,694,689,0.13478520655849485,0.7918765544891357,0.041907929768061555,0.13478520655849485,0.36647242307662964,0.2773074805736542,0.5389120618220483,0.0,4.0,6.0,0.1629812866449356
01_1-2_1x_387_756,1-2_1x,387,756,753,0.17080760079526605,0.5641054511070251,0.0018310291347536538,0.17080760079526605,0.42856889963150024,0.21322454512119293,0.6076835230521277,0.0,1.0,10.0,1.474444255232811
01_1-2_1x_387_778,1-2_1x,387,778,775,0.18846576383408087,0.6220186948776245,0.006042534692423132,0.18846576383408087,0.5879379212856293,0.22188353538513184,0.5545214663629048,0.0,1.0,12.0,1.8886484950780869
01_1-2_1x_392_82,1-2_1x,392,82,80,0.22323626705139754,0.5485517382621765,0.005771246879235963,0.22323626705139754,0.28702688217163086,0.1976582258939743,0.5632997445862324,2.0,3.0,13.0,2.449952617287636
01_1-2_1x_392_115,1-2_1x,392,115,112,0.1503497368413756,0.6216616034507751,0.03793805450374259,0.1503497368413756,0.2700834274291992,0.14344654977321625,0.2999624304381193,0.0,1.0,6.0,-0.41102762520313263
01_1-2_1x_392_139,1-2_1x,392,139,134,0.292992445739774,0.781038761138916,0.058627810909750465,0.292992445739774,0.5094296634197235,0.3494478464126587,0.809673777851188,2.0,4.0,8.0,3.5112507045269012
01_1-2_1x_392_178,1-2_1x,392,178,181,0.09780421910426049,0.735167384147644,0.006325462697830017,0.09780421910426049,0.6632874011993408,0.12239643931388855,0.19974256342570984,1.0,1.0,3.0,-0.9822020828723907
01_1-2_1x_392_225,1-2_1x,392,225,221,0.15010330626125049,0.6796087622642517,0.01251451439328304,0.15010330626125049,0.9907614588737488,0.14837446808815002,0.2793013736401675,1.0,2.0,3.0,-0.19282788038253784
01_1-2_1x_392_286,1-2_1x,392,286,282,0.2061249223954973,0.5980631709098816,0.0020351728426357923,0.2061249223954973,0.6387139409780502,0.21647971868515015,0.5673194616355,0.0,6.0,4.0,0.34807126224040985
01_1-2_1x_392_297,1-2_1x,392,297,299,0.15069726955982993,0.49147287011146545,0.027673512297097292,0.15069726955982993,0.6059881746768951,0.08748281002044678,0.21654693682497278,0.0,3.0,6.0,1.3877627328038216
01_1-2_1x_392_339,1-2_1x,392,339,336,0.21038734092154376,0.6909743547439575,0.015987189185059716,0.21038734092154376,0.4295620992779732,0.3072231858968735,0.800579153465184,1.0,5.0,4.0,0.12453737482428551
01_1-2_1x_392_383,1-2_1x,392,383,379,0.17727803054754113,0.5592498779296875,0.0006770540479285989,0.17727803054754113,0.4649665951728821,0.16874366998672485,0.4321152047123706,0.0,2.0,5.0,0.8244042694568634
01_1-2_1x_392_419,1-2_1x,392,419,423,0.09222591203523998,0.6813233494758606,0.004908258146492174,0.09222591203523998,1.0568882673978806,0.2693096101284027,0.6536423046351121,0.0,1.0,4.0,-1.508196510374546
01_1-2_1x_392_458,1-2_1x,392,458,454,0.25777838980198114,0.5552600026130676,0.04627230040014871,0.25777838980198114,0.3640243858098984,0.2679064869880676,0.9323236794419074,1.0,9.0,7.0,1.8550220280885696
01_1-2_1x_392_512,1-2_1x,392,512,517,0.27414466132411286,0.5442909598350525,0.03898426363629038,0.27414466132411286,0.9048258783295751,0.1383289396762848,0.34074354941426716,1.0,1.0,3.0,0.1180670796893537
01_1-2_1x_392_599,1-2_1x,392,599,597,0.21834845538991132,0.7373174428939819,0.001740003949224,0.21834845538991132,0.2564254403114319,0.24674421548843384,0.5029712216326367,0.0,1.0,3.0,2.308759719133377
01_1-2_1x_392_671,1-2_1x,392,671,674,0.13593525189782812,0.6178754568099976,0.018832580750859838,0.13593525189782812,0.3675788342952728,0.13415154814720154,0.27733081980183577,0.0,1.0,9.0,0.5793596655130386
01_1-2_1x_392_717,1-2_1x,392,717,713,0.22766073760472366,0.6389091610908508,0.014053697759261016,0.22766073760472366,0.37440943717956543,0.2872104346752167,0.8166376876093494,0.0,1.0,5.0,1.9310131818056107
01_1-2_1x_392_761,1-2_1x,392,761,761,0.08199114342545145,0.550995409488678,0.044175600819134644,0.08199114342545145,0.2878705859184265,0.07226023077964783,0.1509398807384631,0.0,1.0,6.0,-2.0863780826330185
01_1-2_1x_392_798,1-2_1x,392,798,799,0.07977228859568125,0.4504013955593109,0.005601731711463658,0.07977228859568125,0.3195728659629822,0.09112067520618439,0.2536197186328967,0.0,2.0,3.0,-0.43248774111270905
01_1-2_1x_392_854,1-2_1x,392,854,850,0.38188198747263047,0.5513967871665955,0.039108228394903646,0.38188198747263047,0.5098590925335884,0.2619381695985794,0.904924413027814,4.0,42.0,13.0,5.489287730306387
01_1-2_1x_458_57,1-2_1x,458,57,53,0.32502830450133197,0.8649195432662964,0.13233400799202574,0.32502830450133197,0.3874337673187256,0.35490745306015015,0.6958804700427729,2.0,10.0,13.0,3.4190253168344498
01_1-2_1x_458_110,1-2_1x,458,110,105,0.11868283596845586,0.7394931316375732,0.007365558703420046,0.11868283596845586,0.31944847106933594,0.0902172327041626,0.1389505337443847,0.0,2.0,3.0,-1.3503061830997467
01_1-2_1x_458_142,1-2_1x,458,142,138,0.11267246647637447,0.6601957678794861,0.01733063586500077,0.11267246647637447,0.19832685589790344,0.13240620493888855,0.25086931276394114,0.0,1.0,5.0,0.25326235592365265
01_1-2_1x_458_243,1-2_1x,458,243,238,0.2974012375279994,0.6975578665733337,0.051064542032934965,0.2974012375279994,0.42022329568862915,0.258943110704422,0.5903657075819219,2.0,17.0,7.0,4.039675414562225
01_1-2_1x_458_282,1-2_1x,458,282,287,0.14340204691867625,0.719694197177887,0.0043604995738290965,0.14340204691867625,1.0836944431066513,0.12802070379257202,0.21637052398627774,0.0,1.0,3.0,-0.9618254750967026
01_1-2_1x_458_364,1-2_1x,458,364,363,0.09123544816980073,0.4756770133972168,0.022626865933970355,0.09123544816980073,0.3270680010318756,0.07709184288978577,0.1934137258334063,0.0,2.0,2.0,0.3308286815881729
01_1-2_1x_458_558,1-2_1x,458,558,553,0.07600236606645433,0.3522014021873474,0.022952686201345024,0.07600236606645433,0.4244488477706909,0.09898456931114197,0.39090833017224524,1.0,6.0,8.0,-0.329803423024714
01_1-2_1x_458_584,1-2_1x,458,584,582,0.2927290691817522,0.49329590797424316,0.06170637381938804,0.2927290691817522,0.45761220902204514,0.20559673011302948,0.7146239750890407,0.0,2.0,9.0,1.8769056554883718
01_1-2_1x_458_605,1-2_1x,458,605,601,0.19937589610650835,0.686835765838623,0.013356085705737509,0.19937589610650835,0.32594427466392517,0.2764168530702591,0.6734993063691141,2.0,12.0,9.0,2.896549269556999
01_1-2_1x_458_636,1-2_1x,458,636,633,0.11409825239207273,0.4808535575866699,0.05522038785876305,0.11409825239207273,0.2523667514324188,0.016558527946472168,0.035663806177947,0.0,3.0,2.0,-1.252419725060463
01_1-2_1x_458_677,1-2_1x,458,677,675,0.15024701268474597,0.5625978708267212,0.06236125615614532,0.15024701268474597,0.3050963580608368,0.2355978786945343,0.72048282679865,1.0,1.0,4.0,0.07176223397254944
01_1-2_1x_458_715,1-2_1x,458,715,713,0.07938309659798705,0.44919994473457336,0.004443916721468842,0.07938309659798705,0.39206910133361816,0.12136125564575195,0.37018588618401754,0.0,3.0,6.0,-1.31668870896101
01_1-2_1x_458_786,1-2_1x,458,786,782,0.10964513207214294,0.4087493121623993,0.0004145832481679769,0.10964513207214294,0.6392768174409866,0.10633769631385803,0.3516323141737909,1.0,1.0,6.0,0.6418362334370613
01_1-2_1x_458_826,1-2_1x,458,826,829,0.09210963861664678,0.3913255035877228,0.0049883847583627565,0.09210963861664678,0.3738093674182892,0.08362801373004913,0.27178646718480387,0.0,1.0,6.0,-0.10138218849897385
01_1-2_1x_463_105,1-2_1x,463,105,100,0.21380236542628137,0.6260337233543396,0.019798885694957698,0.21380236542628137,0.3268652856349945,0.19215001165866852,0.44286062481516664,2.0,7.0,4.0,2.901565134525299
01_1-2_1x_463_165,1-2_1x,463,165,164,0.30816816002131087,0.6938472390174866,0.1207753226180276,0.30816816002131087,0.43645375967025757,0.333964467048645,0.9279812568453804,0.0,2.0,8.0,3.0062478482723236
01_1-2_1x_463_206,1-2_1x,463,206,201,0.22265784677850545,0.7920112013816833,0.021008849605963893,0.22265784677850545,0.6892680525779724,0.20550793409347534,0.3503952075896768,2.0,3.0,9.0,1.2817872166633606
01_1-2_1x_463_269,1-2_1x,463,269,265,0.1663066278068889,0.6961950063705444,0.093972278743505,0.1663066278068889,0.6526129245758057,0.25011321902275085,0.5606891518925582,0.0,1.0,4.0,-0.2283998504281044
01_1-2_1x_463_296,1-2_1x,463,296,292,0.2481312240811848,0.769507884979248,0.17264149632239922,0.2481312240811848,0.6909466981887817,0.3787143677473068,0.9690907117134564,1.0,5.0,3.0,0.8311595022678375
01_1-2_1x_463_345,1-2_1x,463,345,343,0.2104459962464022,0.7719626426696777,0.03068637506381356,0.2104459962464022,0.27513188123703003,0.2548413872718811,0.4928077981939532,1.0,1.0,8.0,1.9190170466899872
01_1-2_1x_463_371,1-2_1x,463,371,366,0.12329879582123758,0.6793262362480164,0.009584567971415736,0.12329879582123758,0.37382644414901733,0.11177390813827515,0.196940268944968,2.0,3.0,4.0,-0.3486712872982025
01_1-2_1x_463_398,1-2_1x,463,398,394,0.20500991398846505,0.5804489850997925,0.004196063747344248,0.20500991398846505,0.41486656665802,0.09755605459213257,0.2020241930019,0.0,1.0,6.0,0.7560509145259857
01_1-2_1x_463_441,1-2_1x,463,441,437,0.24454250085558493,0.6397935152053833,0.08210322311352924,0.24454250085558493,0.20109695196151733,0.13323979079723358,0.2630319043708722,3.0,2.0,6.0,1.2220149785280228
01_1-2_1x_463_563,1-2_1x,463,563,558,0.24513040660276472,0.5945711731910706,0.10449713426591227,0.24513040660276472,0.6738635376095772,0.30890846252441406,1.0813748206880363,1.0,11.0,4.0,2.301079034805298
01_1-2_1x_463_598,1-2_1x,463,598,595,0.1703584395029517,0.49604371190071106,0.04833520453143025,0.1703584395029517,0.20191793143749237,0.1246161162853241,0.3355058098977762,1.0,5.0,2.0,-0.12853267788887024
01_1-2_1x_463_662,1-2_1x,463,662,666,0.20833229144138382,0.5416144728660583,0.07164946241602706,0.20833229144138382,0.521844819188118,0.20421147346496582,0.6052449854549354,0.0,1.0,3.0,0.24992172420024872
01_1-2_1x_463_776,1-2_1x,463,776,773,0.18939586780740525,0.45309653878211975,0.023522243856562597,0.18939586780740525,0.39326342195272446,0.22855661809444427,1.0178885669615776,1.0,3.0,5.0,1.6317160688340664
01_1-2_1x_466_89,1-2_1x,466,89,91,0.1174249178916513,0.5012073516845703,0.007518156869257424,0.1174249178916513,0.422955185174942,0.14971038699150085,0.42592227538075444,1.0,1.0,6.0,0.42121103405952454
01_1-2_1x_466_155,1-2_1x,466,155,151,0.3823788484647138,0.7229649424552917,0.0013286389331648918,0.3823788484647138,0.2454669177532196,0.38171669840812683,1.1185894874681572,2.0,,13.0,4.976520165801048
01_1-2_1x_466_186,1-2_1x,466,186,181,0.1607392219179392,0.7764880657196045,0.027035982659701974,0.1607392219179392,0.34211552143096924,0.09051841497421265,0.13195688012706255,0.0,4.0,2.0,0.2589656114578247
01_1-2_1x_466_243,1-2_1x,466,243,238,0.12798168235047813,0.7790151238441467,0.02112132318622244,0.12798168235047813,0.637398898601532,0.17821481823921204,0.29662904059239925,0.0,1.0,6.0,-0.6009804904460907
01_1-2_1x_466_279,1-2_1x,466,279,275,0.17612285659963656,0.7055294513702393,0.008994427799951823,0.17612285659963656,0.3031311631202698,0.2152571678161621,0.43905636732250475,0.0,2.0,6.0,0.39268332719802856
01_1-2_1x_466_333,1-2_1x,466,333,331,0.10180691847649835,0.5288289189338684,0.02909329230573736,0.10180691847649835,0.4480878412723541,0.14442379772663116,0.3757072675646551,0.0,1.0,7.0,0.017949692904949188
01_1-2_1x_466_416,1-2_1x,466,416,411,0.07972337653356758,0.36772748827934265,0.008915944485523544,0.07972337653356758,0.4295593500137329,0.07818049192428589,0.27000968032290384,0.0,3.0,3.0,0.30403467267751694
01_1-2_1x_466_631,1-2_1x,466,631,628,0.2835917368385484,0.5589770674705505,0.08517646254903787,0.2835917368385484,0.41363850235939026,0.39857132732868195,2.484769728166655,0.0,,9.0,4.186697581782937
01_1-2_1x_466_684,1-2_1x,466,684,680,0.3128705115398797,0.6214131712913513,0.11880901210517793,0.3128705115398797,0.45656394958496094,0.21455693244934082,0.5273531826868633,2.0,,12.0,4.334193289279938
01_1-2_1x_466_702,1-2_1x,466,702,707,0.16098355165344144,0.8440433740615845,0.016694750608288324,0.16098355165344144,0.3370024561882019,0.2770926356315613,0.4887419961721452,1.0,1.0,13.0,2.848267763853073
01_1-2_1x_466_758,1-2_1x,466,758,753,0.14791464148503874,0.7350438237190247,0.007224224404287616,0.14791464148503874,0.14455121755599976,0.14212781190872192,0.23970985616457635,0.0,1.0,3.0,-0.12324973940849304
01_1-2_1x_466_810,1-2_1x,466,810,813,0.09968601459648921,0.5739850401878357,0.010151361292380997,0.09968601459648921,0.48223423957824707,0.04456624388694763,0.08417956483286439,0.0,1.0,1.0,-2.2615461349487305
01_1-2_1x_473_94,1-2_1x,473,94,91,0.30600384646934387,0.6403124332427979,0.03937198951223004,0.30600384646934387,0.6623621582984924,0.2728186994791031,0.7423764663550169,1.0,,9.0,2.9562023729085922
01_1-2_1x_473_116,1-2_1x,473,116,111,0.22198318638043324,0.7487657070159912,0.0024120939141670686,0.22198318638043324,0.18623203039169312,0.20123398303985596,0.3675293580772079,1.0,15.0,9.0,3.0541409701108932
01_1-2_1x_473_251,1-2_1x,473,251,248,0.20759730786889785,0.5846413373947144,0.025130129966567816,0.20759730786889785,0.46704909205436707,0.19458140432834625,0.4988500172234776,3.0,2.0,8.0,1.9060785174369812
01_1-2_1x_473_281,1-2_1x,473,281,276,0.1006251489423332,0.5989528298377991,0.035178892802818135,0.1006251489423332,0.43646976351737976,0.1241021454334259,0.26134982955556413,0.0,2.0,4.0,-0.2964024841785431
01_1-2_1x_473_317,1-2_1x,473,317,312,0.26092194965197535,0.7575850486755371,0.01024671989015155,0.26092194965197535,0.3569735884666443,0.35243262350559235,0.8698766232431199,2.0,15.0,12.0,3.646547093987465
01_1-2_1x_473_361,1-2_1x,473,361,356,0.2803645569557148,0.7094525694847107,0.028646888720986814,0.2803645569557148,0.30008867383003235,0.16201332211494446,0.2959475830301824,3.0,1.0,8.0,2.2562904953956604
01_1-2_1x_473_387,1-2_1x,473,387,385,0.17677675568057982,0.8398891687393188,0.003255450380193172,0.17677675568057982,0.39626604318618774,0.1772964596748352,0.2675798529765903,0.0,1.0,14.0,1.3124815225601196
01_1-2_1x_473_418,1-2_1x,473,418,413,0.191212154499389,0.8533251881599426,0.03460223175111578,0.191212154499389,0.24471229314804077,0.11873111128807068,0.16162819035196194,2.0,1.0,3.0,0.27014851570129395
01_1-2_1x_473_478,1-2_1x,473,478,481,0.20880882725420374,0.7331359386444092,0.03507849983503698,0.20880882725420374,0.2790721654891968,0.09093731641769409,0.1416031010816939,0.0,1.0,9.0,-0.8548467755317688
01_1-2_1x_473_529,1-2_1x,473,529,525,0.07628019693640706,0.596569836139679,0.023853778830364766,0.07628019693640706,0.3252219259738922,0.010864347219467163,0.018549164085001717,0.0,1.0,4.0,-2.244561657309532
01_1-2_1x_473_652,1-2_1x,473,652,647,0.36338841137461797,0.5792310237884521,0.11361370223871785,0.36338841137461797,0.36835405230522156,0.39404554665088654,2.1278425972797455,4.0,,14.0,5.467414870858192
01_1-2_1x_473_680,1-2_1x,473,680,675,0.26299853271714996,0.7962473034858704,0.0059780910024969,0.26299853271714996,0.37314125895500183,0.24380984902381897,0.4413347557348992,2.0,1.0,10.0,1.5229102969169617
01_1-2_1x_473_708,1-2_1x,473,708,704,0.19651113730570674,0.8451001644134521,0.009058919140213291,0.19651113730570674,0.24736720323562622,0.2112358808517456,0.3332509597556175,0.0,1.0,7.0,0.5488688051700592
01_1-2_1x_473_802,1-2_1x,473,802,800,0.21717891627338262,0.6063718199729919,0.015772546308121495,0.21717891627338262,0.3330516815185547,0.10645516216754913,0.2129458190788659,0.0,2.0,5.0,0.14952681958675385
01_1-2_1x_484_51,1-2_1x,484,51,48,0.21492700080593352,0.6649621725082397,0.07985994884460079,0.21492700080593352,0.39303624629974365,0.16837936639785767,0.3390761104210075,1.0,1.0,2.0,1.463935226202011
01_1-2_1x_484_103,1-2_1x,484,103,102,0.13446199651355983,0.6427294611930847,0.009225616389354535,0.13446199651355983,0.2557734251022339,0.10054045915603638,0.1854343389081993,0.0,1.0,4.0,0.12802499532699585
01_1-2_1x_484_131,1-2_1x,484,131,130,0.17226974208645873,0.6962854266166687,0.013354623707611635,0.17226974208645873,0.2848365306854248,0.13856938481330872,0.24845866790069063,0.0,4.0,7.0,0.07719030976295471
01_1-2_1x_484_203,1-2_1x,484,203,202,0.19824590548966764,0.6668394804000854,0.00028998341663909877,0.19824590548966764,0.21405541896820068,0.17850270867347717,0.3655319832711893,0.0,2.0,9.0,1.8533781170845032
01_1-2_1x_484_292,1-2_1x,484,292,288,0.11226307606117059,0.5808606743812561,0.0005383005559767738,0.11226307606117059,0.35996443033218384,0.09211966395378113,0.18848359762813663,0.0,1.0,5.0,0.257138729095459
01_1-2_1x_484_345,1-2_1x,484,345,343,0.13595976297790646,0.5614810585975647,0.019679395072259454,0.13595976297790646,0.485368475317955,0.1407640129327774,0.3345811974657506,0.0,3.0,4.0,0.3610408753156662
01_1-2_1x_484_422,1-2_1x,484,422,426,0.06902178597024555,0.4740159213542938,0.00040696706483816754,0.06902178597024555,0.29608941078186035,0.14496706426143646,0.4405639501143347,0.0,1.0,3.0,0.12252691388130188
01_1-2_1x_484_595,1-2_1x,484,595,598,0.14518511390392008,0.3620063364505768,0.006898718357255645,0.14518511390392008,0.27741119265556335,0.15208082646131516,0.724451385013163,0.0,1.0,9.0,1.343075767159462
01_1-2_1x_484_646,1-2_1x,484,646,641,0.15109165699328916,0.4610026478767395,0.021517992704311324,0.15109165699328916,0.43909023702144623,0.159957155585289,0.5313388164949836,1.0,3.0,4.0,1.6927719041705132
01_1-2_1x_484_676,1-2_1x,484,676,675,0.1255874543037212,0.5000459551811218,0.010269378159517404,0.1255874543037212,0.38135963678359985,0.1525673121213913,0.43906960951026114,1.0,1.0,6.0,0.32494698464870453
01_1-2_1x_484_770,1-2_1x,484,770,766,0.3660894220160288,0.6164984107017517,0.3753131534730955,0.3660894220160288,0.1943705677986145,0.28317317366600037,0.8495401553877187,3.0,,11.0,4.89448344707489
01_1-2_1x_484_816,1-2_1x,484,816,811,0.18425975408291861,0.9554662108421326,0.0034130932059846576,0.18425975408291861,0.5083786845207214,0.3028539717197418,0.46406419243226094,1.0,1.0,9.0,1.04472216963768
01_1-2_1x_497_82,1-2_1x,497,82,78,0.10567770604988733,0.35625532269477844,0.002669421653367468,0.10567770604988733,0.26212117075920105,0.16758044064044952,0.8881968750466464,0.0,7.0,2.0,1.9398331940174103
01_1-2_1x_497_125,1-2_1x,497,125,120,0.07527215641492802,0.45487239956855774,0.008271598373637392,0.07527215641492802,0.24338698387145996,0.1877765953540802,0.7030308690408924,0.0,1.0,7.0,0.12985912710428238
01_1-2_1x_497_218,1-2_1x,497,218,213,0.38534938592004564,0.8278630375862122,0.3269176932248885,0.38534938592004564,0.36510077863931656,0.598203107714653,2.6047343480824336,3.0,,14.0,8.033165469765663
01_1-2_1x_497_283,1-2_1x,497,283,278,0.299279770581461,0.8515541553497314,0.03159221951523628,0.299279770581461,0.6633558869361877,0.22994470596313477,0.3699182922493277,3.0,1.0,10.0,1.8933508396148682
01_1-2_1x_497_302,1-2_1x,497,302,298,0.157955679492563,0.9491572976112366,0.015226429951188662,0.157955679492563,0.5729893445968628,0.23446059226989746,0.32805606982323937,0.0,2.0,12.0,1.24525648355484
01_1-2_1x_497_338,1-2_1x,497,338,339,0.12750111595286873,0.7701770067214966,0.11192288307024273,0.12750111595286873,0.2076578140258789,0.040930360555648804,0.05612690955912916,0.0,1.0,2.0,-1.0654363334178925
01_1-2_1x_497_384,1-2_1x,497,384,384,0.1216797203969249,0.628609836101532,0.0070378252197082795,0.1216797203969249,0.5593851804733276,0.07487130165100098,0.13521056779134036,0.0,1.0,1.0,-0.2408970147371292
01_1-2_1x_497_439,1-2_1x,497,439,439,0.08574987645178452,0.5235497951507568,0.0030223783432948574,0.08574987645178452,0.29800736904144287,0.09872303903102875,0.2323842310045223,1.0,1.0,7.0,-0.06131470203399658
01_1-2_1x_497_507,1-2_1x,497,507,509,0.10649900919663163,0.4164865016937256,0.01420235813448057,0.10649900919663163,0.36345431208610535,0.0630616694688797,0.17843021689194832,1.0,1.0,1.0,-0.21730098873376846
01_1-2_1x_497_612,1-2_1x,497,612,607,0.06716724271138094,0.3781724274158478,0.009870082444793512,0.06716724271138094,0.23490628600120544,0.13363157957792282,0.5464591325310617,1.0,4.0,8.0,0.38655243813991547
01_1-2_1x_497_714,1-2_1x,497,714,711,0.07056672196902787,0.28421589732170105,0.0031701350226467488,0.07056672196902787,0.48280374705791473,0.09952089190483093,0.5388391076423805,0.0,6.0,1.0,0.7727202959358692
01_1-2_1x_497_838,1-2_1x,497,838,834,0.13497095651359906,0.42375674843788147,0.006798781778585794,0.13497095651359906,0.27479778230190277,0.19677218794822693,0.8668967947588461,1.0,3.0,6.0,1.330778256058693
01_1-2_1x_499_202,1-2_1x,499,202,197,0.0956235877457973,0.42456090450286865,0.00553100237907362,0.0956235877457973,0.2553580105304718,0.13838209211826324,0.48355114400393434,0.0,4.0,5.0,0.24738411232829094
01_1-2_1x_499_255,1-2_1x,499,255,250,0.24927459154425613,0.5929186940193176,0.014572896421050526,0.24927459154425613,0.2446078360080719,0.2725420296192169,0.8506925126071424,2.0,8.0,11.0,3.0286814123392105
01_1-2_1x_499_287,1-2_1x,499,287,289,0.17619223042415227,0.5591188073158264,0.008446616977908755,0.17619223042415227,0.5263398885726929,0.09727692604064941,0.21062820412055566,0.0,1.0,3.0,-0.793351873755455
01_1-2_1x_499_311,1-2_1x,499,311,308,0.3840669759425658,0.8610658645629883,0.1310829329428416,0.3840669759425658,0.5763164460659027,0.4349050521850586,1.0205186388638998,0.0,31.0,11.0,5.587484449148178
01_1-2_1x_499_423,1-2_1x,499,423,428,0.08488848132078018,0.6705868244171143,0.02611705546207088,0.08488848132078018,0.4725187122821808,0.2301107794046402,0.5224138338740386,0.0,1.0,4.0,-0.0873248279094696
01_1-2_1x_499_579,1-2_1x,499,579,575,0.3411126841795457,0.675452709197998,0.519465137349931,0.3411126841795457,0.5527144521474838,0.42405936121940613,1.6868360464952241,3.0,,9.0,6.501741036772728
01_1-2_1x_499_664,1-2_1x,499,664,665,0.17195939605865607,0.5720074772834778,0.00868037411641601,0.17195939605865607,1.1090161353349686,0.1141703873872757,0.24936902209726974,1.0,1.0,4.0,0.03631569445133209
01_1-2_1x_499_779,1-2_1x,499,779,774,0.12540964924849562,0.524228036403656,0.007254059052962182,0.12540964924849562,0.43976736068725586,0.2552402466535568,0.948891571958287,0.0,3.0,6.0,0.969365980476141
01_1-2_1x_514_80,1-2_1x,514,80,75,0.1093689966116616,0.874755322933197,0.007756432645402625,0.1093689966116616,0.15412086248397827,0.06751611828804016,0.08363830435827091,1.0,1.0,1.0,-0.8896972835063934
01_1-2_1x_514_166,1-2_1x,514,166,161,0.3426941296975288,0.9642792344093323,0.007343589056160615,0.3426941296975288,0.38887548446655273,0.43301430344581604,0.8150628400419537,1.0,,12.0,4.371611014008522
01_1-2_1x_514_207,1-2_1x,514,207,211,0.11895468876405248,0.8365797400474548,0.0006103752328524922,0.11895468876405248,0.3995009660720825,0.06825181841850281,0.08883162579045722,0.0,3.0,4.0,-0.023173213005065918
01_1-2_1x_514_351,1-2_1x,514,351,352,0.05638643630395007,0.2928031086921692,0.006588321385489676,0.05638643630395007,0.37437228113412857,0.04283633083105087,0.1713680961829686,0.0,1.0,2.0,-0.485073234885931
01_1-2_1x_514_532,1-2_1x,514,532,527,0.06601042453678202,0.23545783758163452,8.024433016068728e-05,0.06601042453678202,0.24514605104923248,0.0773405134677887,0.48913371068753264,0.0,5.0,4.0,0.9143255427479744
01_1-2_1x_514_616,1-2_1x,514,616,612,0.4442185044700885,0.7493983507156372,0.031939564903160966,0.4442185044700885,0.604859858751297,0.5422958210110664,2.6184896040847248,3.0,,16.0,8.704781576991081
01_1-2_1x_514_645,1-2_1x,514,645,641,0.13870204506409772,0.8494722843170166,0.018475557436885632,0.13870204506409772,0.27418237924575806,0.09961751103401184,0.13284907235819504,0.0,2.0,4.0,-0.6887860298156738
01_1-2_1x_514_711,1-2_1x,514,711,706,0.3240705973048615,0.8538995385169983,0.011702454876438688,0.3240705973048615,0.19371360540390015,0.22946450114250183,0.36747537759461696,1.0,20.0,13.0,3.3347102403640747
01_1-2_1x_514_800,1-2_1x,514,800,798,0.10010228611804964,0.7627198696136475,0.004501527312949088,0.10010228611804964,0.14950531721115112,0.03318050503730774,0.0454814457566336,0.0,1.0,3.0,-1.1932810842990875
01_1-2_1x_540_82,1-2_1x,540,82,77,0.4815878814910415,0.6428102850914001,0.380705241142946,0.4815878814910415,0.45098353177309036,0.5136398412287235,3.976450230168622,3.0,,15.0,10.496912479400635
01_1-2_1x_540_171,1-2_1x,540,171,166,0.31448270442248644,0.9001761674880981,0.008708876259716617,0.31448270442248644,0.3479244112968445,0.2998891770839691,0.4995763391141891,3.0,27.0,12.0,3.74207004904747
01_1-2_1x_540_231,1-2_1x,540,231,235,0.2237174688360784,0.751265823841095,0.0008696173900495003,0.2237174688360784,0.40255945920944214,0.08360236883163452,0.1252163319773881,2.0,1.0,4.0,-0.2201453149318695
01_1-2_1x_540_308,1-2_1x,540,308,311,0.16849696502847883,0.6709156632423401,0.004643776271852467,0.16849696502847883,0.3887106478214264,0.06760939955711365,0.11206480626295749,0.0,1.0,6.0,0.5173684656620026
01_1-2_1x_540_368,1-2_1x,540,368,366,0.09693463912604652,0.6425082087516785,0.0008007116082352941,0.09693463912604652,0.3004239797592163,0.06858906149864197,0.1195099724881658,0.0,1.0,5.0,-1.1597840487957
01_1-2_1x_540_434,1-2_1x,540,434,430,0.2603187610265502,0.6627892255783081,0.0005759883353916584,0.2603187610265502,0.5831247866153717,0.24645301699638367,0.5919567213138224,2.0,25.0,5.0,2.7421929240226746
01_1-2_1x_540_550,1-2_1x,540,550,545,0.1692279956698121,0.6113845705986023,0.004111292857976649,0.1692279956698121,0.42411789298057556,0.21308965981006622,0.53500472649323,2.0,4.0,7.0,0.7205030769109726
01_1-2_1x_540_625,1-2_1x,540,625,626,0.0763423087960188,0.47702085971832275,0.025892388038706273,0.0763423087960188,0.3445241153240204,0.10736912488937378,0.29046022180595826,0.0,1.0,4.0,-1.1608143895864487
01_1-2_1x_540_695,1-2_1x,540,695,690,0.31696785467437955,0.639963686466217,0.021674708377321234,0.31696785467437955,0.39531099796295166,0.34605927765369415,1.1774552108690552,2.0,,13.0,4.833117663860321
01_1-2_1x_540_778,1-2_1x,540,778,774,0.20095010686064835,0.5921796560287476,0.02776127670665653,0.20095010686064835,0.434248149394989,0.1588563472032547,0.36660005120386685,1.0,3.0,5.0,1.4921797960996628
01_1-2_1x_540_843,1-2_1x,540,843,839,0.2229312741470568,0.6396135091781616,0.007586394284663592,0.2229312741470568,0.33376872539520264,0.18790143728256226,0.4159761249993567,0.0,18.0,12.0,1.9992583692073822
01_1-2_1x_553_149,1-2_1x,553,149,149,0.08332587492224217,0.4638682007789612,0.0030576148295883955,0.08332587492224217,0.48930883407592773,0.11840347945690155,0.34273681840444675,0.0,3.0,5.0,0.7416498363018036
01_1-2_1x_553_467,1-2_1x,553,467,463,0.44012561145702556,0.5549240708351135,0.042248652259011296,0.44012561145702556,0.4228046089410782,0.3624297305941582,1.882807204307855,1.0,,14.0,8.43780405074358
01_1-2_1x_553_529,1-2_1x,553,529,527,0.09966011224317128,0.6828746795654297,0.00503685255149752,0.09966011224317128,0.46902239322662354,0.10358220338821411,0.17880812827357787,0.0,1.0,6.0,0.3050013482570648
01_1-2_1x_553_555,1-2_1x,553,555,551,0.14363276870571975,0.6730539798736572,0.018919762219021898,0.14363276870571975,0.4752308130264282,0.12297692894935608,0.22356309673838684,0.0,1.0,4.0,-0.2064947783946991
01_1-2_1x_553_693,1-2_1x,553,693,689,0.3355070505957001,1.0,0.0046132019493686765,0.3355070505957001,0.40217968821525574,0.6104697734117508,1.5671948715215995,2.0,,10.0,5.664183676242828
01_1-2_1x_553_762,1-2_1x,553,762,757,0.26772481852611524,0.925375759601593,0.03215665610491001,0.26772481852611524,0.2530476450920105,0.27265432476997375,0.4177192753602609,3.0,2.0,10.0,1.914596050977707
01_1-2_1x_553_803,1-2_1x,553,803,802,0.1127958149903186,0.8342491388320923,0.002324961844428712,0.1127958149903186,0.32817721366882324,0.10936224460601807,0.15086801193002491,0.0,1.0,5.0,-0.7279636859893799
01_1-2_1x_555_60,1-2_1x,555,60,65,0.1274225371678085,0.8848165273666382,0.0034694954296740203,0.1274225371678085,0.3829419016838074,0.15645113587379456,0.21479759705926627,0.0,1.0,5.0,-0.7772526144981384
01_1-2_1x_555_77,1-2_1x,555,77,82,0.10146486218058672,0.7723168134689331,0.06582232083182721,0.10146486218058672,0.42309945821762085,0.09845742583274841,0.14610974876839644,0.0,1.0,7.0,-0.39372116327285767
01_1-2_1x_555_225,1-2_1x,555,225,223,0.3829297913410741,0.5259346961975098,0.22126214253761836,0.3829297913410741,0.543916866183281,0.31307604163885117,1.4708165955853822,1.0,,9.0,6.296336641535163
01_1-2_1x_555_250,1-2_1x,555,250,249,0.16546771362099313,0.6862630844116211,0.030630849663050623,0.16546771362099313,0.4912121295928955,0.13266125321388245,0.2396329739857702,0.0,6.0,4.0,2.241856187582016
01_1-2_1x_555_343,1-2_1x,555,343,340,0.32176251676671846,0.8011419177055359,0.056240336906919076,0.32176251676671846,0.5919081568717957,0.4139327108860016,1.0690156731705045,0.0,14.0,10.0,2.6739160269498825
01_1-2_1x_555_459,1-2_1x,555,459,456,0.280661458311796,0.7603566646575928,0.04781921969510698,0.280661458311796,0.43860143423080444,0.3040204346179962,0.6662202442081274,0.0,1.0,5.0,1.804617390036583
01_1-2_1x_555_513,1-2_1x,555,513,510,0.131281704793756,0.7822068333625793,0.00013257734452038703,0.131281704793756,0.357665479183197,0.21827271580696106,0.38705357418889236,0.0,1.0,7.0,0.29302941262722015
01_1-2_1x_555_538,1-2_1x,555,538,541,0.21023258217722335,0.7863186001777649,0.000172355260801507,0.21023258217722335,0.44701439142227173,0.23186129331588745,0.41817700018812654,0.0,1.0,7.0,0.9378679096698761
01_1-2_1x_555_588,1-2_1x,555,588,584,0.13863113836024427,0.8634100556373596,0.010235894964483754,0.13863113836024427,0.39746934175491333,0.2826709449291229,0.48674342698288975,0.0,1.0,3.0,-0.6570638418197632
01_1-2_1x_555_622,1-2_1x,555,622,618,0.26298940766456796,0.7099531888961792,0.05085572918137451,0.26298940766456796,0.48774421215057373,0.17625069618225098,0.33024147083518257,1.0,18.0,4.0,2.4629389941692352
01_1-2_1x_555_665,1-2_1x,555,665,661,0.14685073728452325,0.8534405827522278,0.009661146492173459,0.14685073728452325,0.5052015781402588,0.1792195439338684,0.26581719290155764,1.0,1.0,2.0,-1.2246669232845306
01_1-2_1x_555_731,1-2_1x,555,731,735,0.12646699389951005,0.6747806072235107,0.03501338292025498,0.12646699389951005,0.44547832012176514,0.06218394637107849,0.10150879093031477,0.0,1.0,2.0,-1.384403109550476
01_1-2_1x_555_797,1-2_1x,555,797,792,0.16447401581515647,0.6736438274383545,0.0330670003901546,0.16447401581515647,0.4024706780910492,0.2216428816318512,0.4903593315194834,0.0,3.0,4.0,0.8597346693277359
01_1-2_1x_555_825,1-2_1x,555,825,820,0.11298274700618523,0.5459036827087402,0.007256590777935987,0.11298274700618523,0.5840406119823456,0.08037593960762024,0.1726555308437575,0.0,1.0,7.0,0.02649630606174469
01_1-2_1x_568_231,1-2_1x,568,231,227,0.3781198268561611,0.5336498618125916,0.3669430277528183,0.3781198268561611,0.561625599861145,0.30579426139593124,1.3420528652214432,3.0,,11.0,5.964364781975746
01_1-2_1x_568_304,1-2_1x,568,304,302,0.23263400385237448,0.7346508502960205,0.02031416796156386,0.23263400385237448,0.36052602529525757,0.19596368074417114,0.3637801154744403,1.0,5.0,7.0,1.7996146380901337
01_1-2_1x_568_383,1-2_1x,568,383,379,0.28645108059971497,0.6187760829925537,0.04250846748130144,0.28645108059971497,0.5367866456508636,0.09031060338020325,0.17089215258951163,0.0,1.0,6.0,1.0484827756881714
01_1-2_1x_568_429,1-2_1x,568,429,426,0.22023885073876986,0.7473751306533813,0.017323737538060064,0.22023885073876986,0.2676401138305664,0.16629913449287415,0.28619171260163073,1.0,3.0,6.0,1.391543686389923
01_1-2_1x_568_470,1-2_1x,568,470,467,0.1659603610653609,0.761492133140564,0.008896590000002466,0.1659603610653609,0.3099796772003174,0.07887208461761475,0.1155431704478617,0.0,1.0,4.0,0.040662407875061035
01_1-2_1x_568_553,1-2_1x,568,553,558,0.23175263689336884,0.7950572967529297,0.049531891406158046,0.23175263689336884,0.2559185028076172,0.20011267066001892,0.3363551192557001,0.0,5.0,10.0,1.3640320003032684
01_1-2_1x_568_597,1-2_1x,568,597,592,0.11008010685753444,0.7681329846382141,0.0012139487559009972,0.11008010685753444,0.17417162656784058,0.043751060962677,0.06039778124319104,0.0,2.0,3.0,-0.9751183986663818
01_1-2_1x_568_631,1-2_1x,568,631,626,0.20216188266367302,0.6876294016838074,0.0027045408356819057,0.20216188266367302,0.37919139862060547,0.051112860441207886,0.08030091463361817,1.0,6.0,4.0,0.2025677114725113
01_1-2_1x_568_699,1-2_1x,568,699,697,0.1889771839116749,0.6988444924354553,0.01368072781904643,0.1889771839116749,0.29254865646362305,0.088541179895401,0.1450773379008819,0.0,2.0,5.0,0.637525349855423
01_1-2_1x_568_750,1-2_1x,568,750,753,0.10354206477395532,0.7116363644599915,0.024034453910008254,0.10354206477395532,0.3277181386947632,0.029578864574432373,0.043367112859832704,0.0,1.0,1.0,-2.1275171041488647
01_1-2_1x_568_835,1-2_1x,568,835,835,0.2779906226805384,0.6208863258361816,0.17310492466181285,0.2779906226805384,0.32309484481811523,0.22908177971839905,0.5846838225545588,0.0,,11.0,2.7240201234817505
01_1-2_1x_571_48,1-2_1x,571,48,45,0.24052748180138897,0.686305582523346,0.00016603674959821796,0.24052748180138897,0.37800052762031555,0.1819540560245514,0.3607683261864506,0.0,1.0,3.0,2.0227383226156235
01_1-2_1x_571_77,1-2_1x,571,77,77,0.12409763607253181,0.6441513895988464,0.019806863090393943,0.12409763607253181,0.7780171930789948,0.044326990842819214,0.07389994627552453,0.0,1.0,6.0,-1.8354852348566055
01_1-2_1x_571_111,1-2_1x,571,111,106,0.1492818754540583,0.8071088194847107,0.02228891934242305,0.1492818754540583,0.48630717396736145,0.2721298635005951,0.5086739589597522,0.0,1.0,5.0,-0.18554610013961792
01_1-2_1x_571_165,1-2_1x,571,165,161,0.12440431794915299,0.7008669972419739,0.00457133397124318,0.12440431794915299,0.677065521478653,0.22955891489982605,0.4870676389826409,0.0,1.0,7.0,-0.6000046208500862
01_1-2_1x_571_199,1-2_1x,571,199,195,0.14788616231208265,0.7010510563850403,0.0031703682502030716,0.14788616231208265,0.6954361200332642,0.27380067110061646,0.6408435908567882,0.0,2.0,5.0,0.957748532295227
01_1-2_1x_571_239,1-2_1x,571,239,236,0.2002451521956832,0.7399616837501526,0.02273404358392278,0.2002451521956832,0.6992743015289307,0.30109159648418427,0.6860608759186493,0.0,5.0,8.0,1.6827865689992905
01_1-2_1x_571_298,1-2_1x,571,298,294,0.17510684302202345,0.7445345520973206,0.014962956373577913,0.17510684302202345,0.6021391451358795,0.23584464192390442,0.46363145249628257,0.0,1.0,3.0,0.5258687138557434
01_1-2_1x_571_367,1-2_1x,571,367,370,0.17468060855896134,0.6369416117668152,0.01631573555716583,0.17468060855896134,0.34437668323516846,0.15642723441123962,0.3255412153786298,0.0,3.0,5.0,1.4091553688049316
01_1-2_1x_571_422,1-2_1x,571,422,420,0.1597864622585327,0.553467333316803,0.039775572835137094,0.1597864622585327,0.5560777485370636,0.07463951408863068,0.15587965254179031,0.0,4.0,3.0,-0.26357635855674744
01_1-2_1x_571_443,1-2_1x,571,443,447,0.14061244289220518,0.7243892550468445,0.01149000474567201,0.14061244289220518,0.5860699713230133,0.2507484257221222,0.529406272004925,0.0,1.0,6.0,0.7901234179735184
01_1-2_1x_571_487,1-2_1x,571,487,486,0.21030594496016883,0.6119959950447083,0.013285683405132444,0.21030594496016883,0.40900352597236633,0.12929394841194153,0.26785456849389877,0.0,2.0,3.0,-0.15760363638401031
01_1-2_1x_571_520,1-2_1x,571,520,515,0.24197778822245433,0.9079228639602661,0.2702988622275469,0.24197778822245433,0.7287221550941467,0.36324363946914673,0.6668946108758168,3.0,1.0,5.0,-0.8501285314559937
01_1-2_1x_571_567,1-2_1x,571,567,564,0.1478896438869585,0.7202799320220947,0.004849555927252824,0.1478896438869585,0.5375014543533325,0.20429566502571106,0.39593390359544217,0.0,1.0,5.0,-0.4897233545780182
01_1-2_1x_571_601,1-2_1x,571,601,600,0.2605221989192147,0.5368237495422363,0.08110355316850681,0.2605221989192147,0.7170835435390472,0.10132618248462677,0.23266762009539055,0.0,2.0,3.0,1.0027914345264435
01_1-2_1x_571_656,1-2_1x,571,656,659,0.21482614111342127,0.754369854927063,0.01051952863938772,0.21482614111342127,0.40122735500335693,0.24491651356220245,0.4807437574284119,0.0,1.0,7.0,0.40305206179618835
01_1-2_1x_571_689,1-2_1x,571,689,684,0.24711550640545654,0.7545539140701294,0.08875073095316707,0.24711550640545654,0.9434272199869156,0.19603031873703003,0.3509794758449175,1.0,9.0,7.0,0.7356900498270988
01_1-2_1x_571_760,1-2_1x,571,760,756,0.19203340721889461,0.8593930006027222,0.0005119081557068753,0.19203340721889461,0.45898476243019104,0.30123376846313477,0.5396914556235463,1.0,1.0,7.0,1.0062173157930374
01_1-2_1x_571_799,1-2_1x,571,799,801,0.1609009992733769,0.6570410132408142,0.0067965258029993375,0.1609009992733769,0.6450847089290619,0.07640817761421204,0.13159465487644104,0.0,1.0,5.0,-0.8456391990184784
01_1-2_1x_598_60,1-2_1x,598,60,55,0.1394467313977409,0.7604978084564209,0.04693251665783816,0.1394467313977409,0.7548616528511047,0.24641099572181702,0.4793178693129133,0.0,1.0,2.0,-0.46267156302928925
01_1-2_1x_598_87,1-2_1x,598,87,82,0.13533567403070626,0.5795019865036011,0.0025519086523391734,0.13533567403070626,0.2869935631752014,0.11835387349128723,0.25665045600680336,1.0,4.0,1.0,-0.025460362434387207
01_1-2_1x_598_129,1-2_1x,598,129,124,0.13251658003739647,0.6647440195083618,0.04467388377453828,0.13251658003739647,0.39500176906585693,0.1819930076599121,0.37699145769381687,2.0,1.0,5.0,-0.5265612006187439
01_1-2_1x_598_148,1-2_1x,598,148,150,0.10470122114760216,0.6488651037216187,0.029343914527969077,0.10470122114760216,0.3353452682495117,0.19469523429870605,0.4286837313670632,0.0,1.0,5.0,-0.37575212121009827
01_1-2_1x_598_197,1-2_1x,598,197,201,0.14665640431558002,0.4522041380405426,0.04383420578161317,0.14665640431558002,0.3959894925355911,0.07459348440170288,0.19754073059878957,0.0,1.0,2.0,-2.0668852999806404
01_1-2_1x_598_263,1-2_1x,598,263,262,0.1342738497694476,0.4467852711677551,0.01131564428362192,0.1342738497694476,0.22410467267036438,0.13517601788043976,0.43379975547710203,1.0,3.0,4.0,1.3157342374324799
01_1-2_1x_598_288,1-2_1x,598,288,285,0.138105638814598,0.6277965903282166,0.03150679576747241,0.138105638814598,0.4708104431629181,0.27591128647327423,0.7840943723725761,0.0,3.0,6.0,1.4748372361063957
01_1-2_1x_598_381,1-2_1x,598,381,386,0.11776334055319138,0.549895167350769,0.0023905586074425204,0.11776334055319138,0.47334158420562744,0.1795918345451355,0.4849857363811534,0.0,1.0,10.0,0.9412146806716919
01_1-2_1x_598_418,1-2_1x,598,418,413,0.28455329704943366,0.7123947739601135,0.5925844742559894,0.28455329704943366,0.5453715026378632,0.3275105655193329,0.8509327177805597,0.0,12.0,9.0,4.658227279782295
01_1-2_1x_598_462,1-2_1x,598,462,458,0.2778177797219043,0.9397812485694885,0.0772233737390503,0.2778177797219043,0.362598180770874,0.3357529640197754,0.555856360716734,1.0,1.0,7.0,1.8656693994998932
01_1-2_1x_598_517,1-2_1x,598,517,515,0.1434844808832347,0.8579941391944885,0.015226315327845904,0.1434844808832347,0.5566580295562744,0.1530947983264923,0.21718675199493737,0.0,2.0,7.0,0.5034739673137665
01_1-2_1x_598_544,1-2_1x,598,544,539,0.1375488740687581,0.8826475739479065,0.027615058407240486,0.1375488740687581,0.5652700066566467,0.19607996940612793,0.28559455486833446,1.0,1.0,6.0,-0.16633273661136627
01_1-2_1x_598_589,1-2_1x,598,589,585,0.19251319628379723,0.8096182942390442,0.00952067670256145,0.19251319628379723,0.4237624406814575,0.14208897948265076,0.21285803685566135,1.0,1.0,3.0,-0.04397960007190704
01_1-2_1x_598_636,1-2_1x,598,636,633,0.11401177362414673,0.7291238307952881,0.01077461630882263,0.11401177362414673,0.7008782923221588,0.14388763904571533,0.24586250999884504,0.0,1.0,6.0,-0.9197708964347839
01_1-2_1x_598_662,1-2_1x,598,662,659,0.27392299088515976,0.8000457882881165,0.02067773173339001,0.27392299088515976,0.3191404938697815,0.2864620089530945,0.5577707483752695,1.0,26.0,4.0,2.3813506811857224
01_1-2_1x_598_690,1-2_1x,598,690,686,0.18672982633359714,0.790340006351471,0.001525314161253026,0.18672982633359714,0.5048688054084778,0.1367945373058319,0.20931143093316915,1.0,1.0,3.0,1.247984766960144
01_1-2_1x_598_746,1-2_1x,598,746,749,0.1800952417306715,0.8044778108596802,0.007269098650802917,0.1800952417306715,0.4100150465965271,0.12310799956321716,0.1806772145202263,1.0,2.0,8.0,-0.2808111011981964
01_1-2_1x_598_792,1-2_1x,598,792,794,0.16830557241853739,0.7446571588516235,0.021627953734822822,0.16830557241853739,0.4452207386493683,0.1407368779182434,0.2330388337029013,0.0,1.0,4.0,0.6303861439228058
01_1-2_1x_599_61,1-2_1x,599,61,56,0.15085174243806193,0.8056166768074036,6.668190185391973e-05,0.15085174243806193,0.4231615960597992,0.20688652992248535,0.34554219626133337,2.0,3.0,2.0,1.028638482093811
01_1-2_1x_599_145,1-2_1x,599,145,141,0.2733346480129897,0.5898062586784363,0.001140881932557462,0.2733346480129897,0.6795338988304138,0.2703525871038437,0.8462966970179782,2.0,29.0,4.0,3.863452970981598
01_1-2_1x_599_205,1-2_1x,599,205,200,0.27092329213949756,0.6790049076080322,0.02621662918055448,0.27092329213949756,0.46344637870788574,0.2589816302061081,0.616588756242398,0.0,1.0,8.0,1.5672203451395035
01_1-2_1x_599_294,1-2_1x,599,294,289,0.3090076747575494,0.5488560199737549,0.033303960101023024,0.3090076747575494,0.28251561522483826,0.2441163957118988,0.8010654876378496,3.0,20.0,13.0,4.222356557846069
01_1-2_1x_599_337,1-2_1x,599,337,335,0.24029033075693337,0.6554461121559143,0.0007386730819099877,0.24029033075693337,0.49775001406669617,0.2181495577096939,0.4988595393484226,1.0,4.0,12.0,1.0177723914384842
01_1-2_1x_599_433,1-2_1x,599,433,428,0.3113749060637603,0.7470305562019348,0.011641834433899222,0.3113749060637603,0.5364213287830353,0.4165147989988327,1.2601964956934992,2.0,38.0,7.0,4.911191754043102
01_1-2_1x_599_532,1-2_1x,599,532,530,0.29779870173694756,0.6891034245491028,0.032805074667331915,0.29779870173694756,0.2910653352737427,0.3216467350721359,0.8753323705440327,3.0,1.0,7.0,3.045546680688858
01_1-2_1x_599_593,1-2_1x,599,593,596,0.07595601756795786,0.47088801860809326,0.027757769910435395,0.07595601756795786,0.5041744783520699,-0.00029203295707702637,-0.000619790579221146,0.0,0.0,1.0,-3.4915689043700695
01_1-2_1x_599_643,1-2_1x,599,643,641,0.3629125749887174,0.5708994269371033,0.03255125857678716,0.3629125749887174,0.7236435860395432,0.3018918037414551,1.1222425600998316,1.0,1.0,12.0,4.064046029001474
01_1-2_1x_599_727,1-2_1x,599,727,724,0.08448329461331713,0.3603876531124115,0.0019692730798334416,0.08448329461331713,0.40486641973257065,0.09146420657634735,0.3401124288509425,1.0,1.0,2.0,0.3779759183526039
01_1-2_1x_599_791,1-2_1x,599,791,786,0.42085984593353465,0.7053924798965454,0.19236163565042688,0.42085984593353465,0.6308281570672989,0.5294457450509071,3.009125150946398,1.0,,14.0,7.459555834531784
01_1-2_1x_634_121,1-2_1x,634,121,116,0.2254186686956156,0.6809097528457642,0.015773894021869964,0.2254186686956156,0.4512650966644287,0.19459213316440582,0.40013383288868937,0.0,10.0,5.0,1.5718899071216583
01_1-2_1x_634_154,1-2_1x,634,154,159,0.2208607660446788,0.6823760867118835,0.02232259386550185,0.2208607660446788,0.46487975120544434,0.11030596494674683,0.19281895828853113,0.0,1.0,4.0,-1.4185584485530853
01_1-2_1x_634_208,1-2_1x,634,208,204,0.127146046755787,0.5886663198471069,0.0053629379835734205,0.127146046755787,0.41536879539489746,0.023285001516342163,0.04118459659241827,0.0,4.0,2.0,-0.6209332644939423
01_1-2_1x_634_270,1-2_1x,634,270,265,0.2565221274232604,0.8681162595748901,0.006594250596135202,0.2565221274232604,0.6253218501806259,0.46738238632678986,1.1663161452723676,2.0,5.0,7.0,3.1598789244890213
01_1-2_1x_634_303,1-2_1x,634,303,299,0.18650593385731506,0.7667986154556274,0.019916092107068153,0.18650593385731506,0.4229741096496582,0.20417681336402893,0.3629024197160202,2.0,4.0,8.0,1.5413448363542557
01_1-2_1x_634_365,1-2_1x,634,365,360,0.28728024270084324,0.7736000418663025,0.03160120611856517,0.28728024270084324,0.6126142144203186,0.3235948234796524,0.7190912688519441,1.0,16.0,8.0,2.313723385334015
01_1-2_1x_634_483,1-2_1x,634,483,481,0.1105766832215841,0.45077213644981384,0.0052243912547101515,0.1105766832215841,0.6521021872758865,0.14794108271598816,0.48852679040644703,0.0,4.0,4.0,0.5147669725120068
01_1-2_1x_634_531,1-2_1x,634,531,528,0.2717741707864635,0.5119344592094421,0.030733862785602615,0.2717741707864635,0.4671103432774544,0.26144014298915863,1.043696906716436,2.0,34.0,10.0,3.595678523182869
01_1-2_1x_634_598,1-2_1x,634,598,596,0.09492603177809245,0.4370950162410736,0.02783923855346041,0.09492603177809245,0.39886079728603363,0.09502510726451874,0.2777944062628194,0.0,1.0,2.0,-1.0333191007375717
01_1-2_1x_634_634,1-2_1x,634,634,631,0.127247563134254,0.45374685525894165,0.00620749446405772,0.127247563134254,0.22518253326416016,0.18039841949939728,0.6599577531809541,0.0,1.0,7.0,0.7679969817399979
01_1-2_1x_634_665,1-2_1x,634,665,660,0.3525731660022665,0.9322497844696045,0.15749563080377382,0.3525731660022665,0.5757081210613251,0.5806799829006195,1.6516776478217472,2.0,25.0,10.0,5.401286259293556
01_1-2_1x_634_759,1-2_1x,634,759,755,0.2882267430847026,0.6804836988449097,0.013520184998364769,0.2882267430847026,0.4677821397781372,0.24882885813713074,0.5764533017378636,0.0,19.0,7.0,3.432702526450157
01_1-2_1x_634_804,1-2_1x,634,804,802,0.09046746875246503,0.7147250175476074,0.008422959188939337,0.09046746875246503,0.4299544095993042,0.09009233117103577,0.14423249557055984,0.0,1.0,2.0,-1.884658694267273
01_1-2_1x_648_53,1-2_1x,648,53,56,0.14195392666985426,0.6865701079368591,0.04446752635158165,0.14195392666985426,0.614229679107666,0.179848313331604,0.35492515863010965,0.0,1.0,8.0,-0.05471773445606232
01_1-2_1x_648_88,1-2_1x,648,88,88,0.2363717879092862,0.7055028080940247,0.007170688139926351,0.2363717879092862,0.5055984854698181,0.2299017757177353,0.48339208720606813,0.0,1.0,8.0,0.9737134873867035
01_1-2_1x_648_131,1-2_1x,648,131,134,0.15943002845848894,0.7680116891860962,0.004147923491615905,0.15943002845848894,0.4738306403160095,0.21738556027412415,0.39479702988972637,1.0,1.0,7.0,0.20358365774154663
01_1-2_1x_648_220,1-2_1x,648,220,223,0.1338965643517745,0.5627961754798889,0.0011774272001298667,0.1338965643517745,0.6080331802368164,0.21542613208293915,0.6201632414133232,0.0,1.0,4.0,0.9112230110913515
01_1-2_1x_648_242,1-2_1x,648,242,245,0.13729176091547945,0.6577652096748352,0.014691844246353798,0.13729176091547945,0.2697520852088928,0.25135789811611176,0.6184876378135535,0.0,1.0,6.0,0.6571775749325752
01_1-2_1x_648_270,1-2_1x,648,270,272,0.07522861527009533,0.5757477879524231,0.005846698384329051,0.07522861527009533,0.7399330884218216,0.2522464096546173,0.77973828421345,0.0,1.0,7.0,0.4984458461403847
01_1-2_1x_648_357,1-2_1x,648,357,352,0.2848867670388088,0.6729233264923096,0.047447553669970534,0.2848867670388088,0.5994642153382301,0.34018154442310333,1.02235896648636,1.0,13.0,9.0,2.796152121387422
01_1-2_1x_648_393,1-2_1x,648,393,388,0.1713518302995761,0.7872531414031982,0.0034043807879265003,0.1713518302995761,0.574938029050827,0.31513601541519165,0.6674954117703351,0.0,3.0,4.0,-0.15426629781723022
01_1-2_1x_648_415,1-2_1x,648,415,411,0.19208459984392073,0.7340138554573059,0.00784329554500989,0.19208459984392073,0.4817194640636444,0.2690631151199341,0.5786916586576458,0.0,1.0,11.0,1.6740843802690506
01_1-2_1x_648_488,1-2_1x,648,488,483,0.2055255359293158,0.6774929165840149,0.04940343339896742,0.2055255359293158,0.41550540924072266,0.13530001044273376,0.2495421996677289,0.0,2.0,2.0,0.5041339993476868
01_1-2_1x_648_520,1-2_1x,648,520,517,0.16201797989848288,0.5613327026367188,0.03585565085111238,0.16201797989848288,0.4221946597099304,0.09080220758914948,0.19297836919150083,0.0,1.0,8.0,-0.5639109760522842
01_1-2_1x_648_568,1-2_1x,648,568,563,0.24074712516572638,0.9412835240364075,0.021726069750183458,0.24074712516572638,0.30716413259506226,0.43536892533302307,0.8605581385649598,1.0,4.0,7.0,2.263437658548355
01_1-2_1x_648_592,1-2_1x,648,592,587,0.12957427316539394,1.0,0.026923657645040146,0.12957427316539394,0.6429003477096558,0.41856032609939575,0.7198688787290213,0.0,1.0,3.0,-0.33458027243614197
01_1-2_1x_648_616,1-2_1x,648,616,620,0.14639314597814002,0.7637210488319397,0.03479279107990469,0.14639314597814002,0.6120471954345703,0.21019825339317322,0.3797463358786394,0.0,1.0,7.0,-0.053324878215789795
01_1-2_1x_648_653,1-2_1x,648,653,650,0.21598798711359998,0.7012982964515686,0.01214872038442496,0.21598798711359998,0.3000020980834961,0.21307472884655,0.4364286015355391,1.0,1.0,4.0,0.9764957427978516
01_1-2_1x_648_695,1-2_1x,648,695,690,0.1341415501408059,0.6351273655891418,0.037698489881400656,0.1341415501408059,0.5046587586402893,0.07184675335884094,0.12755055259999953,1.0,1.0,3.0,-0.5237700939178467
01_1-2_1x_648_741,1-2_1x,648,741,736,0.13449029191468906,0.6654905676841736,0.004869678004698605,0.13449029191468906,0.25416380167007446,0.211489737033844,0.4658355728796737,0.0,4.0,5.0,0.06290354579687119
01_1-2_1x_648_763,1-2_1x,648,763,766,0.10436051775970784,0.625444769859314,0.00448545750353127,0.10436051775970784,0.3912421762943268,0.18261726200580597,0.41238915552242,1.0,1.0,3.0,-0.2377738654613495
01_1-2_1x_648_829,1-2_1x,648,829,826,0.3145922972290112,0.5213237404823303,0.005297195563539435,0.3145922972290112,0.32937145233154297,0.178023099899292,0.5185632616267472,2.0,37.0,5.0,3.029728338122368
01_1-2_1x_677_83,1-2_1x,677,83,81,0.21928890971173426,0.7741983532905579,0.009241017181215424,0.21928890971173426,0.5176286697387695,0.10884007811546326,0.16358115946904106,1.0,1.0,3.0,0.7940295934677124
01_1-2_1x_677_127,1-2_1x,677,127,128,0.22401267848599377,0.6677100658416748,0.0066193244891084935,0.22401267848599377,0.35128915309906006,0.04853042960166931,0.07837859445180141,0.0,1.0,5.0,0.11224770545959473
01_1-2_1x_677_175,1-2_1x,677,175,173,0.1967599515860456,0.7380189895629883,0.0040262162608600705,0.1967599515860456,0.19610512256622314,0.1500042974948883,0.25510297534796256,0.0,1.0,5.0,0.3777332901954651
01_1-2_1x_677_216,1-2_1x,677,216,211,0.1782773650776147,0.7682318687438965,0.010437915263966719,0.1782773650776147,0.309791624546051,0.15259522199630737,0.24786572209836524,0.0,6.0,7.0,0.5818320959806442
01_1-2_1x_677_226,1-2_1x,677,226,230,0.17220363356666174,0.765918493270874,0.013543126348028567,0.17220363356666174,0.4607316255569458,0.14466506242752075,0.23285998152338172,0.0,2.0,8.0,1.2106468379497528
01_1-2_1x_677_267,1-2_1x,677,267,266,0.14096386179735368,0.7312228679656982,0.0036295622652326473,0.14096386179735368,0.3212655782699585,0.05272117257118225,0.07770234463530327,0.0,1.0,2.0,-0.14428171515464783
01_1-2_1x_677_283,1-2_1x,677,283,288,0.18225452266255776,0.7463717460632324,0.0209287765679751,0.18225452266255776,0.46568024158477783,0.07028722763061523,0.1039621906940922,0.0,1.0,3.0,0.03164023160934448
01_1-2_1x_677_309,1-2_1x,677,309,311,0.14430870041002647,0.8070175647735596,4.778123045657866e-05,0.14430870041002647,0.24826669692993164,0.11844870448112488,0.1720215817352237,1.0,1.0,5.0,0.6363868713378906
01_1-2_1x_677_377,1-2_1x,677,377,372,0.186880325494428,0.6561996340751648,0.0070182019997009565,0.186880325494428,0.1982753872871399,0.10017508268356323,0.18016305652843573,1.0,6.0,6.0,1.2247244119644165
01_1-2_1x_677_425,1-2_1x,677,425,421,0.26600815029704983,0.6085072755813599,0.04954230596967483,0.26600815029704983,0.2086951732635498,0.13928371667861938,0.2968387116033314,1.0,12.0,7.0,1.1466121673583984
01_1-2_1x_677_448,1-2_1x,677,448,443,0.16391615451378386,0.736105740070343,0.0038453756140528934,0.16391615451378386,0.3404715657234192,0.179042249917984,0.32140366956918187,0.0,6.0,8.0,1.1457758843898773
01_1-2_1x_677_523,1-2_1x,677,523,518,0.3226261156449461,0.7108044028282166,0.0570585734423553,0.3226261156449461,0.2916426956653595,0.26453740894794464,0.5927783425070349,3.0,36.0,13.0,3.1152586191892624
01_1-2_1x_677_573,1-2_1x,677,573,568,0.1613288724744578,0.7459717392921448,0.0015496310986951335,0.1613288724744578,0.4744192361831665,0.15154147148132324,0.2549356580367667,2.0,2.0,6.0,0.48228079080581665
01_1-2_1x_677_602,1-2_1x,677,602,603,0.18985846321476813,0.7143437266349792,0.0380239663114004,0.18985846321476813,0.424094021320343,0.0893639326095581,0.14298691487924042,0.0,1.0,3.0,0.40273982286453247
01_1-2_1x_677_660,1-2_1x,677,660,656,0.22000759341518336,0.699180543422699,0.019156677399958178,0.22000759341518336,0.3406382203102112,0.12032553553581238,0.20786817751661407,1.0,3.0,5.0,0.1186068058013916
01_1-2_1x_677_716,1-2_1x,677,716,719,0.0741983595366284,0.5231598019599915,0.0006367038904708851,0.0741983595366284,0.32891765236854553,0.04711613059043884,0.09897438706597697,0.0,1.0,6.0,-2.1095971912145615
01_1-2_1x_677_797,1-2_1x,677,797,793,0.30037975827201785,0.5494816899299622,0.03841851497184147,0.30037975827201785,0.6383224129676819,0.25846317410469055,0.8881330913661611,1.0,15.0,14.0,3.2967771887779236
01_1-2_1x_677_849,1-2_1x,677,849,844,0.27324201926579367,0.6031631231307983,0.035781362996074796,0.27324201926579367,0.30455997586250305,0.2176070660352707,0.564397996168311,1.0,14.0,8.0,3.2519418746232986
01_1-2_1x_698_155,1-2_1x,698,155,153,0.10601653604508532,0.6010143160820007,0.00862159847312933,0.10601653604508532,0.24435162544250488,0.08230751752853394,0.15867830874410627,0.0,1.0,2.0,0.12431511282920837
01_1-2_1x_698_291,1-2_1x,698,291,292,0.10371508772679183,0.44789817929267883,0.004834171156004079,0.10371508772679183,0.1597648411989212,0.14079222083091736,0.4584483529271795,0.0,1.0,5.0,0.0566176176071167
01_1-2_1x_698_338,1-2_1x,698,338,334,0.39160418713513945,0.7746133804321289,0.0005877343188132266,0.39160418713513945,0.22832566499710083,0.5041879117488861,1.8644246572036307,2.0,,16.0,7.1643974259495735
01_1-2_1x_698_375,1-2_1x,698,375,370,0.2098884820951783,0.8901426196098328,0.0002471207591180029,0.2098884820951783,0.3950546383857727,0.1626751720905304,0.22361848993416852,2.0,28.0,11.0,2.2694593966007233
01_1-2_1x_698_470,1-2_1x,698,470,465,0.14145515804148712,0.8979582190513611,0.0011829250103049377,0.14145515804148712,0.32605820894241333,0.06629139184951782,0.07970907301010947,0.0,2.0,2.0,-1.039445847272873
01_1-2_1x_698_527,1-2_1x,698,527,528,0.09343750241020644,0.7401018142700195,0.000705108733236121,0.09343750241020644,0.31580913066864014,0.01848044991493225,0.025609621371795472,0.0,1.0,3.0,-1.536293774843216
01_1-2_1x_698_606,1-2_1x,698,606,606,0.09226412124972938,0.5437824726104736,0.0037899692705409766,0.09226412124972938,0.08034718036651611,0.06215871870517731,0.12906074129682532,0.0,1.0,5.0,-0.13339759409427643
01_1-2_1x_698_671,1-2_1x,698,671,667,0.0688986356128236,0.40599727630615234,8.623776164044397e-05,0.0688986356128236,0.17328140139579773,0.05314311385154724,0.15060928708297194,1.0,1.0,3.0,0.05004480481147766
01_1-2_1x_698_859,1-2_1x,698,859,854,0.44228129505941,0.647494912147522,0.05749800967794411,0.44228129505941,0.38308801501989365,0.45834095031023026,2.4231104961179213,5.0,,16.0,9.040721733123064
01_1-2_1x_713_70,1-2_1x,713,70,67,0.3883628097974522,0.5681091547012329,0.12207826742375337,0.3883628097974522,0.3146245777606964,0.31098415702581406,1.209466834564192,4.0,,9.0,6.782491996884346
01_1-2_1x_713_167,1-2_1x,713,167,171,0.07286572473535527,0.5517290830612183,0.003410184195075972,0.07286572473535527,0.4905286133289337,0.13694755733013153,0.3301679289808053,0.0,1.0,1.0,-1.741006076335907
01_1-2_1x_713_261,1-2_1x,713,261,257,0.3761720702433303,0.6017951369285583,0.07547693506150799,0.3761720702433303,0.2692256271839142,0.3561844304203987,1.4501991199172972,0.0,,12.0,5.862022752238772
01_1-2_1x_713_280,1-2_1x,713,280,278,0.19851099238465403,0.7623611688613892,0.0029209564234836363,0.19851099238465403,0.3931354284286499,0.2693556398153305,0.5463541967501264,2.0,2.0,9.0,4.1081241220235825
01_1-2_1x_713_344,1-2_1x,713,344,341,0.3260680383276149,0.7149590253829956,0.07263668281865153,0.3260680383276149,0.3754797577857971,0.3232926279306412,0.825428553568906,0.0,2.0,6.0,3.3479579091072083
01_1-2_1x_713_391,1-2_1x,713,391,392,0.10561834307935691,0.6630941033363342,0.008124687787024834,0.10561834307935691,0.5734798312187195,0.06016463041305542,0.09978717763016241,0.0,1.0,6.0,-1.72857066988945
01_1-2_1x_713_436,1-2_1x,713,436,434,0.1980740956774535,0.747207760810852,5.1297672661292356e-05,0.1980740956774535,1.1420548483729362,0.32602888345718384,0.774086500979521,1.0,2.0,4.0,0.5685253217816353
01_1-2_1x_713_509,1-2_1x,713,509,505,0.27672320965518504,0.6001363396644592,0.04192159734283901,0.27672320965518504,0.48018282651901245,0.3375779092311859,1.2857248905476606,1.0,,9.0,4.200818732380867
01_1-2_1x_713_532,1-2_1x,713,532,528,0.3014322841870263,0.6839504837989807,0.022998874766659447,0.3014322841870263,0.37149977684020996,0.23878899216651917,0.5364098122927272,1.0,17.0,6.0,3.942584738135338
01_1-2_1x_713_553,1-2_1x,713,553,550,0.11415139105156652,0.705451250076294,0.005381333262156836,0.11415139105156652,0.3543897867202759,0.0922677218914032,0.15047325580406343,1.0,1.0,4.0,0.27693918347358704
01_1-2_1x_713_633,1-2_1x,713,633,630,0.3331054829697451,0.6883307695388794,0.012392320337656668,0.3331054829697451,0.8152792677283287,0.32059867680072784,0.8718267541283494,0.0,1.0,5.0,2.4381245225667953
01_1-2_1x_713_715,1-2_1x,713,715,710,0.08432460211203666,0.6206282377243042,0.023406242859805367,0.08432460211203666,0.386755108833313,0.1310071349143982,0.267568399651396,0.0,1.0,5.0,-1.5216367542743683
01_1-2_1x_713_738,1-2_1x,713,738,736,0.2532835626195694,0.5633125305175781,0.018905039267733847,0.2532835626195694,0.3660260736942291,0.1661265343427658,0.4182587904475087,2.0,1.0,5.0,1.189231663942337
01_1-2_1x_713_781,1-2_1x,713,781,776,0.25066132063811397,0.8292065858840942,0.04489833611350237,0.25066132063811397,0.37193652987480164,0.31996452808380127,0.6283152052796084,0.0,10.0,8.0,2.433016926050186
01_1-2_1x_713_809,1-2_1x,713,809,804,0.07503917779817997,0.5831623673439026,0.0010705155959441668,0.07503917779817997,0.30478888750076294,0.04832863807678223,0.09036198622515204,0.0,2.0,2.0,-2.2432761043310165
01_1-2_1x_717_53,1-2_1x,717,53,48,0.28425399002355145,0.6446917057037354,0.014482537076927229,0.28425399002355145,0.3659711927175522,0.38124337792396545,1.4471277200235886,3.0,18.0,14.0,3.8642196357250214
01_1-2_1x_717_127,1-2_1x,717,127,123,0.2594399234883873,0.6508944630622864,0.03634483111697119,0.2594399234883873,0.4076370745897293,0.32391320168972015,0.9906170167979433,1.0,20.0,8.0,2.864081420004368
01_1-2_1x_717_142,1-2_1x,717,142,145,0.11353342199369879,0.6971367001533508,0.003137292094554772,0.11353342199369879,0.3295520544052124,0.24904397130012512,0.5557866826750056,1.0,1.0,10.0,2.0316511392593384
01_1-2_1x_717_210,1-2_1x,717,210,206,0.2636289124502008,0.7643283605575562,0.02054485195568287,0.2636289124502008,0.33141227066516876,0.49919305741786957,1.8827860775479968,1.0,16.0,8.0,3.582449186593294
01_1-2_1x_717_233,1-2_1x,717,233,228,0.2694739406951773,0.7308000326156616,0.009635763635460162,0.2694739406951773,0.4662104398012161,0.2740100026130676,0.5998598581749072,1.0,7.0,7.0,2.927189916372299
01_1-2_1x_717_262,1-2_1x,717,262,258,0.24707981632566695,0.943789005279541,0.005726978699290074,0.24707981632566695,0.47915589809417725,0.30259203910827637,0.4719174529398094,0.0,2.0,5.0,0.8450070321559906
01_1-2_1x_717_310,1-2_1x,717,310,311,0.0900289609761788,0.699635922908783,0.0011315685091383171,0.0900289609761788,0.30700135231018066,0.14661240577697754,0.2651106168818396,0.0,1.0,4.0,-0.8423032164573669
01_1-2_1x_717_342,1-2_1x,717,342,341,0.3196640106020636,0.71808922290802,0.005888264437298779,0.3196640106020636,0.5085797309875488,0.26454436779022217,0.5832815978510281,0.0,2.0,7.0,1.6181159913539886
01_1-2_1x_717_415,1-2_1x,717,415,414,0.26459691962070514,0.6801071763038635,0.00927309538708826,0.26459691962070514,0.41816380620002747,0.18849170207977295,0.38341287441626326,0.0,4.0,3.0,0.7427042424678802
01_1-2_1x_717_506,1-2_1x,717,506,501,0.3058150655928997,0.5820557475090027,0.01448209058718046,0.3058150655928997,0.37191882729530334,0.18501171469688416,0.46597278741733866,3.0,20.0,4.0,2.6587563902139664
01_1-2_1x_717_530,1-2_1x,717,530,528,0.2467408152092067,0.7038734555244446,0.014740670928664752,0.2467408152092067,0.3375591039657593,0.1750108301639557,0.33091926290813795,0.0,1.0,7.0,2.5216899514198303
01_1-2_1x_717_592,1-2_1x,717,592,587,0.1302084894078846,0.578624963760376,0.023967158908862946,0.1302084894078846,0.4606252908706665,0.1269313395023346,0.2810120238266234,2.0,1.0,5.0,-1.426230527460575
01_1-2_1x_717_650,1-2_1x,717,650,647,0.24249068406589058,0.6668583750724792,0.007828583142284263,0.24249068406589058,0.4466471001505852,0.38091351091861725,1.3321222328849183,2.0,7.0,5.0,1.4143878109753132
01_1-2_1x_717_668,1-2_1x,717,668,665,0.1262171199224083,0.48057663440704346,0.01674023438757539,0.1262171199224083,0.36574113368988037,0.14419089257717133,0.4286474563184554,0.0,2.0,3.0,1.5874218791723251
01_1-2_1x_717_701,1-2_1x,717,701,696,0.24160079303907334,0.7077980041503906,0.016295175943142615,0.24160079303907334,0.3740391433238983,0.3262701779603958,0.855167449301374,1.0,1.0,8.0,1.9922158271074295
01_1-2_1x_717_740,1-2_1x,717,740,735,0.22630518671423872,0.7670198678970337,0.009312724353662327,0.22630518671423872,0.4397534132003784,0.2484254539012909,0.4790361160799743,0.0,2.0,10.0,1.4243840128183365
01_1-2_1x_725_385,1-2_1x,725,385,380,0.12335948488752599,0.37308570742607117,0.008432507015884128,0.12335948488752599,0.2501998245716095,0.14638397097587585,0.6457117323758803,1.0,2.0,3.0,1.2668976336717606
01_1-2_1x_725_417,1-2_1x,725,417,412,0.3430554941876781,0.7899829745292664,0.12884558633654555,0.3430554941876781,0.5056716799736023,0.50363989174366,1.7588687208510296,4.0,,9.0,6.862151384353638
01_1-2_1x_725_448,1-2_1x,725,448,449,0.11479406211626716,0.7468417882919312,0.09749060358598116,0.11479406211626716,0.26062971353530884,0.08000892400741577,0.11998347455964412,1.0,1.0,5.0,-0.0252169668674469
01_1-2_1x_725_483,1-2_1x,725,483,478,0.13977345706816116,0.6740331053733826,0.0464483422758926,0.13977345706816116,0.14935609698295593,0.1182129979133606,0.21268211841699736,1.0,4.0,4.0,-0.11057323217391968
01_1-2_1x_725_520,1-2_1x,725,520,522,0.08038296089859842,0.5730252861976624,0.0032677288783084495,0.08038296089859842,0.3519829511642456,0.09584350883960724,0.20085324584323075,1.0,1.0,4.0,-0.8922804743051529
01_1-2_1x_725_561,1-2_1x,725,561,556,0.0754445279864182,0.48207321763038635,0.008069155275612494,0.0754445279864182,0.22156241536140442,0.11668930947780609,0.3193608335621555,0.0,3.0,6.0,0.12630262970924377
01_1-2_1x_725_657,1-2_1x,725,657,652,0.12141755834996901,0.48344719409942627,0.013143551321214439,0.12141755834996901,0.26703739166259766,0.19102519750595093,0.6532518064005762,0.0,1.0,5.0,0.8460279703140259
01_1-2_1x_725_720,1-2_1x,725,720,716,0.09903122717839483,0.4685795307159424,0.006766433467923011,0.09903122717839483,0.5391279458999634,0.18260793387889862,0.6385526950879488,2.0,1.0,10.0,1.235312134027481
01_1-2_1x_725_761,1-2_1x,725,761,757,0.0909960016662022,0.6037153601646423,0.058187498213660926,0.0909960016662022,0.402835413813591,0.2852092981338501,0.895459559907142,0.0,3.0,5.0,0.26700229197740555
01_1-2_1x_725_803,1-2_1x,725,803,798,0.09533898430687356,0.5107218623161316,0.004888678157393492,0.09533898430687356,0.41334642469882965,0.2450564056634903,0.922424799788339,0.0,5.0,7.0,1.7405683249235153
01_1-2_1x_760_100,1-2_1x,760,100,95,0.25649040387751915,0.758917510509491,0.014602547085238062,0.25649040387751915,0.2842380404472351,0.23424220085144043,0.446451732222933,0.0,5.0,9.0,2.11536505818367
01_1-2_1x_760_158,1-2_1x,760,158,154,0.06756219392256055,0.5252229571342468,0.006801790203078938,0.06756219392256055,0.3462579846382141,0.06046763062477112,0.1301063746356832,0.0,1.0,5.0,-0.4964026063680649
01_1-2_1x_760_290,1-2_1x,760,290,289,0.09227261977059101,0.46080687642097473,0.0016654374741256685,0.09227261977059101,0.4470350742340088,0.15108728408813477,0.48781958851918195,0.0,2.0,9.0,0.5144092291593552
01_1-2_1x_760_330,1-2_1x,760,330,326,0.30123044047783804,0.6293615698814392,0.09209072099595048,0.30123044047783804,0.32754620909690857,0.3194058835506439,1.0304888654624103,1.0,,13.0,4.1846655160188675
01_1-2_1x_760_361,1-2_1x,760,361,356,0.2722285260820697,0.8025041818618774,0.04526935862741145,0.2722285260820697,0.5999903082847595,0.20657572150230408,0.346645168411087,1.0,1.0,8.0,2.2814474403858185
01_1-2_1x_760_434,1-2_1x,760,434,430,0.26325219765586777,0.8248832821846008,0.006383341100457784,0.26325219765586777,0.33117276430130005,0.17973464727401733,0.27859416814689264,2.0,4.0,9.0,1.3505808413028717
01_1-2_1x_760_567,1-2_1x,760,567,562,0.29600323831756514,0.8692853450775146,0.05926365026185086,0.29600323831756514,0.2787982225418091,0.32962849736213684,0.6108112938019964,0.0,29.0,11.0,2.8601508736610413
01_1-2_1x_760_578,1-2_1x,760,578,583,0.15425609044781038,0.8330726027488708,0.02824636864322258,0.15425609044781038,0.23925113677978516,0.2571389079093933,0.44647311003580414,11.0,4.0,12.0,4.020533531904221
01_1-2_1x_782_63,1-2_1x,782,63,61,0.13647751377040176,0.5233234763145447,0.0008939651533262354,0.13647751377040176,0.3568016588687897,0.1581927239894867,0.4332495222113077,0.0,1.0,2.0,0.7122109234333038
01_1-2_1x_782_100,1-2_1x,782,100,95,0.08682057538540157,0.5653236508369446,0.004403136008688185,0.08682057538540157,0.31584030389785767,0.20721322298049927,0.5786294027259218,0.0,2.0,5.0,-0.06535368412733078
01_1-2_1x_782_128,1-2_1x,782,128,132,0.07971265293458346,0.5098060369491577,0.02592689938498596,0.07971265293458346,0.2814156115055084,0.1902535855770111,0.5953751403253805,0.0,2.0,5.0,0.8907541632652283
01_1-2_1x_782_160,1-2_1x,782,160,163,0.07809590958622299,0.43429163098335266,0.014705987510366192,0.07809590958622299,0.3934714198112488,0.13073010742664337,0.4306544053901524,0.0,1.0,4.0,-0.060725949704647064
01_1-2_1x_782_213,1-2_1x,782,213,215,0.07394000369296781,0.48415321111679077,0.004289317587437965,0.07394000369296781,0.29904182255268097,0.18911559879779816,0.6409881008436568,0.0,1.0,5.0,0.7365188747644424
01_1-2_1x_782_372,1-2_1x,782,372,367,0.07698208645019955,0.3511102795600891,0.02297331396310958,0.07698208645019955,0.3556075096130371,0.151125468313694,0.7556847311143894,0.0,12.0,10.0,1.1507898941636086
01_1-2_1x_782_547,1-2_1x,782,547,543,0.16128235670852353,0.37394845485687256,0.02675270292034753,0.16128235670852353,0.2617044448852539,0.15378018468618393,0.698466607231658,2.0,12.0,9.0,1.7443228252232075
01_1-2_1x_782_577,1-2_1x,782,577,573,0.2878872647953278,0.703374981880188,0.6985413767043379,0.2878872647953278,0.5739806583151221,0.38387641310691833,1.2014965030385913,2.0,48.0,11.0,4.372660622466356
01_1-2_1x_782_658,1-2_1x,782,658,653,0.23278001445132557,0.7310611605644226,0.06893683915852368,0.23278001445132557,0.35381191968917847,0.2754630446434021,0.6046184894477363,2.0,6.0,9.0,1.9067372977733612
01_1-2_1x_782_704,1-2_1x,782,704,700,0.1842287452460744,1.0,0.0002973902362499486,0.1842287452460744,0.3990935683250427,0.39730024337768555,0.6592009354778223,0.0,1.0,1.0,1.00075301527977
01_1-2_1x_782_749,1-2_1x,782,749,746,0.17254679269784431,0.678394079208374,0.004853470042696857,0.17254679269784431,0.5661182999610901,0.042393237352371216,0.06665594534223822,0.0,2.0,6.0,-0.6293723583221436
01_1-2_1x_782_824,1-2_1x,782,824,819,0.1561696975519242,0.6772281527519226,0.0003894934644598934,0.1561696975519242,0.17374354600906372,0.1667270064353943,0.3265947738578001,1.0,1.0,7.0,1.0033394992351532
01_1-2_1x_824_86,1-2_1x,824,86,87,0.17242098135329095,0.6705356240272522,0.06461570716379945,0.17242098135329095,0.49232017993927,0.20649151504039764,0.444982515759611,0.0,1.0,6.0,0.6115915775299072
01_1-2_1x_824_112,1-2_1x,824,112,107,0.24437756873856842,0.7481854557991028,0.17134272883322738,0.24437756873856842,0.46967679262161255,0.2754442095756531,0.5826532205007967,1.0,5.0,5.0,2.619786024093628
01_1-2_1x_824_134,1-2_1x,824,134,130,0.14263919983874676,0.7904502153396606,0.018252385489548703,0.14263919983874676,0.5182058811187744,0.19166114926338196,0.3200812441671515,1.0,5.0,4.0,-0.3400372415781021
01_1-2_1x_824_157,1-2_1x,824,157,152,0.23454403682482153,0.6842923164367676,0.059059286948135066,0.23454403682482153,0.4141502380371094,0.1242000162601471,0.22174919423277492,2.0,8.0,5.0,1.5210387706756592
01_1-2_1x_824_181,1-2_1x,824,181,176,0.16044512918120818,0.7672910094261169,0.04971333968048105,0.16044512918120818,0.5996867418289185,0.14861690998077393,0.2402184124307333,0.0,3.0,7.0,-0.4041344076395035
01_1-2_1x_824_191,1-2_1x,824,191,195,0.13025945784354373,0.8082194328308105,0.0018796216741741748,0.13025945784354373,0.4935891032218933,0.18954533338546753,0.30637347442765056,0.0,1.0,6.0,0.057000353932380676
01_1-2_1x_824_249,1-2_1x,824,249,250,0.15506670181160387,0.7115815877914429,0.007166367595233364,0.15506670181160387,0.43026599287986755,0.2205328792333603,0.44910591432148134,0.0,3.0,12.0,1.6603712141513824
01_1-2_1x_824_289,1-2_1x,824,289,285,0.11769735418713984,0.6362340450286865,0.015003734265838928,0.11769735418713984,0.498748779296875,0.15313759446144104,0.31699176071699325,1.0,1.0,6.0,-0.3992995172739029
01_1-2_1x_824_357,1-2_1x,824,357,360,0.2526117394525978,0.5422674417495728,0.12622928332108535,0.2526117394525978,0.18107429146766663,0.21412427723407745,0.6525331025871979,0.0,1.0,5.0,2.7651525884866714
01_1-2_1x_824_384,1-2_1x,824,384,382,0.2576595829629792,0.6970937252044678,0.024101822165718104,0.2576595829629792,0.44877007603645325,0.20777297019958496,0.424615077276891,1.0,3.0,4.0,3.092737168073654
01_1-2_1x_824_438,1-2_1x,824,438,436,0.12402412604478813,0.6945242285728455,0.016672779367555398,0.12402412604478813,0.39929133653640747,0.13721954822540283,0.24621998175191265,0.0,1.0,8.0,-0.3947249799966812
01_1-2_1x_824_454,1-2_1x,824,454,456,0.11902801542745833,0.7485558390617371,0.020232391480302942,0.11902801542745833,0.5179297626018524,0.19914668798446655,0.36247428277083427,0.0,1.0,8.0,-0.1791868507862091
01_1-2_1x_824_503,1-2_1x,824,503,501,0.16558985234067186,0.6363627910614014,0.007072146426674148,0.16558985234067186,0.36490732431411743,0.19450831413269043,0.44020899252781026,1.0,2.0,6.0,0.6290730684995651
01_1-2_1x_824_548,1-2_1x,824,548,544,0.10187240804077806,0.5806418657302856,0.02651441783703904,0.10187240804077806,0.41242727637290955,0.172300323843956,0.4219514944475558,0.0,3.0,6.0,-0.3146165832877159
01_1-2_1x_824_606,1-2_1x,824,606,601,0.2278177789177348,0.48974618315696716,0.033799124410284126,0.2278177789177348,0.5669125616550446,0.18764281272888184,0.6211212157712407,1.0,16.0,9.0,1.4830431416630745
01_1-2_1x_824_626,1-2_1x,824,626,622,0.23312277023891487,0.5799696445465088,0.06941463321504732,0.23312277023891487,0.4056554138660431,0.1779404878616333,0.4426059277116293,3.0,20.0,7.0,3.1011855602264404
01_1-2_1x_824_688,1-2_1x,824,688,691,0.16842930398949518,0.6747965216636658,0.00013264844221084002,0.16842930398949518,0.47668004035949707,0.17641255259513855,0.35396915539809837,2.0,1.0,8.0,1.1994122564792633
01_1-2_1x_824_753,1-2_1x,824,753,749,0.1182731439727095,0.48741090297698975,0.05219585715375124,0.1182731439727095,0.2583906948566437,0.11065763235092163,0.2937137935578815,0.0,1.0,4.0,-0.004680737853050232
01_1-2_1x_824_794,1-2_1x,824,794,789,0.08498472823222403,0.530343770980835,0.011618621447865308,0.08498472823222403,0.5475787073373795,0.2066778987646103,0.6385532628121489,2.0,1.0,4.0,-0.4556564725935459
01_1-2_1x_829_52,1-2_1x,829,52,48,0.23971979773218177,0.6664799451828003,0.020482285093115823,0.23971979773218177,0.47907471656799316,0.12255215644836426,0.22530960724310112,0.0,9.0,6.0,0.983113631606102
01_1-2_1x_829_78,1-2_1x,829,78,82,0.17077127410743886,0.7501625418663025,0.0017046451587788762,0.17077127410743886,0.3178409934043884,0.12359747290611267,0.19726199085950913,2.0,1.0,7.0,0.19406092166900635
01_1-2_1x_829_171,1-2_1x,829,171,167,0.23158145233552774,0.7342281341552734,2.597442291199435e-05,0.23158145233552774,0.18595075607299805,0.16525179147720337,0.2904370165891128,1.0,6.0,8.0,1.1999259293079376
01_1-2_1x_829_211,1-2_1x,829,211,208,0.2202491748227487,0.7797789573669434,0.020883496468686265,0.2202491748227487,0.38979822397232056,0.1431153416633606,0.2247895719707534,0.0,4.0,8.0,0.7208365201950073
01_1-2_1x_829_272,1-2_1x,829,272,268,0.1713678340530407,0.701960027217865,0.00016315042082585852,0.1713678340530407,0.2688073515892029,0.10103586316108704,0.1681341327314984,1.0,6.0,3.0,0.4076559245586395
01_1-2_1x_829_477,1-2_1x,829,477,472,0.30462918990955457,0.4984794855117798,0.03541910511402564,0.30462918990955457,0.21594065055251122,0.33248619735240936,2.0030098869611455,3.0,,15.0,4.261272022500634
01_1-2_1x_829_669,1-2_1x,829,669,664,0.39443667654704256,0.569135308265686,0.06309780920831966,0.39443667654704256,0.2769789695739746,0.44790102541446686,3.6945079797612923,3.0,,16.0,7.957628857344389
01_1-2_1x_829_757,1-2_1x,829,757,753,0.32006631457387275,0.7223305106163025,0.005087385730185852,0.32006631457387275,0.11784583330154419,0.3013024777173996,0.7156351933215531,2.0,,14.0,3.789585456252098
01_1-2_1x_829_809,1-2_1x,829,809,805,0.23372552769665306,0.7219665050506592,0.0019807113499171482,0.23372552769665306,0.23923078179359436,0.07977533340454102,0.1242236532153723,1.0,8.0,8.0,0.9130766093730927
01_1-2_1x_867_56,1-2_1x,867,56,52,0.19643994731100328,0.7687288522720337,0.027167828778446736,0.19643994731100328,0.3115808963775635,0.14796462655067444,0.23835881711568044,1.0,8.0,4.0,0.37938207387924194
01_1-2_1x_867_75,1-2_1x,867,75,75,0.23750881105975397,0.8395549654960632,0.13343455032197435,0.23750881105975397,0.5477723777294159,0.21909385919570923,0.3531145739369679,0.0,1.0,8.0,1.1297385096549988
01_1-2_1x_867_195,1-2_1x,867,195,192,0.14592716078579065,0.6206501126289368,0.048407813092256106,0.14592716078579065,0.7889287173748016,0.11071616411209106,0.21711863749042695,1.0,1.0,5.0,0.6419328302145004
01_1-2_1x_867_254,1-2_1x,867,254,249,0.2596634343283966,1.0,0.13158418412605571,0.2596634343283966,0.7403630614280701,0.5210675299167633,1.0879770374019613,2.0,1.0,5.0,2.9090718030929565
01_1-2_1x_867_324,1-2_1x,867,324,323,0.17235078009078642,0.6661062240600586,0.01689001587610569,0.17235078009078642,0.5507736802101135,0.13303661346435547,0.24956705619682126,0.0,1.0,3.0,-0.482610821723938
01_1-2_1x_867_356,1-2_1x,867,356,353,0.17090811493697317,0.6231929063796997,0.005365097924070137,0.17090811493697317,0.31217271089553833,0.12608738243579865,0.25364309258818,0.0,2.0,4.0,0.412929005920887
01_1-2_1x_867_379,1-2_1x,867,379,375,0.23942073415706133,0.6956294775009155,0.018342029942622715,0.23942073415706133,0.5227543711662292,0.15433329343795776,0.2851180148353076,3.0,2.0,10.0,1.8119225054979324
01_1-2_1x_867_495,1-2_1x,867,495,493,0.2731920625058851,0.6801626086235046,0.17501534495165771,0.2731920625058851,0.5088177025318146,0.2967836260795593,0.7741259682787648,1.0,14.0,12.0,4.445047274231911
01_1-2_1x_867_548,1-2_1x,867,548,544,0.10522126977719345,0.7185385227203369,0.012031338372723034,0.10522126977719345,0.3675016760826111,0.18656933307647705,0.35071454645969363,0.0,1.0,7.0,-0.5420217365026474
01_1-2_1x_867_623,1-2_1x,867,623,618,0.1948843889007762,0.6333624720573425,0.15411700300409156,0.1948843889007762,0.4720287173986435,0.2934684306383133,0.8634115191108003,0.0,4.0,6.0,0.42919284850358963
01_1-2_1x_867_646,1-2_1x,867,646,643,0.10156336530863222,0.5883626341819763,0.06355307525955514,0.10156336530863222,0.6693255752325058,0.25917595624923706,0.7873221294277071,0.0,3.0,7.0,0.7351789996027946
01_1-2_1x_867_667,1-2_1x,867,667,668,0.11067164820404667,0.4820214509963989,0.02665387333894698,0.11067164820404667,0.5523033440113068,0.17721663415431976,0.5814102152005575,0.0,1.0,8.0,0.8645292818546295
01_1-2_1x_867_751,1-2_1x,867,751,746,0.22389779753393418,0.5127889513969421,0.021734850402413852,0.22389779753393418,0.48658783733844757,0.24110908806324005,0.8874750049733637,2.0,1.0,6.0,2.2848356515169144
01_1-2_1x_872_80,1-2_1x,872,80,82,0.14397078557264198,0.7892745733261108,0.005036221054162353,0.14397078557264198,0.6222332119941711,0.12053841352462769,0.1802480870189672,0.0,1.0,7.0,-0.7664182186126709
01_1-2_1x_872_147,1-2_1x,872,147,144,0.24262162174285584,0.7311752438545227,0.011430733909782458,0.24262162174285584,0.3920697867870331,0.16493824124336243,0.29128834831132877,1.0,15.0,9.0,1.6983871459960938
01_1-2_1x_872_199,1-2_1x,872,199,196,0.09097366971501011,0.6802995204925537,0.001454073529943111,0.09097366971501011,0.7186198830604553,0.12587478756904602,0.22703674654862951,0.0,1.0,7.0,-0.8045148104429245
01_1-2_1x_872_225,1-2_1x,872,225,221,0.1494583624597801,0.749408483505249,0.06828668952480997,0.1494583624597801,0.3429720401763916,0.2758866548538208,0.5826271106435268,0.0,2.0,4.0,-0.4053571820259094
01_1-2_1x_872_247,1-2_1x,872,247,250,0.13332144306225707,0.6310260891914368,0.0547674982540921,0.13332144306225707,0.7243120521306992,0.19875116646289825,0.45977954309348334,0.0,1.0,5.0,-0.41238246113061905
01_1-2_1x_872_277,1-2_1x,872,277,274,0.2953085890542222,0.6899638175964355,0.04889256027725527,0.2953085890542222,0.5151858329772949,0.2551933079957962,0.5869609422916133,1.0,2.0,10.0,2.665883496403694
01_1-2_1x_872_301,1-2_1x,872,301,300,0.19893788575740243,0.7633426189422607,0.01700175640395952,0.19893788575740243,0.5875577926635742,0.19520384073257446,0.34358478635747947,0.0,1.0,4.0,1.7212583273649216
01_1-2_1x_872_330,1-2_1x,872,330,325,0.10473313514680799,0.7678368091583252,0.033703563543468255,0.10473313514680799,0.38875165581703186,0.18793806433677673,0.32408772396051777,0.0,2.0,5.0,-1.27250275015831
01_1-2_1x_872_381,1-2_1x,872,381,378,0.26092058013794756,0.6496851444244385,0.05109311335275939,0.26092058013794756,0.5330605208873749,0.19885766506195068,0.4410948182288134,2.0,1.0,5.0,2.611210733652115
01_1-2_1x_872_458,1-2_1x,872,458,455,0.11156265078596868,0.6179176568984985,0.08454182096201387,0.11156265078596868,0.4325343072414398,0.08723938465118408,0.16439223012041373,0.0,2.0,2.0,-2.180234856903553
01_1-2_1x_872_491,1-2_1x,872,491,486,0.2271126898640778,0.5633642673492432,0.06244284190478606,0.2271126898640778,0.4161398857831955,0.12808974087238312,0.2942734598074225,2.0,8.0,7.0,-0.02518323063850403
01_1-2_1x_872_537,1-2_1x,872,537,540,0.11480661551692087,0.6982948184013367,0.007881956487916553,0.11480661551692087,0.3238702118396759,0.18713653087615967,0.36610289893214787,0.0,1.0,3.0,-1.261487528681755
01_1-2_1x_872_613,1-2_1x,872,613,609,0.3100526664638846,0.5365238785743713,0.05770147466214521,0.3100526664638846,0.5392496138811111,0.2532566785812378,0.894055784034921,0.0,24.0,5.0,3.6310015991330147
01_1-2_1x_872_636,1-2_1x,872,636,634,0.1438958073024395,0.65372633934021,0.01119383567757261,0.1438958073024395,0.3560860753059387,0.17200008034706116,0.3570494178717946,1.0,1.0,1.0,1.1462647020816803
01_1-2_1x_872_678,1-2_1x,872,678,675,0.0838776067803382,0.6160517334938049,0.0899636923210188,0.0838776067803382,0.4100317656993866,0.19048747420310974,0.4476115417225186,1.0,1.0,5.0,-1.2894757986068726
01_1-2_1x_872_711,1-2_1x,872,711,706,0.32853308478533544,0.7138692736625671,0.30498492917492875,0.32853308478533544,0.5475738793611526,0.39230720698833466,1.2200046200902563,0.0,22.0,10.0,3.228367067873478
01_1-2_1x_872_825,1-2_1x,872,825,823,0.09454297675963476,0.5264329314231873,0.0001794511309358974,0.09454297675963476,0.2732774615287781,0.12775114178657532,0.3204338525293998,0.0,1.0,7.0,-0.2829553186893463
01_1-2_1x_875_176,1-2_1x,875,176,173,0.3403487345330947,0.4436574876308441,0.029963323391116774,0.3403487345330947,0.4642711356282234,0.1827661395072937,0.700545038468432,4.0,,8.0,4.8377870209515095
01_1-2_1x_875_200,1-2_1x,875,200,201,0.16235546486086952,0.6432846188545227,0.0093259114827739,0.16235546486086952,0.4536176323890686,0.11963993310928345,0.22847540778345646,1.0,1.0,4.0,1.8099779933691025
01_1-2_1x_875_309,1-2_1x,875,309,307,0.15674677185913016,0.5142720937728882,0.04400056640647978,0.15674677185913016,0.64792600274086,0.1562560647726059,0.43644991317548715,0.0,4.0,3.0,0.2798866927623749
01_1-2_1x_875_329,1-2_1x,875,329,326,0.14248895725030714,0.5427072644233704,0.021681193969889906,0.14248895725030714,0.39959436655044556,0.20956619083881378,0.6290614020778272,0.0,3.0,6.0,1.9781221151351929
01_1-2_1x_875_388,1-2_1x,875,388,389,0.11576813221736937,0.6726217865943909,0.004659405829344099,0.11576813221736937,0.4827350676059723,0.3074265867471695,0.8418144238362956,0.0,1.0,6.0,0.7449079900979996
01_1-2_1x_875_464,1-2_1x,875,464,466,0.08883393554778271,0.49646997451782227,0.008746734782389118,0.08883393554778271,0.5281437262892723,0.1899237334728241,0.6195598185297762,1.0,1.0,3.0,-0.1149764321744442
01_1-2_1x_875_530,1-2_1x,875,530,532,0.08733944775955711,0.4358793795108795,0.003070921152217091,0.08733944775955711,0.4458736926317215,0.19087234139442444,0.7790484014736764,0.0,1.0,7.0,0.6355308219790459
01_1-2_1x_875_594,1-2_1x,875,594,589,0.379971723644385,0.5616492033004761,0.3856740114073651,0.379971723644385,0.29101425409317017,0.28716808557510376,1.046221641600954,4.0,,10.0,5.778921999037266
01_1-2_1x_875_611,1-2_1x,875,611,616,0.20851762505903249,0.7435249090194702,0.017768932263498592,0.20851762505903249,0.44247037172317505,0.19209325313568115,0.34835369186016346,4.0,1.0,3.0,2.6094583570957184
01_1-2_1x_875_659,1-2_1x,875,659,654,0.18190746777558636,0.8580117225646973,0.049613539459905286,0.18190746777558636,0.5675135850906372,0.2953038513660431,0.5247906888826711,0.0,3.0,1.0,-0.599732905626297
01_1-2_1x_875_703,1-2_1x,875,703,699,0.13562074728411574,0.6327182650566101,0.0010540221196591345,0.13562074728411574,0.28316420316696167,0.12070271372795105,0.23574032744656392,0.0,3.0,6.0,0.3671557903289795
01_1-2_1x_875_810,1-2_1x,875,810,806,0.0935138909060571,0.5194424390792847,0.011577933000204247,0.0935138909060571,0.2994566857814789,0.1861303299665451,0.5584265464042543,1.0,2.0,7.0,1.2217832654714584
01_1-2_1x_954_69,1-2_1x,954,69,66,0.25348434998223013,0.6442180275917053,0.01453937834513806,0.25348434998223013,0.5306731164455414,0.20087389647960663,0.45308797925378663,0.0,1.0,3.0,0.06533235311508179
01_1-2_1x_954_79,1-2_1x,954,79,83,0.1794053741361872,0.8874540328979492,0.10018603714021261,0.1794053741361872,0.5133097171783447,0.44730614125728607,1.0162632827569396,0.0,1.0,4.0,1.9941669702529907
01_1-2_1x_954_155,1-2_1x,954,155,150,0.22012964114667305,0.5738703012466431,0.04331190107183156,0.22012964114667305,0.35517796874046326,0.2784031927585602,0.9422476639892695,1.0,5.0,4.0,1.673421148210764
01_1-2_1x_954_191,1-2_1x,954,191,187,0.27854507479390506,0.7309174537658691,0.08314185575946728,0.27854507479390506,0.5744529962539673,0.327953040599823,0.8138511240313575,0.0,28.0,7.0,2.186172842979431
01_1-2_1x_954_251,1-2_1x,954,251,252,0.1655158789832234,0.980428159236908,0.006558520167965387,0.1655158789832234,0.4913613200187683,0.42906641960144043,0.778194039878642,0.0,1.0,3.0,0.5675057917833328
01_1-2_1x_954_355,1-2_1x,954,355,352,0.15394439416322656,0.6563130021095276,0.043295323742378766,0.15394439416322656,0.5623020231723785,0.21039468050003052,0.47182335935566005,0.0,1.0,5.0,0.2988003343343735
01_1-2_1x_954_408,1-2_1x,954,408,405,0.2536420084306896,0.7775177955627441,0.03801627684130286,0.2536420084306896,0.42053472995758057,0.4086310863494873,1.1077414180114955,0.0,9.0,5.0,1.805343747138977
01_1-2_1x_954_422,1-2_1x,954,422,427,0.12365939139368873,0.7092466950416565,0.08722360659221812,0.12365939139368873,0.3837105631828308,0.3044203519821167,0.751977624977197,0.0,1.0,7.0,1.9755228236317635
01_1-2_1x_954_465,1-2_1x,954,465,461,0.21635420575056938,0.615452766418457,0.011435137863915328,0.21635420575056938,0.4628896117210388,0.19033055007457733,0.44770784202117464,1.0,6.0,1.0,-0.3475244417786598
01_1-2_1x_954_494,1-2_1x,954,494,498,0.14057395816858748,0.5591983199119568,0.1048207395697475,0.14057395816858748,0.18808692693710327,0.07834978401660919,0.16294067293086512,0.0,1.0,5.0,-0.8786646593362093
01_1-2_1x_954_535,1-2_1x,954,535,531,0.146754163411301,0.6469696164131165,0.0028345891080461066,0.146754163411301,0.4785141944885254,0.23609399795532227,0.5746118468686265,0.0,3.0,5.0,0.07018876075744629
01_1-2_1x_954_566,1-2_1x,954,566,561,0.2026160605003512,0.5710737109184265,0.03142053681226858,0.2026160605003512,0.345109224319458,0.15793679654598236,0.3822868183684062,3.0,7.0,7.0,0.43143683671951294
01_1-2_1x_954_603,1-2_1x,954,603,599,0.22272821995198197,0.6207846403121948,0.03224477080026086,0.22272821995198197,0.27602067589759827,0.20744387805461884,0.5018713298964422,1.0,2.0,2.0,0.5345271490514278
01_1-2_1x_954_693,1-2_1x,954,693,688,0.2584792842359035,0.5626943707466125,0.1914174762552373,0.2584792842359035,0.29425981640815735,0.30004076659679413,1.1423439916920004,4.0,8.0,3.0,2.8025945518165827
01_1-2_1x_954_734,1-2_1x,954,734,730,0.23533611843240088,0.5960890054702759,0.023589301206391616,0.23533611843240088,0.5191552713513374,0.3146001547574997,1.117629184818085,0.0,5.0,4.0,2.237856946885586
01_1-2_1x_954_776,1-2_1x,954,776,772,0.18927018560403014,0.6800606846809387,0.027398082078857865,0.18927018560403014,0.5598064418882132,0.3481157124042511,1.0487151229212912,2.0,1.0,3.0,0.9352407427504659
01_1-2_1x_954_812,1-2_1x,954,812,808,0.21436740597097265,0.5662350058555603,0.02913599941726889,0.21436740597097265,0.6855432987213135,0.17036369442939758,0.4303512012922754,1.0,4.0,7.0,1.016287662088871
01_1-2_1x_954_820,1-2_1x,954,820,823,0.18716971966106843,0.7483611702919006,0.09174634884065004,0.18716971966106843,0.5354795455932617,0.32788391411304474,0.779789891830855,1.0,1.0,10.0,1.981636866927147
01_1-2_1x_971_111,1-2_1x,971,111,114,0.24516389109320802,0.5771326422691345,0.0033828161652893264,0.24516389109320802,0.24191588163375854,0.09337908029556274,0.19303026920278096,1.0,1.0,2.0,-0.12297828495502472
01_1-2_1x_971_164,1-2_1x,971,164,159,0.27796971100684004,0.7673512697219849,0.2138379825467633,0.27796971100684004,0.33668529987335205,0.25554922223091125,0.4993126219085091,0.0,22.0,4.0,2.5755673348903656
01_1-2_1x_971_236,1-2_1x,971,236,233,0.14979187430093918,0.7661741375923157,0.018363767597960417,0.14979187430093918,0.38537031412124634,0.18663090467453003,0.32203103077386047,0.0,1.0,3.0,-0.9593973606824875
01_1-2_1x_971_286,1-2_1x,971,286,286,0.1199252850989052,0.7099213004112244,0.004334707611488711,0.1199252850989052,0.25276464223861694,0.1897977590560913,0.36490899558514706,0.0,1.0,3.0,0.40918172895908356
01_1-2_1x_971_349,1-2_1x,971,349,345,0.16356540452219193,0.6179174184799194,0.012753385862043881,0.16356540452219193,0.5823670625686646,0.17538128793239594,0.3963095345806164,1.0,1.0,5.0,0.5917699038982391
01_1-2_1x_971_401,1-2_1x,971,401,397,0.14279039963689455,0.6145442724227905,0.06390419648609787,0.14279039963689455,0.3973790109157562,0.16502906382083893,0.3671267638176246,0.0,1.0,4.0,-0.0112379789352417
01_1-2_1x_971_422,1-2_1x,971,422,418,0.1214183787914803,0.6013283133506775,0.04162768215218066,0.1214183787914803,0.4573708176612854,0.1609228402376175,0.36539700358425314,1.0,2.0,8.0,0.9549764841794968
01_1-2_1x_971_442,1-2_1x,971,442,445,0.1263756724696485,0.5441902279853821,0.03089753422687968,0.1263756724696485,0.4350128173828125,0.10515628755092621,0.2395174447034014,0.0,1.0,6.0,0.43360964953899384
01_1-2_1x_971_472,1-2_1x,971,472,471,0.15090540464239705,0.5615636110305786,0.01239640749551722,0.15090540464239705,0.14640778303146362,0.12080439925193787,0.2740825285634837,0.0,2.0,3.0,1.0004324615001678
01_1-2_1x_971_538,1-2_1x,971,538,541,0.12720121973127702,0.5235178470611572,0.008159744094869394,0.12720121973127702,0.2786794602870941,0.10173971951007843,0.24121620554578757,1.0,1.0,2.0,0.35784290730953217
01_1-2_1x_971_586,1-2_1x,971,586,585,0.07943905749209619,0.4351729452610016,0.013856840989534552,0.07943905749209619,0.22958356142044067,0.038785576820373535,0.09784766092056472,0.0,1.0,3.0,-0.67948879301548
01_1-2_1x_971_668,1-2_1x,971,668,669,0.15982731391762847,0.5681339502334595,0.004224745232620509,0.15982731391762847,0.3929537236690521,0.2332347184419632,0.6964325274629831,0.0,2.0,3.0,1.5842477083206177
01_1-2_1x_971_737,1-2_1x,971,737,734,0.15208798002560153,0.5823270678520203,0.04183101479725777,0.15208798002560153,0.3046640455722809,0.20462894439697266,0.5417790867614065,0.0,1.0,3.0,0.14158128201961517
01_1-2_1x_971_801,1-2_1x,971,801,796,0.13312916161202112,0.5745013952255249,0.019536854715922054,0.13312916161202112,0.31003154814243317,0.2623458802700043,0.8404332702799956,1.0,3.0,6.0,0.6467254981398582
01_1-2_1x_984_87,1-2_1x,984,87,91,0.11956176719512639,0.6822053790092468,0.002618786728184874,0.11956176719512639,0.5727537274360657,0.1534157395362854,0.2901262204932629,0.0,2.0,6.0,0.2636593282222748
01_1-2_1x_984_116,1-2_1x,984,116,116,0.0938169078666396,0.5830639004707336,0.1797197929695979,0.0938169078666396,0.2925286293029785,0.08611510694026947,0.1732876869032793,0.0,1.0,4.0,-1.4508396536111832
01_1-2_1x_984_156,1-2_1x,984,156,152,0.1034562115869884,0.47121497988700867,0.003378304595829602,0.1034562115869884,0.2683258354663849,0.1453864425420761,0.4462053684026005,0.0,1.0,5.0,0.027249082922935486
01_1-2_1x_984_234,1-2_1x,984,234,230,0.16635386424512172,0.47158902883529663,0.016847585855652544,0.16635386424512172,0.554142564535141,0.2275814637541771,0.9326819997507797,0.0,3.0,9.0,1.715500682592392
01_1-2_1x_984_310,1-2_1x,984,310,309,0.3744984465048481,0.5496993064880371,0.2049609478087334,0.3744984465048481,0.309562623500824,0.30102061480283737,1.2104801290490013,0.0,1.0,8.0,5.372559629380703
01_1-2_1x_984_375,1-2_1x,984,375,370,0.161811350612048,0.9550495743751526,0.01431714951791229,0.161811350612048,0.4719238877296448,0.3084554076194763,0.47704638160775437,0.0,4.0,5.0,0.4451136887073517
01_1-2_1x_984_464,1-2_1x,984,464,459,0.28377514396417947,0.7294115424156189,0.09982901503548812,0.28377514396417947,0.4510972201824188,0.2650875747203827,0.5709108147834738,2.0,36.0,9.0,3.0716058909893036
01_1-2_1x_984_482,1-2_1x,984,482,478,0.2681060289547642,0.7820090651512146,0.025929823716790583,0.2681060289547642,0.3901900053024292,0.17307639122009277,0.284229108782673,0.0,12.0,8.0,3.234062522649765
01_1-2_1x_984_560,1-2_1x,984,560,557,0.18538348313791464,0.7733635902404785,0.03752986218753623,0.18538348313791464,0.5101677179336548,0.1998368799686432,0.3484351755368572,0.0,2.0,4.0,0.49750009179115295
01_1-2_1x_984_622,1-2_1x,984,622,618,0.1614227979664439,0.7095205187797546,0.001645238820260309,0.1614227979664439,0.1570509672164917,0.126116544008255,0.2161736111888006,0.0,1.0,3.0,0.6184731721878052
01_1-2_1x_984_655,1-2_1x,984,655,650,0.18273727792881134,0.7292044162750244,0.0029979114963647425,0.18273727792881134,0.4277229905128479,0.13415774703025818,0.22545752117313977,1.0,2.0,3.0,0.526075929403305
01_1-2_1x_984_721,1-2_1x,984,721,718,0.1932709480769667,0.7777589559555054,0.003850420637722999,0.1932709480769667,0.9444904327392578,0.19692125916481018,0.3390297500538618,1.0,4.0,5.0,2.094745010137558
01_1-2_1x_984_771,1-2_1x,984,771,773,0.11430284720494337,0.7407177686691284,0.05487934839340081,0.11430284720494337,0.20256221294403076,0.08354026079177856,0.12711978086652628,0.0,1.0,6.0,-1.3166129291057587
01_1-2_1x_984_840,1-2_1x,984,840,837,0.1479923022532145,0.7710528373718262,0.00349323811782316,0.1479923022532145,0.6725594103336334,0.3178785741329193,0.7014488683911388,0.0,1.0,3.0,0.961505264043808
01_1-2_1x_992_77,1-2_1x,992,77,73,0.1494362003492007,0.40508803725242615,0.015971616006848204,0.1494362003492007,0.30008968710899353,0.08168372511863708,0.2525746319821653,0.0,2.0,8.0,1.0368260219693184
01_1-2_1x_992_204,1-2_1x,992,204,201,0.08605893327617284,0.39184466004371643,0.01265195561610341,0.08605893327617284,0.4610697031021118,0.09761469066143036,0.33176324922428924,1.0,2.0,8.0,0.4632309600710869
01_1-2_1x_992_311,1-2_1x,992,311,309,0.21909168021989378,0.5543972253799438,0.00047769644925442983,0.21909168021989378,0.277606725692749,0.29661597311496735,1.150649903779939,1.0,13.0,11.0,2.750262476503849
01_1-2_1x_992_348,1-2_1x,992,348,344,0.12428033784253217,0.6311363577842712,0.023062165603402282,0.12428033784253217,0.521170012652874,0.23615877330303192,0.5979042421184512,1.0,2.0,3.0,-1.1797476187348366
01_1-2_1x_992_363,1-2_1x,992,363,363,0.1210758356267558,0.7058866620063782,0.03654855468575089,0.1210758356267558,0.49270176887512207,0.38273225724697113,1.1843634238311578,0.0,2.0,5.0,1.5996629744768143
01_1-2_1x_992_463,1-2_1x,992,463,459,0.15411757711759957,0.77256840467453,0.0006770053597704473,0.15411757711759957,0.39166848361492157,0.44592994451522827,1.3652095478828428,0.0,1.0,2.0,0.9879392758011818
01_1-2_1x_992_500,1-2_1x,992,500,498,0.1251216756756113,0.42701011896133423,0.02863089863625712,0.1251216756756113,0.3725365996360779,0.0719042718410492,0.202486870954544,0.0,2.0,4.0,0.048514097929000854
01_1-2_1x_992_535,1-2_1x,992,535,530,0.10052484734621026,0.5695798993110657,0.005334365803390121,0.10052484734621026,0.4114682376384735,0.20793680846691132,0.5749779651023919,0.0,2.0,4.0,-0.37760985642671585
01_1-2_1x_992_567,1-2_1x,992,567,570,0.08230998288314156,0.49480801820755005,0.01281125461602832,0.08230998288314156,0.19704794883728027,0.14510804414749146,0.41495011413003463,0.0,1.0,7.0,0.03341328352689743
01_1-2_1x_992_601,1-2_1x,992,601,596,0.09998409085070756,0.45496025681495667,0.017584963801001673,0.09998409085070756,0.31914764642715454,0.10272271931171417,0.2916291092648482,3.0,1.0,5.0,-0.7505317032337189
01_1-2_1x_992_640,1-2_1x,992,640,637,0.09130439309713019,0.5600283145904541,0.0018649039978350334,0.09130439309713019,0.30577942728996277,0.25115518271923065,0.8131337976782753,1.0,2.0,6.0,0.9205226674675941
01_1-2_1x_992_679,1-2_1x,992,679,674,0.07890938344665152,0.5169963836669922,0.006172916680811877,0.07890938344665152,0.37806542217731476,0.1717318296432495,0.4973920074964895,0.0,3.0,4.0,-0.6300884857773781
01_1-2_1x_992_734,1-2_1x,992,734,729,0.35483772428846194,0.8030449748039246,0.028520339960412772,0.35483772428846194,0.7349419593811035,0.4756545126438141,1.4528661265983827,0.0,11.0,15.0,5.489849247038364
01_1-2_1x_992_826,1-2_1x,992,826,821,0.08540224547242323,0.6000052690505981,0.02241698945031072,0.08540224547242323,0.23545771837234497,0.17286592721939087,0.4047061703056665,0.0,4.0,3.0,-0.1326514035463333
01_1-2_1x_1021_103,1-2_1x,1021,103,107,0.22828752265935315,0.8339471817016602,0.10713511441948531,0.22828752265935315,0.3341406285762787,0.19996696710586548,0.31541515413593463,2.0,2.0,4.0,1.7709048986434937
01_1-2_1x_1021_173,1-2_1x,1021,173,170,0.12929139225339048,0.7686227560043335,0.02508681076738198,0.12929139225339048,0.6135966181755066,0.2424738109111786,0.46084633101041095,0.0,1.0,6.0,0.27346840500831604
01_1-2_1x_1021_200,1-2_1x,1021,200,196,0.2207657040804666,0.7611624598503113,0.009870303893078962,0.2207657040804666,0.7705521881580353,0.26362480223178864,0.5298589929727848,1.0,4.0,6.0,0.6439531594514847
01_1-2_1x_1021_226,1-2_1x,1021,226,221,0.1114520349342325,0.8123318552970886,0.0387296519189986,0.1114520349342325,0.5585076808929443,0.28173235058784485,0.5309698710371538,0.0,1.0,3.0,-0.01199062168598175
01_1-2_1x_1021_267,1-2_1x,1021,267,263,0.25893422396608956,0.6628854274749756,0.05431019663352127,0.25893422396608956,0.6998707056045532,0.2218177169561386,0.5029108040922105,0.0,1.0,3.0,1.6336637437343597
01_1-2_1x_1021_314,1-2_1x,1021,314,313,0.1904297175633652,0.6449001431465149,0.01383993576525115,0.1904297175633652,0.5987419486045837,0.1379184126853943,0.27203823017439277,1.0,2.0,3.0,0.4228048324584961
01_1-2_1x_1021_358,1-2_1x,1021,358,354,0.18843786605964408,0.6671366095542908,0.00594216144691935,0.18843786605964408,0.46953850984573364,0.19499452412128448,0.4129996671287056,2.0,2.0,7.0,1.012718141078949
01_1-2_1x_1021_453,1-2_1x,1021,453,450,0.2285923133492282,0.6180365085601807,0.20705789476129718,0.2285923133492282,0.3943757265806198,0.2842049151659012,0.8513421760840785,0.0,9.0,5.0,1.5546701774001122
01_1-2_1x_1021_499,1-2_1x,1021,499,501,0.10858406729702587,0.6015393137931824,0.00869034865480036,0.10858406729702587,0.3044711649417877,0.2254321575164795,0.5993827922556957,0.0,1.0,7.0,0.5832907110452652
01_1-2_1x_1021_527,1-2_1x,1021,527,523,0.1454603101298089,0.5546145439147949,0.026746571711127425,0.1454603101298089,0.43583865463733673,0.1736283153295517,0.45573383577223836,1.0,2.0,2.0,0.8885281383991241
01_1-2_1x_1021_564,1-2_1x,1021,564,561,0.18098273837758105,0.5450403690338135,0.030697316311282842,0.18098273837758105,0.31356939673423767,0.15360552072525024,0.3924165704433268,1.0,3.0,1.0,0.9713388085365295
01_1-2_1x_1021_663,1-2_1x,1021,663,658,0.1691860179161061,0.5538627505302429,0.00725543194923571,0.1691860179161061,0.5709571242332458,0.17322851717472076,0.45510493275291103,0.0,1.0,6.0,0.34529031813144684
01_1-2_1x_1021_745,1-2_1x,1021,745,741,0.25960773743535615,0.5614290833473206,0.03842694850079478,0.25960773743535615,0.4730641692876816,0.3182386979460716,1.3085990115151866,3.0,18.0,9.0,3.091076947748661
01_1-2_1x_1021_806,1-2_1x,1021,806,803,0.23346633951480186,0.4875694513320923,0.01668882715874105,0.23346633951480186,0.17545834183692932,0.2022123485803604,0.7086291058831307,0.0,1.0,12.0,2.514282427728176
01_1-2_1x_1088_77,1-2_1x,1088,77,73,0.2036024925339586,0.8480541706085205,0.02956908774255796,0.2036024925339586,0.6589100956916809,0.2273567020893097,0.3662922979720078,0.0,4.0,6.0,-0.5632379651069641
01_1-2_1x_1088_105,1-2_1x,1088,105,109,0.12405585140141953,0.6851028800010681,0.009038397298323123,0.12405585140141953,0.7161235213279724,0.03661143779754639,0.056456316020368234,0.0,1.0,4.0,-1.7687999308109283
01_1-2_1x_1088_151,1-2_1x,1088,151,148,0.09328152481471513,0.5870121121406555,0.0397246105960991,0.09328152481471513,0.2532045245170593,0.03425878286361694,0.06197842880191234,0.0,1.0,3.0,-0.9256749898195267
01_1-2_1x_1088_229,1-2_1x,1088,229,232,0.13116473566240477,0.5777140259742737,0.02889150070640267,0.13116473566240477,0.4995720535516739,0.18922506272792816,0.4870796357937671,0.0,3.0,10.0,0.36792463064193726
01_1-2_1x_1088_320,1-2_1x,1088,320,318,0.07258885218316945,0.4986395537853241,0.033482493875659235,0.07258885218316945,0.26819272339344025,0.1399681717157364,0.3902407014133635,1.0,1.0,2.0,-0.375091090798378
01_1-2_1x_1088_368,1-2_1x,1088,368,366,0.14080685755004302,0.4815501868724823,0.019975444543556688,0.14080685755004302,0.27537408471107483,0.1989574134349823,0.7040428211055616,1.0,1.0,4.0,1.3720715939998627
01_1-2_1x_1088_452,1-2_1x,1088,452,450,0.19148600935384524,0.5441104769706726,0.02443291176678745,0.19148600935384524,0.7871764600276947,0.3123035132884979,1.3472568223476247,1.0,1.0,6.0,2.377954915165901
01_1-2_1x_1088_522,1-2_1x,1088,522,517,0.1429855317729785,0.7287968993186951,0.009865374267677283,0.1429855317729785,0.20193853974342346,0.35360492765903473,0.9424640034136781,1.0,3.0,4.0,1.4751424342393875
01_1-2_1x_1088_554,1-2_1x,1088,554,549,0.24243600259010104,0.8132204413414001,0.28264866278936285,0.24243600259010104,0.39362770318984985,0.38077394664287567,0.8805111182791023,2.0,4.0,7.0,2.1174076348543167
01_1-2_1x_1088_581,1-2_1x,1088,581,576,0.17210322933226063,0.6974873542785645,0.03377221029078206,0.17210322933226063,0.6883794069290161,0.1317768096923828,0.23294034547080575,2.0,1.0,5.0,-0.14928683638572693
01_1-2_1x_1088_633,1-2_1x,1088,633,628,0.1217968317126985,0.5963454842567444,0.021750115458984375,0.1217968317126985,0.3513029217720032,0.0970303863286972,0.19432696253594875,2.0,5.0,7.0,-0.053591370582580566
01_1-2_1x_1088_706,1-2_1x,1088,706,704,0.153111721522813,0.6921471953392029,0.0036084926444686113,0.153111721522813,0.31830117106437683,0.22125233709812164,0.4698550710970991,0.0,1.0,6.0,1.0548414438962936
01_1-2_1x_1088_829,1-2_1x,1088,829,825,0.0941562272103855,0.662762463092804,0.004940309909467014,0.0941562272103855,0.4090193212032318,0.3369573801755905,1.0342299670665693,0.0,1.0,2.0,0.47786133736371994
01_1-2_1x_1088_856,1-2_1x,1088,856,851,0.15632125294406485,0.6359052062034607,0.017934935697061425,0.15632125294406485,0.3722454905509949,0.31086987257003784,0.9564187040681524,2.0,1.0,6.0,0.62490588799119
01_1-2_1x_1102_104,1-2_1x,1102,104,109,0.16391781595436655,0.7628031969070435,0.0020775936965702997,0.16391781595436655,0.33558228611946106,0.15765291452407837,0.260518616802543,1.0,2.0,8.0,0.11934888362884521
01_1-2_1x_1102_139,1-2_1x,1102,139,142,0.1178789986877969,0.6970400214195251,0.022845684361323622,0.1178789986877969,0.6648515164852142,0.07115897536277771,0.11369408901436179,0.0,1.0,3.0,-1.1186113804578781
01_1-2_1x_1102_207,1-2_1x,1102,207,205,0.1590308845333486,0.6408969163894653,0.015653852554106253,0.1590308845333486,0.5396184623241425,0.2848648577928543,0.800110133103519,0.0,1.0,4.0,0.6183114349842072
01_1-2_1x_1102_228,1-2_1x,1102,228,224,0.14210286851756018,0.6202055215835571,0.028709853860938255,0.14210286851756018,0.31038978695869446,0.25532591342926025,0.6997538577746182,1.0,2.0,6.0,1.4021600037813187
01_1-2_1x_1102_253,1-2_1x,1102,253,249,0.1894191923730386,0.5031453967094421,0.01817466272945463,0.1894191923730386,0.14296412467956543,0.09931957721710205,0.24594657504059367,1.0,1.0,8.0,1.0342401713132858
01_1-2_1x_1102_345,1-2_1x,1102,345,340,0.2643313921550944,0.7017163038253784,0.06383662025118764,0.2643313921550944,0.3956488370895386,0.25010429322719574,0.5538034581850915,0.0,27.0,9.0,2.1640497520565987
01_1-2_1x_1102_450,1-2_1x,1102,450,445,0.2206873062444924,0.7688162326812744,0.0924546011663159,0.2206873062444924,0.31619399785995483,0.3581453263759613,0.8720981225528996,2.0,8.0,5.0,2.103450447320938
01_1-2_1x_1102_509,1-2_1x,1102,509,508,0.17324796704003054,0.53160560131073,0.01895836091803387,0.17324796704003054,0.1826251745223999,0.1518145203590393,0.3997316629411581,0.0,6.0,7.0,1.132207676768303
01_1-2_1x_1102_601,1-2_1x,1102,601,597,0.2193856084552046,0.6888357400894165,0.011485917134298695,0.2193856084552046,0.44552674889564514,0.2847631573677063,0.7047326879978546,1.0,8.0,12.0,3.170619934797287
01_1-2_1x_1102_696,1-2_1x,1102,696,691,0.2123832310070449,0.5023096203804016,0.0291717375406597,0.2123832310070449,0.426874041557312,0.1078609973192215,0.2734475189243897,4.0,10.0,2.0,1.2705034911632538
01_1-2_1x_1102_800,1-2_1x,1102,800,795,0.30914955735299054,0.5432396531105042,0.16880934949977877,0.30914955735299054,0.9607040286064148,0.3064040541648865,1.2937415470013152,3.0,,16.0,4.5566744059324265
01_1-2_1x_1102_826,1-2_1x,1102,826,823,0.24658099313654686,0.5815256237983704,0.07129979755961033,0.24658099313654686,0.33569765090942383,0.09587444365024567,0.1974142091469926,2.0,11.0,6.0,1.990320846438408
01_1-2_1x_1102_850,1-2_1x,1102,850,846,0.15594874489372712,0.566705048084259,0.12333434813882374,0.15594874489372712,0.3847707509994507,0.018947839736938477,0.03459167574281209,0.0,1.0,4.0,-0.12347403168678284
01_1-3_1x_3_100,1-3_1x,3,100,96,0.3047628434253318,0.824199914932251,0.14563770323101155,0.3047628434253318,0.23505419492721558,0.27381622791290283,0.4975006243295091,4.0,47.0,8.0,3.2218781262636185
01_1-3_1x_3_153,1-3_1x,3,153,149,0.12163689362068365,0.7991371154785156,0.008123839470118337,0.12163689362068365,0.18917375802993774,0.1176329255104065,0.17260778032180712,0.0,3.0,5.0,-0.2336953580379486
01_1-3_1x_3_202,1-3_1x,3,202,206,0.07761176041750358,0.578970193862915,0.0062455497889936686,0.07761176041750358,0.3052743673324585,0.04666227102279663,0.08766029777244533,0.0,1.0,3.0,-1.3973522782325745
01_1-3_1x_3_274,1-3_1x,3,274,270,0.2702278343547429,0.515943169593811,0.055854797139837764,0.2702278343547429,0.07354801893234253,0.18139144778251648,0.5421925399171348,2.0,38.0,14.0,3.1105556935071945
01_1-3_1x_3_478,1-3_1x,3,478,473,0.25894892352597904,0.5600848197937012,0.04046009759193143,0.25894892352597904,0.42991381883621216,0.3483610972762108,1.645356945051034,6.0,26.0,15.0,5.821070991456509
01_1-3_1x_3_629,1-3_1x,3,629,624,0.3134507472172803,0.5408986806869507,0.2974627854450313,0.3134507472172803,0.3835933208465576,0.38558001816272736,2.482509261258883,1.0,,7.0,4.863728933036327
01_1-3_1x_3_743,1-3_1x,3,743,739,0.24753056960040723,0.5391916632652283,0.04541383834606608,0.24753056960040723,0.2568625211715698,0.17794282734394073,0.49257688786770976,2.0,3.0,9.0,2.629229426383972
01_1-3_1x_3_849,1-3_1x,3,849,845,0.23583600132503058,0.6692725419998169,0.00012558814288371977,0.23583600132503058,0.23708575963974,0.14480626583099365,0.27610214881458117,1.0,2.0,11.0,1.880291074514389
01_1-3_1x_29_101,1-3_1x,29,101,97,0.14398987701093424,1.0,0.053654913856618545,0.14398987701093424,0.3123427629470825,0.25639668107032776,0.3448030348215498,1.0,1.0,7.0,0.8990128040313721
01_1-3_1x_29_149,1-3_1x,29,149,145,0.0991662620547629,0.7787104249000549,0.035762715268422306,0.0991662620547629,0.25592783093452454,0.14867058396339417,0.23597013125768396,0.0,1.0,4.0,-0.44903311133384705
01_1-3_1x_29_254,1-3_1x,29,254,250,0.26872152514877673,0.5975422859191895,0.10425968099051845,0.26872152514877673,0.27724117040634155,0.23721276223659515,0.6583217489709509,2.0,27.0,10.0,2.243573397397995
01_1-3_1x_29_290,1-3_1x,29,290,286,0.1158211687744253,0.6246569156646729,0.03815965762103874,0.1158211687744253,0.5489331185817719,0.12987850606441498,0.262498329644874,1.0,1.0,3.0,-0.8620944917201996
01_1-3_1x_29_463,1-3_1x,29,463,468,0.21543031257854933,0.40501725673675537,0.06721361638698944,0.21543031257854933,0.3398427367210388,0.2720605581998825,2.0462343093186237,0.0,1.0,5.0,1.169033670797944
01_1-3_1x_29_527,1-3_1x,29,527,522,0.10890566791128739,0.5298633575439453,0.0024339229338880865,0.10890566791128739,0.5380863547325134,0.14263084530830383,0.3683338583448001,2.0,1.0,6.0,-0.17839333415031433
01_1-3_1x_29_587,1-3_1x,29,587,592,0.11970745958276072,0.4464111924171448,0.00527463836990087,0.11970745958276072,0.29548269510269165,0.1447637677192688,0.47991050433883625,3.0,1.0,3.0,0.15690375864505768
01_1-3_1x_29_698,1-3_1x,29,698,694,0.2027302476271468,0.5174427628517151,0.0478394307491138,0.2027302476271468,0.366865873336792,0.2077256292104721,0.6706946650587582,1.0,5.0,10.0,1.899270161986351
01_1-3_1x_29_721,1-3_1x,29,721,717,0.1762110169533506,0.5388926267623901,0.006798186038060569,0.1762110169533506,0.25461655855178833,0.16850978136062622,0.4549610854083679,0.0,3.0,3.0,2.4822775423526764
01_1-3_1x_29_828,1-3_1x,29,828,827,0.19686997809477674,0.5630718469619751,0.017966216658687133,0.19686997809477674,0.35903897881507874,0.23497994244098663,0.7162015862112034,1.0,1.0,10.0,2.8149948865175247
01_1-3_1x_64_87,1-3_1x,64,87,91,0.17008121510771096,0.9385319352149963,0.001236087319261319,0.17008121510771096,0.37988632917404175,0.20233896374702454,0.2748450088345177,0.0,2.0,5.0,1.0301595628261566
01_1-3_1x_64_173,1-3_1x,64,173,168,0.2078514363232336,0.7262661457061768,0.10820509686653507,0.2078514363232336,0.3162580132484436,0.15820655226707458,0.27850344241045694,0.0,9.0,7.0,1.4433634281158447
01_1-3_1x_64_185,1-3_1x,64,185,189,0.12481597231223891,0.8049187660217285,0.05282986815721837,0.12481597231223891,0.12340158224105835,0.219453364610672,0.37483575302956856,0.0,1.0,9.0,1.640144169330597
01_1-3_1x_64_251,1-3_1x,64,251,256,0.1180961010335872,0.7038561105728149,0.002211013363838803,0.1180961010335872,0.2727314829826355,0.17782557010650635,0.338051798188124,0.0,1.0,6.0,0.5986231714487076
01_1-3_1x_64_313,1-3_1x,64,313,310,0.12761905580303637,0.5850948095321655,0.0167029924280417,0.12761905580303637,0.4539842903614044,0.14254754781723022,0.3221069480010737,1.0,2.0,6.0,0.5241809636354446
01_1-3_1x_64_367,1-3_1x,64,367,362,0.10015423777485853,0.556545615196228,0.0030197099984532487,0.10015423777485853,0.35251641273498535,0.12570913136005402,0.2917792157264356,1.0,1.0,6.0,-0.12315784394741058
01_1-3_1x_64_396,1-3_1x,64,396,394,0.1440472846168651,0.5869866013526917,0.005673760614600254,0.1440472846168651,0.2221168875694275,0.15483523905277252,0.35828936932822786,0.0,1.0,5.0,0.10440404713153839
01_1-3_1x_64_475,1-3_1x,64,475,470,0.2806905155598104,0.5309116244316101,0.13975916378815031,0.2806905155598104,0.39373838901519775,0.15118645131587982,0.39814703374906923,0.0,12.0,8.0,2.0887772515416145
01_1-3_1x_64_523,1-3_1x,64,523,526,0.10112259040613181,0.6483867764472961,0.004931296942058116,0.10112259040613181,0.3067248463630676,0.10961437225341797,0.20345209108737694,0.0,1.0,3.0,-1.238864541053772
01_1-3_1x_64_554,1-3_1x,64,554,555,0.10045417124831547,0.6227402091026306,0.0393792245243989,0.10045417124831547,0.33821266889572144,0.15607592463493347,0.33445011720355294,0.0,1.0,5.0,-0.21325549483299255
01_1-3_1x_64_672,1-3_1x,64,672,671,0.10491921238625339,0.4125942289829254,0.028671175411006326,0.10491921238625339,0.6013926714658737,0.13416635990142822,0.48187115874581177,1.0,1.0,7.0,0.1155281662940979
01_1-3_1x_64_779,1-3_1x,64,779,774,0.21300726472121706,0.5635535717010498,0.07186614118648471,0.21300726472121706,0.36907312273979187,0.21046967804431915,0.5960897164256903,3.0,1.0,8.0,2.2406260669231415
01_1-3_1x_81_78,1-3_1x,81,78,75,0.2489106285593664,0.747866153717041,0.09541608745193819,0.2489106285593664,0.2626934200525284,0.3539886921644211,0.89872797181397,1.0,4.0,9.0,1.544157475233078
01_1-3_1x_81_132,1-3_1x,81,132,132,0.2702182885845755,0.8136552572250366,0.01756015521895066,0.2702182885845755,0.6565569937229156,0.28465041518211365,0.538086596869027,0.0,2.0,5.0,1.3338846266269684
01_1-3_1x_81_168,1-3_1x,81,168,167,0.16291864334461037,0.743130087852478,0.001635861240339133,0.16291864334461037,0.3319739103317261,0.13546648621559143,0.22293006500748144,1.0,1.0,10.0,0.2186523675918579
01_1-3_1x_81_219,1-3_1x,81,219,217,0.14323614198789977,0.7499507665634155,0.030174675294010647,0.14323614198789977,0.37817999720573425,0.1991165280342102,0.36148175640983327,0.0,1.0,9.0,0.010825291275978088
01_1-3_1x_81_245,1-3_1x,81,245,240,0.11430776801644654,0.6682703495025635,0.08498902535496372,0.11430776801644654,0.42003604769706726,0.2071554809808731,0.4492491895674553,1.0,2.0,4.0,-0.991619611158967
01_1-3_1x_81_303,1-3_1x,81,303,300,0.20024823988232704,0.5273580551147461,0.0075609328382426145,0.20024823988232704,0.8963904678821564,0.1801426261663437,0.5188209138975607,0.0,2.0,4.0,1.8061843067407608
01_1-3_1x_81_356,1-3_1x,81,356,361,0.12551417706328227,0.5485972166061401,0.013529093857848007,0.12551417706328227,0.30532844364643097,0.16219978034496307,0.4197744734396416,0.0,1.0,2.0,-1.2924478650093079
01_1-3_1x_81_417,1-3_1x,81,417,417,0.25500873421205733,0.5269023776054382,0.030407982667172262,0.25500873421205733,0.32831665873527527,0.2948440685868263,1.2705602735525354,0.0,1.0,10.0,2.6549636870622635
01_1-3_1x_81_463,1-3_1x,81,463,459,0.2466647448322724,0.656192421913147,0.0509379908556849,0.2466647448322724,0.40808582305908203,0.24234431982040405,0.5855876071315048,0.0,3.0,8.0,1.1865524649620056
01_1-3_1x_81_484,1-3_1x,81,484,484,0.10941933840303564,0.5994855165481567,0.027463233153185315,0.10941933840303564,0.4170927107334137,0.12200979888439178,0.25553089795094086,1.0,1.0,8.0,0.29359833896160126
01_1-3_1x_81_545,1-3_1x,81,545,543,0.3608183035550585,0.7164101600646973,0.10797365454339351,0.3608183035550585,0.34398436546325684,0.4106953889131546,1.3433939988119616,0.0,29.0,8.0,4.291449144482613
01_1-3_1x_81_604,1-3_1x,81,604,599,0.19275942762149473,0.6614400148391724,0.0014208592651690963,0.19275942762149473,0.4954729974269867,0.21833813190460205,0.4927492757615803,0.0,4.0,7.0,1.5269502848386765
01_1-3_1x_81_643,1-3_1x,81,643,646,0.08711334681057861,0.6537431478500366,0.00033646568221549946,0.08711334681057861,0.3538839519023895,0.19409799575805664,0.42227791346141624,0.0,1.0,5.0,-0.5839796811342239
01_1-3_1x_81_685,1-3_1x,81,685,683,0.1685862756245589,0.7290685772895813,0.0091116966283776,0.1685862756245589,0.3976096659898758,0.35969074070453644,0.9737745611104686,0.0,6.0,4.0,0.6816799491643906
01_1-3_1x_81_747,1-3_1x,81,747,743,0.21193049926781576,0.7553298473358154,0.005638183931630642,0.21193049926781576,0.4144904464483261,0.34568028151988983,0.843843886008706,0.0,1.0,4.0,0.59381103515625
01_1-3_1x_81_818,1-3_1x,81,818,817,0.18167880745508225,0.642310380935669,0.0038677187512919367,0.18167880745508225,0.6711480468511581,0.30008116364479065,0.8768426203357622,1.0,1.0,11.0,1.9399897158145905
01_1-3_1x_91_142,1-3_1x,91,142,137,0.4559902070226812,0.6359871029853821,0.06173507792274996,0.4559902070226812,0.27814391255378723,0.3029443621635437,0.9096260780702743,3.0,,15.0,6.9528788626194
01_1-3_1x_91_260,1-3_1x,91,260,259,0.08528127374778699,0.7427371144294739,0.006808334201643471,0.08528127374778699,0.5396700501441956,0.11807835102081299,0.18902856717558672,0.0,1.0,5.0,-0.42234593629837036
01_1-3_1x_91_317,1-3_1x,91,317,312,0.3952978945941909,0.7851157784461975,0.016583433191774275,0.3952978945941909,0.36223870515823364,0.3308922350406647,0.7284788290800739,3.0,,15.0,4.788068771362305
01_1-3_1x_91_559,1-3_1x,91,559,555,0.45240371003738733,0.6015622019767761,0.07623733403902544,0.45240371003738733,0.30875250697135925,0.3197314143180847,1.1344800792498673,4.0,,13.0,6.524989098310471
01_1-3_1x_91_779,1-3_1x,91,779,774,0.47718514412968394,0.6114790439605713,0.08740513760057228,0.47718514412968394,0.3804387003183365,0.39246855676174164,1.7920080530455937,3.0,,15.0,8.799202345311642
01_1-3_1x_102_321,1-3_1x,102,321,316,0.3433984077926286,0.6255767345428467,0.06945507583141823,0.3433984077926286,0.31698864698410034,0.47957613319158554,3.28475450616658,4.0,,17.0,6.127509847283363
01_1-3_1x_102_347,1-3_1x,102,347,342,0.2725265422694842,0.710167407989502,0.001999451777985521,0.2725265422694842,0.26405948400497437,0.2113211452960968,0.4236197824859248,1.0,9.0,10.0,2.645974323153496
01_1-3_1x_102_427,1-3_1x,102,427,422,0.2907360298290391,0.7818081378936768,0.008250976413259796,0.2907360298290391,0.2887915372848511,0.27324196696281433,0.5372790849668223,2.0,,11.0,3.770403102040291
01_1-3_1x_102_543,1-3_1x,102,543,538,0.2306315328894278,0.8216750025749207,0.00019268449421638812,0.2306315328894278,0.29350054264068604,0.21979856491088867,0.3651888513262924,1.0,7.0,7.0,1.132616937160492
01_1-3_1x_102_600,1-3_1x,102,600,595,0.25644420953534514,0.6818406581878662,0.006329953124724498,0.25644420953534514,0.34145739674568176,0.08623108267784119,0.14477786493610492,0.0,10.0,9.0,1.7640372514724731
01_1-3_1x_102_654,1-3_1x,102,654,650,0.08249406855763532,0.6375563144683838,0.0013000392995962554,0.08249406855763532,0.15711364150047302,0.0452246367931366,0.07635019111358676,0.0,1.0,3.0,-1.4025016576051712
01_1-3_1x_102_844,1-3_1x,102,844,839,0.3260517417581626,0.7179235816001892,0.02445233016008686,0.3260517417581626,0.31672827154397964,0.5211752504110336,2.6489436899465804,3.0,40.0,14.0,5.4466635920107365
01_1-3_1x_107_84,1-3_1x,107,84,89,0.12214955094346776,0.6261417269706726,0.013024084232169981,0.12214955094346776,0.19591081142425537,0.10506683588027954,0.20163480850212978,0.0,1.0,5.0,-0.7622949630022049
01_1-3_1x_107_167,1-3_1x,107,167,165,0.2725625708273931,0.6106038093566895,0.04545151559461548,0.2725625708273931,0.30958713591098785,0.25531089305877686,0.7185926916840049,0.0,21.0,8.0,2.71437306702137
01_1-3_1x_107_253,1-3_1x,107,253,248,0.11962629656588664,0.4800678789615631,0.09517868709289354,0.11962629656588664,0.2987444996833801,0.10133786499500275,0.26757283885071304,2.0,5.0,3.0,-0.3486732691526413
01_1-3_1x_107_375,1-3_1x,107,375,380,0.13061629825304613,0.3449399769306183,0.005417290355905733,0.13061629825304613,0.2660341411828995,0.11510936915874481,0.5008443839342787,0.0,1.0,5.0,-0.21333959326148033
01_1-3_1x_107_405,1-3_1x,107,405,404,0.09035180823288325,0.3654768764972687,0.02098358385432362,0.09035180823288325,0.4483729898929596,0.13038475066423416,0.5546113048330471,1.0,1.0,10.0,1.1797513663768768
01_1-3_1x_107_436,1-3_1x,107,436,432,0.24144719116036545,0.5352522134780884,0.05224499071119639,0.24144719116036545,0.18144360184669495,0.24635891616344452,0.8527678504604638,1.0,10.0,9.0,2.5144163072109222
01_1-3_1x_107_566,1-3_1x,107,566,563,0.23244308374058734,0.629491925239563,0.11717732222313196,0.23244308374058734,0.4991747885942459,0.33643293380737305,1.1480041344686716,0.0,7.0,3.0,2.3530089929699898
01_1-3_1x_107_639,1-3_1x,107,639,635,0.24317445368868104,0.7208765745162964,0.11103353569422106,0.24317445368868104,0.4785674214363098,0.3543301522731781,0.9666719705100886,2.0,8.0,10.0,2.9150707721710205
01_1-3_1x_107_709,1-3_1x,107,709,704,0.1473552847172338,0.6347388625144958,0.05499553331326167,0.1473552847172338,0.37021780014038086,0.22894003987312317,0.5641712767497367,2.0,1.0,5.0,0.10946024954319
01_1-3_1x_107_745,1-3_1x,107,745,742,0.23487216695908297,0.6029675602912903,0.04026654789943191,0.23487216695908297,0.363806813955307,0.28431057929992676,0.8922151286798025,2.0,1.0,8.0,3.476260855793953
01_1-3_1x_107_779,1-3_1x,107,779,774,0.13505262936462897,0.5326840877532959,0.004852461489944686,0.13505262936462897,0.23871111869812012,0.06160531938076019,0.13077498608903945,0.0,2.0,3.0,-0.7798565328121185
01_1-3_1x_117_72,1-3_1x,117,72,67,0.3061217356945675,0.7739464640617371,0.1558227835217707,0.3061217356945675,0.5325144529342651,0.22467952966690063,0.40905344122788834,0.0,3.0,9.0,3.017575830221176
01_1-3_1x_117_94,1-3_1x,117,94,97,0.14954322521122515,0.8334272503852844,0.12924238856126458,0.14954322521122515,0.2551193833351135,0.18211257457733154,0.27960766330256837,0.0,1.0,7.0,0.6434241831302643
01_1-3_1x_117_162,1-3_1x,117,162,157,0.15469991161721847,0.6908484101295471,0.00918829299503281,0.15469991161721847,0.4070507287979126,0.18930131196975708,0.37743476667359116,1.0,1.0,3.0,-1.4738783240318298
01_1-3_1x_117_207,1-3_1x,117,207,205,0.11241284755757662,0.603720486164093,0.06336966658355958,0.11241284755757662,0.6260289549827576,0.21422196924686432,0.5499943130525143,0.0,3.0,5.0,-0.20972990244627
01_1-3_1x_117_267,1-3_1x,117,267,268,0.11540871957186191,0.5141339898109436,0.0174885826019339,0.11540871957186191,0.878146693110466,0.12166395783424377,0.3099955357647962,0.0,1.0,7.0,0.3871201127767563
01_1-3_1x_117_330,1-3_1x,117,330,325,0.12005444167718554,0.7294864654541016,0.007856539834654355,0.12005444167718554,0.4970705360174179,0.3857627958059311,1.1223050079757124,0.0,1.0,3.0,0.18724720180034637
01_1-3_1x_117_390,1-3_1x,117,390,385,0.09252132234303989,0.5050982236862183,0.07076243414033023,0.09252132234303989,0.5103374868631363,0.24017031490802765,0.9065496950308428,1.0,5.0,10.0,1.86263307929039
01_1-3_1x_117_543,1-3_1x,117,543,539,0.1515773998840007,0.5031746625900269,0.015198484722386829,0.1515773998840007,0.6276142075657845,0.2230837196111679,0.7964688798523775,0.0,3.0,3.0,1.9731143545359373
01_1-3_1x_117_596,1-3_1x,117,596,597,0.08774701345344377,0.45768865942955017,0.0030781624191628058,0.08774701345344377,0.6696960926055908,0.14651672542095184,0.47085456433517325,0.0,1.0,8.0,0.738032229244709
01_1-3_1x_117_632,1-3_1x,117,632,631,0.19565080253502365,0.4821999967098236,0.02027103817176017,0.19565080253502365,0.3023027181625366,0.14111070334911346,0.41370604734838595,0.0,2.0,6.0,0.6304814890027046
01_1-3_1x_117_676,1-3_1x,117,676,675,0.11318718273092537,0.5035358667373657,0.003266166175573152,0.11318718273092537,0.3175569772720337,0.11155597865581512,0.2845961796708461,0.0,2.0,7.0,-0.2586965784430504
01_1-3_1x_117_723,1-3_1x,117,723,720,0.18831761432663474,0.6220982670783997,0.007046192383987112,0.18831761432663474,0.589231438934803,0.22275787591934204,0.557814538301029,0.0,1.0,6.0,1.09317010268569
01_1-3_1x_117_747,1-3_1x,117,747,752,0.1306490722630657,0.6275429725646973,0.04321384869838113,0.1306490722630657,0.43747222423553467,0.17397591471672058,0.3835726420304372,1.0,1.0,5.0,-0.3821123540401459
01_1-3_1x_117_792,1-3_1x,117,792,787,0.3238836397918575,0.8351532220840454,0.3407900504189943,0.3238836397918575,0.31485551595687866,0.38207410275936127,0.8432834056198483,1.0,7.0,6.0,2.8976539969444275
01_1-3_1x_117_830,1-3_1x,117,830,833,0.16285478245009422,0.7544034123420715,0.14430257424459497,0.16285478245009422,0.6563577055931091,0.0901852548122406,0.13577655743051598,1.0,2.0,5.0,0.08603215217590332
01_1-3_1x_125_68,1-3_1x,125,68,69,0.13618084798227306,0.6790441870689392,0.009120010791851684,0.13618084798227306,0.49989643692970276,0.17355123162269592,0.34333066317311367,0.0,2.0,4.0,-0.2815800681710243
01_1-3_1x_125_109,1-3_1x,125,109,104,0.10252716296004033,0.7297650575637817,0.014741447843800977,0.10252716296004033,0.2634861469268799,0.26058050990104675,0.5553902216071286,1.0,1.0,2.0,-0.5456767976284027
01_1-3_1x_125_136,1-3_1x,125,136,133,0.18914682871074756,0.544165313243866,1.625540896043501e-05,0.18914682871074756,0.9839565753936768,0.08100360631942749,0.17489271049051267,0.0,2.0,5.0,-0.9686743691563606
01_1-3_1x_125_157,1-3_1x,125,157,162,0.1645504183193598,0.6063461899757385,0.002098617473371645,0.1645504183193598,0.43694841861724854,0.18217916786670685,0.42949866060044123,0.0,6.0,4.0,1.3801985010504723
01_1-3_1x_125_227,1-3_1x,125,227,228,0.13131049895635072,0.5021767616271973,0.036173577002268226,0.13131049895635072,0.48073941469192505,0.09211479127407074,0.22463626947591778,0.0,1.0,5.0,0.027260631322860718
01_1-3_1x_125_261,1-3_1x,125,261,257,0.3107460846218969,0.6217756867408752,0.17552395608161794,0.3107460846218969,0.4188820719718933,0.2062958925962448,0.496524489285831,1.0,12.0,7.0,2.436860218644142
01_1-3_1x_125_328,1-3_1x,125,328,324,0.20250706920789313,0.6761914491653442,0.00489223593622341,0.20250706920789313,0.6735822260379791,0.1660563051700592,0.32551434090491516,0.0,2.0,7.0,0.5871280431747437
01_1-3_1x_125_358,1-3_1x,125,358,359,0.19091949250505433,0.6802046298980713,0.011914349587787035,0.19091949250505433,0.45995184779167175,0.11788210272789001,0.20963432377699173,0.0,1.0,10.0,1.1977889835834503
01_1-3_1x_125_406,1-3_1x,125,406,402,0.21776589835062296,0.7834713459014893,0.034146633565771294,0.21776589835062296,0.2979716360569,0.25064313411712646,0.47040139499700984,1.0,1.0,8.0,1.1241028010845184
01_1-3_1x_125_475,1-3_1x,125,475,478,0.23587623013542525,0.8521405458450317,0.04891986122952688,0.23587623013542525,0.7840153574943542,0.24811109900474548,0.41075993944108075,0.0,2.0,2.0,1.387927085161209
01_1-3_1x_125_503,1-3_1x,125,503,499,0.15171393772260688,0.743402361869812,0.05660189197056386,0.15171393772260688,0.7667004466056824,0.06255367398262024,0.09187602927860032,0.0,1.0,4.0,-0.2720039188861847
01_1-3_1x_125_573,1-3_1x,125,573,569,0.0943948890889279,0.6751383543014526,0.011084026992122508,0.0943948890889279,0.3185867667198181,0.19420501589775085,0.40380859547468634,0.0,2.0,7.0,0.3206006586551666
01_1-3_1x_125_605,1-3_1x,125,605,601,0.11496876287231586,0.5573920607566833,0.00041319652311156357,0.11496876287231586,0.3612140417098999,0.12202753126621246,0.28028817921622473,0.0,5.0,4.0,-0.8937855958938599
01_1-3_1x_125_657,1-3_1x,125,657,652,0.13056974756352835,0.44748029112815857,0.006901493844393391,0.13056974756352835,0.34601858258247375,0.08720532059669495,0.24205212054574052,1.0,2.0,3.0,-0.43302659690380096
01_1-3_1x_125_710,1-3_1x,125,710,707,0.25166703786463207,0.6056719422340393,0.06088185587936364,0.25166703786463207,0.5363868474960327,0.29326681792736053,0.9387388205561867,1.0,1.0,10.0,2.860299825668335
01_1-3_1x_125_764,1-3_1x,125,764,759,0.12791288130067296,0.6673917770385742,0.027380858052501213,0.12791288130067296,0.48743830621242523,0.28573454916477203,0.7486679886991484,0.0,1.0,5.0,0.4511122554540634
01_1-3_1x_125_822,1-3_1x,125,822,817,0.2573282271797149,0.6335982084274292,0.012629800539513713,0.2573282271797149,0.5364455282688141,0.16237272322177887,0.3445754279417142,1.0,9.0,6.0,2.2772091776132584
01_1-3_1x_125_846,1-3_1x,125,846,848,0.1609692392776352,0.8268464803695679,0.01292484056723383,0.1609692392776352,0.4246143102645874,0.2643095850944519,0.4698528884317674,0.0,4.0,6.0,1.0762708932161331
01_1-3_1x_150_115,1-3_1x,150,115,110,0.23344752872546154,0.7434825897216797,0.018490496567355772,0.23344752872546154,0.6219292283058167,0.2561858892440796,0.5257287582554766,0.0,3.0,8.0,1.561294361948967
01_1-3_1x_150_167,1-3_1x,150,167,162,0.19465460654091232,0.8193954825401306,0.0377184934337022,0.19465460654091232,0.4008091986179352,0.26773953437805176,0.48533789089026325,0.0,3.0,5.0,0.6080325841903687
01_1-3_1x_150_201,1-3_1x,150,201,196,0.2471787327654031,0.8718493580818176,0.015513320282859767,0.2471787327654031,0.6344707906246185,0.27805572748184204,0.4682699731906715,0.0,1.0,4.0,1.0873588919639587
01_1-3_1x_150_246,1-3_1x,150,246,241,0.14311555538203652,0.6676145195960999,0.030650426831323387,0.14311555538203652,0.18741238117218018,0.08574417233467102,0.1473595840348726,0.0,6.0,4.0,-0.12644454836845398
01_1-3_1x_150_283,1-3_1x,150,283,280,0.19537001983049276,0.6008164286613464,0.02310051361794758,0.19537001983049276,0.36254578828811646,0.09981362521648407,0.19922767802928873,1.0,2.0,4.0,1.0619219094514847
01_1-3_1x_150_365,1-3_1x,150,365,361,0.24159604909329463,0.721541166305542,0.09383521795603136,0.24159604909329463,0.8381426930427551,0.2998206615447998,0.7109463688868989,0.0,5.0,7.0,2.8919527381658554
01_1-3_1x_150_388,1-3_1x,150,388,388,0.2244066942918384,0.824125349521637,0.09162874845340027,0.2244066942918384,0.46373921632766724,0.23544806241989136,0.3999611800534731,0.0,1.0,6.0,1.5508478283882141
01_1-3_1x_150_448,1-3_1x,150,448,450,0.1194737402794219,0.7304077744483948,0.0007407699506064075,0.1194737402794219,0.7913089394569397,0.06833428144454956,0.10321253179086674,1.0,1.0,4.0,-0.6419740617275238
01_1-3_1x_150_495,1-3_1x,150,495,491,0.15403595531690045,0.7831125259399414,0.001966806564366932,0.15403595531690045,0.4537510871887207,0.19501274824142456,0.331598064880405,0.0,4.0,5.0,0.24050644040107727
01_1-3_1x_150_581,1-3_1x,150,581,578,0.2796452284744702,0.8759579658508301,0.23896323373902711,0.2796452284744702,0.4369574189186096,0.3585629165172577,0.6930157468246024,0.0,2.0,7.0,2.639774337410927
01_1-3_1x_150_638,1-3_1x,150,638,634,0.17089423862446496,0.823764443397522,0.03327953148594313,0.17089423862446496,0.6340783834457397,0.21159160137176514,0.3456402944494923,0.0,2.0,10.0,1.3131451308727264
01_1-3_1x_150_752,1-3_1x,150,752,752,0.09269514100693375,0.45484089851379395,0.05198247239521228,0.09269514100693375,0.3829575777053833,0.03818608820438385,0.0916492195926567,0.0,1.0,3.0,-1.1464055106043816
01_1-3_1x_150_800,1-3_1x,150,800,805,0.09296334935683344,0.4422312378883362,0.052472198061515686,0.09296334935683344,0.4279034435749054,0.13228535652160645,0.42680146591490165,1.0,1.0,3.0,-0.7886073663830757
01_1-3_1x_150_845,1-3_1x,150,845,847,0.10376760271437724,0.5378251671791077,0.0032864798901031263,0.10376760271437724,0.22549737989902496,0.2700783908367157,1.0087082822291091,0.0,1.0,5.0,0.13155300170183182
01_1-3_1x_172_68,1-3_1x,172,68,64,0.09456043903885981,0.5400335192680359,0.011549087984867312,0.09456043903885981,0.6920447051525116,0.22687847912311554,0.7244925038349114,0.0,5.0,5.0,0.16431348025798798
01_1-3_1x_172_92,1-3_1x,172,92,88,0.14942594221930078,0.43461471796035767,0.005472751413778927,0.14942594221930078,0.340271919965744,0.10891304910182953,0.3343951214113583,3.0,1.0,6.0,0.9382170736789703
01_1-3_1x_172_148,1-3_1x,172,148,146,0.36707277996104465,0.5431027412414551,0.09552518935906142,0.36707277996104465,0.2753697633743286,0.21166974306106567,0.6386501773304417,1.0,,11.0,4.607466533780098
01_1-3_1x_172_178,1-3_1x,172,178,173,0.18385231252261552,0.9701544642448425,0.004453503669695252,0.18385231252261552,0.6223070025444031,0.3139956295490265,0.4785360082739562,1.0,3.0,3.0,-0.039876192808151245
01_1-3_1x_172_231,1-3_1x,172,231,228,0.14882630133761038,0.8016420006752014,0.005507299019358496,0.14882630133761038,0.6718897819519043,0.19034653902053833,0.31138222179059805,0.0,2.0,2.0,0.31924352049827576
01_1-3_1x_172_289,1-3_1x,172,289,284,0.15502236365143335,0.596563994884491,0.047004268621366925,0.15502236365143335,0.45288243889808655,0.1602431833744049,0.367260004902839,2.0,1.0,5.0,-0.6361979693174362
01_1-3_1x_172_306,1-3_1x,172,306,309,0.12912868931210852,0.5178529024124146,0.028707061979906717,0.12912868931210852,0.3043462932109833,0.12262995541095734,0.3102804539598385,0.0,2.0,3.0,0.5284847766160965
01_1-3_1x_172_376,1-3_1x,172,376,381,0.12578114181050204,0.4224598705768585,0.002274780668934328,0.12578114181050204,0.49285590648651123,0.10117335617542267,0.3149007245570545,3.0,1.0,2.0,0.836496576666832
01_1-3_1x_172_424,1-3_1x,172,424,421,0.07301499309203573,0.5249735116958618,0.010048035536575885,0.07301499309203573,0.8220412731170654,0.2517193406820297,0.9211912109084978,0.0,1.0,4.0,0.3986046425998211
01_1-3_1x_172_546,1-3_1x,172,546,541,0.3523696259616147,0.8813217282295227,0.26690835136384183,0.3523696259616147,0.41637158393859863,0.5575114190578461,1.721722265371936,3.0,35.0,9.0,6.3305399268865585
01_1-3_1x_172_613,1-3_1x,172,613,608,0.1094604238878494,0.7822059392929077,0.01825418017683122,0.1094604238878494,0.5212320983409882,0.22163555026054382,0.3953750583278632,0.0,3.0,4.0,-0.5491660237312317
01_1-3_1x_172_633,1-3_1x,172,633,629,0.09941880836005965,0.6493495106697083,0.003938856121116404,0.09941880836005965,0.3229880928993225,0.14056557416915894,0.2762775396094039,0.0,2.0,3.0,0.007515609264373779
01_1-3_1x_172_665,1-3_1x,172,665,668,0.09349999065289465,0.5346097350120544,0.002581858496474267,0.09349999065289465,0.36006003618240356,0.05211760103702545,0.1080175144155257,0.0,1.0,5.0,-0.8502718359231949
01_1-3_1x_172_732,1-3_1x,172,732,730,0.1367046710640526,0.5042043924331665,0.03866333183561664,0.1367046710640526,0.23593665659427643,0.14317670464515686,0.3965809534509392,0.0,2.0,8.0,0.0804109275341034
01_1-3_1x_172_775,1-3_1x,172,775,772,0.10781560857899863,0.5061177611351013,0.025118708398537883,0.10781560857899863,0.387966051697731,0.20106777548789978,0.6591305849803908,0.0,6.0,7.0,1.5905790776014328
01_1-3_1x_172_805,1-3_1x,172,805,807,0.08137047711603733,0.42720144987106323,0.03595826457918415,0.08137047711603733,0.3237777054309845,0.07791763544082642,0.22307828826230672,0.0,1.0,4.0,-1.917686104774475
01_1-3_1x_187_58,1-3_1x,187,58,55,0.23001365724013367,0.9066751599311829,0.09505904035893906,0.23001365724013367,0.44442063570022583,0.27657973766326904,0.43894897167760816,0.0,10.0,6.0,1.5556821525096893
01_1-3_1x_187_95,1-3_1x,187,95,90,0.1264960970856782,0.8521114587783813,0.016254703992816998,0.1264960970856782,0.48181217908859253,0.18560221791267395,0.27846908419694405,0.0,1.0,3.0,-1.536476045846939
01_1-3_1x_187_224,1-3_1x,187,224,220,0.22997676731757005,0.6422958374023438,0.09814305580072276,0.22997676731757005,0.7546216994524002,0.27715156972408295,0.7590193637334852,1.0,5.0,15.0,2.641651101410389
01_1-3_1x_187_247,1-3_1x,187,247,243,0.2155396247920138,0.8190357089042664,0.027685188746896242,0.2155396247920138,0.47494515776634216,0.31035956740379333,0.6101319524998888,0.0,5.0,6.0,1.650850772857666
01_1-3_1x_187_304,1-3_1x,187,304,305,0.11000511067158236,0.5334838032722473,0.03783512997460465,0.11000511067158236,0.21553194522857666,0.061450764536857605,0.13018318527340503,1.0,1.0,1.0,-0.47019264101982117
01_1-3_1x_187_335,1-3_1x,187,335,332,0.16332843317221696,0.48880571126937866,0.001071244475844797,0.16332843317221696,0.5337296277284622,0.10383203625679016,0.26971204265692944,0.0,1.0,5.0,0.8903285712003708
01_1-3_1x_187_448,1-3_1x,187,448,444,0.18375736402726556,0.49162033200263977,0.060556033806964935,0.18375736402726556,0.26064877212047577,0.22706076502799988,0.8582595126857213,2.0,4.0,7.0,1.8810847848653793
01_1-3_1x_187_469,1-3_1x,187,469,471,0.21318191505683443,0.6063710451126099,0.14766750175068008,0.21318191505683443,0.4620850086212158,0.26102519035339355,0.7558370449686932,3.0,1.0,11.0,2.9599074721336365
01_1-3_1x_187_507,1-3_1x,187,507,505,0.08918929398000527,0.6357470750808716,0.0023759576875433935,0.08918929398000527,0.33747440576553345,0.1389966458082199,0.2798118282690577,0.0,2.0,4.0,-1.1496975719928741
01_1-3_1x_187_585,1-3_1x,187,585,581,0.2677176809808486,0.5482177138328552,0.21277950437179532,0.2677176809808486,0.6095364987850189,0.25431160628795624,0.8652818017710161,1.0,19.0,10.0,2.486331529915333
01_1-3_1x_187_647,1-3_1x,187,647,644,0.2275601266341064,0.6366047859191895,0.03216947008132795,0.2275601266341064,0.4766566902399063,0.25465555489063263,0.6667261882027276,1.0,1.0,4.0,0.61822360008955
01_1-3_1x_187_690,1-3_1x,187,690,693,0.1465412111115849,0.5339952707290649,0.0030100328198054914,0.1465412111115849,0.5048117786645889,0.08770433068275452,0.19651828619611608,0.0,2.0,3.0,-0.9591114073991776
01_1-3_1x_187_803,1-3_1x,187,803,798,0.14818553280826255,0.4376504123210907,0.009396160261481452,0.14818553280826255,0.28902754187583923,0.17533420026302338,0.6684077925927457,2.0,9.0,7.0,2.236725866794586
01_1-3_1x_205_77,1-3_1x,205,77,72,0.15716817944867187,1.0,0.00822871488324662,0.15716817944867187,0.2683882713317871,0.22056445479393005,0.28297972314775105,1.0,1.0,3.0,0.24683210253715515
01_1-3_1x_205_187,1-3_1x,205,187,182,0.1265053500391132,0.6884360909461975,8.106963029524435e-05,0.1265053500391132,0.39363574981689453,0.09370210766792297,0.15755297377059416,1.0,1.0,2.0,-0.4024014174938202
01_1-3_1x_205_219,1-3_1x,205,219,217,0.13192809810637565,0.6113014817237854,0.0426751574172105,0.13192809810637565,0.2582220435142517,0.08356419205665588,0.15834430064505017,0.0,1.0,1.0,-1.167528659105301
01_1-3_1x_205_362,1-3_1x,205,362,358,0.3805009261359036,0.710446834564209,0.032606820124055184,0.3805009261359036,0.4492918998003006,0.4077693521976471,1.3472074268934622,2.0,,14.0,5.17299760133028
01_1-3_1x_205_430,1-3_1x,205,430,427,0.11928207369751476,0.637547492980957,0.017109977849350453,0.11928207369751476,0.3012802004814148,0.05974668264389038,0.10340359787490862,0.0,1.0,3.0,0.13388001918792725
01_1-3_1x_205_465,1-3_1x,205,465,467,0.09741317654130488,0.5841460227966309,0.0033688640105510688,0.09741317654130488,0.26217320561408997,0.062368035316467285,0.11952983225233957,0.0,1.0,3.0,-1.5714354664087296
01_1-3_1x_205_522,1-3_1x,205,522,520,0.07163256743280812,0.4093790650367737,0.007934961849926654,0.07163256743280812,0.28308458626270294,0.08788281679153442,0.273355652736877,0.0,1.0,7.0,0.3254976272583008
01_1-3_1x_205_606,1-3_1x,205,606,606,0.08596539808642907,0.33499372005462646,0.0203157250471188,0.08596539808642907,0.28226590901613235,0.1265527382493019,0.6071394269649768,0.0,1.0,8.0,0.9401037991046906
01_1-3_1x_205_667,1-3_1x,205,667,663,0.3512532255922102,0.6124009490013123,0.011758613513876592,0.3512532255922102,0.2679685950279236,0.3813033699989319,1.649966960471725,2.0,,15.0,4.985396780073643
01_1-3_1x_205_783,1-3_1x,205,783,778,0.33718456947022013,0.7097944617271423,0.020521530559757934,0.33718456947022013,0.5445784330368042,0.35660816729068756,1.0096885776943658,2.0,,15.0,4.758171781897545
01_1-3_1x_205_817,1-3_1x,205,817,816,0.1248827287397184,0.7853868007659912,0.0010287558318198082,0.1248827287397184,0.2689818739891052,0.16223576664924622,0.260347424247156,0.0,1.0,5.0,-0.568523958325386
01_1-3_1x_219_71,1-3_1x,219,71,75,0.09637323127664882,0.8545464873313904,0.005988973576324981,0.09637323127664882,0.47194111347198486,0.21230074763298035,0.33055999364460387,1.0,1.0,3.0,-0.5050899386405945
01_1-3_1x_219_125,1-3_1x,219,125,120,0.30260304357445217,0.8522605299949646,0.08971538472051953,0.30260304357445217,0.28768885135650635,0.36145608127117157,0.7364564078647664,0.0,2.0,9.0,2.758321538567543
01_1-3_1x_219_147,1-3_1x,219,147,142,0.19436236912854585,0.87982577085495,0.021200478516304473,0.19436236912854585,0.6697783172130585,0.24416017532348633,0.3841016047428999,1.0,1.0,7.0,1.5727402567863464
01_1-3_1x_219_174,1-3_1x,219,174,170,0.21369177338611978,0.7655531764030457,0.03192050116447168,0.21369177338611978,0.6228972673416138,0.07503026723861694,0.10865717305369021,1.0,1.0,3.0,-0.5718608498573303
01_1-3_1x_219_208,1-3_1x,219,208,206,0.1360747909873434,0.8895471692085266,0.002323033749415516,0.1360747909873434,0.3787875175476074,0.2079567313194275,0.3051051184982497,0.0,1.0,4.0,-0.12367811799049377
01_1-3_1x_219_234,1-3_1x,219,234,233,0.1549151968816094,0.892659604549408,0.01935187461743645,0.1549151968816094,0.22583049535751343,0.25075480341911316,0.3906417321970062,0.0,2.0,4.0,0.6985341906547546
01_1-3_1x_219_289,1-3_1x,219,289,284,0.21329486708379775,0.7473993301391602,0.0029715091275369482,0.21329486708379775,0.17773199081420898,0.11963632702827454,0.19057562557114,2.0,7.0,5.0,0.9917747974395752
01_1-3_1x_219_409,1-3_1x,219,409,405,0.3174493245765303,0.84705650806427,0.004555967666571947,0.3174493245765303,0.6366067826747894,0.4293845146894455,1.028042390920164,1.0,16.0,6.0,4.405360400676727
01_1-3_1x_219_448,1-3_1x,219,448,453,0.2633282028792628,0.6980396509170532,0.012264265415720262,0.2633282028792628,0.7291140556335449,0.10266393423080444,0.17243554171509198,0.0,1.0,4.0,-0.39133426547050476
01_1-3_1x_219_548,1-3_1x,219,548,543,0.12106252525147937,0.5800992846488953,0.006741785798082198,0.12106252525147937,0.41808614134788513,0.05112138390541077,0.09664181402202073,0.0,1.0,2.0,-0.8504220247268677
01_1-3_1x_219_650,1-3_1x,219,650,645,0.3720965037748881,0.5130321979522705,0.019343059897533554,0.3720965037748881,0.26944947242736816,0.29567860811948776,1.3603576013948655,4.0,,12.0,5.794616602361202
01_1-3_1x_219_666,1-3_1x,219,666,664,0.24975344816491457,0.8817077875137329,0.013638337450851152,0.24975344816491457,0.3882196545600891,0.4101431220769882,0.869749478996968,2.0,36.0,8.0,5.575047090649605
01_1-3_1x_219_766,1-3_1x,219,766,762,0.26170700342168524,0.7072187662124634,0.035796235200887705,0.26170700342168524,0.43025660514831543,0.16532981395721436,0.30509906738113035,4.0,4.0,3.0,1.2991353124380112
01_1-3_1x_219_836,1-3_1x,219,836,831,0.19759538668470034,0.9123088717460632,0.02312010971086135,0.19759538668470034,0.32863563299179077,0.22661173343658447,0.33048370887951234,0.0,10.0,10.0,1.619088590145111
01_1-3_1x_232_72,1-3_1x,232,72,73,0.19003217926064667,0.7426086664199829,0.007869666840624621,0.19003217926064667,0.6690413951873779,0.24994100630283356,0.5073217232147958,2.0,2.0,11.0,1.8055229932069778
01_1-3_1x_232_120,1-3_1x,232,120,116,0.19571456348470812,0.8241336345672607,0.009024763216435727,0.19571456348470812,0.2856031656265259,0.26053428649902344,0.46226860870584163,0.0,2.0,6.0,-0.0572146475315094
01_1-3_1x_232_138,1-3_1x,232,138,137,0.2283869926784477,0.903080403804779,0.08219269173607552,0.2283869926784477,0.956239640712738,0.4147936701774597,0.8494878963761637,0.0,1.0,14.0,4.497373700141907
01_1-3_1x_232_287,1-3_1x,232,287,286,0.2555238921837183,0.727191686630249,0.06188646642882368,0.2555238921837183,0.5379915535449982,0.23371896147727966,0.4736208296108568,0.0,1.0,6.0,1.9768996685743332
01_1-3_1x_232_335,1-3_1x,232,335,339,0.1403107977755271,0.9131350517272949,0.009093165465306478,0.1403107977755271,0.5489518940448761,0.3355481028556824,0.580948207903965,0.0,1.0,2.0,-1.689164623618126
01_1-3_1x_232_371,1-3_1x,232,371,366,0.21276392878010558,0.7112607955932617,0.14044774172015007,0.21276392878010558,0.5618700087070465,0.13274049758911133,0.22944829774695136,1.0,3.0,5.0,0.04207815229892731
01_1-3_1x_232_489,1-3_1x,232,489,485,0.1427949064991516,0.7793501019477844,0.013634489898098002,0.1427949064991516,0.42943239212036133,0.30695609748363495,0.6497883008312613,1.0,3.0,7.0,2.5393831580877304
01_1-3_1x_232_620,1-3_1x,232,620,615,0.233938637631191,0.7241009473800659,0.05361107835836424,0.233938637631191,1.104038953781128,0.36894842982292175,1.0388450358191754,2.0,8.0,12.0,4.138424649834633
01_1-3_1x_232_662,1-3_1x,232,662,660,0.14155932457108128,0.5841583609580994,0.0802036376415295,0.14155932457108128,0.6139440089464188,0.14736506342887878,0.3373794063747518,0.0,1.0,3.0,-0.01944451779127121
01_1-3_1x_232_792,1-3_1x,232,792,789,0.22582033820620112,0.5960400104522705,0.022021810482707474,0.22582033820620112,0.711069792509079,0.22809773683547974,0.6199280517384689,1.0,1.0,12.0,2.4836073368787766
01_1-3_1x_232_853,1-3_1x,232,853,848,0.2870618086435833,0.7093336582183838,0.0765801973175786,0.2870618086435833,0.4047172963619232,0.28992825746536255,0.6912840343610526,3.0,20.0,10.0,3.854068771004677
01_1-3_1x_243_81,1-3_1x,243,81,78,0.12964509433670882,0.29885345697402954,0.012732020519547685,0.12964509433670882,0.11123055219650269,0.15031922608613968,1.012017399542043,0.0,13.0,7.0,1.705423042178154
01_1-3_1x_243_246,1-3_1x,243,246,242,0.48615640861626586,0.5691791772842407,0.24602839227699355,0.48615640861626586,0.4025445133447647,0.4148368164896965,2.6877703201774557,2.0,,13.0,8.083332814276218
01_1-3_1x_243_369,1-3_1x,243,369,364,0.11257104263026789,0.8714019656181335,0.0002662424652456013,0.11257104263026789,0.23822247982025146,0.1578747034072876,0.22125952541479196,1.0,1.0,3.0,-0.6702751219272614
01_1-3_1x_243_479,1-3_1x,243,479,474,0.3405834191854027,0.7787360548973083,0.016849035205218164,0.3405834191854027,0.11052250862121582,0.2974613457918167,0.6180697638250829,3.0,46.0,11.0,4.4324783235788345
01_1-3_1x_243_768,1-3_1x,243,768,765,0.46180711729386253,0.6012153029441833,0.13311952779317146,0.46180711729386253,0.27833639085292816,0.42928408086299896,2.4968360933321048,1.0,,15.0,7.853118658065796
01_1-3_1x_243_847,1-3_1x,243,847,844,0.15347741764006306,0.840867817401886,0.008402272442615131,0.15347741764006306,0.5580095052719116,0.12283492088317871,0.17107143903674674,1.0,1.0,4.0,1.1117610931396484
01_1-3_1x_257_78,1-3_1x,257,78,73,0.3648353529315215,0.7625740766525269,0.0633182941691801,0.3648353529315215,0.4391081929206848,0.2734180688858032,0.5589588281540541,1.0,,13.0,5.495461285114288
01_1-3_1x_257_145,1-3_1x,257,145,150,0.10970104955490563,0.7504457235336304,0.0016452979908513155,0.10970104955490563,0.3569217920303345,0.03101670742034912,0.04311295030594823,0.0,1.0,3.0,-1.90705806016922
01_1-3_1x_257_300,1-3_1x,257,300,295,0.08066495791732338,0.5608347654342651,0.005132088066323833,0.08066495791732338,0.25078508257865906,0.2709634453058243,0.9347714882098768,1.0,1.0,2.0,0.42736953496932983
01_1-3_1x_257_376,1-3_1x,257,376,371,0.26728448730353443,0.5009509325027466,0.01792542898424367,0.26728448730353443,0.23017676174640656,0.22051182389259338,0.786309102840337,3.0,35.0,11.0,3.6649461537599564
01_1-3_1x_257_415,1-3_1x,257,415,411,0.07580114192602158,0.5200545787811279,0.023348993886986587,0.07580114192602158,0.3171960413455963,0.07836797833442688,0.1774289241629001,1.0,1.0,1.0,-0.9652432501316071
01_1-3_1x_257_603,1-3_1x,257,603,599,0.39217135530823244,0.5718446373939514,0.17551876655781765,0.39217135530823244,0.3225449025630951,0.3527810424566269,1.6104046980401274,2.0,,10.0,5.410884514451027
01_1-3_1x_257_631,1-3_1x,257,631,627,0.2928534315784112,0.6606264114379883,0.010397352022450342,0.2928534315784112,0.3581864833831787,0.08858498930931091,0.1548576482095806,3.0,19.0,8.0,1.7829952538013458
01_1-3_1x_257_713,1-3_1x,257,713,708,0.09909247853498929,0.7399196624755859,0.0028082960209590397,0.09909247853498929,0.28159382939338684,0.1864677369594574,0.33691767678929757,0.0,1.0,2.0,-0.715049609541893
01_1-3_1x_257_752,1-3_1x,257,752,757,0.08993436101203747,0.5251231789588928,0.0015685195307466751,0.08993436101203747,0.3609667420387268,0.057018741965293884,0.12180773660573865,0.0,1.0,1.0,-1.2172002345323563
01_1-3_1x_294_54,1-3_1x,294,54,50,0.296472448347641,0.7222110033035278,0.12446945579205701,0.296472448347641,0.8189774453639984,0.35152608156204224,0.9483150269791533,0.0,49.0,12.0,3.7983789145946503
01_1-3_1x_294_135,1-3_1x,294,135,131,0.11819072539313502,0.626329779624939,0.04297452434968108,0.11819072539313502,0.43561574816703796,0.21602939069271088,0.5265151984254975,0.0,2.0,4.0,0.1596008539199829
01_1-3_1x_294_170,1-3_1x,294,170,166,0.3002588466287768,0.8893802165985107,0.14168345341084268,0.3002588466287768,0.5053102672100067,0.4744536429643631,1.1434641045254001,3.0,5.0,7.0,2.4463956877589226
01_1-3_1x_294_186,1-3_1x,294,186,181,0.25999660295936095,0.8949392437934875,0.0636326880692519,0.25999660295936095,0.43883857131004333,0.37705928087234497,0.7280823894894726,2.0,6.0,10.0,2.0406414568424225
01_1-3_1x_294_306,1-3_1x,294,306,308,0.15312867927581153,0.47581639885902405,0.0007464974374959724,0.15312867927581153,0.5108760595321655,0.08761966228485107,0.22570942522106838,1.0,1.0,3.0,-0.5232510566711426
01_1-3_1x_294_337,1-3_1x,294,337,333,0.10911990190211186,0.4640667140483856,0.023824683356986127,0.10911990190211186,0.4640491455793381,0.1554366499185562,0.5036341820969511,0.0,4.0,5.0,0.5161646008491516
01_1-3_1x_294_372,1-3_1x,294,372,367,0.26201311337361133,0.6630154252052307,0.11262448585666582,0.26201311337361133,0.9149481765925884,0.3399982899427414,1.052570445423748,1.0,40.0,11.0,2.834126453846693
01_1-3_1x_294_396,1-3_1x,294,396,395,0.2170209740635215,0.6443192958831787,0.01586777053642443,0.2170209740635215,0.4321363568305969,0.14987383782863617,0.3031150056840112,0.0,1.0,6.0,2.245846763253212
01_1-3_1x_294_422,1-3_1x,294,422,418,0.14666232745386082,0.7730028033256531,0.03981614824984824,0.14666232745386082,0.5590775310993195,0.20035788416862488,0.3498815364738853,0.0,2.0,4.0,-1.0275551676750183
01_1-3_1x_294_458,1-3_1x,294,458,456,0.16572058453131527,0.6869441270828247,0.0025519562483412935,0.16572058453131527,0.6634641289710999,0.21246114373207092,0.44777400072746654,1.0,2.0,5.0,-0.16636037826538086
01_1-3_1x_294_519,1-3_1x,294,519,515,0.243059395781075,0.6724145412445068,0.03192931518259174,0.243059395781075,0.42084363102912903,0.26595206558704376,0.6543090236235454,0.0,13.0,7.0,2.0953959226608276
01_1-3_1x_294_537,1-3_1x,294,537,535,0.17445991813428682,0.7740553617477417,0.03401159429020163,0.17445991813428682,0.27786821126937866,0.2687472850084305,0.5318483859245285,1.0,1.0,7.0,1.1975797563791275
01_1-3_1x_294_573,1-3_1x,294,573,569,0.2836950617896941,0.5992587804794312,0.1097256520851744,0.2836950617896941,0.3864505887031555,0.09963621199131012,0.19942296100196893,0.0,1.0,7.0,1.4264158755540848
01_1-3_1x_294_617,1-3_1x,294,617,622,0.1322707940560486,0.6507615447044373,0.0047951362817131235,0.1322707940560486,0.7510934323072433,0.11755040287971497,0.22045751421742843,1.0,1.0,4.0,-1.4121630638837814
01_1-3_1x_294_650,1-3_1x,294,650,651,0.17256889355294552,0.7356371283531189,0.030559112953310874,0.17256889355294552,0.5461881160736084,0.2744331806898117,0.5950364954164621,0.0,1.0,6.0,-0.08707644045352936
01_1-3_1x_294_699,1-3_1x,294,699,698,0.24363769586949158,0.5931531190872192,0.011934479903074747,0.24363769586949158,0.6188048422336578,0.08322113752365112,0.16320046698870716,0.0,1.0,5.0,0.5167152136564255
01_1-3_1x_294_748,1-3_1x,294,748,745,0.15967285770118766,0.7021250128746033,0.03542278728504011,0.15967285770118766,0.346157044172287,0.14762365818023682,0.2662277683011342,0.0,2.0,4.0,0.6099513322114944
01_1-3_1x_294_768,1-3_1x,294,768,763,0.259933819819737,0.7723445296287537,0.05347869525205011,0.259933819819737,0.6142407655715942,0.22342449426651,0.40702557726658234,1.0,6.0,6.0,2.0890903770923615
01_1-3_1x_294_798,1-3_1x,294,798,796,0.1965789930635528,0.7747108936309814,0.01835879731434801,0.1965789930635528,0.5113972425460815,0.14576607942581177,0.23176290849941097,0.0,6.0,1.0,-0.4549029469490051
01_1-3_1x_294_822,1-3_1x,294,822,825,0.12324541331294134,0.8595198392868042,0.009081306897187672,0.12324541331294134,0.6054611206054688,0.2759563624858856,0.4728814832598366,0.0,1.0,6.0,0.34154683351516724
01_1-3_1x_307_160,1-3_1x,307,160,156,0.32254344673937274,0.4765705466270447,0.18240633177067367,0.32254344673937274,0.2881825640797615,0.2680041640996933,1.284982559759108,3.0,,9.0,3.7864644303917885
01_1-3_1x_307_241,1-3_1x,307,241,237,0.10449204635692655,0.61988765001297,0.05048237391365072,0.10449204635692655,0.4154883325099945,0.21855947375297546,0.5445904042665196,1.0,1.0,3.0,-0.5277059674263
01_1-3_1x_307_274,1-3_1x,307,274,271,0.08966706758770003,0.5224157571792603,0.03489698463582783,0.08966706758770003,0.38811691105365753,0.18348200619220734,0.5413506493757722,1.0,1.0,5.0,-0.30746445059776306
01_1-3_1x_307_368,1-3_1x,307,368,363,0.3833726560236398,0.749825656414032,0.09348796871266035,0.3833726560236398,0.2917763888835907,0.43460051715373993,1.3786987870750866,2.0,,11.0,4.808881066739559
01_1-3_1x_307_384,1-3_1x,307,384,381,0.2614209777218268,0.8384484052658081,0.0187412448456186,0.2614209777218268,0.696386456489563,0.3354055881500244,0.6667535580233227,1.0,25.0,17.0,6.0745620131492615
01_1-3_1x_307_426,1-3_1x,307,426,429,0.14041354836491624,0.7570589780807495,0.054582206919675316,0.14041354836491624,0.48568588495254517,0.031501948833465576,0.04341760545845267,0.0,1.0,2.0,-1.6538139581680298
01_1-3_1x_307_456,1-3_1x,307,456,455,0.07619696011173151,0.5970928072929382,0.023026194242295777,0.07619696011173151,0.3091069459915161,0.03563505411148071,0.06346880759871495,0.0,1.0,3.0,-1.193293109536171
01_1-3_1x_307_524,1-3_1x,307,524,520,0.2759126429120877,0.7277745604515076,0.04051870065010547,0.2759126429120877,0.3703947365283966,0.28287404775619507,0.6358141644802278,0.0,16.0,9.0,3.3597127348184586
01_1-3_1x_307_612,1-3_1x,307,612,608,0.07290984146306057,0.5944017171859741,0.009245666770074112,0.07290984146306057,0.23041725158691406,0.042101770639419556,0.07622990170952462,0.0,1.0,2.0,-1.6599478125572205
01_1-3_1x_307_669,1-3_1x,307,669,665,0.11993539760015046,0.704690158367157,0.017056701899229885,0.11993539760015046,0.28517258167266846,0.33394715189933777,0.9007510487681301,0.0,2.0,2.0,-0.14888516068458557
01_1-3_1x_307_709,1-3_1x,307,709,704,0.3091130691247356,0.6239511370658875,0.05558511759430846,0.3091130691247356,0.574822798371315,0.26483191549777985,0.7374484560903795,3.0,2.0,8.0,4.108609862625599
01_1-3_1x_307_727,1-3_1x,307,727,727,0.13341326222039795,0.63297039270401,0.022720686714171587,0.13341326222039795,0.2615540623664856,0.10699662566184998,0.20342578350162002,0.0,2.0,3.0,1.6573108434677124
01_1-3_1x_307_764,1-3_1x,307,764,766,0.09705530002438593,0.6052104830741882,0.009081088653461683,0.09705530002438593,0.9048551917076111,0.06256279349327087,0.11529173475627923,0.0,1.0,1.0,-2.1200409084558487
01_1-3_1x_360_102,1-3_1x,360,102,98,0.11378660290864549,0.4572163224220276,0.05243310526282071,0.11378660290864549,0.5046255886554718,0.1887538582086563,0.7030921762628113,0.0,5.0,4.0,1.1625513024628162
01_1-3_1x_360_150,1-3_1x,360,150,145,0.25459054351316146,0.6126266717910767,0.017155993741127074,0.25459054351316146,0.5770558416843414,0.3334641754627228,1.1945163832841597,0.0,15.0,10.0,4.170476511120796
01_1-3_1x_360_181,1-3_1x,360,181,180,0.15693723752601818,0.5530995726585388,0.004627409922620711,0.15693723752601818,0.30780985951423645,0.0942177027463913,0.2053201682699497,0.0,2.0,5.0,0.37814638018608093
01_1-3_1x_360_224,1-3_1x,360,224,228,0.08209588148388092,0.472786009311676,0.005819459129412075,0.08209588148388092,0.45615316927433014,0.08707857131958008,0.22576326703184946,0.0,1.0,4.0,-0.23078298568725586
01_1-3_1x_360_294,1-3_1x,360,294,289,0.2719224606558207,0.6643900275230408,0.011441081303505988,0.2719224606558207,0.45501571893692017,0.4068015515804291,1.5792692203787124,1.0,3.0,10.0,3.5955553129315376
01_1-3_1x_360_325,1-3_1x,360,325,327,0.1665730576909091,0.5812463164329529,0.027107832455435566,0.1665730576909091,0.6004798710346222,0.13151904940605164,0.29244179539192716,1.0,1.0,3.0,-0.5008069705218077
01_1-3_1x_360_422,1-3_1x,360,422,425,0.2612121653282269,0.49404895305633545,0.02152719108007719,0.2612121653282269,0.46407007426023483,0.22059433162212372,0.8066944726154308,0.0,1.0,3.0,1.8833231134340167
01_1-3_1x_360_503,1-3_1x,360,503,504,0.09156980691436722,0.4392334520816803,0.011234196108615832,0.09156980691436722,0.24895289540290833,0.059733256697654724,0.15739980485967647,0.0,1.0,4.0,0.19159788638353348
01_1-3_1x_360_549,1-3_1x,360,549,553,0.13237742318313167,0.45015043020248413,0.023160168546474773,0.13237742318313167,0.6602237224578857,0.13966159522533417,0.4498119722585593,0.0,1.0,1.0,-0.5460164770483971
01_1-3_1x_360_587,1-3_1x,360,587,585,0.3056390426849418,0.7227573394775391,0.1846851544503582,0.3056390426849418,0.4514841288328171,0.42260244488716125,1.4079478712612299,1.0,4.0,6.0,3.514479838311672
01_1-3_1x_360_651,1-3_1x,360,651,646,0.28742378696505194,0.7708047032356262,0.17142341723372542,0.28742378696505194,0.6416282057762146,0.20384618639945984,0.35954338870680574,1.0,9.0,4.0,1.378021627664566
01_1-3_1x_360_701,1-3_1x,360,701,697,0.10328451642100087,0.8077785968780518,0.004831145309025844,0.10328451642100087,0.29211610555648804,0.23277625441551208,0.40482661934664554,0.0,1.0,4.0,0.061421751976013184
01_1-3_1x_360_761,1-3_1x,360,761,766,0.12009306309500431,0.6274198889732361,0.01128269515915766,0.12009306309500431,0.48989398777484894,0.17479930818080902,0.3861939019095829,0.0,2.0,4.0,0.19615107774734497
01_1-3_1x_360_785,1-3_1x,360,785,785,0.10877132417188243,0.5929911136627197,0.016619271871580982,0.10877132417188243,0.48919478058815,0.12831826508045197,0.2761475422374155,0.0,1.0,5.0,-0.5856315642595291
01_1-3_1x_360_843,1-3_1x,360,843,842,0.1779167251808124,0.6035342812538147,0.015315585822999281,0.1779167251808124,0.8913232535123825,0.21651208400726318,0.5594306619817331,0.0,1.0,8.0,0.40023455023765564
01_1-3_1x_365_54,1-3_1x,365,54,49,0.15606751340201025,0.5955074429512024,0.006385328971540934,0.15606751340201025,0.22462040185928345,0.06893414258956909,0.13091082009328497,1.0,5.0,6.0,0.6012151837348938
01_1-3_1x_365_213,1-3_1x,365,213,209,0.24350497121342093,0.4832462668418884,0.6327427596476299,0.24350497121342093,0.27568817138671875,0.1900319904088974,0.6480993787910797,1.0,,10.0,2.9245392978191376
01_1-3_1x_365_265,1-3_1x,365,265,260,0.24956930866328952,0.6411861777305603,0.2283262532363393,0.24956930866328952,0.21999454498291016,0.15545371174812317,0.3200397804040218,4.0,,7.0,2.7381810396909714
01_1-3_1x_365_297,1-3_1x,365,297,295,0.19607777971121376,0.8057084083557129,0.1384306651206171,0.19607777971121376,0.37588202953338623,0.15358439087867737,0.2355140843805616,1.0,3.0,7.0,1.5500032305717468
01_1-3_1x_365_327,1-3_1x,365,327,325,0.18541686343648606,0.8855113983154297,0.000858433233115603,0.18541686343648606,0.2531682252883911,0.12087562680244446,0.15808262091017242,0.0,2.0,11.0,1.386817842721939
01_1-3_1x_365_516,1-3_1x,365,516,512,0.17551654369227304,0.6466975808143616,0.025870543418226193,0.17551654369227304,0.33958131074905396,0.10753965377807617,0.19945854152458514,0.0,1.0,4.0,0.8348207473754883
01_1-3_1x_380_55,1-3_1x,380,55,60,0.12078348980688415,0.5138183832168579,0.012420401394350638,0.12078348980688415,0.49578022956848145,0.10002464056015015,0.2417258412801393,0.0,1.0,5.0,-0.4839649945497513
01_1-3_1x_380_148,1-3_1x,380,148,148,0.13716341196593976,0.5458877086639404,0.012269947353394612,0.13716341196593976,0.353703111410141,0.2405126988887787,0.7875978426193447,2.0,3.0,10.0,2.2050441205501556
01_1-3_1x_380_275,1-3_1x,380,275,275,0.31996714713555374,0.5979959964752197,0.15522199850391283,0.31996714713555374,0.38728582859039307,0.23649299144744873,0.6541937083739625,2.0,,8.0,4.203714564442635
01_1-3_1x_380_352,1-3_1x,380,352,352,0.11118096359408602,0.6672530770301819,0.0015868612602084053,0.11118096359408602,0.3351594805717468,0.07299160957336426,0.12282743130853968,0.0,1.0,5.0,-1.2004239559173584
01_1-3_1x_380_385,1-3_1x,380,385,380,0.10592917602276392,0.6580419540405273,0.01547608883698091,0.10592917602276392,0.3433893918991089,0.11760520935058594,0.21761142354977775,0.0,3.0,5.0,-0.8821069598197937
01_1-3_1x_380_452,1-3_1x,380,452,454,0.10363759418383567,0.4852913022041321,0.019705740603736338,0.10363759418383567,0.5247988998889923,0.03996148705482483,0.08973458703057374,0.0,1.0,2.0,-1.756434440612793
01_1-3_1x_380_493,1-3_1x,380,493,489,0.07510909608476914,0.45609667897224426,0.005669525851130181,0.07510909608476914,0.35163477063179016,0.11291743814945221,0.32903341670296293,1.0,3.0,5.0,-0.059620484709739685
01_1-3_1x_380_650,1-3_1x,380,650,655,0.10234673371618236,0.3742045760154724,0.010464685260996113,0.10234673371618236,0.169912651181221,0.13906864821910858,0.5914393836893655,0.0,1.0,5.0,0.43878091126680374
01_1-3_1x_380_768,1-3_1x,380,768,767,0.0703748755326471,0.4405495524406433,0.022365412994223653,0.0703748755326471,0.3264799416065216,0.1888195276260376,0.7500874310289347,0.0,2.0,7.0,0.2182944342494011
01_1-3_1x_380_816,1-3_1x,380,816,811,0.3956212764606226,0.8020604252815247,0.4576492466489066,0.3956212764606226,0.27671685814857483,0.554212249815464,2.2360957419731164,4.0,,16.0,8.374028444290161
01_1-3_1x_390_76,1-3_1x,390,76,71,0.44295740927248206,0.656697690486908,0.023877449105187253,0.44295740927248206,0.2453729212284088,0.4776918590068817,2.668582666035566,3.0,,16.0,8.464674942195415
01_1-3_1x_390_133,1-3_1x,390,133,129,0.24306573082952634,0.8914915919303894,0.007067161068794076,0.24306573082952634,0.2642461657524109,0.21221673488616943,0.3124165905530556,1.0,14.0,12.0,1.5211298167705536
01_1-3_1x_390_204,1-3_1x,390,204,199,0.18498176036728883,0.8678827285766602,0.0017103502151781492,0.18498176036728883,0.2787207365036011,0.11803463101387024,0.1574113895834568,1.0,3.0,5.0,0.6401412785053253
01_1-3_1x_390_453,1-3_1x,390,453,449,0.47238469024492025,0.5865099430084229,0.07581950449863173,0.47238469024492025,0.13613204658031464,0.4279594123363495,2.699198864376485,2.0,,15.0,8.341204904019833
01_1-3_1x_390_587,1-3_1x,390,587,582,0.35730920515831566,0.8397146463394165,0.0010109888009711648,0.35730920515831566,0.3711910843849182,0.39157262444496155,0.8737690404252774,3.0,,17.0,4.631891697645187
01_1-3_1x_390_663,1-3_1x,390,663,667,0.09243531703013821,0.7698314785957336,0.008431299895151371,0.09243531703013821,0.15794587135314941,0.1052083671092987,0.15829778605501596,0.0,2.0,6.0,-0.5939330458641052
01_1-3_1x_390_772,1-3_1x,390,772,767,0.43639871787499074,0.7431155443191528,0.06707068022730171,0.43639871787499074,0.3774190843105316,0.44980885088443756,1.533578540663467,3.0,,15.0,7.010967560112476
01_1-3_1x_390_850,1-3_1x,390,850,846,0.22002950854357894,0.8225880265235901,0.00874011876621291,0.22002950854357894,0.1679782271385193,0.09526655077934265,0.13098272766091376,1.0,1.0,4.0,1.0474412143230438
01_1-3_1x_394_64,1-3_1x,394,64,62,0.300783459087294,0.7371429204940796,0.013602458853728924,0.300783459087294,0.2973620891571045,0.28395454585552216,0.6265706751237639,1.0,29.0,9.0,3.751267209649086
01_1-3_1x_394_100,1-3_1x,394,100,101,0.1758777341410283,0.789315938949585,0.017076817547202396,0.1758777341410283,0.8411403000354767,0.09356808662414551,0.13448562767589914,0.0,1.0,3.0,-0.25679969787597656
01_1-3_1x_394_192,1-3_1x,394,192,188,0.0896042497654018,0.6904205083847046,0.01831778622341095,0.0896042497654018,0.4961903393268585,0.204056054353714,0.4195537989310209,0.0,1.0,5.0,-0.7549087554216385
01_1-3_1x_394_235,1-3_1x,394,235,231,0.25168414833418196,0.7492882609367371,0.04079071634530809,0.25168414833418196,0.5649191737174988,0.37663429975509644,1.010681058000389,1.0,19.0,9.0,3.2023857831954956
01_1-3_1x_394_300,1-3_1x,394,300,304,0.11834537667929138,0.5669320821762085,0.015037513348810674,0.11834537667929138,0.38860324025154114,0.1550281047821045,0.3763695261281145,0.0,1.0,8.0,0.008111178874969482
01_1-3_1x_394_348,1-3_1x,394,348,351,0.12770196647676713,0.4976997673511505,0.006204198746030339,0.12770196647676713,0.37035104632377625,0.15254057943820953,0.44194268841739376,1.0,1.0,7.0,0.9405425041913986
01_1-3_1x_394_405,1-3_1x,394,405,401,0.07991494183165018,0.5401777625083923,0.005938332877419571,0.07991494183165018,0.7814097963273525,0.16180089116096497,0.4276183440726181,1.0,1.0,4.0,-1.3021411132067442
01_1-3_1x_394_526,1-3_1x,394,526,521,0.16540309271504272,0.5766545534133911,0.05866618788602581,0.16540309271504272,0.4634658843278885,0.32124823331832886,1.2577928110735874,3.0,6.0,7.0,1.6282240524888039
01_1-3_1x_394_671,1-3_1x,394,671,666,0.3797341011420145,0.5744026899337769,0.2812980911965088,0.3797341011420145,0.4846763014793396,0.2670269012451172,0.868731081209484,4.0,,8.0,4.3717068657279015
01_1-3_1x_394_783,1-3_1x,394,783,778,0.11069547957498099,0.6534202098846436,0.03490575032696076,0.11069547957498099,0.7270204722881317,0.1489463448524475,0.2952508646665801,0.0,2.0,3.0,-0.934969499707222
01_1-3_1x_394_842,1-3_1x,394,842,838,0.13462129422582994,0.47966811060905457,0.040096345438984576,0.13462129422582994,0.3545142710208893,0.13124129176139832,0.3766681686428431,0.0,3.0,6.0,0.648168295621872
01_1-3_1x_401_58,1-3_1x,401,58,54,0.17333086427350333,0.9081606864929199,0.00490119100943915,0.17333086427350333,0.32077038288116455,0.29924842715263367,0.4914475321565185,0.0,2.0,6.0,2.495558023452759
01_1-3_1x_401_92,1-3_1x,401,92,87,0.13809003083835064,0.9855318665504456,0.018742056449575363,0.13809003083835064,0.19720113277435303,0.35097700357437134,0.5531074207331461,0.0,1.0,3.0,0.30179327726364136
01_1-3_1x_401_131,1-3_1x,401,131,126,0.09135311634455387,0.6254624724388123,0.010026908869753926,0.09135311634455387,0.2514062821865082,0.08447223901748657,0.15614374123404776,0.0,1.0,1.0,-1.0855001211166382
01_1-3_1x_401_152,1-3_1x,401,152,155,0.10228366416640451,0.6223246455192566,0.0002881414611393612,0.10228366416640451,0.7691769003868103,0.10806217789649963,0.2101303997470993,1.0,1.0,4.0,-1.6969953030347824
01_1-3_1x_401_214,1-3_1x,401,214,210,0.10427411259443722,0.4401475787162781,0.011691777709554886,0.10427411259443722,0.23157161474227905,0.09516768157482147,0.2758644267778845,0.0,3.0,3.0,0.3951662927865982
01_1-3_1x_401_281,1-3_1x,401,281,286,0.15519938651377474,0.4253194332122803,0.03224172755864588,0.15519938651377474,0.28955182433128357,0.15629048645496368,0.5809430112959143,0.0,1.0,4.0,-0.5560870207846165
01_1-3_1x_401_321,1-3_1x,401,321,316,0.34468700058213086,0.7193179726600647,0.07580094378028969,0.34468700058213086,0.5051318407058716,0.35158343613147736,0.9560794573455724,4.0,,15.0,5.353709824383259
01_1-3_1x_401_362,1-3_1x,401,362,361,0.11314947649763843,0.7893884778022766,0.0004156542888194464,0.11314947649763843,0.3578013777732849,0.11192256212234497,0.16520766511185297,0.0,1.0,3.0,-0.10927894711494446
01_1-3_1x_401_398,1-3_1x,401,398,399,0.1490677120802698,0.7111909985542297,0.01399126531766857,0.1490677120802698,0.540656179189682,0.12452203035354614,0.21225262814812887,0.0,2.0,3.0,0.266162633895874
01_1-3_1x_401_418,1-3_1x,401,418,419,0.12496735068090871,0.6868504285812378,0.002745399364009271,0.12496735068090871,0.5411672592163086,0.09908461570739746,0.1685783921710759,0.0,1.0,2.0,0.24940961599349976
01_1-3_1x_401_468,1-3_1x,401,468,464,0.08492400695829963,0.5105102062225342,0.008806979084020079,0.08492400695829963,0.1413823366165161,0.07586859166622162,0.17455436646044398,1.0,1.0,4.0,-0.23797057569026947
01_1-3_1x_401_516,1-3_1x,401,516,515,0.10326542009584555,0.4909580647945404,0.034528166613088176,0.10326542009584555,0.5540234744548798,0.132269024848938,0.3687568063663096,0.0,1.0,4.0,-0.36411645263433456
01_1-3_1x_401_549,1-3_1x,401,549,544,0.3789255664224388,0.6143149137496948,0.11677133540717295,0.3789255664224388,0.2833314538002014,0.26075346767902374,0.7375053772885165,4.0,9.0,8.0,5.043108716607094
01_1-3_1x_401_572,1-3_1x,401,572,567,0.15791970983623216,0.8507132530212402,0.014620482909689848,0.15791970983623216,0.3765677213668823,0.218623548746109,0.34587424422111485,0.0,5.0,6.0,0.5178945660591125
01_1-3_1x_401_666,1-3_1x,401,666,663,0.15690086884149743,0.6300668120384216,0.0030522616765652523,0.15690086884149743,0.32951828837394714,0.17510515451431274,0.38487892686876307,1.0,1.0,1.0,0.12802191078662872
01_1-3_1x_401_706,1-3_1x,401,706,703,0.14332912595172972,0.5171486139297485,0.00518331790361623,0.14332912595172972,0.24304737150669098,0.1754237413406372,0.5133478871804746,0.0,2.0,5.0,0.40603893250226974
01_1-3_1x_401_751,1-3_1x,401,751,746,0.28165024334720223,0.7284011840820312,0.023500008409218034,0.28165024334720223,0.23908519744873047,0.3371501863002777,0.8617235181808938,2.0,,13.0,5.449103087186813
01_1-3_1x_406_134,1-3_1x,406,134,129,0.07308369662415282,0.40387237071990967,0.008069623634786955,0.07308369662415282,0.24362695217132568,0.08930936455726624,0.28391566334119156,3.0,1.0,4.0,-0.11455516517162323
01_1-3_1x_406_322,1-3_1x,406,322,317,0.4774426371426877,0.6401762366294861,0.1864591984908094,0.4774426371426877,0.17071953415870667,0.46036823093891144,2.5603322230887935,3.0,,15.0,8.307294325903058
01_1-3_1x_406_603,1-3_1x,406,603,608,0.07383489884686378,0.3448891341686249,0.010066936344633428,0.07383489884686378,0.18439732491970062,0.09898507595062256,0.4025353492249767,1.0,1.0,1.0,-0.002084478735923767
01_1-3_1x_409_64,1-3_1x,409,64,59,0.21139769795818375,0.8460046052932739,0.004822142382743864,0.21139769795818375,0.40184324979782104,0.3692367523908615,0.7744581564026697,0.0,3.0,8.0,2.7976377606391907
01_1-3_1x_409_133,1-3_1x,409,133,132,0.11532338592702293,0.6833750605583191,0.024919057854722194,0.11532338592702293,0.5297175645828247,0.19115890562534332,0.38836373757657977,0.0,1.0,4.0,-0.5634245127439499
01_1-3_1x_409_209,1-3_1x,409,209,207,0.2928933133652348,0.6125679016113281,0.0365515328436881,0.2928933133652348,0.49470973014831543,0.19798479974269867,0.4775515423815679,0.0,42.0,5.0,3.5035345405340195
01_1-3_1x_409_336,1-3_1x,409,336,333,0.12470178681352259,0.6204037666320801,0.00392132778538041,0.12470178681352259,0.24762603640556335,0.16095633804798126,0.3503259089815959,0.0,2.0,2.0,-0.6373665034770966
01_1-3_1x_409_391,1-3_1x,409,391,387,0.32235247544915996,0.7949774265289307,0.07786415175555784,0.32235247544915996,0.5631621330976486,0.43023769557476044,1.1795745268804294,1.0,13.0,10.0,4.60116308927536
01_1-3_1x_409_443,1-3_1x,409,443,438,0.153162026355049,0.659001350402832,0.09895667735974006,0.153162026355049,0.45787903666496277,0.10437649488449097,0.18819296294779797,0.0,1.0,5.0,-0.5748100876808167
01_1-3_1x_409_515,1-3_1x,409,515,510,0.2517395641756044,0.7264146208763123,0.014804494667241692,0.2517395641756044,0.682190403342247,0.25970035791397095,0.5564440140860359,1.0,6.0,9.0,2.4008923694491386
01_1-3_1x_409_535,1-3_1x,409,535,538,0.2056276780660205,0.8645723462104797,0.05305826742998028,0.2056276780660205,0.7618308663368225,0.3124240040779114,0.5658334549574718,0.0,5.0,8.0,2.1059183180332184
01_1-3_1x_409_612,1-3_1x,409,612,607,0.10239360361843776,0.7173779606819153,0.0029003454442833535,0.10239360361843776,0.8226502537727356,0.16870218515396118,0.30747153907356367,1.0,2.0,4.0,0.03955601155757904
01_1-3_1x_409_644,1-3_1x,409,644,640,0.1093745940143967,0.831050455570221,0.020348615158649476,0.1093745940143967,0.48608162999153137,0.3229881376028061,0.6357254340274087,0.0,1.0,4.0,-0.25486335158348083
01_1-3_1x_409_703,1-3_1x,409,703,698,0.24966709090185518,0.537463366985321,0.003757945774350971,0.24966709090185518,0.36895889043807983,0.1762772649526596,0.48805107383871366,2.0,13.0,4.0,2.652768552303314
01_1-3_1x_409_725,1-3_1x,409,725,729,0.19571803817568162,0.7682011723518372,0.033175322588369756,0.19571803817568162,0.45153388381004333,0.2640685737133026,0.5238077728487481,0.0,1.0,2.0,0.8131445348262787
01_1-3_1x_409_772,1-3_1x,409,772,777,0.10735619181714978,0.6498590111732483,0.005433386439129695,0.10735619181714978,0.2571139633655548,0.1803727000951767,0.3841916065262705,1.0,1.0,6.0,0.01839578151702881
01_1-3_1x_468_138,1-3_1x,468,138,134,0.2515228011530279,0.6248156428337097,0.08348586362256326,0.2515228011530279,0.30069977045059204,0.1641208529472351,0.35624638383185997,3.0,10.0,4.0,2.6419026106595993
01_1-3_1x_468_233,1-3_1x,468,233,238,0.1897824416627814,0.6560774445533752,0.0051982714623231485,0.1897824416627814,0.5770597159862518,0.08335220813751221,0.14553611895842689,0.0,1.0,5.0,-0.8367963135242462
01_1-3_1x_468_274,1-3_1x,468,274,272,0.15616568884903825,0.7576426267623901,0.10958090172165928,0.15616568884903825,0.29067206382751465,0.1940615177154541,0.3443364488274434,0.0,2.0,3.0,0.47966960072517395
01_1-3_1x_468_323,1-3_1x,468,323,320,0.1747644131131027,0.5793717503547668,0.01701883139696215,0.1747644131131027,0.36913979053497314,0.12583552300930023,0.27745418209656947,0.0,2.0,8.0,0.860733762383461
01_1-3_1x_468_351,1-3_1x,468,351,346,0.15977190738053923,0.6202064752578735,0.00406859393626887,0.15977190738053923,0.3287244141101837,0.11640065908432007,0.23104270603382993,1.0,4.0,2.0,1.066531553864479
01_1-3_1x_468_376,1-3_1x,468,376,378,0.29602702373864076,0.6910446882247925,0.08140034277958885,0.29602702373864076,0.7413383275270462,0.16917282342910767,0.3241654414447876,0.0,4.0,8.0,1.9538639932870865
01_1-3_1x_468_469,1-3_1x,468,469,464,0.10683172977115743,0.7239038348197937,0.04564562963767378,0.10683172977115743,0.33954542875289917,0.14215993881225586,0.2443685955072124,0.0,3.0,4.0,-0.8943611979484558
01_1-3_1x_468_565,1-3_1x,468,565,561,0.26833842186941753,0.46370363235473633,0.39864852637498205,0.26833842186941753,0.3532686308026314,0.1889033019542694,0.6874202140840965,4.0,,8.0,3.1105505749583244
01_1-3_1x_468_675,1-3_1x,468,675,670,0.1967984017380201,0.6291612982749939,0.10596759305001671,0.1967984017380201,0.40849581360816956,0.3748546838760376,1.4740264808368904,0.0,6.0,6.0,2.30725921690464
01_1-3_1x_468_782,1-3_1x,468,782,778,0.2940039325786553,0.5116414427757263,0.350004717110268,0.2940039325786553,0.40478016436100006,0.31901732832193375,1.6561650612984953,0.0,,12.0,4.603029675781727
01_1-3_1x_471_232,1-3_1x,471,232,227,0.1336911355348463,0.35222217440605164,0.009679827297810679,0.1336911355348463,0.1986185610294342,0.08221782743930817,0.30450556949527546,1.0,25.0,5.0,0.8289866745471954
01_1-3_1x_471_362,1-3_1x,471,362,357,0.3023813484403774,0.49873045086860657,0.4072480464598083,0.3023813484403774,0.2560761570930481,0.2910798415541649,1.401776968125279,5.0,,13.0,5.667060444131494
01_1-3_1x_471_389,1-3_1x,471,389,386,0.23675099504966446,0.7054715752601624,0.05795699606962716,0.23675099504966446,0.21373099088668823,0.1787930428981781,0.3394728129440717,1.0,2.0,13.0,2.778616487979889
01_1-3_1x_471_427,1-3_1x,471,427,427,0.15285256946767733,0.7455717325210571,0.006100731087865356,0.15285256946767733,0.3089871406555176,0.05670523643493652,0.08231672865078252,0.0,1.0,8.0,0.052198320627212524
01_1-3_1x_471_453,1-3_1x,471,453,458,0.21377039569567366,0.7430016398429871,0.02709253385383286,0.21377039569567366,0.4572318196296692,0.04281586408615112,0.061149291471782816,0.0,1.0,7.0,0.319911926984787
01_1-3_1x_471_514,1-3_1x,471,514,510,0.21883604047050242,0.8460944294929504,0.04223771925514719,0.21883604047050242,0.3221285343170166,0.1586182415485382,0.23072543359329228,0.0,2.0,7.0,0.8200297653675079
01_1-3_1x_471_590,1-3_1x,471,590,585,0.2257634077724573,0.8308349847793579,0.004962732529301449,0.2257634077724573,0.2190038561820984,0.1353684365749359,0.19464406580652155,2.0,1.0,6.0,0.9876522719860077
01_1-3_1x_471_645,1-3_1x,471,645,644,0.14615273531400202,0.8649459481239319,0.002219387197177575,0.14615273531400202,0.2594606280326843,0.13434305787086487,0.18387972407874129,1.0,1.0,6.0,0.977682888507843
01_1-3_1x_471_766,1-3_1x,471,766,764,0.20737299431868472,0.5924130082130432,0.008926190919149982,0.20737299431868472,0.3180268704891205,0.1222129762172699,0.25991698830502946,0.0,1.0,4.0,1.1391703337430954
01_1-3_1x_471_797,1-3_1x,471,797,794,0.14322085127804532,0.6487471461296082,0.0412983213598185,0.14322085127804532,0.2770003378391266,0.08492162823677063,0.1506168584815828,0.0,1.0,3.0,0.15474992990493774
01_1-3_1x_471_858,1-3_1x,471,858,853,0.20539348089014087,0.655331552028656,0.0008461728524278659,0.20539348089014087,0.22094875574111938,0.1236376166343689,0.2325353147815824,0.0,5.0,7.0,1.8143043518066406
01_1-3_1x_487_77,1-3_1x,487,77,72,0.27055830585408686,0.5973864793777466,0.0073143391822215915,0.27055830585408686,0.2634333074092865,0.22268179059028625,0.59428610650932,0.0,12.0,10.0,3.635539837181568
01_1-3_1x_487_127,1-3_1x,487,127,124,0.12623251210701847,0.7135915160179138,0.004104690071167503,0.12623251210701847,0.4015616774559021,0.23545217514038086,0.4924342236893823,0.0,1.0,3.0,0.27015309035778046
01_1-3_1x_487_151,1-3_1x,487,151,147,0.23672066447753393,0.6366204023361206,0.05112028693873523,0.23672066447753393,0.27488359808921814,0.16786456108093262,0.3581066011496337,1.0,1.0,5.0,1.7756679356098175
01_1-3_1x_487_173,1-3_1x,487,173,172,0.16512926902661465,0.7126586437225342,0.019801999067831956,0.16512926902661465,0.36170488595962524,0.18770426511764526,0.35756300503004734,0.0,1.0,7.0,1.49314683675766
01_1-3_1x_487_208,1-3_1x,487,208,209,0.10356985494590562,0.666980504989624,0.0006248967431170116,0.10356985494590562,0.4042966365814209,0.11139604449272156,0.2005024481661913,0.0,1.0,7.0,-1.8571377098560333
01_1-3_1x_487_301,1-3_1x,487,301,296,0.15462914784921578,0.5525233149528503,0.004316865634172268,0.15462914784921578,0.5038359016180038,0.2519151270389557,0.8380181816974112,1.0,2.0,6.0,0.7873144261538982
01_1-3_1x_487_324,1-3_1x,487,324,327,0.11703953589695643,0.5065042972564697,0.020184006135868984,0.11703953589695643,0.491715669631958,0.18408504128456116,0.5709492776095232,0.0,1.0,8.0,1.89930684491992
01_1-3_1x_487_389,1-3_1x,487,389,386,0.12178257275357635,0.4568262994289398,0.002468220354141272,0.12178257275357635,0.49683839082717896,0.12364841997623444,0.37111833528488,1.0,2.0,2.0,-0.5698254697490484
01_1-3_1x_487_414,1-3_1x,487,414,412,0.32486724382627874,0.6204411387443542,0.04248085304333081,0.32486724382627874,0.618400402367115,0.31102944910526276,1.0052285014443323,1.0,1.0,14.0,3.420672081410885
01_1-3_1x_487_448,1-3_1x,487,448,445,0.16717645479986237,0.7146012187004089,0.07557964004726792,0.16717645479986237,0.1795564889907837,0.158960223197937,0.2860844042909174,0.0,2.0,7.0,0.3641922175884247
01_1-3_1x_487_502,1-3_1x,487,502,501,0.19368903556248562,0.7429198622703552,0.08273529993020681,0.19368903556248562,0.6846726536750793,0.280893012881279,0.6079582025431965,0.0,3.0,5.0,0.3118741288781166
01_1-3_1x_487_523,1-3_1x,487,523,520,0.23131837237197123,0.74976646900177,0.005835769238188947,0.23131837237197123,0.1366548240184784,0.2712911069393158,0.566990755323165,0.0,1.0,7.0,2.522974520921707
01_1-3_1x_487_579,1-3_1x,487,579,574,0.09597682152046494,0.6766105890274048,0.005458134295287953,0.09597682152046494,0.6128687560558319,0.1717694103717804,0.340244452382424,0.0,2.0,4.0,-0.8558943271636963
01_1-3_1x_487_622,1-3_1x,487,622,620,0.21495685515905438,0.6758685111999512,0.02353559335284272,0.21495685515905438,0.523819774389267,0.25319424271583557,0.5990292326615827,0.0,1.0,7.0,0.555522546172142
01_1-3_1x_487_657,1-3_1x,487,657,652,0.178166298816973,0.7558448314666748,0.0039893310705303294,0.178166298816973,0.4655504822731018,0.29931800067424774,0.6556416413788858,0.0,4.0,6.0,0.9861685484647751
01_1-3_1x_487_683,1-3_1x,487,683,688,0.2357583196428421,0.6783893704414368,0.027165694800926007,0.2357583196428421,0.35258230566978455,0.19769930839538574,0.41128228770505715,0.0,1.0,4.0,0.3735302984714508
01_1-3_1x_487_778,1-3_1x,487,778,783,0.12126384045390562,0.7519542574882507,0.07591302437280774,0.12126384045390562,0.4040290415287018,0.28876930475234985,0.6234427587655261,0.0,1.0,3.0,-0.9915319830179214
01_1-3_1x_487_816,1-3_1x,487,816,811,0.2714573769075249,0.6155099272727966,0.10120665358187976,0.2714573769075249,0.4749068021774292,0.16843311488628387,0.37674312382067326,2.0,14.0,8.0,1.4200950860977173
01_1-3_1x_497_109,1-3_1x,497,109,106,0.17462897787773496,0.807472825050354,0.005079796679043338,0.17462897787773496,0.3596761226654053,0.26147744059562683,0.478900459674688,0.0,1.0,5.0,1.42475163936615
01_1-3_1x_497_141,1-3_1x,497,141,140,0.1494988091206002,0.8080775141716003,0.004683135646806995,0.1494988091206002,0.4558429718017578,0.19723966717720032,0.3229002069005861,1.0,1.0,8.0,0.5988072454929352
01_1-3_1x_497_199,1-3_1x,497,199,203,0.10296870192603866,0.7001545429229736,0.009411138005204652,0.10296870192603866,0.5006057024002075,0.09754621982574463,0.16187333643914148,0.0,1.0,3.0,-1.006257712841034
01_1-3_1x_497_234,1-3_1x,497,234,238,0.12315295917645772,0.6215248703956604,0.022792513668615916,0.12315295917645772,0.7561039328575134,0.08453461527824402,0.15742299692153627,0.0,1.0,2.0,-1.3108754009008408
01_1-3_1x_497_409,1-3_1x,497,409,404,0.25540280370285223,0.7590846419334412,0.01204940559172085,0.25540280370285223,0.31109657883644104,0.5208693146705627,2.1865482824107554,4.0,47.0,4.0,3.4258317202329636
01_1-3_1x_497_459,1-3_1x,497,459,461,0.09118270337270348,0.60908442735672,0.008800892385768684,0.09118270337270348,0.3453541100025177,0.15321388840675354,0.33609078744079435,0.0,1.0,3.0,-0.6414176970720291
01_1-3_1x_497_504,1-3_1x,497,504,500,0.17073948431115,0.509124219417572,0.007766003381436753,0.17073948431115,0.33600053191185,0.14014950394630432,0.37983498074468425,1.0,2.0,2.0,0.34323345124721527
01_1-3_1x_497_523,1-3_1x,497,523,522,0.22037517831236386,0.5480066537857056,0.002052906558863954,0.22037517831236386,0.24724456667900085,0.1605106145143509,0.41422517457513663,1.0,2.0,5.0,2.369661033153534
01_1-3_1x_497_603,1-3_1x,497,603,599,0.24393276917565304,0.6334877014160156,0.0778564192336273,0.24393276917565304,0.5034748613834381,0.18317264318466187,0.40676552968067775,0.0,5.0,8.0,1.5707182884216309
01_1-3_1x_497_707,1-3_1x,497,707,703,0.11137568432794884,0.4799627959728241,0.03519239114783116,0.11137568432794884,0.38456106185913086,0.1328531950712204,0.38274134373160346,1.0,1.0,5.0,-0.5971377827227116
01_1-3_1x_497_781,1-3_1x,497,781,776,0.29618740684867284,0.604313850402832,0.015083312365345226,0.29618740684867284,0.5472392700612545,0.3438272476196289,1.3199421542066339,0.0,9.0,10.0,3.22504348680377
01_1-3_1x_508_51,1-3_1x,508,51,47,0.0996355220517057,0.809995174407959,0.005428514901568134,0.0996355220517057,0.6600279808044434,0.44046609103679657,1.1919659665715232,0.0,1.0,1.0,-0.8129898756742477
01_1-3_1x_508_126,1-3_1x,508,126,121,0.3009582624708378,0.7524734735488892,0.055796844329431376,0.3009582624708378,0.28887543082237244,0.4667786508798599,1.633836576102788,2.0,39.0,13.0,4.823899179697037
01_1-3_1x_508_177,1-3_1x,508,177,173,0.34907273248831616,0.841625452041626,0.02311508320115437,0.34907273248831616,0.30626988410949707,0.34713660180568695,0.70201097889276,1.0,8.0,8.0,3.4916772097349167
01_1-3_1x_508_280,1-3_1x,508,280,276,0.31808934534421757,0.7816534042358398,0.0017070212970223657,0.31808934534421757,0.5273911207914352,0.35679832100868225,0.8398118207706899,1.0,25.0,11.0,3.1924631893634796
01_1-3_1x_508_317,1-3_1x,508,317,313,0.11654101822564737,0.603308379650116,0.015744777529255398,0.11654101822564737,0.41114285588264465,0.03221869468688965,0.05641617338783536,1.0,3.0,3.0,-1.818963184952736
01_1-3_1x_508_416,1-3_1x,508,416,412,0.24288975009943636,0.7082390785217285,0.008596115806098988,0.24288975009943636,0.408409059047699,0.3951258808374405,1.2619266251301418,2.0,15.0,7.0,3.146695986390114
01_1-3_1x_508_466,1-3_1x,508,466,463,0.23860989691390733,0.7640479207038879,0.00408451132331139,0.23860989691390733,0.16958191990852356,0.35613738000392914,0.8730771688145422,1.0,14.0,5.0,1.5533384531736374
01_1-3_1x_508_490,1-3_1x,508,490,494,0.2810773138508147,0.8013034462928772,0.022536500971581625,0.2810773138508147,0.4567047357559204,0.2916838824748993,0.572356132267875,1.0,1.0,10.0,2.737300843000412
01_1-3_1x_508_563,1-3_1x,508,563,561,0.12219911069492502,0.6017119884490967,0.021307042898846926,0.12219911069492502,0.4234848618507385,0.09373068809509277,0.1845160206286597,0.0,2.0,9.0,0.23771190643310547
01_1-3_1x_508_626,1-3_1x,508,626,623,0.25577953071344106,0.7672837972640991,0.007281339669780885,0.25577953071344106,0.3442939221858978,0.3209587335586548,0.7191142950700926,2.0,1.0,7.0,2.8890922218561172
01_1-3_1x_508_700,1-3_1x,508,700,695,0.2371673082127309,0.671623170375824,0.011582113992766393,0.2371673082127309,0.5491363704204559,0.16059589385986328,0.3142609039477513,1.0,6.0,6.0,1.3105659633874893
01_1-3_1x_508_777,1-3_1x,508,777,772,0.3074315994333556,0.733924925327301,0.03100349644343242,0.3074315994333556,0.2674922049045563,0.23050135374069214,0.45786762231699896,0.0,31.0,7.0,3.5611947178840637
01_1-3_1x_542_99,1-3_1x,542,99,97,0.16823696374062663,0.8403254747390747,0.0069275070252007645,0.16823696374062663,0.7378844916820526,0.32242444157600403,0.6225599505117858,0.0,1.0,8.0,0.8612287938594818
01_1-3_1x_542_124,1-3_1x,542,124,127,0.1930055863778562,0.7194942235946655,0.03913006343167118,0.1930055863778562,0.5332175493240356,0.16922923922538757,0.30754135558772777,0.0,2.0,4.0,0.22182385623455048
01_1-3_1x_542_210,1-3_1x,542,210,213,0.07097577044166963,0.47633957862854004,0.033177854999332825,0.07097577044166963,0.5072042047977448,0.08994278311729431,0.23277310827148567,0.0,1.0,4.0,-1.088529922068119
01_1-3_1x_542_250,1-3_1x,542,250,245,0.3471040194925926,0.7285882830619812,0.23369258189293557,0.3471040194925926,0.37149384431540966,0.4395948648452759,1.5211241403277918,1.0,,9.0,4.173877262510359
01_1-3_1x_542_269,1-3_1x,542,269,274,0.18748257202952623,0.869408369064331,0.007327001041443332,0.18748257202952623,0.3916209936141968,0.3819059282541275,0.7833928536222707,0.0,3.0,6.0,3.074415937066078
01_1-3_1x_542_322,1-3_1x,542,322,317,0.21803766724259765,0.7604553699493408,0.017158243391304628,0.21803766724259765,0.5724424719810486,0.23645421862602234,0.45124751735540686,0.0,4.0,6.0,0.5386441051959991
01_1-3_1x_542_359,1-3_1x,542,359,363,0.1682608254067428,0.8025431632995605,0.005420340614653053,0.1682608254067428,0.45385560393333435,0.273863285779953,0.5180134471257534,0.0,1.0,4.0,0.24592375755310059
01_1-3_1x_542_398,1-3_1x,542,398,393,0.19230750777472733,0.7522554993629456,0.00455403532933954,0.19230750777472733,0.3592478036880493,0.20233583450317383,0.3679370777816593,1.0,4.0,4.0,2.1619646847248077
01_1-3_1x_542_436,1-3_1x,542,436,431,0.16792179678291277,0.7825251221656799,0.04319937836629965,0.16792179678291277,0.5965928435325623,0.2147458791732788,0.37822072896059156,0.0,1.0,3.0,-0.5395904928445816
01_1-3_1x_542_454,1-3_1x,542,454,453,0.12262735757793397,0.7131750583648682,0.015373854564292315,0.12262735757793397,0.38463717699050903,0.14998888969421387,0.2663220406286751,1.0,1.0,3.0,-0.416655033826828
01_1-3_1x_542_507,1-3_1x,542,507,505,0.16164741875986033,0.7484192252159119,0.005354032733674266,0.16164741875986033,0.37592369318008423,0.3264418840408325,0.7736005045479232,0.0,8.0,5.0,2.0523101091384888
01_1-3_1x_542_539,1-3_1x,542,539,535,0.14198521096117406,0.7404142022132874,0.024884461256330526,0.14198521096117406,0.6758910119533539,0.2270515263080597,0.44228288686491085,1.0,1.0,7.0,0.03938239812850952
01_1-3_1x_542_564,1-3_1x,542,564,563,0.26719759595734305,0.6972196698188782,0.005574741723962624,0.26719759595734305,0.2672083377838135,0.23030324280261993,0.4932429648584642,0.0,8.0,8.0,2.3144471794366837
01_1-3_1x_542_592,1-3_1x,542,592,587,0.25520658763124393,0.7898019552230835,0.0011424924281007618,0.25520658763124393,0.5701555609703064,0.1814011037349701,0.29816050271999694,2.0,2.0,5.0,0.36825205385684967
01_1-3_1x_542_632,1-3_1x,542,632,627,0.14005940985559084,0.8704246282577515,0.002623871485112579,0.14005940985559084,0.5351188480854034,0.2347409427165985,0.3692731905126136,2.0,2.0,6.0,1.1918964982032776
01_1-3_1x_542_657,1-3_1x,542,657,655,0.1863679648275139,0.7936961650848389,0.02249674058129991,0.1863679648275139,0.504713773727417,0.14308622479438782,0.21992628137607304,0.0,3.0,5.0,-0.15216964483261108
01_1-3_1x_542_683,1-3_1x,542,683,686,0.17262570670077904,0.9631949663162231,0.00030820991600437754,0.17262570670077904,0.748233437538147,0.2704095244407654,0.390322180715479,0.0,1.0,4.0,0.46968379616737366
01_1-3_1x_542_741,1-3_1x,542,741,746,0.11314189281700343,0.7955479025840759,0.0061292538603770165,0.11314189281700343,0.26127737760543823,0.20539307594299316,0.3480325275182542,0.0,1.0,2.0,-1.88782499730587
01_1-3_1x_542_801,1-3_1x,542,801,797,0.2625473573792987,0.6698857545852661,0.02880709864929925,0.2625473573792987,0.4850471615791321,0.24773229658603668,0.5868299593236753,2.0,2.0,7.0,1.563504695892334
01_1-3_1x_542_819,1-3_1x,542,819,814,0.2540002373465593,0.7691234350204468,0.0012196483213646146,0.2540002373465593,0.5635262429714203,0.2628968507051468,0.5193264416579971,2.0,2.0,13.0,3.5774497240781784
01_1-3_1x_552_121,1-3_1x,552,121,118,0.1781641050328056,0.47833383083343506,0.032293257958078574,0.1781641050328056,0.3141080439090729,0.20130936801433563,0.7266844449971671,0.0,2.0,10.0,2.403461493551731
01_1-3_1x_552_180,1-3_1x,552,180,176,0.19212456709279954,0.7945729494094849,0.027560020696971797,0.19212456709279954,0.5066769868135452,0.32860082387924194,0.7051941647911186,0.0,1.0,4.0,1.202542021870613
01_1-3_1x_552_269,1-3_1x,552,269,265,0.14591352437043537,0.8837479948997498,0.01059329001222445,0.14591352437043537,0.371486634016037,0.5763361603021622,1.8748014729381046,0.0,2.0,3.0,2.170371189247817
01_1-3_1x_552_319,1-3_1x,552,319,323,0.14428068128756,0.6792940497398376,0.0017938178573228653,0.14428068128756,0.5084096491336823,0.2334219515323639,0.5235177362987798,1.0,1.0,5.0,0.3541073203086853
01_1-3_1x_552_381,1-3_1x,552,381,376,0.17884299152539318,0.660513162612915,0.03702289111977997,0.17884299152539318,0.6980083882808685,0.19072434306144714,0.40597888907518426,0.0,3.0,8.0,1.195853129029274
01_1-3_1x_552_399,1-3_1x,552,399,402,0.179745116984303,0.9047363996505737,0.04737886139345306,0.179745116984303,0.7190478146076202,0.39754718542099,0.7838242105066467,1.0,2.0,10.0,2.5931551307439804
01_1-3_1x_552_495,1-3_1x,552,495,491,0.23774596635130518,0.7500077486038208,0.210727441755816,0.23774596635130518,0.4468178153038025,0.22240370512008667,0.42153525521064983,2.0,9.0,7.0,1.9000694751739502
01_1-3_1x_552_620,1-3_1x,552,620,617,0.24578747671668177,0.8427903652191162,0.10068038403853928,0.24578747671668177,0.4618094861507416,0.5461793094873428,1.8413990272205332,0.0,3.0,9.0,3.694083869457245
01_1-3_1x_552_663,1-3_1x,552,663,659,0.08265901316772445,0.5806766152381897,0.001672141871003341,0.08265901316772445,0.5289193987846375,0.21218451857566833,0.5758183703190648,0.0,3.0,7.0,0.6579492166638374
01_1-3_1x_552_696,1-3_1x,552,696,692,0.2424931502357941,0.6696140766143799,0.0013511133423322148,0.2424931502357941,0.3564582020044327,0.3485693782567978,1.0857347280301712,2.0,12.0,11.0,3.202888175845146
01_1-3_1x_552_735,1-3_1x,552,735,732,0.13261224485520237,0.6224963068962097,0.01028163950522275,0.13261224485520237,0.7877321690320969,0.22095714509487152,0.5502754553345166,0.0,1.0,5.0,0.3872828558087349
01_1-3_1x_552_779,1-3_1x,552,779,775,0.2412916122856151,0.7225919961929321,0.09850989325445919,0.2412916122856151,0.3837031126022339,0.32576537132263184,0.8209261952347722,1.0,18.0,6.0,2.5449120104312897
01_1-3_1x_552_855,1-3_1x,552,855,851,0.2253275278375067,0.8367695212364197,0.0896781372245762,0.2253275278375067,0.9983015954494476,0.4536034017801285,1.183829620488855,2.0,11.0,5.0,3.6257492899894714
01_1-3_1x_562_59,1-3_1x,562,59,55,0.18493611484153916,0.971519410610199,0.048012942194078416,0.18493611484153916,0.6099379658699036,0.336821585893631,0.5306802273098111,0.0,3.0,6.0,1.4066565334796906
01_1-3_1x_562_92,1-3_1x,562,92,88,0.1334217078234302,0.7357482314109802,0.0030846836836982824,0.1334217078234302,0.2999570667743683,0.0857846736907959,0.13198382074172693,0.0,1.0,1.0,-1.1442369520664215
01_1-3_1x_562_120,1-3_1x,562,120,120,0.10039512168979339,0.7538030743598938,0.015128867714110256,0.10039512168979339,0.3225598633289337,0.146604984998703,0.24144506968547996,0.0,1.0,1.0,-1.164660468697548
01_1-3_1x_562_155,1-3_1x,562,155,160,0.11207342047729082,0.709465742111206,0.0010762806264031533,0.11207342047729082,0.33515214920043945,0.1908361315727234,0.3679622753791132,0.0,1.0,4.0,-1.1626724749803543
01_1-3_1x_562_246,1-3_1x,562,246,247,0.14270940950154903,0.5472621917724609,0.017498598981590785,0.14270940950154903,0.35032522678375244,0.15786635875701904,0.40541358014675694,0.0,1.0,6.0,-0.6801444590091705
01_1-3_1x_562_306,1-3_1x,562,306,301,0.10555830173293787,0.5770458579063416,0.0012261062783572097,0.10555830173293787,0.5164439082145691,0.18299603462219238,0.464398215172486,0.0,5.0,4.0,-0.10335308313369751
01_1-3_1x_562_384,1-3_1x,562,384,380,0.14676755987550363,0.5439460873603821,0.02444712227572422,0.14676755987550363,0.28629741072654724,0.18204766511917114,0.5030352550081955,2.0,2.0,1.0,0.5400631874799728
01_1-3_1x_562_449,1-3_1x,562,449,450,0.1212730952215807,0.5019040107727051,0.01243740934480167,0.1212730952215807,0.3739855885505676,0.201559379696846,0.6710936665484707,0.0,1.0,8.0,1.4840190261602402
01_1-3_1x_562_498,1-3_1x,562,498,494,0.09679124654319052,0.5074610710144043,0.005423890140692228,0.09679124654319052,0.43471336364746094,0.2092551589012146,0.7017136495328363,0.0,2.0,7.0,0.44329744577407837
01_1-3_1x_562_661,1-3_1x,562,661,659,0.15238571699276593,0.3994855284690857,0.008853011863720277,0.15238571699276593,0.2247028797864914,0.17370860278606415,0.7693815577502439,0.0,1.0,6.0,1.4106872156262398
01_1-3_1x_562_687,1-3_1x,562,687,683,0.09815995239798163,0.485245943069458,0.010507350497977536,0.09815995239798163,0.730199933052063,0.2079470455646515,0.7499021721175327,1.0,1.0,9.0,1.1012802571058273
01_1-3_1x_562_732,1-3_1x,562,732,729,0.14931882448872552,0.4687647223472595,0.020097053206158854,0.14931882448872552,0.321088045835495,0.1510581523180008,0.47546436419016863,0.0,5.0,5.0,0.642777681350708
01_1-3_1x_562_786,1-3_1x,562,786,783,0.4336601126660713,0.8139452338218689,0.3079567053444664,0.4336601126660713,0.5365917161107063,0.5194308757781982,1.7636860872541125,3.0,46.0,12.0,6.449870344251394
01_1-3_1x_562_835,1-3_1x,562,835,831,0.17917463041989048,0.7855383157730103,0.10938342627876033,0.17917463041989048,0.6737581491470337,0.10037904977798462,0.14650469571072455,0.0,1.0,4.0,-0.4761035144329071
01_1-3_1x_574_102,1-3_1x,574,102,97,0.09765344544470944,0.7389863729476929,0.03757130945139148,0.09765344544470944,0.29345154762268066,0.4062875956296921,1.2211875225539333,2.0,1.0,1.0,-0.021336838603019714
01_1-3_1x_574_158,1-3_1x,574,158,158,0.08716433730290309,0.436800092458725,0.03246400613849964,0.08716433730290309,0.650680810213089,0.1362881362438202,0.45351984646613064,1.0,2.0,8.0,0.21244166791439056
01_1-3_1x_574_239,1-3_1x,574,239,236,0.10594318107313565,0.5111312866210938,0.010769505368024974,0.10594318107313565,0.3390897512435913,0.2310512214899063,0.8249470428453507,0.0,7.0,3.0,0.8483585640788078
01_1-3_1x_574_279,1-3_1x,574,279,274,0.11051413920091231,0.5625705122947693,0.011054361443178397,0.11051413920091231,0.5018770396709442,0.2578107714653015,0.8459476004396619,1.0,2.0,6.0,0.6539845764636993
01_1-3_1x_574_341,1-3_1x,574,341,340,0.11701076047751119,0.5465906858444214,0.000581049261379924,0.11701076047751119,0.5269273221492767,0.23384521901607513,0.747717373452526,1.0,2.0,6.0,0.2533904239535332
01_1-3_1x_574_369,1-3_1x,574,369,373,0.09678254086125454,0.5522758364677429,0.010655958200384421,0.09678254086125454,0.28465336561203003,0.21978633105754852,0.6610323859286829,1.0,3.0,6.0,0.6361919492483139
01_1-3_1x_574_444,1-3_1x,574,444,441,0.3658763853123851,0.722515344619751,0.3982444901030399,0.3658763853123851,0.3667117804288864,0.39065738022327423,1.177182476044326,1.0,,12.0,4.971437357366085
01_1-3_1x_574_519,1-3_1x,574,519,523,0.11855061415581712,0.6925596594810486,0.004776803413443512,0.11855061415581712,0.26705387234687805,0.16648244857788086,0.31646010343626996,0.0,1.0,2.0,1.0849876701831818
01_1-3_1x_574_593,1-3_1x,574,593,588,0.23436775927238312,0.8454044461250305,0.0132094568957221,0.23436775927238312,0.40217435359954834,0.3167591392993927,0.5991902986927846,1.0,8.0,6.0,1.6881332248449326
01_1-3_1x_574_695,1-3_1x,574,695,695,0.12992195202905396,0.5900068283081055,0.03217615091930851,0.12992195202905396,0.5933214724063873,0.14514489471912384,0.3262695316458041,0.0,1.0,9.0,-0.3026944398880005
01_1-3_1x_574_821,1-3_1x,574,821,818,0.14005819292086003,0.5635904669761658,0.025769815409856556,0.14005819292086003,0.5004213899374008,0.1902933120727539,0.5097636281797835,1.0,1.0,6.0,0.18591628223657608
01_1-3_1x_590_158,1-3_1x,590,158,153,0.13697799082971146,0.6335034370422363,0.003471900762225191,0.13697799082971146,0.2551752030849457,0.11384579539299011,0.21907845910179594,0.0,4.0,4.0,-0.39794860780239105
01_1-3_1x_590_240,1-3_1x,590,240,236,0.08517668895789307,0.5076867938041687,0.007083391604642479,0.08517668895789307,0.3598073422908783,0.08111657202243805,0.19015994994592975,0.0,1.0,2.0,-0.9966793656349182
01_1-3_1x_590_371,1-3_1x,590,371,367,0.34915382555914687,0.5964841246604919,0.34428492546098677,0.34915382555914687,0.1468747854232788,0.3407192826271057,1.3321583995607573,4.0,,13.0,4.906138494610786
01_1-3_1x_590_583,1-3_1x,590,583,582,0.25335105068629965,0.39698708057403564,0.03998622085963161,0.25335105068629965,0.25096409767866135,0.1815151795744896,0.8424076584114418,1.0,,10.0,2.680206000804901
01_1-3_1x_590_727,1-3_1x,590,727,722,0.05855201031120451,0.26667091250419617,0.006192128701635246,0.05855201031120451,0.2964918613433838,0.07650800794363022,0.4023287723777,1.0,4.0,6.0,0.28061456233263016
01_1-3_1x_590_801,1-3_1x,590,801,797,0.10163881443568452,0.34435945749282837,0.003923770058915724,0.10163881443568452,0.25362528860569,0.09667298197746277,0.3903038378511124,0.0,2.0,8.0,0.7414675951004028
01_1-3_1x_590_858,1-3_1x,590,858,854,0.2806980488323896,0.46711283922195435,0.0634673471898846,0.2806980488323896,0.24375231564044952,0.18300122022628784,0.6441173397737004,2.0,,10.0,3.2226405888795853
01_1-3_1x_617_68,1-3_1x,617,68,67,0.10228161593151473,0.47367173433303833,0.005928722841402753,0.10228161593151473,0.3337934911251068,0.0939190536737442,0.24731636788103767,1.0,1.0,2.0,0.5345328897237778
01_1-3_1x_617_123,1-3_1x,617,123,121,0.10404975410516677,0.4617527723312378,0.0018527971079348666,0.10404975410516677,0.29279913008213043,0.1397465467453003,0.4339870960290006,0.0,1.0,3.0,0.7744486927986145
01_1-3_1x_617_174,1-3_1x,617,174,178,0.24060299752830228,0.7683722376823425,0.02266955280365394,0.24060299752830228,0.383696049451828,0.35519225895404816,0.8596550589098637,0.0,1.0,3.0,1.486709177494049
01_1-3_1x_617_212,1-3_1x,617,212,215,0.11763401345258542,0.609817385673523,0.05826377527723291,0.11763401345258542,0.6677926778793335,0.10883516073226929,0.21724355738376058,0.0,1.0,3.0,-0.9895124584436417
01_1-3_1x_617_258,1-3_1x,617,258,257,0.305278838245882,0.756495475769043,0.2987321942357185,0.305278838245882,0.21604511141777039,0.2708537429571152,0.557723368189215,1.0,2.0,6.0,2.104138135910034
01_1-3_1x_617_298,1-3_1x,617,298,295,0.13099949252432194,0.8508347868919373,0.046600151287773575,0.13099949252432194,0.5313622951507568,0.18415331840515137,0.27622384468423455,0.0,1.0,3.0,-0.5238380134105682
01_1-3_1x_617_333,1-3_1x,617,333,335,0.15421201611832397,0.6170433759689331,0.005536511067378576,0.15421201611832397,1.0303522050380707,0.036943018436431885,0.06368384014374975,0.0,1.0,4.0,-1.5161280781030655
01_1-3_1x_617_505,1-3_1x,617,505,502,0.24891059879953098,0.5804356932640076,0.058415702339291505,0.24891059879953098,0.483440637588501,0.2609283775091171,0.8166585384520207,0.0,17.0,11.0,3.571778580546379
01_1-3_1x_617_547,1-3_1x,617,547,544,0.11690813791949754,0.6422510743141174,0.008922351851905012,0.11690813791949754,0.7746988087892532,0.2487209588289261,0.6320252225735581,0.0,1.0,5.0,0.1404823660850525
01_1-3_1x_617_575,1-3_1x,617,575,572,0.1040887733279851,0.4270334541797638,0.02296778403241731,0.1040887733279851,0.3321939706802368,0.027852177619934082,0.06977325655142437,0.0,2.0,3.0,0.2662893384695053
01_1-3_1x_617_597,1-3_1x,617,597,595,0.12317151064839937,0.6613723635673523,0.029362438896727447,0.12317151064839937,0.5569004267454147,0.2632981240749359,0.661429698165515,1.0,1.0,4.0,0.32780858129262924
01_1-3_1x_617_663,1-3_1x,617,663,659,0.34841883589532474,0.7218837738037109,0.8330649091052058,0.34841883589532474,0.4425816535949707,0.38653241097927094,1.152619174479469,0.0,,12.0,4.4096590131521225
01_1-3_1x_617_785,1-3_1x,617,785,790,0.14998610700474355,0.6482166647911072,0.00892339097990775,0.14998610700474355,0.655098021030426,0.1745300143957138,0.3684503547862938,0.0,1.0,3.0,-0.2346680909395218
01_1-3_1x_617_839,1-3_1x,617,839,834,0.12855390008664394,0.6659250855445862,0.009910200920099279,0.12855390008664394,0.37711143493652344,0.2101803570985794,0.4611800070957486,0.0,3.0,4.0,-0.32676126062870026
01_1-3_1x_619_77,1-3_1x,619,77,72,0.2602875112279897,0.4642919898033142,0.06455850589146778,0.2602875112279897,0.3754833787679672,0.2556421235203743,1.2252206439169746,4.0,,10.0,3.9353482387959957
01_1-3_1x_619_105,1-3_1x,619,105,101,0.25491266297524134,0.63008713722229,0.10566847978303223,0.25491266297524134,0.41790875792503357,0.21720843017101288,0.5260829063389719,1.0,11.0,8.0,2.336839511990547
01_1-3_1x_619_124,1-3_1x,619,124,123,0.2215980057953969,0.6361299753189087,0.012031425214554848,0.2215980057953969,0.6361689269542694,0.1253271996974945,0.24535340385538904,0.0,1.0,9.0,2.736938625574112
01_1-3_1x_619_161,1-3_1x,619,161,158,0.24762579182524141,0.7173849940299988,0.015537566035680602,0.24762579182524141,0.44278615713119507,0.1255737543106079,0.21218548395625114,1.0,12.0,9.0,2.1337974667549133
01_1-3_1x_619_186,1-3_1x,619,186,189,0.17049855519104518,0.9591604471206665,0.0069935214768211094,0.17049855519104518,0.10427111387252808,0.27331075072288513,0.39849948488476034,0.0,2.0,3.0,0.080314040184021
01_1-3_1x_619_273,1-3_1x,619,273,273,0.1410710720662026,0.9151352047920227,0.003485381758979165,0.1410710720662026,0.6873440146446228,0.09677320718765259,0.11825232289737474,0.0,1.0,4.0,-0.44859227538108826
01_1-3_1x_619_397,1-3_1x,619,397,392,0.1251951789894037,0.762657642364502,0.00044213075907636323,0.1251951789894037,0.19315701723098755,0.15399309992790222,0.2530015947888776,0.0,1.0,6.0,0.1663263738155365
01_1-3_1x_619_479,1-3_1x,619,479,475,0.3465140869363589,0.6303350329399109,0.3932513739769137,0.3465140869363589,0.44991669058799744,0.18162885308265686,0.40478348914302464,1.0,,12.0,3.860981807112694
01_1-3_1x_619_566,1-3_1x,619,566,564,0.18564731480368368,0.7507240772247314,0.04661189829148997,0.18564731480368368,0.33768948912620544,0.09899541735649109,0.15189667641208987,1.0,1.0,5.0,-0.0016897320747375488
01_1-3_1x_619_586,1-3_1x,619,586,582,0.19860582811603686,0.8561147451400757,0.0036552886499731816,0.19860582811603686,0.464751660823822,0.19222185015678406,0.289537441369397,0.0,3.0,11.0,1.6536853313446045
01_1-3_1x_619_627,1-3_1x,619,627,622,0.12782877832094264,0.8341328501701355,0.02849110162056656,0.12782877832094264,0.46294474601745605,0.10846981406211853,0.149476835204229,1.0,1.0,7.0,-0.7583957612514496
01_1-3_1x_619_702,1-3_1x,619,702,697,0.13035370795818685,0.5746641755104065,0.0024110529237432814,0.13035370795818685,0.22620555758476257,0.09997238218784332,0.21060482526587512,1.0,4.0,5.0,0.7842764556407928
01_1-3_1x_624_159,1-3_1x,624,159,159,0.26409683252862703,0.7129140496253967,0.1752687538818292,0.26409683252862703,0.895642027258873,0.2702864706516266,0.610640826489584,0.0,6.0,6.0,2.5768340677022934
01_1-3_1x_624_220,1-3_1x,624,220,217,0.20306166065478753,0.9843237996101379,0.06526280997430249,0.20306166065478753,0.6146847605705261,0.39295920729637146,0.6644956637645207,0.0,3.0,6.0,1.2934161722660065
01_1-3_1x_624_286,1-3_1x,624,286,281,0.14736462164039055,0.8122601509094238,0.001203381263011156,0.14736462164039055,0.6192484200000763,0.2746350169181824,0.5108299436809003,1.0,3.0,5.0,0.583539217710495
01_1-3_1x_624_318,1-3_1x,624,318,313,0.19476061647124548,0.711666464805603,0.048581573341975326,0.19476061647124548,0.4496976137161255,0.16039389371871948,0.2909520664205884,0.0,5.0,2.0,0.28668713569641113
01_1-3_1x_624_389,1-3_1x,624,389,384,0.1072769168964705,0.6428120732307434,0.03267857122313353,0.1072769168964705,0.561520904302597,0.23647554218769073,0.58196968306213,0.0,3.0,5.0,0.18333441019058228
01_1-3_1x_624_410,1-3_1x,624,410,412,0.10808137735719917,0.5935192704200745,0.012015822624637114,0.10808137735719917,0.8242486864328384,0.23105114698410034,0.6374385278183308,0.0,2.0,6.0,1.0401996225118637
01_1-3_1x_624_463,1-3_1x,624,463,462,0.08051463869220479,0.5816795229911804,0.005066630528009668,0.08051463869220479,0.7942452132701874,0.22534023225307465,0.632375486257254,2.0,1.0,4.0,0.5587609559297562
01_1-3_1x_624_495,1-3_1x,624,495,495,0.18697347086460714,0.5825754404067993,0.16797839135966885,0.18697347086460714,0.49685027450323105,0.24520130455493927,0.7267934275276111,0.0,1.0,5.0,0.2585079148411751
01_1-3_1x_624_581,1-3_1x,624,581,577,0.12397117536874475,0.5356930494308472,0.02227301534933825,0.12397117536874475,0.3437460958957672,0.2012261152267456,0.6016323129387479,0.0,1.0,6.0,1.0962706105783582
01_1-3_1x_624_627,1-3_1x,624,627,622,0.13075255116463183,0.6509914398193359,0.006251020429810194,0.13075255116463183,0.5699666142463684,0.25678350031375885,0.6513909908456473,2.0,1.0,2.0,0.3852179944515228
01_1-3_1x_624_660,1-3_1x,624,660,662,0.12214508314869418,0.5821623206138611,0.028276006425017878,0.12214508314869418,0.47166526317596436,0.19708144664764404,0.5117923531692563,0.0,1.0,4.0,0.951618492603302
01_1-3_1x_624_689,1-3_1x,624,689,693,0.20670690993902666,0.7867125868797302,0.0028611196249952093,0.20670690993902666,0.8310259729623795,0.40181775391101837,1.0439676490634577,0.0,1.0,8.0,1.3828059062361717
01_1-3_1x_624_739,1-3_1x,624,739,741,0.19463675173352646,0.6424015164375305,0.09452166390413846,0.19463675173352646,0.28344178199768066,0.1936342567205429,0.43148035541330976,1.0,1.0,6.0,0.32674406468868256
01_1-3_1x_624_808,1-3_1x,624,808,813,0.21978642785744845,0.784370481967926,0.13765739958057044,0.21978642785744845,0.2648603320121765,0.3237482160329819,0.7028496882925463,0.0,1.0,5.0,0.34571534395217896
01_1-3_1x_633_93,1-3_1x,633,93,89,0.3535887732522533,0.7044310569763184,0.015236913467917279,0.3535887732522533,0.4550001621246338,0.2996954023838043,0.740471957395343,1.0,,11.0,4.041561231017113
01_1-3_1x_633_153,1-3_1x,633,153,150,0.08971546904421275,0.7879070043563843,0.008330100755559672,0.08971546904421275,0.3940988779067993,0.0874096155166626,0.12478221462244805,0.0,1.0,3.0,-1.1034477055072784
01_1-3_1x_633_251,1-3_1x,633,251,248,0.3872318189336335,0.7063798904418945,0.028804099168874733,0.3872318189336335,0.42000728845596313,0.28935159742832184,0.6938416464201496,0.0,,13.0,4.399516940116882
01_1-3_1x_633_292,1-3_1x,633,292,295,0.12426968817843892,0.9044999480247498,0.00482250676453716,0.12426968817843892,0.5075004696846008,0.10899963974952698,0.13702023571286398,0.0,1.0,4.0,-0.6959665715694427
01_1-3_1x_633_320,1-3_1x,633,320,324,0.11501891221373492,0.9229400753974915,0.01080849564683006,0.11501891221373492,0.3725432753562927,0.18633171916007996,0.2529590081109867,0.0,1.0,5.0,-0.8152128159999847
01_1-3_1x_633_449,1-3_1x,633,449,448,0.4022661895930228,0.5152702927589417,0.0001565440221491183,0.4022661895930228,0.24797913432121277,0.2168002873659134,0.7263721092524142,0.0,1.0,9.0,4.204312473535538
01_1-3_1x_633_673,1-3_1x,633,673,668,0.3885259213850017,0.7090582847595215,0.010064714770913693,0.3885259213850017,0.2125357687473297,0.4692865312099457,1.9572219173553103,3.0,,16.0,7.699127972126007
01_1-3_1x_633_691,1-3_1x,633,691,694,0.18542109378638907,0.8572114109992981,0.0008007371223480751,0.18542109378638907,0.26236289739608765,0.21218806505203247,0.3289618374051535,3.0,1.0,4.0,1.9752732813358307
01_1-3_1x_633_860,1-3_1x,633,860,855,0.4054043485787172,0.7471568584442139,0.00558681758669978,0.4054043485787172,0.2546581029891968,0.4930059164762497,1.939815420941439,4.0,,15.0,6.752827532589436
01_1-3_1x_695_105,1-3_1x,695,105,100,0.31481965938285095,0.9551048278808594,0.06252345331463867,0.31481965938285095,0.8590914607048035,0.5032131224870682,1.1135701684290797,1.0,14.0,12.0,4.636066749691963
01_1-3_1x_695_157,1-3_1x,695,157,154,0.23841687014052718,0.7162321209907532,0.0024317858711022525,0.23841687014052718,0.17379504442214966,0.16199591755867004,0.29228678414639375,0.0,1.0,4.0,1.111950770020485
01_1-3_1x_695_207,1-3_1x,695,207,208,0.09829586631493567,0.6597040295600891,0.001175803782113145,0.09829586631493567,0.372775137424469,0.14390641450881958,0.2789978284302759,0.0,1.0,6.0,-0.08434507250785828
01_1-3_1x_695_265,1-3_1x,695,265,260,0.2741628202724067,0.7206991314888,0.095230175508875,0.2741628202724067,0.33948755264282227,0.3152396231889725,0.7774873118917225,3.0,5.0,8.0,3.415313243865967
01_1-3_1x_695_303,1-3_1x,695,303,301,0.24231970140046905,0.7043927311897278,0.0001426305092055959,0.24231970140046905,0.2517886161804199,0.2109992653131485,0.4276490872011857,2.0,1.0,8.0,1.777925357222557
01_1-3_1x_695_377,1-3_1x,695,377,377,0.2339438956592828,0.6402779817581177,0.04905480422708965,0.2339438956592828,0.4721757471561432,0.22113880515098572,0.5276023275635334,0.0,2.0,6.0,0.866432398557663
01_1-3_1x_695_435,1-3_1x,695,435,431,0.14183738433806015,0.6071749925613403,0.0018544644950661353,0.14183738433806015,0.6324957609176636,0.20969995856285095,0.5275802015873227,0.0,1.0,6.0,0.7066044360399246
01_1-3_1x_695_494,1-3_1x,695,494,490,0.28289557234637164,0.66487717628479,0.03837340297314032,0.28289557234637164,0.27549466490745544,0.21614544093608856,0.48168075468993915,2.0,1.0,5.0,2.495779186487198
01_1-3_1x_695_551,1-3_1x,695,551,548,0.15251218178422482,0.6243253946304321,0.028177621632901377,0.15251218178422482,0.27822069823741913,0.16054731607437134,0.34617271384241294,0.0,2.0,3.0,-2.2106528282165527
01_1-3_1x_695_605,1-3_1x,695,605,600,0.30022566688249286,0.6007471680641174,0.009539039078422613,0.30022566688249286,0.7335160374641418,0.26273906230926514,0.7773158626551468,1.0,13.0,6.0,3.031360164284706
01_1-3_1x_695_647,1-3_1x,695,647,649,0.07966585898367994,0.5905053019523621,0.0016642746633973098,0.07966585898367994,0.34711897373199463,0.22593380510807037,0.619724270996881,0.0,1.0,6.0,-0.43254814110696316
01_1-3_1x_695_714,1-3_1x,695,714,711,0.3101582318381887,0.6118873953819275,0.06426864800523695,0.3101582318381887,0.4208132475614548,0.29055434465408325,0.9042155607583944,2.0,20.0,9.0,3.7908549830317497
01_1-3_1x_695_782,1-3_1x,695,782,778,0.19936315398308901,0.6014136075973511,0.010027065391868708,0.19936315398308901,0.4911260474473238,0.23174428939819336,0.6268961961115262,0.0,4.0,5.0,-0.9189902888610959
01_1-3_1x_695_837,1-3_1x,695,837,832,0.33877470876168025,0.54891437292099,0.0003930641141521662,0.33877470876168025,0.583454817533493,0.25884515047073364,0.8923564805815367,5.0,,6.0,4.748509421944618
01_1-3_1x_700_56,1-3_1x,700,56,52,0.2754371356053544,0.7239200472831726,0.002709436043689348,0.2754371356053544,0.2626480460166931,0.2469588965177536,0.5177757058859789,1.0,9.0,9.0,2.2368708550930023
01_1-3_1x_700_171,1-3_1x,700,171,167,0.38566048537535363,0.5414015054702759,0.047307832413316035,0.38566048537535363,0.6645748466253281,0.3208342120051384,1.4545865208063993,0.0,,11.0,4.885272912681103
01_1-3_1x_700_246,1-3_1x,700,246,242,0.2709130111529027,0.7314807176589966,0.0012897491581326302,0.2709130111529027,0.2566947340965271,0.3368777930736542,0.853713371302691,1.0,14.0,11.0,3.114813968539238
01_1-3_1x_700_321,1-3_1x,700,321,318,0.3500216038811289,0.650911808013916,0.015946069642289736,0.3500216038811289,0.16092729568481445,0.2695346027612686,0.7067402011683225,1.0,25.0,13.0,3.35866978764534
01_1-3_1x_700_407,1-3_1x,700,407,402,0.33460345461930313,0.6524850726127625,6.933147802452665e-05,0.33460345461930313,0.5413055419921875,0.3061866760253906,0.884170065592952,1.0,32.0,11.0,3.9003589749336243
01_1-3_1x_700_507,1-3_1x,700,507,502,0.31552727947885,0.5048936605453491,0.00030257774332052026,0.31552727947885,0.5988660901784897,0.24472260475158691,0.9406219458385052,4.0,21.0,7.0,4.228273626416922
01_1-3_1x_700_540,1-3_1x,700,540,535,0.3372491222092193,0.9318013787269592,0.01859073721697232,0.3372491222092193,0.3113037347793579,0.4642764925956726,0.9930519344916715,2.0,25.0,10.0,4.153103977441788
01_1-3_1x_700_629,1-3_1x,700,629,626,0.32217159946760254,0.7761699557304382,0.0030033971503190407,0.32217159946760254,0.5810695290565491,0.4176803082227707,1.1651112134663169,0.0,25.0,8.0,3.634903699159622
01_1-3_1x_700_681,1-3_1x,700,681,678,0.29027939346937687,0.6257044076919556,0.013679664571671534,0.29027939346937687,0.5434956252574921,0.12681028246879578,0.2541827535292632,1.0,2.0,5.0,0.45291537046432495
01_1-3_1x_700_770,1-3_1x,700,770,766,0.2594930460383502,0.6270455718040466,0.008034119387479737,0.2594930460383502,0.4873623102903366,0.36328209936618805,1.3773025355198703,2.0,15.0,10.0,3.599192027002573
01_1-3_1x_700_818,1-3_1x,700,818,813,0.3324837847636099,0.6207436919212341,0.012729517680609356,0.3324837847636099,0.27067655324935913,0.26150020956993103,0.7279191479226637,3.0,15.0,11.0,4.362117767333984
01_1-3_1x_729_132,1-3_1x,729,132,128,0.3458737177266835,0.728340208530426,0.06291906451619628,0.3458737177266835,0.40643173456192017,0.24686333537101746,0.5127210653984731,0.0,26.0,8.0,3.59764564037323
01_1-3_1x_729_190,1-3_1x,729,190,185,0.17908153265873694,0.7802051305770874,0.003634156950138092,0.17908153265873694,0.5918949246406555,0.09045484662055969,0.13114144165580469,1.0,2.0,5.0,-0.21257449686527252
01_1-3_1x_729_223,1-3_1x,729,223,220,0.17519831586394202,0.777344286441803,0.010894467913083697,0.17519831586394202,0.28223270177841187,0.08154326677322388,0.11719337061630666,0.0,1.0,4.0,0.29351258277893066
01_1-3_1x_729_265,1-3_1x,729,265,260,0.17285998236803385,0.832263708114624,0.011475304572652058,0.17285998236803385,0.3918391466140747,0.19126275181770325,0.29838138295866695,0.0,2.0,4.0,-0.3240954279899597
01_1-3_1x_729_360,1-3_1x,729,360,356,0.20673278900646774,0.8004817962646484,0.0032792928867210933,0.20673278900646774,0.39799779653549194,0.30416423082351685,0.6128419624906342,0.0,5.0,5.0,1.5934288501739502
01_1-3_1x_729_426,1-3_1x,729,426,423,0.134153465838318,0.5346208810806274,0.002141745495153881,0.134153465838318,0.20958998799324036,0.09413188695907593,0.2136986127128991,0.0,2.0,3.0,0.10670101642608643
01_1-3_1x_729_457,1-3_1x,729,457,452,0.10359429976293305,0.5066378712654114,0.00617439007067098,0.10359429976293305,0.3028546869754791,0.05077268183231354,0.11137652755511587,0.0,1.0,3.0,-0.42212623357772827
01_1-3_1x_729_485,1-3_1x,729,485,490,0.18967745926832286,0.8774594068527222,0.032030454914642265,0.18967745926832286,0.41027452051639557,0.4701783061027527,1.1544319273272539,1.0,1.0,2.0,0.5016215890645981
01_1-3_1x_729_516,1-3_1x,729,516,512,0.11103571263361463,0.6803246140480042,0.06176608529213041,0.11103571263361463,0.3855995535850525,0.22871918976306915,0.5064580216794773,1.0,1.0,4.0,0.47608429193496704
01_1-3_1x_729_536,1-3_1x,729,536,535,0.19123747690902718,0.6621990203857422,0.0766411860072069,0.19123747690902718,0.4843798577785492,0.22779633104801178,0.5243897808167329,0.0,3.0,8.0,0.8288660794496536
01_1-3_1x_729_597,1-3_1x,729,597,592,0.20492852552130997,0.7679121494293213,0.0009789229756938128,0.20492852552130997,0.3457092344760895,0.27932918071746826,0.571712889325468,2.0,2.0,7.0,1.5477052927017212
01_1-3_1x_740_65,1-3_1x,740,65,61,0.1652137589167879,0.7309408783912659,0.03678191673034608,0.1652137589167879,0.32890257239341736,0.1166226863861084,0.18984084779493116,0.0,7.0,2.0,0.8376403301954269
01_1-3_1x_740_124,1-3_1x,740,124,119,0.10713601101348422,0.6275944709777832,0.0048387747901601575,0.10713601101348422,0.407539963722229,0.11710071563720703,0.22938716568449152,1.0,2.0,3.0,-0.6093438565731049
01_1-3_1x_740_168,1-3_1x,740,168,164,0.13397011074035492,0.5393118262290955,0.05778987950254251,0.13397011074035492,0.3718984127044678,0.10958260297775269,0.2550038420674484,1.0,4.0,3.0,0.9658356457948685
01_1-3_1x_740_201,1-3_1x,740,201,196,0.2759354149373704,0.6546409130096436,0.08854660998386482,0.2759354149373704,0.43175292015075684,0.23012655973434448,0.542093707689329,2.0,6.0,5.0,2.583562046289444
01_1-3_1x_740_217,1-3_1x,740,217,212,0.19479155178425284,0.8994558453559875,0.03158158140928976,0.19479155178425284,0.5609506964683533,0.4101494252681732,0.8382261266765414,3.0,6.0,7.0,3.377859055995941
01_1-3_1x_740_261,1-3_1x,740,261,256,0.27052943978126054,0.9981351494789124,0.030293135536873468,0.27052943978126054,0.5040934681892395,0.39878931641578674,0.6653743038099751,0.0,4.0,7.0,2.2694438099861145
01_1-3_1x_740_420,1-3_1x,740,420,419,0.1203545940716196,0.7636822462081909,0.010894395719852849,0.1203545940716196,0.5390956997871399,0.2923815846443176,0.6203716830656145,0.0,1.0,5.0,0.7705141305923462
01_1-3_1x_740_460,1-3_1x,740,460,460,0.15291414473894988,0.7667597532272339,0.012411578051301836,0.15291414473894988,0.3234805464744568,0.30225470662117004,0.6507027401093134,0.0,1.0,1.0,-0.44194382429122925
01_1-3_1x_740_544,1-3_1x,740,544,539,0.15772846955304687,0.5265974998474121,0.0007510034044588464,0.15772846955304687,0.3128797709941864,0.11693331599235535,0.2854370008429331,3.0,2.0,2.0,0.29222047328948975
01_1-3_1x_740_593,1-3_1x,740,593,590,0.1601832788965295,0.7255195379257202,0.012257868004901274,0.1601832788965295,0.4486171007156372,0.29778218269348145,0.6961799783229161,0.0,2.0,4.0,0.5492988228797913
01_1-3_1x_740_652,1-3_1x,740,652,650,0.09690006566606789,0.571677565574646,0.014388413786629065,0.09690006566606789,0.4313274919986725,0.13177421689033508,0.2995526569289669,0.0,1.0,4.0,-1.069107174873352
01_1-3_1x_740_754,1-3_1x,740,754,751,0.11899459961154996,0.41273272037506104,0.0036443606051231843,0.11899459961154996,0.37997211515903473,0.09041327238082886,0.28050827507760806,0.0,9.0,8.0,0.4139610156416893
01_1-3_1x_740_801,1-3_1x,740,801,797,0.07608925025011368,0.42408686876296997,0.02174930247827986,0.07608925025011368,0.5959744602441788,0.11714634299278259,0.3816581166622893,2.0,2.0,2.0,0.08679879456758499
01_1-3_1x_740_845,1-3_1x,740,845,842,0.3032106980277747,0.5883811116218567,0.32157076345802627,0.3032106980277747,0.4718654751777649,0.3163497895002365,1.1629167811742,1.0,,11.0,4.021759808063507
01_1-3_1x_796_134,1-3_1x,796,134,129,0.3879534628918836,0.6672195792198181,0.08030984928357553,0.3879534628918836,0.3505944013595581,0.3599690645933151,1.1715816490361208,3.0,,14.0,6.251372709870338
01_1-3_1x_796_374,1-3_1x,796,374,369,0.41184899186002477,0.6426731944084167,0.06789829755243967,0.41184899186002477,0.30506831407546997,0.3913150727748871,1.556802979875101,3.0,,17.0,7.085399694740772
01_1-3_1x_796_434,1-3_1x,796,434,429,0.2406332517662862,0.8381597995758057,0.0029910575127183835,0.2406332517662862,0.3221532106399536,0.12301141023635864,0.17200823223552134,2.0,1.0,9.0,1.2538756430149078
01_1-3_1x_796_535,1-3_1x,796,535,530,0.08425929701178597,0.7017667293548584,0.008921142642647562,0.08425929701178597,0.1932789385318756,0.09411695599555969,0.15488684456384888,0.0,2.0,1.0,-1.4331585764884949
01_1-3_1x_796_823,1-3_1x,796,823,818,0.3993463277471396,0.44881096482276917,0.06380914814821431,0.3993463277471396,0.2886699475347996,0.30012671649456024,2.01855085437197,5.0,,15.0,6.573567254468799
01_1-3_1x_807_133,1-3_1x,807,133,129,0.21128309285624763,0.487017959356308,0.003957074862410877,0.21128309285624763,0.30401095747947693,0.19476796686649323,0.6664430175247348,3.0,7.0,6.0,1.4160541892051697
01_1-3_1x_807_287,1-3_1x,807,287,285,0.31438830690671704,0.6336700916290283,0.3487150385583158,0.31438830690671704,0.39524003863334656,0.42446979135274887,2.0290113866575465,4.0,3.0,13.0,6.363839123398066
01_1-3_1x_807_331,1-3_1x,807,331,330,0.21946645311011093,0.782372772693634,0.03866629190083703,0.21946645311011093,0.3690258860588074,0.19217482209205627,0.3256107919320561,0.0,3.0,5.0,0.48129451274871826
01_1-3_1x_807_501,1-3_1x,807,501,496,0.14635617845092908,0.5617259740829468,0.024856790969631344,0.14635617845092908,0.38302556425333023,0.3331911638379097,1.4579449121149601,0.0,2.0,2.0,1.0654925033450127
01_1-3_1x_807_521,1-3_1x,807,521,517,0.3075322518218167,0.538561224937439,0.12128864007141883,0.3075322518218167,0.4332217574119568,0.25331172347068787,0.8880356395652249,4.0,22.0,4.0,3.6612715423107147
01_1-3_1x_807_542,1-3_1x,807,542,540,0.13256505310260086,0.657469630241394,0.01282489041677599,0.13256505310260086,0.4160176217556,0.18101637065410614,0.37992471876654943,0.0,1.0,2.0,1.4111068844795227
01_1-3_1x_807_586,1-3_1x,807,586,582,0.23947000636553245,0.6286348104476929,0.013503101724614013,0.23947000636553245,0.6440078914165497,0.218166321516037,0.5315056512227477,0.0,1.0,6.0,0.8778751641511917
01_1-3_1x_807_677,1-3_1x,807,677,675,0.3807826708760608,0.6998668909072876,0.11834932640878444,0.3807826708760608,0.44046562910079956,0.3491079658269882,0.9952931796306161,0.0,,10.0,5.090923622250557
01_1-3_1x_807_707,1-3_1x,807,707,704,0.16348553910275013,0.905411422252655,0.02244553753019691,0.16348553910275013,0.4164714217185974,0.20088377594947815,0.2851325664841725,1.0,1.0,8.0,0.8704610466957092
01_1-3_1x_807_744,1-3_1x,807,744,740,0.1665376005452372,0.8187001347541809,0.08152750941811746,0.1665376005452372,0.5647563934326172,0.1609039604663849,0.2446106662760658,0.0,2.0,4.0,-1.719764530658722
01_1-3_1x_807_851,1-3_1x,807,851,848,0.154833380123655,0.501945436000824,0.003925155753485833,0.154833380123655,0.22051778435707092,0.13747413456439972,0.3771878170451226,1.0,1.0,4.0,-0.23295249044895172
01_1-3_1x_823_58,1-3_1x,823,58,57,0.31349176562673303,0.6574156880378723,0.004778950448633082,0.31349176562673303,0.3826614022254944,0.18588118255138397,0.39420483631332115,0.0,4.0,4.0,1.2784344553947449
01_1-3_1x_823_117,1-3_1x,823,117,113,0.1260591196746878,0.7034718990325928,0.0157364521314136,0.1260591196746878,0.38928961753845215,0.12835976481437683,0.22319084779677598,0.0,2.0,6.0,-0.5499415248632431
01_1-3_1x_823_168,1-3_1x,823,168,163,0.1571409659027123,0.6774000525474548,0.004912511272565658,0.1571409659027123,0.6001120805740356,0.1622314453125,0.31490941612929163,0.0,2.0,2.0,0.2765444964170456
01_1-3_1x_823_187,1-3_1x,823,187,182,0.15526192226032326,0.6772698163986206,0.02170083187897409,0.15526192226032326,0.3358646035194397,0.1507326066493988,0.2862715186286444,1.0,2.0,5.0,0.6332038938999176
01_1-3_1x_823_281,1-3_1x,823,281,280,0.258770310103395,0.5473302602767944,0.054230965386264575,0.258770310103395,0.5888179987668991,0.21929378807544708,0.6685042873551131,0.0,1.0,13.0,2.775972083210945
01_1-3_1x_823_307,1-3_1x,823,307,304,0.17976346522301268,0.6197965741157532,0.00472132175622452,0.17976346522301268,0.34261757135391235,0.12321273982524872,0.2481207226596276,1.0,1.0,8.0,0.9762547761201859
01_1-3_1x_823_356,1-3_1x,823,356,358,0.21232116298858614,0.7439319491386414,0.001194634488584148,0.21232116298858614,0.33541470766067505,0.22768709063529968,0.44104476177330465,1.0,2.0,6.0,1.2558614313602448
01_1-3_1x_823_381,1-3_1x,823,381,377,0.19728924850231405,0.8161415457725525,0.024466222202974574,0.19728924850231405,0.2757689356803894,0.23616182804107666,0.4071898047828234,0.0,3.0,4.0,1.5096112787723541
01_1-3_1x_823_453,1-3_1x,823,453,453,0.13000598067255945,0.7275997400283813,0.006494614109046374,0.13000598067255945,0.9256568849086761,0.2555910050868988,0.5414963456525562,1.0,1.0,4.0,0.48054078221321106
01_1-3_1x_823_496,1-3_1x,823,496,491,0.1376991770081142,0.5960347056388855,0.0035531915364738808,0.1376991770081142,0.16039946675300598,0.12972120940685272,0.27818454849590024,3.0,1.0,2.0,-0.22953809797763824
01_1-3_1x_823_537,1-3_1x,823,537,541,0.16581136239461183,0.5597724914550781,0.031161304007764883,0.16581136239461183,0.49296239018440247,0.11437223851680756,0.2567853021238826,0.0,2.0,6.0,-1.0121707692742348
01_1-3_1x_823_658,1-3_1x,823,658,655,0.3443323222139289,0.501248836517334,0.24257950413476576,0.3443323222139289,0.5086245685815811,0.33206645399332047,1.9627720631383554,1.0,,12.0,5.023621395230293
01_1-3_1x_823_679,1-3_1x,823,679,679,0.12290276238615239,0.5721197128295898,0.0013603242165747607,0.12290276238615239,0.5088010728359222,0.15080048143863678,0.35792451472196174,0.0,1.0,10.0,2.262071594595909
01_1-3_1x_823_718,1-3_1x,823,718,713,0.13356098865417187,0.5988209247589111,0.016649208108260757,0.13356098865417187,0.7031097412109375,0.13854192197322845,0.3009955290915954,0.0,3.0,4.0,-0.263674259185791
01_1-3_1x_823_728,1-3_1x,823,728,732,0.2402448230559234,0.7346571683883667,0.015004199371001278,0.2402448230559234,0.35133326053619385,0.27324017882347107,0.5921762418872559,0.0,1.0,5.0,1.1915651857852936
01_1-3_1x_823_747,1-3_1x,823,747,752,0.12837160297047362,0.7594322562217712,0.02696380769467877,0.12837160297047362,0.41038620471954346,0.22255346179008484,0.414532039816676,3.0,1.0,4.0,0.48747046291828156
01_1-3_1x_823_791,1-3_1x,823,791,786,0.15394654792712884,0.758333683013916,0.006932255460890338,0.15394654792712884,0.6739761829376221,0.24094685912132263,0.46569964288719856,0.0,1.0,7.0,0.44908013939857483
01_1-3_1x_823_823,1-3_1x,823,823,824,0.17565966860769205,0.5771570801734924,0.07199740593377058,0.17565966860769205,0.5322228074073792,0.04236137866973877,0.07921039483044805,0.0,1.0,3.0,-0.24568083882331848
01_1-3_1x_823_848,1-3_1x,823,848,846,0.16038388196307093,0.6774972081184387,0.004454342919875987,0.16038388196307093,0.7683479487895966,0.145694762468338,0.2739640700415241,2.0,1.0,9.0,0.9785577207803726
01_1-3_1x_825_57,1-3_1x,825,57,54,0.17995963302734158,0.585500180721283,0.01349350762709065,0.17995963302734158,0.1593012511730194,0.1917385458946228,0.48694064869734965,0.0,3.0,6.0,1.1688119322061539
01_1-3_1x_825_120,1-3_1x,825,120,118,0.15178706111454945,0.5582407116889954,0.013502416687678825,0.15178706111454945,0.48321732878685,0.21840497851371765,0.6426780858888389,0.0,4.0,4.0,0.5487678870558739
01_1-3_1x_825_160,1-3_1x,825,160,161,0.11603166701578187,0.5968190431594849,0.01635810598708285,0.11603166701578187,0.35522401332855225,0.17992781102657318,0.4315941357318095,0.0,1.0,7.0,0.10307952761650085
01_1-3_1x_825_244,1-3_1x,825,244,243,0.11879537270116725,0.5694495439529419,0.0008397506258069256,0.11879537270116725,0.4100587069988251,0.1341320425271988,0.3081246264804246,0.0,1.0,4.0,-0.09920403361320496
01_1-3_1x_825_320,1-3_1x,825,320,315,0.11078614509397425,0.4465223550796509,0.005728641135675128,0.11078614509397425,0.41976457834243774,0.12444815039634705,0.3863958944452479,0.0,2.0,8.0,-0.10439369082450867
01_1-3_1x_825_381,1-3_1x,825,381,378,0.1141892319395422,0.45358312129974365,0.012385883613418707,0.1141892319395422,0.4802817851305008,0.15160579979419708,0.502043660227023,0.0,1.0,7.0,0.005223900079727173
01_1-3_1x_825_404,1-3_1x,825,404,408,0.1148858490244011,0.5062490105628967,0.02338248844466165,0.1148858490244011,0.17862015962600708,0.17947952449321747,0.5492542362261629,0.0,1.0,5.0,0.3824841380119324
01_1-3_1x_825_436,1-3_1x,825,436,441,0.11356442863886243,0.5174878239631653,0.019973516425315734,0.11356442863886243,0.7532100826501846,0.15229201316833496,0.4170146772409,0.0,1.0,6.0,-0.26859554648399353
01_1-3_1x_825_500,1-3_1x,825,500,495,0.3460809782376477,0.6972782015800476,0.2169880191045027,0.3460809782376477,0.5281316936016083,0.3431287109851837,0.9688809954486491,2.0,,9.0,4.095014214515686
01_1-3_1x_825_564,1-3_1x,825,564,565,0.14121264108683032,0.8875759243965149,0.01805952387338533,0.14121264108683032,0.38047343492507935,0.1628495752811432,0.2247049185943405,0.0,1.0,6.0,-0.03246331214904785
01_1-3_1x_825_593,1-3_1x,825,593,588,0.15836937400944884,0.7775381207466125,0.024001661868616655,0.15836937400944884,0.3426664471626282,0.10208854079246521,0.15114161563235476,1.0,3.0,4.0,0.7917048037052155
01_1-3_1x_825_634,1-3_1x,825,634,629,0.20643175518895193,1.0,0.010507399054870865,0.20643175518895193,0.6983168721199036,0.33839425444602966,0.5114741773632696,0.0,1.0,3.0,0.25132855772972107
01_1-3_1x_825_669,1-3_1x,825,669,674,0.13785923089033664,0.716155469417572,0.068775005630959,0.13785923089033664,0.14719265699386597,0.00992351770401001,0.014051357602742466,0.0,1.0,2.0,-1.8538894653320312
01_1-3_1x_825_719,1-3_1x,825,719,720,0.14468276983969364,0.6539888381958008,0.0009781432259423678,0.14468276983969364,0.4950501322746277,0.11790269613265991,0.21993237071734115,1.0,1.0,7.0,0.5497549474239349
01_1-3_1x_825_764,1-3_1x,825,764,768,0.16878506534520185,0.6520306468009949,0.05594399007108369,0.16878506534520185,0.3475448191165924,0.1379079520702362,0.2682393784278621,0.0,1.0,9.0,-0.7581966072320938
01_1-3_1x_825_817,1-3_1x,825,817,812,0.1596392023982653,0.6240439414978027,0.0002329498768794881,0.1596392023982653,0.2268378734588623,0.1898098587989807,0.43711414272064375,2.0,1.0,9.0,1.7221278697252274
01_1-3_1x_837_86,1-3_1x,837,86,88,0.2350772762997978,0.613536536693573,0.038017763290677395,0.2350772762997978,0.3969425857067108,0.28003792464733124,0.8396974216147627,1.0,2.0,6.0,1.753710463643074
01_1-3_1x_837_125,1-3_1x,837,125,128,0.25068749339362006,0.677150309085846,0.047959659938447724,0.25068749339362006,0.236494779586792,0.15086954832077026,0.286671221082536,0.0,1.0,4.0,0.5514477044343948
01_1-3_1x_837_167,1-3_1x,837,167,167,0.13287161016862514,0.6607089638710022,0.005259634628125735,0.13287161016862514,0.5379231572151184,0.015106111764907837,0.023398458844517918,0.0,1.0,5.0,0.2482403814792633
01_1-3_1x_837_198,1-3_1x,837,198,197,0.13609157082003956,0.6044851541519165,0.00903280587973054,0.13609157082003956,0.315468966960907,0.05169692635536194,0.09352030986880606,1.0,2.0,3.0,-0.5222880840301514
01_1-3_1x_837_225,1-3_1x,837,225,221,0.09709457325861542,0.6034486293792725,0.08648928991029517,0.09709457325861542,0.6320464313030243,0.05259856581687927,0.0954861754516646,1.0,1.0,2.0,-1.7085847705602646
01_1-3_1x_837_252,1-3_1x,837,252,248,0.14925791634846222,0.5619440078735352,0.04202968419529063,0.14925791634846222,0.30185163021087646,0.0976472795009613,0.21031222822359513,2.0,1.0,2.0,-0.8482080549001694
01_1-3_1x_837_284,1-3_1x,837,284,279,0.23938289125312348,0.6173149943351746,0.011723474221190636,0.23938289125312348,0.21919047832489014,0.2043870985507965,0.49497043100600546,0.0,9.0,9.0,2.481645777821541
01_1-3_1x_837_321,1-3_1x,837,321,316,0.22061461188809323,0.8550218939781189,0.0156662750102836,0.22061461188809323,0.330944299697876,0.26648885011672974,0.4528018484200744,0.0,1.0,5.0,1.058734118938446
01_1-3_1x_837_367,1-3_1x,837,367,364,0.145533013843143,0.7092660069465637,0.002733196712917327,0.145533013843143,0.4321499764919281,0.1200883686542511,0.20382370417573598,1.0,1.0,6.0,-0.1817062795162201
01_1-3_1x_837_501,1-3_1x,837,501,498,0.19442289922934897,0.44761455059051514,0.0261270104097351,0.19442289922934897,0.22631344199180603,0.17345301806926727,0.6326672326134026,0.0,3.0,6.0,1.3428198173642159
01_1-3_1x_837_522,1-3_1x,837,522,517,0.29817622175043257,0.6220241189002991,0.17630923633020587,0.29817622175043257,0.4803495705127716,0.2625779062509537,0.7305068102278469,4.0,13.0,9.0,4.174930736422539
01_1-3_1x_837_581,1-3_1x,837,581,583,0.2551957848158121,0.7054919004440308,0.19640938839864805,0.2551957848158121,0.45285481214523315,0.12157073616981506,0.20819717387863704,0.0,2.0,5.0,0.42263026535511017
01_1-3_1x_837_610,1-3_1x,837,610,605,0.13994337364978637,0.7748727202415466,0.06255738122315616,0.13994337364978637,0.1987060308456421,0.12860509753227234,0.19899665868009264,1.0,1.0,3.0,-0.12119367718696594
01_1-3_1x_837_679,1-3_1x,837,679,676,0.29994560378070945,0.6519952416419983,0.22133651931672507,0.29994560378070945,0.27833592891693115,0.14329147338867188,0.28167959887671795,2.0,4.0,5.0,2.626679390668869
01_1-3_1x_837_728,1-3_1x,837,728,727,0.09433551058607613,0.7947129607200623,0.00967938016912159,0.09433551058607613,0.3205825388431549,0.1879960298538208,0.3098578930134833,0.0,1.0,8.0,-0.5131144523620605
01_1-3_1x_837_760,1-3_1x,837,760,759,0.08507978046870188,0.6518430113792419,0.08771321420728233,0.08507978046870188,0.7672342956066132,0.14119359850883484,0.276498111914342,0.0,1.0,4.0,-2.415645658969879
01_1-3_1x_837_852,1-3_1x,837,852,850,0.3185976018570482,0.47398337721824646,0.08313595471695663,0.3185976018570482,0.2739483714103699,0.20404817163944244,0.7559153731056147,1.0,3.0,11.0,2.7798076644539833
01_1-3_1x_839_142,1-3_1x,839,142,141,0.2297320551710867,0.4648221731185913,0.3377685454164279,0.2297320551710867,0.3497562110424042,0.16751687228679657,0.5634506745023424,1.0,2.0,5.0,2.518705263733864
01_1-3_1x_839_215,1-3_1x,839,215,212,0.09083477573068191,0.5634778738021851,0.037484966024854294,0.09083477573068191,0.4519074261188507,0.2045040726661682,0.5696908020000063,0.0,4.0,7.0,0.8478704690933228
01_1-3_1x_839_266,1-3_1x,839,266,264,0.13937454947493705,0.5449857711791992,0.005747854567892371,0.13937454947493705,0.41534489393234253,0.23660597205162048,0.7672550949218793,0.0,1.0,6.0,1.4439600259065628
01_1-3_1x_839_355,1-3_1x,839,355,350,0.0695931402021673,0.4106769561767578,0.0481818283135705,0.0695931402021673,0.1875527799129486,0.12384170293807983,0.43175203026745856,1.0,2.0,3.0,0.37373024597764015
01_1-3_1x_839_505,1-3_1x,839,505,503,0.1414579528991891,0.4391603171825409,0.014408854469890106,0.1414579528991891,0.3980751037597656,0.19998175650835037,0.8361190733176369,0.0,5.0,7.0,2.079466085880995
01_1-3_1x_839_544,1-3_1x,839,544,542,0.19149873364616854,0.5562969446182251,0.05160680205292591,0.19149873364616854,0.5070654600858688,0.18451657891273499,0.4963053349054528,0.0,1.0,8.0,1.2365602776408195
01_1-3_1x_839_590,1-3_1x,839,590,586,0.34561733844866493,0.759690523147583,1.0,0.34561733844866493,0.34540897607803345,0.2670935094356537,0.5422150398821742,2.0,20.0,9.0,4.263120234012604
01_1-3_1x_839_668,1-3_1x,839,668,670,0.11937115805815053,0.7809591889381409,0.0032809713240201104,0.11937115805815053,0.7081912755966187,0.09787869453430176,0.1432901324751276,0.0,2.0,4.0,-0.39457273483276367
01_1-3_1x_839_711,1-3_1x,839,711,710,0.17497090122048503,0.8159616589546204,0.08133055455231589,0.17497090122048503,0.31128552556037903,0.21934837102890015,0.3676558592778268,0.0,1.0,6.0,0.9191877245903015
01_1-3_1x_839_737,1-3_1x,839,737,732,0.1884390410287316,0.8112497329711914,0.031417709877234176,0.1884390410287316,0.411815881729126,0.15828722715377808,0.2424139605927689,1.0,2.0,6.0,0.8239453136920929
01_1-3_1x_839_811,1-3_1x,839,811,816,0.23249839597583882,0.716518223285675,0.08979457394816118,0.23249839597583882,0.21950912475585938,0.19762134552001953,0.38084897787584954,2.0,1.0,10.0,1.254288449883461
01_1-3_1x_843_98,1-3_1x,843,98,97,0.21991589366976952,0.4424423277378082,0.01205147141337622,0.21991589366976952,0.4594995677471161,0.14173705875873566,0.47134877030904226,0.0,2.0,4.0,1.844251736998558
01_1-3_1x_843_132,1-3_1x,843,132,128,0.30441632351062126,0.687172532081604,0.13866488918227765,0.30441632351062126,0.5767836272716522,0.27431419491767883,0.6644269237773985,0.0,8.0,9.0,2.2572576254606247
01_1-3_1x_843_287,1-3_1x,843,287,282,0.25896293199763626,0.5256028771400452,0.018372267463937345,0.25896293199763626,0.5761932879686356,0.21655330061912537,0.7007073203495127,3.0,36.0,6.0,3.173977144062519
01_1-3_1x_843_362,1-3_1x,843,362,361,0.1458168615776842,0.6234287023544312,0.014022191245744822,0.1458168615776842,0.28978627920150757,0.15350699424743652,0.326665041429593,0.0,1.0,3.0,0.14354129135608673
01_1-3_1x_843_505,1-3_1x,843,505,503,0.3552237467776985,0.5211045145988464,0.2912254003824784,0.3552237467776985,0.39733394980430603,0.3387644290924072,1.8578713953736958,1.0,,11.0,4.814295645803213
01_1-3_1x_843_577,1-3_1x,843,577,579,0.18733251987454239,0.8286029100418091,0.03775360713534062,0.18733251987454239,0.5173503756523132,0.2350788712501526,0.39607304150434225,0.0,1.0,4.0,0.29002416133880615
01_1-3_1x_843_631,1-3_1x,843,631,627,0.10468069299332648,0.7684894800186157,0.020725553442956762,0.10468069299332648,0.6442028284072876,0.16706615686416626,0.27778463260770914,1.0,1.0,7.0,-0.24915963411331177
01_1-3_1x_843_676,1-3_1x,843,676,671,0.27332363655822545,0.8885101675987244,0.034890057774514184,0.27332363655822545,0.4195844531059265,0.3432370126247406,0.6294771886232272,1.0,2.0,5.0,2.298158973455429
01_1-3_1x_843_748,1-3_1x,843,748,746,0.09867587740955364,0.7012647390365601,0.005280832121951396,0.09867587740955364,0.4004403054714203,0.12262788414955139,0.21192546432856776,0.0,1.0,2.0,-0.9371856153011322
01_1-3_1x_843_813,1-3_1x,843,813,812,0.16448248552808822,0.5739273428916931,0.004363694596068386,0.16448248552808822,0.7374816238880157,0.1380903720855713,0.31683950957662,1.0,1.0,5.0,0.563889890909195
01_1-3_1x_843_851,1-3_1x,843,851,847,0.30243877580951034,0.6367291212081909,0.05236629697463392,0.30243877580951034,0.29708391427993774,0.19062179327011108,0.42730029598744806,0.0,,9.0,3.125284418463707
01_1-3_1x_861_92,1-3_1x,861,92,87,0.11537336754750549,0.46673470735549927,0.0012670945861150088,0.11537336754750549,0.3648228347301483,0.08636696636676788,0.22706175382345728,1.0,5.0,7.0,-0.3536228761076927
01_1-3_1x_861_154,1-3_1x,861,154,150,0.14218853301067746,0.5090299844741821,0.012670443476316575,0.14218853301067746,0.43961775302886963,0.19514228403568268,0.6216945861945847,0.0,2.0,6.0,0.8992235362529755
01_1-3_1x_861_243,1-3_1x,861,243,242,0.09665907935604999,0.4644659459590912,0.008423323720527636,0.09665907935604999,0.24896007776260376,0.1608017086982727,0.5295378545355653,0.0,2.0,7.0,1.3492823094129562
01_1-3_1x_861_290,1-3_1x,861,290,285,0.0991192260760175,0.5158511400222778,0.005448219162678771,0.0991192260760175,0.48084405064582825,0.18435300886631012,0.556120808957361,0.0,1.0,8.0,0.9334234595298767
01_1-3_1x_861_345,1-3_1x,861,345,341,0.38507714955799455,0.707568347454071,0.05124423417309018,0.38507714955799455,0.11778789758682251,0.33173033595085144,0.8826417919359646,4.0,,12.0,5.552017048001289
01_1-3_1x_861_364,1-3_1x,861,364,362,0.20434187960955444,0.876935601234436,0.029318152145342575,0.20434187960955444,0.3942713737487793,0.2020949125289917,0.29947055047417637,0.0,1.0,10.0,2.8771239817142487
01_1-3_1x_861_429,1-3_1x,861,429,431,0.15254715958120468,0.785596489906311,0.0009533005416428912,0.15254715958120468,0.49658238887786865,0.06850004196166992,0.09552416855223084,0.0,1.0,3.0,-0.290734201669693
01_1-3_1x_861_483,1-3_1x,861,483,480,0.1287719084985019,0.7445573210716248,0.005037873945669751,0.1287719084985019,0.2317104935646057,0.1439981460571289,0.2397734512234422,1.0,3.0,7.0,0.46954548358917236
01_1-3_1x_861_550,1-3_1x,861,550,554,0.11727962391796833,0.5781193375587463,0.016166558616713938,0.11727962391796833,0.33194053173065186,0.05189859867095947,0.09862514879335933,0.0,1.0,3.0,-0.5191029608249664
01_1-3_1x_861_645,1-3_1x,861,645,642,0.11686317071719421,0.5218257904052734,0.011510689360977263,0.11686317071719421,0.2967512756586075,0.15892396867275238,0.43792551912260236,1.0,1.0,5.0,0.3467501699924469
01_1-3_1x_861_827,1-3_1x,861,827,823,0.07098434493185526,0.4263823330402374,0.013194063241773257,0.07098434493185526,0.31116190552711487,0.20139141380786896,0.8951090759350774,0.0,3.0,9.0,1.2828017100691795
01_1-3_1x_889_143,1-3_1x,889,143,139,0.47159866055268296,0.5534722208976746,0.31959398981101633,0.47159866055268296,0.35251493752002716,0.38265054672956467,2.240058520635904,4.0,,15.0,7.826566994190216
01_1-3_1x_889_200,1-3_1x,889,200,197,0.11071423453380028,0.7150030732154846,0.005058221991263854,0.11071423453380028,0.18962633609771729,0.05613216757774353,0.08519448513728423,0.0,1.0,7.0,-0.03868544101715088
01_1-3_1x_889_414,1-3_1x,889,414,410,0.22146605220819526,0.4763127267360687,0.010226658956887296,0.22146605220819526,0.2580399215221405,0.16109217703342438,0.5110459238313834,1.0,14.0,13.0,2.279714822769165
01_1-3_1x_889_455,1-3_1x,889,455,452,0.3424710123857675,0.6412248015403748,0.04062127925829967,0.3424710123857675,0.3199472427368164,0.21614423394203186,0.5084782754554562,0.0,,13.0,3.790041521191597
01_1-3_1x_889_500,1-3_1x,889,500,498,0.16751455184649827,0.835418164730072,0.011870015333737322,0.16751455184649827,0.1768890619277954,0.12343135476112366,0.1733618559120594,0.0,4.0,11.0,1.355821669101715
01_1-3_1x_889_603,1-3_1x,889,603,599,0.21958552214469312,0.6959676146507263,0.006977864689431746,0.21958552214469312,0.31137073040008545,0.10579463839530945,0.1792603908544998,0.0,20.0,5.0,1.5185521841049194
01_1-3_1x_889_696,1-3_1x,889,696,691,0.3270350506046853,0.7979544997215271,0.0051932080329118585,0.3270350506046853,0.20326632261276245,0.21401920914649963,0.36651185944892156,3.0,,12.0,3.6125453114509583
01_1-3_1x_889_796,1-3_1x,889,796,800,0.12666124595423506,0.8675621151924133,0.007511889777069084,0.12666124595423506,0.30532747507095337,0.12018975615501404,0.16081643199892495,0.0,1.0,2.0,-0.6038860082626343
01_1-3_1x_897_81,1-3_1x,897,81,77,0.0850730199501116,0.4818275272846222,0.013908945332141407,0.0850730199501116,0.22072425484657288,0.10243599116802216,0.2700007285785629,0.0,3.0,1.0,-0.7916832268238068
01_1-3_1x_897_123,1-3_1x,897,123,124,0.08111141230412515,0.5725176334381104,0.002311887669674582,0.08111141230412515,0.23278415203094482,0.2113143801689148,0.5850290058473742,0.0,1.0,3.0,-0.5742929428815842
01_1-3_1x_897_156,1-3_1x,897,156,151,0.07766960375642006,0.4263031780719757,0.0004991472980756306,0.07766960375642006,0.42556461691856384,0.12602122128009796,0.4196763023208948,2.0,4.0,5.0,-0.29392488300800323
01_1-3_1x_897_200,1-3_1x,897,200,195,0.3067346033707106,0.475483775138855,0.025261691492786308,0.3067346033707106,0.5363974943757057,0.1941259354352951,0.6899609964301234,3.0,34.0,10.0,3.6065768972039223
01_1-3_1x_897_269,1-3_1x,897,269,266,0.1248122293724084,0.6169092059135437,0.043756899941951775,0.1248122293724084,0.18398761749267578,0.09734657406806946,0.18736253937720024,0.0,1.0,3.0,-0.5983768701553345
01_1-3_1x_897_329,1-3_1x,897,329,326,0.33091689378424505,0.693051278591156,0.09271551832578515,0.33091689378424505,0.32798057794570923,0.2568899840116501,0.5889793230261581,1.0,,8.0,4.21405602991581
01_1-3_1x_897_344,1-3_1x,897,344,348,0.1814130480472302,0.8562208414077759,0.0062162992623911555,0.1814130480472302,0.5927780866622925,0.32576584815979004,0.6141253307186716,8.0,2.0,13.0,5.277345806360245
01_1-3_1x_897_376,1-3_1x,897,376,372,0.16322498792569837,0.9360207319259644,0.01149780141307937,0.16322498792569837,0.4615829586982727,0.24952757358551025,0.36348151551681085,2.0,1.0,5.0,1.0313714444637299
01_1-3_1x_897_483,1-3_1x,897,483,484,0.10009131684405806,0.5593082904815674,0.0016186032891136917,0.10009131684405806,0.18009459972381592,0.21204498410224915,0.6106173045263552,0.0,1.0,7.0,0.38019585609436035
01_1-3_1x_897_566,1-3_1x,897,566,563,0.38556479386611703,0.6630339026451111,0.1033271948786008,0.38556479386611703,0.4366821348667145,0.40293626487255096,1.5491731040821475,3.0,,13.0,6.659568771719933
01_1-3_1x_897_654,1-3_1x,897,654,649,0.11054534767854571,0.7234141826629639,0.008667649941422747,0.11054534767854571,0.42459338903427124,0.11682295799255371,0.1925892647985951,0.0,2.0,5.0,-0.6871038377285004
01_1-3_1x_897_691,1-3_1x,897,691,691,0.12340707956375603,0.6793408989906311,0.004415642970626381,0.12340707956375603,0.3910951614379883,0.14552617073059082,0.2726155031445663,0.0,1.0,5.0,-0.28671711683273315
01_1-3_1x_897_754,1-3_1x,897,754,751,0.27450499781993204,0.6531308889389038,0.044722503646105194,0.27450499781993204,0.3758070170879364,0.2798908203840256,0.7498948906201711,0.0,47.0,11.0,3.529825910925865
01_1-3_1x_897_819,1-3_1x,897,819,821,0.11331191487415987,0.671116292476654,0.0010680911944497722,0.11331191487415987,0.6739543080329895,0.12218275666236877,0.2225820590121598,0.0,1.0,5.0,-0.6489892527461052
01_1-3_1x_907_52,1-3_1x,907,52,49,0.4428495975776039,0.66307532787323,0.07669622388091758,0.4428495975776039,0.29162176698446274,0.4608178585767746,2.2783725129149066,0.0,,14.0,7.075955022126436
01_1-3_1x_907_91,1-3_1x,907,91,89,0.0996812227077386,0.7417349815368652,0.02343891179346215,0.0996812227077386,0.32139748334884644,0.033129334449768066,0.0467528513016437,0.0,1.0,2.0,-1.3460502326488495
01_1-3_1x_907_145,1-3_1x,907,145,150,0.17151731180451474,0.5747509598731995,0.019187010916758486,0.17151731180451474,0.3127540647983551,0.04090392589569092,0.07662106051415139,1.0,1.0,3.0,-1.7067230492830276
01_1-3_1x_907_220,1-3_1x,907,220,225,0.08308919532975048,0.4953587055206299,0.005340859388532142,0.08308919532975048,0.5643690377473831,0.09121409058570862,0.22569666207329442,2.0,1.0,6.0,-0.6566994860768318
01_1-3_1x_907_272,1-3_1x,907,272,268,0.30798356003827443,0.6165186762809753,0.04284756562853727,0.30798356003827443,0.3360617160797119,0.281707227230072,0.8413906633976619,1.0,,13.0,4.506429359316826
01_1-3_1x_907_318,1-3_1x,907,318,317,0.12990157938810612,0.6635090112686157,0.019827623241593473,0.12990157938810612,0.2620431184768677,0.0859592854976654,0.14883443219182807,0.0,1.0,3.0,-0.741826981306076
01_1-3_1x_907_437,1-3_1x,907,437,432,0.32432970538007305,0.6518499851226807,0.015039382507183932,0.32432970538007305,0.3541206419467926,0.26503220200538635,0.6851603353639534,1.0,48.0,10.0,3.3140257596969604
01_1-3_1x_907_522,1-3_1x,907,522,517,0.2468370558962088,0.7339135408401489,0.004345355867683091,0.2468370558962088,0.7318233251571655,0.20281681418418884,0.3818830054954789,1.0,20.0,12.0,1.5817154794931412
01_1-3_1x_907_562,1-3_1x,907,562,567,0.09856171804682118,0.7414596080780029,0.00371882094471219,0.09856171804682118,0.42911893129348755,0.11814883351325989,0.1895504431088377,0.0,1.0,5.0,-1.1676220148801804
01_1-3_1x_907_602,1-3_1x,907,602,597,0.0992180726241395,0.6892063617706299,0.004757621159820032,0.0992180726241395,0.29602426290512085,0.16686609387397766,0.31945860606518084,0.0,1.0,4.0,-0.5487671494483948
01_1-3_1x_907_652,1-3_1x,907,652,655,0.07473205025112044,0.6157184839248657,0.0021622640682304683,0.07473205025112044,0.3759820759296417,0.18387265503406525,0.4257830983486483,0.0,1.0,6.0,-0.7290911674499512
01_1-3_1x_907_850,1-3_1x,907,850,847,0.08551079794016558,0.4342336654663086,0.013156830931398734,0.08551079794016558,0.5235175080597401,0.24908922612667084,1.345377841295734,1.0,7.0,5.0,2.0704041179269552
01_1-3_1x_908_90,1-3_1x,908,90,86,0.23221241409162904,0.4907284080982208,0.0542969679374238,0.23221241409162904,0.41198983043432236,0.2639081999659538,1.1635127316877316,0.0,20.0,8.0,2.2441707625985146
01_1-3_1x_908_156,1-3_1x,908,156,151,0.25068460831696077,0.4983446002006531,0.0651400209789296,0.25068460831696077,0.3084348738193512,0.1610690802335739,0.47755935636625974,1.0,6.0,8.0,1.9989783018827438
01_1-3_1x_908_209,1-3_1x,908,209,204,0.2897010672801719,0.7233918309211731,0.030378801701748993,0.2897010672801719,0.5821853280067444,0.3057308942079544,0.732007394835396,0.0,45.0,14.0,3.576105013489723
01_1-3_1x_908_257,1-3_1x,908,257,256,0.11557599909414482,0.6616101264953613,0.010508748119171208,0.11557599909414482,0.5842113494873047,0.10578173398971558,0.1903136569056089,0.0,2.0,8.0,-0.2446717917919159
01_1-3_1x_908_325,1-3_1x,908,325,322,0.29556408618931845,0.7044664025306702,0.1748099725771782,0.29556408618931845,0.5178562104701996,0.2827467918395996,0.6704615689468729,1.0,,12.0,2.7352850884199142
01_1-3_1x_908_359,1-3_1x,908,359,356,0.21635104650455067,0.8667035102844238,0.026165010236405987,0.21635104650455067,0.4839284420013428,0.22698426246643066,0.354818560236615,0.0,3.0,8.0,1.3843853771686554
01_1-3_1x_908_394,1-3_1x,908,394,392,0.1937319751376681,0.8829161524772644,0.001807250296595185,0.1937319751376681,0.24083185195922852,0.15489599108695984,0.21276332621222194,1.0,2.0,3.0,-0.17859742045402527
01_1-3_1x_908_435,1-3_1x,908,435,437,0.1150492784510208,0.8998942375183105,0.01267266550320441,0.1150492784510208,0.4601888060569763,0.1926005482673645,0.27230632931468207,0.0,1.0,8.0,-0.15766525268554688
01_1-3_1x_908_538,1-3_1x,908,538,535,0.22588424347099245,0.8073809742927551,0.018494212891198132,0.22588424347099245,0.28468057513237,0.22211182117462158,0.37950372062371357,0.0,1.0,6.0,1.0216782689094543
01_1-3_1x_908_644,1-3_1x,908,644,641,0.30830671301209456,0.6133491396903992,0.11668002757352176,0.30830671301209456,0.31617558002471924,0.19192028045654297,0.4554037443127358,2.0,19.0,8.0,3.175359547138214
01_1-3_1x_908_717,1-3_1x,908,717,714,0.23742452327478117,0.8693320155143738,0.020661505762372835,0.23742452327478117,0.29178667068481445,0.4119591861963272,0.9007076061133056,0.0,6.0,4.0,1.9098683446645737
01_1-3_1x_908_740,1-3_1x,908,740,745,0.17581351333456047,0.670787513256073,0.032777998425820146,0.17581351333456047,0.5566682815551758,0.1293216049671173,0.2388360984272795,0.0,1.0,5.0,0.661355197429657
01_1-3_1x_908_787,1-3_1x,908,787,784,0.17709928789886842,0.6813863515853882,0.02371575413297885,0.17709928789886842,0.5208277106285095,0.16697606444358826,0.32459705534146993,0.0,2.0,6.0,0.5848275572061539
01_1-3_1x_908_811,1-3_1x,908,811,807,0.2605709930693383,0.6978061199188232,0.06608340402307325,0.2605709930693383,0.3566484749317169,0.18484553694725037,0.36035037210158133,0.0,4.0,9.0,1.7947404980659485
01_1-3_1x_908_838,1-3_1x,908,838,836,0.21488792652207245,0.6734782457351685,0.02278368033233656,0.21488792652207245,0.6557096242904663,0.06714922189712524,0.11074716739118445,0.0,2.0,7.0,1.1109189987182617
01_1-3_1x_923_382,1-3_1x,923,382,378,0.36111491625224357,0.5794252753257751,0.04208354568952124,0.36111491625224357,0.17333313822746277,0.39269307255744934,2.1029745632286803,2.0,,17.0,6.234253220260143
01_1-3_1x_923_470,1-3_1x,923,470,467,0.21873188816733355,0.6228524446487427,0.0010885619783401485,0.21873188816733355,0.10601234436035156,0.2166753113269806,0.5334502943456851,0.0,1.0,13.0,1.9107953906059265
01_1-3_1x_923_550,1-3_1x,923,550,545,0.08078328877068368,0.5067170262336731,0.0011786181026103096,0.08078328877068368,0.3662792146205902,0.08905783295631409,0.21323086954576523,0.0,1.0,4.0,-0.23876583576202393
01_1-3_1x_923_794,1-3_1x,923,794,791,0.2742110215658045,0.5597251057624817,0.026590809041526303,0.2742110215658045,0.14745281636714935,0.3853447958827019,2.209795338409273,3.0,,14.0,4.1840982139110565
01_1-3_1x_923_811,1-3_1x,923,811,806,0.32271873911949245,0.6704278588294983,0.019889309533283717,0.32271873911949245,0.2548295855522156,0.29321733117103577,0.7773307203040827,3.0,,10.0,5.556950822472572
01_1-3_1x_943_193,1-3_1x,943,193,190,0.11453159338840146,0.4679381847381592,0.0021265476329865815,0.11453159338840146,0.23926898837089539,0.21385490894317627,0.8416725117938637,1.0,4.0,5.0,1.3308807462453842
01_1-3_1x_943_212,1-3_1x,943,212,217,0.10476799282385851,0.43447235226631165,0.00244985964343059,0.10476799282385851,0.7268490791320801,0.14532628655433655,0.5026050975187721,0.0,1.0,5.0,1.1399454027414322
01_1-3_1x_943_282,1-3_1x,943,282,279,0.34450641777696617,0.6809900403022766,0.11154210230513512,0.34450641777696617,0.6256768256425858,0.34920579195022583,1.0525086518866,1.0,1.0,11.0,3.687112368643284
01_1-3_1x_943_349,1-3_1x,943,349,353,0.17873111993294594,0.9104618430137634,0.0028142144328687202,0.17873111993294594,0.7285624742507935,0.14367392659187317,0.18737114072207564,0.0,2.0,6.0,-0.37368983030319214
01_1-3_1x_943_398,1-3_1x,943,398,401,0.16129422588049788,0.8607481718063354,0.006382408425849338,0.16129422588049788,0.37705862522125244,0.161687970161438,0.23129334180516092,0.0,1.0,3.0,-0.7451463043689728
01_1-3_1x_943_431,1-3_1x,943,431,428,0.0976790725507932,0.7476877570152283,0.043789900173281514,0.0976790725507932,0.3567409813404083,0.09013062715530396,0.13706889190678226,0.0,1.0,5.0,-0.7999480217695236
01_1-3_1x_943_458,1-3_1x,943,458,463,0.1246462848262021,0.70924973487854,0.003601007415286795,0.1246462848262021,0.31753575801849365,0.10452553629875183,0.17284827785002319,0.0,1.0,2.0,-1.5957519263029099
01_1-3_1x_943_509,1-3_1x,943,509,510,0.09844024874378642,0.5954882502555847,0.0019317302025370177,0.09844024874378642,0.20481735467910767,0.12762245535850525,0.2727757761957774,0.0,1.0,4.0,-0.07135243713855743
01_1-3_1x_943_661,1-3_1x,943,661,657,0.08783550860355038,0.42001640796661377,0.0070030458861549925,0.08783550860355038,0.42386312037706375,0.1407138854265213,0.5038045634060556,0.0,1.0,5.0,-0.2953227311372757
01_1-3_1x_943_699,1-3_1x,943,699,694,0.08357150634915986,0.3787887394428253,0.01883686889234445,0.08357150634915986,0.26025180518627167,0.11280663311481476,0.42411361678481113,0.0,1.0,6.0,-0.16274380451068282
01_1-3_1x_943_756,1-3_1x,943,756,759,0.09863092553467331,0.35439932346343994,0.06283406249835627,0.09863092553467331,0.362627100199461,0.1330166831612587,0.6008451384430801,0.0,1.0,9.0,0.39929391629993916
01_1-3_1x_943_791,1-3_1x,943,791,789,0.13304646471967246,0.4765775501728058,0.008479977078463596,0.13304646471967246,0.38963504135608673,0.21531853079795837,0.8241573106765173,0.0,1.0,9.0,0.840484868735075
01_1-3_1x_972_67,1-3_1x,972,67,62,0.09203047981390577,0.6270414590835571,0.01826916641664026,0.09203047981390577,0.19412848353385925,0.04575201869010925,0.07870780976021487,1.0,2.0,2.0,-1.1688705384731293
01_1-3_1x_972_136,1-3_1x,972,136,133,0.26988859746991034,0.5501288175582886,0.008127466673181807,0.26988859746991034,0.5171838402748108,0.19478966295719147,0.54817956432598,0.0,21.0,9.0,2.157346725463867
01_1-3_1x_972_195,1-3_1x,972,195,191,0.2956604139792555,0.6344125270843506,0.060052027705795166,0.2956604139792555,0.5048074424266815,0.20654995739459991,0.48274836834727625,1.0,28.0,6.0,2.498148635029793
01_1-3_1x_972_280,1-3_1x,972,280,275,0.2920953310613069,0.7573699951171875,0.021004438410300384,0.2920953310613069,0.33550405502319336,0.3289811909198761,0.7679500203939755,2.0,27.0,11.0,4.145449608564377
01_1-3_1x_972_320,1-3_1x,972,320,318,0.19549169794000548,0.726858913898468,0.004716372631443905,0.19549169794000548,0.28012752532958984,0.1473688781261444,0.25430787248953546,0.0,1.0,3.0,0.09685878455638885
01_1-3_1x_972_346,1-3_1x,972,346,341,0.1742856866056275,0.7770205140113831,0.014884018184166266,0.1742856866056275,0.23390674591064453,0.2030537724494934,0.3537727149432726,0.0,2.0,6.0,1.5685876905918121
01_1-3_1x_972_374,1-3_1x,972,374,369,0.10392296934529813,0.7189575433731079,0.001228659591183224,0.10392296934529813,0.389259397983551,0.1306591033935547,0.2220966341472805,0.0,1.0,5.0,-1.1948811709880829
01_1-3_1x_972_457,1-3_1x,972,457,452,0.3290461332575109,0.7354071736335754,0.06605806893104423,0.3290461332575109,0.35842379927635193,0.32046695053577423,0.7723207650086994,4.0,,7.0,4.671849429607391
01_1-3_1x_972_569,1-3_1x,972,569,564,0.2279832482338603,0.45023036003112793,0.014459295068129317,0.2279832482338603,0.45313750207424164,0.21924635767936707,0.949184166206806,3.0,9.0,11.0,2.682755619287491
01_1-3_1x_972_664,1-3_1x,972,664,659,0.2366426150272627,0.3439265191555023,0.014334493526285425,0.2366426150272627,0.26111214607954025,0.15079853683710098,0.7808217899179741,4.0,6.0,8.0,1.8810590654611588
01_1-3_1x_972_693,1-3_1x,972,693,690,0.2994348980324596,0.5093329548835754,0.021223749102369627,0.2994348980324596,0.5222572237253189,0.15680454671382904,0.44479974685706997,2.0,27.0,8.0,2.7603059262037277
01_1-3_1x_972_799,1-3_1x,972,799,796,0.28500011384740365,0.5114592909812927,0.023724337826022613,0.28500011384740365,0.6131070926785469,0.16395005583763123,0.47178618366747493,1.0,21.0,4.0,2.1680748872458935
01_1-3_1x_976_140,1-3_1x,976,140,135,0.34505548437833194,0.7049567103385925,0.18978197030736582,0.34505548437833194,0.4753558933734894,0.4074861407279968,1.3698368254090385,2.0,37.0,10.0,5.220959976315498
01_1-3_1x_976_158,1-3_1x,976,158,156,0.14986147927399573,0.8563764095306396,0.018902420767229772,0.14986147927399573,0.3820642828941345,0.3529469072818756,0.7010850689228596,1.0,1.0,9.0,3.0724606961011887
01_1-3_1x_976_195,1-3_1x,976,195,192,0.2433739422078035,0.632773220539093,0.004071513439041483,0.2433739422078035,0.1935684084892273,0.10030907392501831,0.18838653186863571,4.0,31.0,5.0,2.2330780923366547
01_1-3_1x_976_276,1-3_1x,976,276,272,0.2926892606979254,0.711033821105957,0.011476434922752176,0.2926892606979254,0.30886512994766235,0.178573876619339,0.33537523050962,0.0,,7.0,2.372936874628067
01_1-3_1x_976_308,1-3_1x,976,308,307,0.1642082629300992,0.9149856567382812,0.00530764551567655,0.1642082629300992,0.3407318592071533,0.2474837303161621,0.3707610727697837,0.0,1.0,6.0,1.5120786726474762
01_1-3_1x_976_389,1-3_1x,976,389,385,0.26600538132596496,0.8031681776046753,0.010291752697679228,0.26600538132596496,0.4352948069572449,0.21892929077148438,0.3747256399829339,2.0,5.0,9.0,1.7670790553092957
01_1-3_1x_976_465,1-3_1x,976,465,460,0.2852013788781993,0.7717500925064087,0.009473738102965897,0.2852013788781993,0.3289114534854889,0.21418040990829468,0.38413209432456175,0.0,10.0,12.0,3.2115978598594666
01_1-3_1x_976_493,1-3_1x,976,493,488,0.16899792451454226,0.8108608722686768,0.0538102764599399,0.16899792451454226,0.4176204204559326,0.08978086709976196,0.12450888452902056,0.0,3.0,3.0,-1.0405515730381012
01_1-3_1x_976_555,1-3_1x,976,555,550,0.23398235226248748,0.7183343768119812,0.0042681994215337925,0.23398235226248748,0.2156921923160553,0.2708909213542938,0.6054193396955623,2.0,5.0,4.0,1.5912783294916153
01_1-3_1x_976_683,1-3_1x,976,683,688,0.0977045948033391,0.5573217868804932,0.0034479665065070522,0.0977045948033391,0.3652549982070923,0.2673186808824539,0.9217786822057736,0.0,1.0,6.0,0.6912115290760994
01_1-3_1x_976_753,1-3_1x,976,753,748,0.2902841963771621,0.5754498243331909,0.023890471425872205,0.2902841963771621,0.18730086088180542,0.3146374970674515,1.2063750987769455,3.0,,9.0,3.455189511179924
01_1-3_1x_976_767,1-3_1x,976,767,763,0.2554798903379307,0.723842442035675,0.01280033861363217,0.2554798903379307,0.3032885491847992,0.3616829514503479,0.9986841732789908,5.0,25.0,8.0,5.631546795368195
01_1-3_1x_976_834,1-3_1x,976,834,837,0.24638280471960658,0.6407877206802368,0.005118881154079702,0.24638280471960658,0.22402316331863403,0.17483197152614594,0.37521153423590287,0.0,2.0,3.0,0.992616817355156
01_1-3_1x_981_49,1-3_1x,981,49,44,0.2724842894082382,0.6813017129898071,0.04276119502439512,0.2724842894082382,0.13969489932060242,0.23129065334796906,0.5139665979143987,2.0,24.0,9.0,2.4882588982582092
01_1-3_1x_981_75,1-3_1x,981,75,70,0.2225180997259132,0.8049025535583496,0.014661843602498004,0.2225180997259132,0.45061635971069336,0.18609610199928284,0.30073393955479705,1.0,4.0,5.0,1.458928719162941
01_1-3_1x_981_100,1-3_1x,981,100,95,0.2083252208447055,0.8369256854057312,0.051088095405850895,0.2083252208447055,0.3175807595252991,0.10037651658058167,0.13627945129676766,1.0,12.0,5.0,1.235178530216217
01_1-3_1x_981_166,1-3_1x,981,166,171,0.10565208240266742,0.8255917429924011,0.014532276037634696,0.10565208240266742,0.5542699694633484,0.17861145734786987,0.27606939702951616,0.0,1.0,6.0,-0.7078772187232971
01_1-3_1x_981_374,1-3_1x,981,374,371,0.31237849832509723,0.5331869721412659,0.01413580961202854,0.31237849832509723,0.2265404462814331,0.3891226276755333,2.7010335494088253,0.0,,13.0,4.689556881785393
01_1-3_1x_981_408,1-3_1x,981,408,403,0.2787483508038851,0.6727635264396667,0.007108487195663792,0.2787483508038851,0.5049073696136475,0.24282166361808777,0.5647779028181213,2.0,9.0,13.0,2.6719714254140854
01_1-3_1x_981_483,1-3_1x,981,483,482,0.22581328341318727,0.639096200466156,0.030795808866789204,0.22581328341318727,0.20465248823165894,0.08195418119430542,0.14709746951309535,0.0,3.0,10.0,1.3993747234344482
01_1-3_1x_981_548,1-3_1x,981,548,543,0.2146789156502012,0.8254295587539673,0.010314517723971073,0.2146789156502012,0.4729706346988678,0.28934940695762634,0.5397502705296042,0.0,2.0,7.0,1.3647033274173737
01_1-3_1x_981_620,1-3_1x,981,620,615,0.2101306693909455,0.7855280041694641,0.017125981909143183,0.2101306693909455,0.24750405550003052,0.21806326508522034,0.38427632602710043,0.0,4.0,7.0,1.2820331007242203
01_1-3_1x_981_651,1-3_1x,981,651,651,0.18151842227491863,0.7398801445960999,0.00023843396570548593,0.18151842227491863,0.19441813230514526,0.15081661939620972,0.2560277677098277,0.0,1.0,9.0,0.6847715079784393
01_1-3_1x_981_727,1-3_1x,981,727,722,0.15041197269928858,0.6326818466186523,0.004453007178633921,0.15041197269928858,0.2398279309272766,0.08174851536750793,0.1483818653372465,0.0,5.0,9.0,0.8367497622966766
01_1-3_1x_981_761,1-3_1x,981,761,758,0.16550077016869966,0.719118058681488,0.00501006803329208,0.16550077016869966,0.24069491028785706,0.12344300746917725,0.20723212633792115,0.0,2.0,7.0,0.8672130703926086
01_1-3_1x_981_779,1-3_1x,981,779,779,0.1233818102572885,0.7235656976699829,0.009644450357293242,0.1233818102572885,0.20464986562728882,0.10884824395179749,0.1770703650814159,0.0,1.0,7.0,0.7187361121177673
01_1-3_1x_985_81,1-3_1x,985,81,77,0.2577817932629902,0.6038970351219177,0.008922223387267636,0.2577817932629902,0.5794718712568283,0.2854491025209427,0.8963760580559934,1.0,5.0,7.0,2.1177673786878586
01_1-3_1x_985_139,1-3_1x,985,139,136,0.18102401028797777,0.4657072126865387,0.0018872968906297211,0.18102401028797777,0.3947223573923111,0.18762217462062836,0.6746935251372966,0.0,5.0,4.0,1.471453994512558
01_1-3_1x_985_195,1-3_1x,985,195,194,0.32238794398293247,0.5427912473678589,0.03495290755113972,0.32238794398293247,0.5439827144145966,0.25834161043167114,0.9082156448300422,0.0,9.0,3.0,2.773693762719631
01_1-3_1x_985_252,1-3_1x,985,252,248,0.24984251925113576,0.7978920340538025,0.015994419608201693,0.24984251925113576,0.4510814845561981,0.19567334651947021,0.3249207481764088,0.0,1.0,4.0,1.0743109285831451
01_1-3_1x_985_324,1-3_1x,985,324,320,0.1963922004749167,0.834950864315033,0.03628973245322022,0.1963922004749167,0.4110402464866638,0.2794174253940582,0.5029713889712509,0.0,3.0,5.0,-0.4111650735139847
01_1-3_1x_985_383,1-3_1x,985,383,379,0.21407966517813692,0.6204136610031128,0.012745021775716132,0.21407966517813692,0.2127697467803955,0.20169679820537567,0.4817021145451363,2.0,1.0,6.0,0.6313096284866333
01_1-3_1x_985_414,1-3_1x,985,414,409,0.1965912175348085,0.6325851082801819,0.01680186142123239,0.1965912175348085,0.25040575861930847,0.1689632534980774,0.3644419514638447,1.0,2.0,7.0,0.4328802824020386
01_1-3_1x_985_433,1-3_1x,985,433,436,0.19886200799607184,0.8146443367004395,0.005564771024886054,0.19886200799607184,0.35455578565597534,0.31066468358039856,0.6164230671955373,1.0,2.0,3.0,1.6979631334543228
01_1-3_1x_985_466,1-3_1x,985,466,470,0.18248952504916618,0.7789220213890076,0.01638586153638183,0.18248952504916618,0.15150290727615356,0.14550885558128357,0.22972186786760534,3.0,2.0,2.0,0.6664786636829376
01_1-3_1x_985_486,1-3_1x,985,486,487,0.13927773118911882,0.7770789265632629,0.025439528009764876,0.13927773118911882,0.5178078413009644,0.11781126260757446,0.17870019879435942,0.0,1.0,3.0,0.04580730199813843
01_1-3_1x_985_534,1-3_1x,985,534,530,0.11625897322624568,0.5971960425376892,0.00043170567504045783,0.11625897322624568,0.39163362979888916,0.10504460334777832,0.21343959396051632,0.0,1.0,4.0,-0.41683240234851837
01_1-3_1x_985_624,1-3_1x,985,624,620,0.19490891821185347,0.6345379948616028,0.024742975394853626,0.19490891821185347,0.375569149851799,0.39620860666036606,1.662441252632352,2.0,1.0,8.0,2.615168146789074
01_1-3_1x_985_661,1-3_1x,985,661,663,0.1486998605779441,0.44679689407348633,0.01582939437493692,0.1486998605779441,0.6465051472187042,0.13768824934959412,0.4454364240527229,0.0,1.0,4.0,0.8906780257821083
01_1-3_1x_985_703,1-3_1x,985,703,698,0.21436304623304453,0.46906977891921997,0.013267924607000615,0.21436304623304453,0.19022050499916077,0.10871754586696625,0.30169799406016556,1.0,6.0,4.0,1.3231077045202255
01_1-3_1x_985_733,1-3_1x,985,733,729,0.14749963502278382,0.5346745252609253,0.000899161772472014,0.14749963502278382,0.376205712556839,0.07806931436061859,0.17097771224880726,1.0,1.0,6.0,-0.8397731482982635
01_1-3_1x_985_808,1-3_1x,985,808,803,0.30381674476125425,0.6099746823310852,0.28385978932218203,0.30381674476125425,0.6159957200288773,0.36325298249721527,1.4723187410828138,1.0,38.0,13.0,5.144508711993694
01_1-3_1x_992_146,1-3_1x,992,146,150,0.13702551196730253,0.6197317838668823,0.0008649707256659881,0.13702551196730253,0.32264500856399536,0.11464551091194153,0.2269820366354901,0.0,1.0,2.0,-0.14781230688095093
01_1-3_1x_992_192,1-3_1x,992,192,187,0.2808117227420456,0.6938124299049377,0.13947720454114332,0.2808117227420456,0.3909608721733093,0.19319000840187073,0.38589963234534663,0.0,24.0,4.0,1.3812279552221298
01_1-3_1x_992_245,1-3_1x,992,245,240,0.16682867387602915,0.857184648513794,0.022843000427060677,0.16682867387602915,0.3095957040786743,0.20004713535308838,0.3044220294027957,2.0,1.0,6.0,0.8436300754547119
01_1-3_1x_992_343,1-3_1x,992,343,344,0.14468513011116582,0.5754042863845825,0.0031092633104705027,0.14468513011116582,0.18246939778327942,0.11590182781219482,0.25223331377221836,0.0,1.0,6.0,0.18781310319900513
01_1-3_1x_992_379,1-3_1x,992,379,374,0.24960320716014245,0.7197829484939575,0.027763854499440035,0.24960320716014245,0.4894551634788513,0.27528300881385803,0.6193094402036937,0.0,7.0,8.0,1.5694677233695984
01_1-3_1x_992_476,1-3_1x,992,476,472,0.287100853906197,0.661838948726654,0.40926460552036215,0.287100853906197,0.42819422483444214,0.18900127708911896,0.399717045459953,3.0,5.0,10.0,2.138655975461006
01_1-3_1x_992_499,1-3_1x,992,499,501,0.18478203634890034,0.7003428339958191,0.033421164898600225,0.18478203634890034,0.22039949893951416,0.10002467036247253,0.16661943019862402,0.0,4.0,4.0,2.3508594632148743
01_1-3_1x_992_540,1-3_1x,992,540,539,0.19489155543352427,0.765153706073761,0.04096399382904271,0.19489155543352427,0.40454453229904175,0.08129921555519104,0.11888379279858421,2.0,1.0,4.0,0.6615568995475769
01_1-3_1x_992_613,1-3_1x,992,613,608,0.15680232637561717,0.7861379981040955,0.003874948468716516,0.15680232637561717,0.18153321743011475,0.1400986611843109,0.21685778741009737,1.0,1.0,4.0,0.8708304464817047
01_1-3_1x_992_698,1-3_1x,992,698,701,0.12119346600412297,0.6561772227287292,0.006372279348856419,0.12119346600412297,0.2896696925163269,0.05090910196304321,0.08411000053768132,0.0,1.0,3.0,-0.7185583710670471
01_1-3_1x_1009_185,1-3_1x,1009,185,188,0.06706521165572518,0.3082237243652344,0.5,0.06706521165572518,0.22758834064006805,0.06503701955080032,0.26743657553330247,2.0,1.0,1.0,0.06633418053388596
01_1-3_1x_1009_509,1-3_1x,1009,509,504,0.44286655616344506,0.5494639873504639,0.5,0.44286655616344506,0.33228811621665955,0.30166129022836685,1.217344660618172,3.0,,14.0,8.405066721141338
01_1-3_1x_1012_65,1-3_1x,1012,65,62,0.11487116760633836,0.617897093296051,0.003359284527346797,0.11487116760633836,0.3456224948167801,0.22942307591438293,0.5905750852031354,0.0,1.0,4.0,0.03326310217380524
01_1-3_1x_1012_197,1-3_1x,1012,197,194,0.3729768091560253,0.6789702773094177,0.1181206608445915,0.3729768091560253,0.38126909732818604,0.3574543744325638,1.1117782082756724,3.0,1.0,12.0,4.048016250133514
01_1-3_1x_1012_272,1-3_1x,1012,272,268,0.19137342056217083,0.6556090712547302,0.03687693678562511,0.19137342056217083,0.39023786783218384,0.11452600359916687,0.2116606681029438,0.0,3.0,7.0,-0.04328656196594238
01_1-3_1x_1012_309,1-3_1x,1012,309,304,0.15312927045404195,0.7137235999107361,0.0099924662554279,0.15312927045404195,0.2843642234802246,0.18831035494804382,0.35840427844831946,0.0,1.0,3.0,-0.07715694606304169
01_1-3_1x_1012_375,1-3_1x,1012,375,373,0.1345755833839452,0.580877959728241,0.028231005794609777,0.1345755833839452,0.6744754910469055,0.1689935326576233,0.4102935715718364,0.0,5.0,7.0,0.3387201279401779
01_1-3_1x_1012_490,1-3_1x,1012,490,485,0.13986865582931746,0.4447677433490753,0.0035413364553221706,0.13986865582931746,0.23177111148834229,0.13445203006267548,0.433274965804215,1.0,11.0,4.0,1.9523884952068329
01_1-3_1x_1012_563,1-3_1x,1012,563,565,0.10359117882697884,0.4982356131076813,0.007847643904016904,0.10359117882697884,0.3967685401439667,0.22141125798225403,0.7998257880233626,0.0,1.0,8.0,1.4939475059509277
01_1-3_1x_1012_647,1-3_1x,1012,647,642,0.38010325918571025,0.8331279158592224,0.053415442997403875,0.38010325918571025,0.39371610432863235,0.5247109979391098,1.7013042004233456,4.0,,12.0,5.416632853448391
01_1-3_1x_1012_721,1-3_1x,1012,721,717,0.16157947221627744,0.6641724705696106,0.0358378298452663,0.16157947221627744,0.3293655812740326,0.09692949056625366,0.1708782549687614,0.0,4.0,8.0,-0.2708842307329178
01_1-3_1x_1012_769,1-3_1x,1012,769,764,0.12370515993841384,0.5851069092750549,0.002602849452761899,0.12370515993841384,0.508252888917923,0.057469338178634644,0.10891820697910976,0.0,1.0,3.0,-1.397201582789421
01_1-3_1x_1012_811,1-3_1x,1012,811,806,0.22455517653642243,0.6115676760673523,0.009970848957557649,0.22455517653642243,0.25836917757987976,0.18444743752479553,0.43183961067772686,2.0,6.0,9.0,2.1010279804468155
01_1-3_1x_1012_823,1-3_1x,1012,823,822,0.20522007309030138,0.696186363697052,0.0018809055980280646,0.20522007309030138,0.33075106143951416,0.23768213391304016,0.5183859133099064,2.0,1.0,8.0,3.834358438849449
01_1-3_1x_1021_60,1-3_1x,1021,60,63,0.2280641879967688,0.9148414731025696,0.06980458844596427,0.2280641879967688,0.49241316318511963,0.2652888000011444,0.4084176864894844,0.0,1.0,7.0,1.9064581990242004
01_1-3_1x_1021_169,1-3_1x,1021,169,164,0.133345340954924,0.6307174563407898,0.01972167490750633,0.133345340954924,0.25351303815841675,0.16100049018859863,0.3427606447931316,0.0,6.0,7.0,0.4176114499568939
01_1-3_1x_1021_241,1-3_1x,1021,241,238,0.20449720742680466,0.7799022793769836,0.023904829236198362,0.20449720742680466,0.2551710605621338,0.2378734052181244,0.4388574420269866,2.0,1.0,12.0,2.744187295436859
01_1-3_1x_1021_305,1-3_1x,1021,305,302,0.13217657401990085,0.7159745097160339,0.0016280210037434514,0.13217657401990085,0.6417819857597351,0.1765904426574707,0.32739276786664434,0.0,5.0,11.0,0.41232097148895264
01_1-3_1x_1021_395,1-3_1x,1021,395,394,0.14506294422233043,0.5085194110870361,0.01225286362904642,0.14506294422233043,0.6302636563777924,0.1361752152442932,0.3657240176285866,0.0,1.0,9.0,0.7390876412391663
01_1-3_1x_1021_487,1-3_1x,1021,487,484,0.12594755332312038,0.42522644996643066,0.002095594550161744,0.12594755332312038,0.3720460832118988,0.12635503709316254,0.42277391430120304,2.0,1.0,6.0,1.50050538033247
01_1-3_1x_1021_538,1-3_1x,1021,538,533,0.2465611449646646,0.6311323046684265,0.304694701713401,0.2465611449646646,0.4729140102863312,0.29733240604400635,0.8907504384192586,1.0,3.0,8.0,2.1942471340298653
01_1-3_1x_1021_585,1-3_1x,1021,585,581,0.07285415560462356,0.5927060842514038,0.003276262661000918,0.07285415560462356,0.3726341426372528,0.17530333995819092,0.4199860742531333,0.0,1.0,2.0,-0.08626972138881683
01_1-3_1x_1021_655,1-3_1x,1021,655,655,0.16083534570979194,0.5923178195953369,0.026075119039307072,0.16083534570979194,0.41248637437820435,0.2737349569797516,0.8592268734494077,0.0,1.0,3.0,1.0016833581030369
01_1-3_1x_1021_699,1-3_1x,1021,699,699,0.09179610285487438,0.45639631152153015,0.010643946456390016,0.09179610285487438,0.07945510745048523,0.07713198661804199,0.20337263895746024,0.0,1.0,5.0,-0.15615680813789368
01_1-3_1x_1021_746,1-3_1x,1021,746,743,0.2041889264740771,0.49277812242507935,0.06110983098136727,0.2041889264740771,0.36183962225914,0.16289976239204407,0.49381766774798647,3.0,1.0,3.0,1.8034683167934418
01_1-3_1x_1021_818,1-3_1x,1021,818,816,0.23175663915774053,0.5588749647140503,0.010638959986753255,0.23175663915774053,0.4164853096008301,0.2028828114271164,0.5699080992484417,0.0,1.0,9.0,1.749665006995201
01_1-3_1x_1021_850,1-3_1x,1021,850,845,0.12879945470309784,0.7814018130302429,0.007648256223849067,0.12879945470309784,0.4453555643558502,0.30639325082302094,0.645026795726173,2.0,1.0,2.0,0.054389819502830505
01_1-3_1x_1023_102,1-3_1x,1023,102,107,0.17715835467898122,0.7161636352539062,0.02583689644666577,0.17715835467898122,0.40492376685142517,0.1370927393436432,0.23674603630034283,2.0,1.0,8.0,-1.4584999233484268
01_1-3_1x_1023_134,1-3_1x,1023,134,134,0.1298921583019783,0.719467043876648,0.03219327395677347,0.1298921583019783,0.4723644256591797,0.17038768529891968,0.3103152260909466,0.0,2.0,4.0,-0.33366140723228455
01_1-3_1x_1023_221,1-3_1x,1023,221,216,0.1779896992741899,0.5396540760993958,0.019382854734686882,0.1779896992741899,0.9237732291221619,0.1542000025510788,0.4000476662020533,1.0,5.0,7.0,0.43246258795261383
01_1-3_1x_1023_327,1-3_1x,1023,327,324,0.2393474796958689,0.5706740617752075,0.023989785413579746,0.2393474796958689,0.5870139598846436,0.24983571469783783,0.7786965522471986,1.0,1.0,8.0,2.80201618373394
01_1-3_1x_1023_411,1-3_1x,1023,411,412,0.2558318507605539,0.5677382349967957,0.12769119618519978,0.2558318507605539,0.1473402976989746,0.20007658004760742,0.5441866927223034,4.0,1.0,5.0,3.1441802978515625
01_1-3_1x_1023_465,1-3_1x,1023,465,470,0.09729510686114815,0.6559097766876221,0.00229149715263851,0.09729510686114815,0.4255492687225342,0.16342860460281372,0.33184741644228843,0.0,2.0,4.0,-0.9633869230747223
01_1-3_1x_1023_516,1-3_1x,1023,516,512,0.08710438447436386,0.5629246234893799,0.007707785380807425,0.08710438447436386,0.5230910331010818,0.2100570648908615,0.5952858509440304,1.0,1.0,5.0,-0.5584785714745522
01_1-3_1x_1023_578,1-3_1x,1023,578,573,0.2243770886238144,0.6095863580703735,0.11951367872812406,0.2243770886238144,0.48772644996643066,0.25711268186569214,0.7294521526662514,0.0,3.0,10.0,1.6623860970139503
01_1-3_1x_1023_651,1-3_1x,1023,651,646,0.2144228966989741,0.7225534319877625,0.03728491423761585,0.2144228966989741,0.28941312432289124,0.34453223645687103,0.9114098376759308,1.0,3.0,7.0,1.4921078011393547
01_1-3_1x_1023_734,1-3_1x,1023,734,730,0.3033117422106583,0.7997246980667114,0.18288466018211325,0.3033117422106583,0.32176217436790466,0.42803944647312164,1.1516180548943358,0.0,,9.0,4.529056906700134
01_1-3_1x_1023_754,1-3_1x,1023,754,749,0.16840554419147796,0.7361839413642883,0.01005554645852167,0.16840554419147796,0.25274235010147095,0.1565817892551422,0.27015391279233203,2.0,7.0,6.0,1.9615434110164642
01_1-3_1x_1023_802,1-3_1x,1023,802,799,0.10010130332917377,0.5456728339195251,0.10188890268728544,0.10010130332917377,0.2807691693305969,-0.0033541619777679443,-0.006109284248010657,0.0,0.0,2.0,-2.295703962445259
01_1-3_1x_1023_840,1-3_1x,1023,840,836,0.1150263073662948,0.5617096424102783,0.00519208301510487,0.1150263073662948,0.3757321834564209,0.16377948224544525,0.41157845933970805,1.0,1.0,7.0,-0.13834385573863983
01_1-3_1x_1035_180,1-3_1x,1035,180,180,0.2928599784481946,0.6318818926811218,0.03164245369631261,0.2928599784481946,0.5884375870227814,0.28315630555152893,0.8119745610932265,2.0,1.0,6.0,3.207463026046753
01_1-3_1x_1035_275,1-3_1x,1035,275,270,0.22952273942891815,0.9450916051864624,0.0032907213119485624,0.22952273942891815,0.2469695806503296,0.37385639548301697,0.6544701536817086,2.0,1.0,4.0,2.1161690205335617
01_1-3_1x_1035_362,1-3_1x,1035,362,358,0.31777860347307574,0.7429472804069519,0.05234717338402009,0.31777860347307574,0.4549638628959656,0.21350160241127014,0.4032549726716468,1.0,49.0,10.0,3.455846458673477
01_1-3_1x_1035_379,1-3_1x,1035,379,383,0.16836093691713155,0.8839800953865051,0.009708709253838821,0.16836093691713155,0.38244253396987915,0.21749529242515564,0.3263319605469962,3.0,3.0,9.0,2.8572594821453094
01_1-3_1x_1035_412,1-3_1x,1035,412,412,0.1453528773678291,0.8777804374694824,0.002026281096667843,0.1453528773678291,0.36931973695755005,0.1672763228416443,0.23543329221853077,0.0,1.0,6.0,0.9890073835849762
01_1-3_1x_1035_513,1-3_1x,1035,513,512,0.0993684682064225,0.6023839116096497,0.006850899510394468,0.0993684682064225,0.28741002082824707,0.1298903524875641,0.2749039642548911,0.0,1.0,2.0,0.41880762577056885
01_1-3_1x_1035_647,1-3_1x,1035,647,643,0.39307387305722163,0.6124153137207031,0.37622201457344795,0.39307387305722163,0.4475431442260742,0.34658776223659515,1.3038067736079466,0.0,,13.0,6.128662690520287
01_1-3_1x_1035_772,1-3_1x,1035,772,768,0.08817679710221168,0.4511360228061676,0.0009783348630783945,0.08817679710221168,0.23979118466377258,0.11708498001098633,0.35050026795688033,0.0,1.0,2.0,0.1685698851943016
01_1-3_1x_1037_142,1-3_1x,1037,142,141,0.12787256771787722,0.7272316813468933,0.042893336075359695,0.12787256771787722,0.33538612723350525,0.08159998059272766,0.12638781599077356,1.0,1.0,2.0,-0.36190828680992126
01_1-3_1x_1037_182,1-3_1x,1037,182,185,0.10652818758810995,0.6940372586250305,0.0012426234997845865,0.10652818758810995,0.3498256802558899,0.12046787142753601,0.21003190567082317,0.0,1.0,3.0,-0.7871751189231873
01_1-3_1x_1037_267,1-3_1x,1037,267,268,0.07342402091445371,0.4512379467487335,0.00180341574490264,0.07342402091445371,0.24008283019065857,0.09519310295581818,0.2673626780877773,0.0,3.0,5.0,-0.4324210584163666
01_1-3_1x_1037_355,1-3_1x,1037,355,358,0.07837056576654308,0.48696503043174744,0.009437399973559166,0.07837056576654308,0.2432216852903366,0.22032099962234497,0.82627388640037,0.0,1.0,5.0,0.6037735119462013
01_1-3_1x_1037_389,1-3_1x,1037,389,394,0.08081910697727142,0.3544740676879883,0.007641950850651955,0.08081910697727142,0.33949683606624603,0.09768152981996536,0.38039084247131916,0.0,1.0,5.0,0.023436523973941803
01_1-3_1x_1037_473,1-3_1x,1037,473,470,0.3876201611897623,0.660707950592041,0.32974090766735814,0.3876201611897623,0.72233746945858,0.41260525584220886,1.6630422182969378,0.0,,14.0,6.136724315583706
01_1-3_1x_1037_651,1-3_1x,1037,651,646,0.33309508199448096,0.6141073703765869,0.053999979337508025,0.33309508199448096,0.3538937568664551,0.2252783477306366,0.5793763701012736,3.0,,8.0,3.457852780818939
01_1-3_1x_1037_703,1-3_1x,1037,703,699,0.15162585750063334,0.7203941345214844,0.05104371779627103,0.15162585750063334,0.2702059745788574,0.08847126364707947,0.14000326262073712,0.0,1.0,5.0,-1.1602261364459991
01_1-3_1x_1037_793,1-3_1x,1037,793,793,0.08109197157164089,0.5694976449012756,0.0055676956802213394,0.08109197157164089,0.2684754431247711,0.11221413314342499,0.24539291327618812,0.0,1.0,2.0,-0.2137165516614914
01_1-3_1x_1037_823,1-3_1x,1037,823,818,0.0766344329602726,0.548880934715271,0.008135874624740646,0.0766344329602726,0.5132941156625748,0.14200636744499207,0.3490175569284476,1.0,1.0,5.0,-0.8462830036878586
01_1-3_1x_1046_59,1-3_1x,1046,59,56,0.29555179741835413,0.5182847380638123,0.09414253552289192,0.29555179741835413,0.15900972485542297,0.21427451074123383,0.7048266521437516,2.0,,13.0,3.782156839966774
01_1-3_1x_1046_84,1-3_1x,1046,84,80,0.2780124037207591,0.8166913390159607,0.15375309630735973,0.2780124037207591,0.3452814519405365,0.2924576699733734,0.5578765486533734,1.0,12.0,8.0,2.9368693828582764
01_1-3_1x_1046_99,1-3_1x,1046,99,102,0.225063339522374,0.7994256615638733,0.05429102677625881,0.225063339522374,0.269783079624176,0.185301274061203,0.30173247933489256,0.0,1.0,4.0,2.6056104004383087
01_1-3_1x_1046_204,1-3_1x,1046,204,202,0.13686296946960547,0.7488774061203003,0.008915070990297294,0.13686296946960547,0.4174983501434326,0.16412952542304993,0.2806842587053804,1.0,1.0,5.0,0.6608881950378418
01_1-3_1x_1046_249,1-3_1x,1046,249,244,0.14007872857240838,0.6162452101707458,0.004258711211053858,0.14007872857240838,0.293080598115921,0.1124829351902008,0.2232857456317959,3.0,1.0,3.0,-0.0925157219171524
01_1-3_1x_1046_330,1-3_1x,1046,330,327,0.16202271424787762,0.6840676069259644,0.006048488402322829,0.16202271424787762,0.26762211322784424,0.23876987397670746,0.5362027612296784,1.0,3.0,9.0,1.7166197001934052
01_1-3_1x_1046_347,1-3_1x,1046,347,348,0.20307175482403983,0.6543259024620056,0.002627205994712166,0.20307175482403983,0.2880640923976898,0.15748432278633118,0.3169709002397363,0.0,1.0,12.0,1.0188976228237152
01_1-3_1x_1046_425,1-3_1x,1046,425,429,0.1491800459931724,0.5782865285873413,0.02835953151028315,0.1491800459931724,0.262514591217041,0.1390424370765686,0.316549362333673,0.0,3.0,3.0,-0.2379327416419983
01_1-3_1x_1046_465,1-3_1x,1046,465,464,0.08392428186823421,0.47866377234458923,0.04302711084032286,0.08392428186823421,0.33496981859207153,0.06815940141677856,0.16603818678648066,0.0,1.0,1.0,-1.1151894629001617
01_1-3_1x_1046_555,1-3_1x,1046,555,550,0.14628795578521375,0.36446261405944824,0.058120648041006785,0.14628795578521375,0.24637462198734283,0.16693492233753204,0.8451216175428541,1.0,11.0,5.0,1.1368042975664139
01_1-3_1x_1046_619,1-3_1x,1046,619,616,0.24727343233955523,0.451190710067749,0.4191069290952003,0.24727343233955523,0.47076527774333954,0.28903258591890335,1.7824119971540806,0.0,,12.0,4.188002431765199
01_1-3_1x_1046_653,1-3_1x,1046,653,648,0.19810881851114942,0.5598684549331665,0.05972596899371795,0.19810881851114942,0.3248530924320221,0.1597611904144287,0.3992959003296147,2.0,13.0,3.0,1.3822714686393738
01_1-3_1x_1046_743,1-3_1x,1046,743,738,0.1517361293201417,0.6493536829948425,0.00870027571318801,0.1517361293201417,0.6072075366973877,0.23152585327625275,0.5541178370818123,2.0,1.0,4.0,0.38798849284648895
01_1-3_1x_1046_819,1-3_1x,1046,819,817,0.16674723353283954,0.5524076819419861,0.004132847716793568,0.16674723353283954,0.49267303943634033,0.1833602637052536,0.4968474365200238,1.0,3.0,5.0,1.2166567593812943
01_1-3_1x_1051_55,1-3_1x,1051,55,56,0.20560409533082058,0.8402809500694275,0.021101652943843124,0.20560409533082058,0.8989435434341431,0.25344929099082947,0.4318943722102141,1.0,2.0,8.0,1.1790796518325806
01_1-3_1x_1051_81,1-3_1x,1051,81,77,0.20565336957282854,0.9980083703994751,0.01535882733831643,0.20565336957282854,0.3328113555908203,0.3836837708950043,0.6245619517832965,0.0,3.0,4.0,1.8857601284980774
01_1-3_1x_1051_148,1-3_1x,1051,148,143,0.13216159726440554,0.9318133592605591,0.009618302348102969,0.13216159726440554,0.5654603242874146,0.3614884316921234,0.6338289179000455,0.0,2.0,4.0,0.36095504462718964
01_1-3_1x_1051_219,1-3_1x,1051,219,216,0.15263734574172813,0.7808980941772461,0.0037547575967515133,0.15263734574172813,0.39554569125175476,0.3271361440420151,0.7209422119781558,2.0,1.0,2.0,0.5574770867824554
01_1-3_1x_1051_264,1-3_1x,1051,264,260,0.21554098070384783,0.7546057105064392,0.00492097355404552,0.21554098070384783,0.24433496594429016,0.2987028956413269,0.6551898472697607,0.0,2.0,4.0,0.7408597022294998
01_1-3_1x_1051_315,1-3_1x,1051,315,311,0.27138665790078575,0.7193918824195862,0.1429685620295641,0.27138665790078575,0.1500171273946762,0.33265742659568787,0.8601701285886078,1.0,12.0,5.0,2.40788397192955
01_1-3_1x_1051_375,1-3_1x,1051,375,377,0.11283325822005207,0.6228945851325989,0.009530733580162947,0.11283325822005207,0.4459408223628998,0.12609687447547913,0.2538193549819089,0.0,2.0,4.0,-1.2133235111832619
01_1-3_1x_1051_417,1-3_1x,1051,417,413,0.16401917674730443,0.68674236536026,0.024310046583905634,0.16401917674730443,0.5248406678438187,0.2698589712381363,0.6473248276209403,1.0,3.0,9.0,0.5179592445492744
01_1-3_1x_1051_468,1-3_1x,1051,468,467,0.1169948849096181,0.5068647861480713,0.014761489899242496,0.1169948849096181,0.4946054220199585,0.14219069480895996,0.38991169975038475,0.0,1.0,8.0,0.04492827132344246
01_1-3_1x_1051_490,1-3_1x,1051,490,488,0.09624340170698512,0.48558613657951355,0.027393720888588102,0.09624340170698512,0.6518304422497749,0.12737779319286346,0.35559694670587805,0.0,1.0,6.0,-0.24495193362236023
01_1-3_1x_1051_534,1-3_1x,1051,534,539,0.08789149268041878,0.3846502900123596,0.0017913878701666978,0.08789149268041878,0.256903737783432,0.1088072657585144,0.3944535702972291,0.0,1.0,5.0,0.05850455351173878
01_1-3_1x_1051_582,1-3_1x,1051,582,581,0.12051555230452063,0.49337154626846313,0.01130184005879264,0.12051555230452063,0.3838002681732178,0.2298782914876938,0.8724257160926424,1.0,2.0,7.0,1.264098159968853
01_1-3_1x_1051_719,1-3_1x,1051,719,715,0.31677458469448694,0.6048502326011658,0.293363237216932,0.31677458469448694,0.3065834939479828,0.28844043612480164,0.9116040000561366,4.0,,5.0,5.072632148861885
01_1-3_1x_1051_749,1-3_1x,1051,749,746,0.15373260036765551,0.6485680341720581,0.015439040356011936,0.15373260036765551,0.42322441935539246,0.07657033205032349,0.13386475464201691,0.0,1.0,2.0,-0.5731784701347351
01_1-3_1x_1051_774,1-3_1x,1051,774,776,0.12175008086835709,0.7057649493217468,0.010690309263517796,0.12175008086835709,0.25132763385772705,0.16881152987480164,0.3143876615008342,2.0,1.0,6.0,0.11571846902370453
01_1-3_1x_1051_840,1-3_1x,1051,840,836,0.19862340368676656,0.5861779451370239,0.02523435278447435,0.19862340368676656,0.9631893709301949,0.16205859184265137,0.38210609957751634,0.0,2.0,4.0,0.7613698355853558
01_1-3_1x_1063_111,1-3_1x,1063,111,107,0.29692835503085835,0.8219708800315857,0.04545539851328122,0.29692835503085835,0.7483421713113785,0.4220852553844452,1.0555149506984496,2.0,1.0,9.0,3.506471201777458
01_1-3_1x_1063_209,1-3_1x,1063,209,204,0.2624255333194756,0.7482898831367493,0.019863804746384106,0.2624255333194756,0.3118845820426941,0.31103622913360596,0.7113404914653269,3.0,2.0,11.0,2.818947196006775
01_1-3_1x_1063_321,1-3_1x,1063,321,317,0.16605512878675524,0.681616485118866,0.006666741757832113,0.16605512878675524,0.441471666097641,0.2673168182373047,0.6452257619452163,1.0,5.0,4.0,0.7863521575927734
01_1-3_1x_1063_406,1-3_1x,1063,406,402,0.2367992593947877,0.5367960333824158,0.014666343364979906,0.2367992593947877,0.3387175500392914,0.15803015232086182,0.4172238319828497,4.0,14.0,4.0,2.3296449333429337
01_1-3_1x_1063_474,1-3_1x,1063,474,471,0.23223865188833426,0.5853896141052246,0.011809932545598574,0.23223865188833426,0.209902822971344,0.2610394060611725,0.8048072718538816,1.0,10.0,7.0,2.2695886343717575
01_1-3_1x_1063_580,1-3_1x,1063,580,576,0.27611693374207186,0.42271187901496887,0.016556803512841906,0.27611693374207186,0.2905757799744606,0.17911724746227264,0.7353086819711979,2.0,7.0,6.0,3.267691917717457
01_1-3_1x_1063_652,1-3_1x,1063,652,648,0.21155738230356813,0.567999005317688,0.0012548946075883096,0.21155738230356813,0.40479618310928345,0.22538979351520538,0.6578626194240939,0.0,6.0,8.0,1.5964589565992355
01_1-3_1x_1063_695,1-3_1x,1063,695,691,0.22800076822414922,0.5236361026763916,0.02033398396553088,0.22800076822414922,0.31211045384407043,0.1907726377248764,0.5731257942431871,0.0,2.0,10.0,1.3620280846953392
01_1-3_1x_1063_793,1-3_1x,1063,793,788,0.274746754345978,0.5203840136528015,0.1788182335938009,0.274746754345978,0.26325544714927673,0.2570302337408066,0.9759883979136297,3.0,5.0,11.0,2.6826000437140465
01_1-3_1x_1072_60,1-3_1x,1072,60,55,0.3377940845545213,0.808943510055542,0.11215773643908117,0.3377940845545213,0.30794021487236023,0.38039515912532806,0.8876365019247798,2.0,27.0,10.0,4.631340220570564
01_1-3_1x_1072_117,1-3_1x,1072,117,113,0.1837611519385982,0.9041868448257446,0.004760342524168368,0.1837611519385982,0.9674878418445587,0.3613833487033844,0.6657719622018065,0.0,1.0,5.0,1.4343083947896957
01_1-3_1x_1072_187,1-3_1x,1072,187,183,0.19350561623949258,0.8640415668487549,0.005874571427935356,0.19350561623949258,0.38452813029289246,0.4390006810426712,1.032843417428215,1.0,3.0,5.0,2.047597497701645
01_1-3_1x_1072_221,1-3_1x,1072,221,216,0.2444740924959708,0.7988709807395935,0.029770098692210187,0.2444740924959708,0.32043755054473877,0.29819078743457794,0.5955713675554156,1.0,6.0,5.0,0.8201527893543243
01_1-3_1x_1072_313,1-3_1x,1072,313,310,0.2864196860519173,0.5367187261581421,0.04672204051860427,0.2864196860519173,0.5143688023090363,0.23836281895637512,0.7989210644157927,1.0,6.0,6.0,2.5159522891044617
01_1-3_1x_1072_387,1-3_1x,1072,387,384,0.15340264791143385,0.4585798382759094,0.00675041962538537,0.15340264791143385,0.3123021423816681,0.09837684035301208,0.2731149960447303,0.0,1.0,4.0,0.6314387023448944
01_1-3_1x_1072_419,1-3_1x,1072,419,415,0.2251547405459114,0.7486411929130554,0.01328558913212215,0.2251547405459114,0.6303798258304596,0.28380535542964935,0.6105496447222204,2.0,1.0,3.0,1.9759342446923256
01_1-3_1x_1072_449,1-3_1x,1072,449,446,0.19201597968911827,0.8697137832641602,0.010401076696944548,0.19201597968911827,0.5040485560894012,0.2891381084918976,0.4980196743608235,0.0,1.0,8.0,1.2318678200244904
01_1-3_1x_1072_501,1-3_1x,1072,501,504,0.20632345367489924,0.6891192197799683,0.0011903953775172541,0.20632345367489924,0.5406905859708786,0.1623510718345642,0.3082021425703036,0.0,1.0,3.0,0.14092113077640533
01_1-3_1x_1072_551,1-3_1x,1072,551,546,0.22066433357907783,0.6920352578163147,0.009253351839245218,0.22066433357907783,0.6509663164615631,0.30253866314888,0.7767427682062219,0.0,6.0,8.0,1.734253078699112
01_1-3_1x_1072_602,1-3_1x,1072,602,599,0.21556754734376038,0.5955489873886108,0.009105259073716168,0.21556754734376038,0.35531802475452423,0.25006772577762604,0.723824280979976,0.0,1.0,4.0,0.8419902846217155
01_1-3_1x_1072_646,1-3_1x,1072,646,641,0.1073363198137816,0.615023672580719,0.057999426106679984,0.1073363198137816,0.5657911449670792,0.2158297598361969,0.5406639554003535,2.0,2.0,3.0,-1.7581049799919128
01_1-3_1x_1072_669,1-3_1x,1072,669,664,0.07578608942568643,0.5330833196640015,0.054422375348546194,0.07578608942568643,0.7307825982570648,0.2360318899154663,0.7945825748601039,0.0,1.0,7.0,-0.9527820295479614
01_1-3_1x_1072_695,1-3_1x,1072,695,690,0.3595489866429755,0.6679037809371948,0.25917819633655254,0.3595489866429755,0.5091833081096411,0.4369993060827255,1.8925545135413695,3.0,8.0,7.0,5.402487012295751
01_1-3_1x_1072_721,1-3_1x,1072,721,716,0.16948204974204728,0.8346980214118958,0.0035261358960940524,0.16948204974204728,0.5647880434989929,0.3512715548276901,0.7266287204126501,2.0,1.0,5.0,0.8232489973306656
01_1-3_1x_1072_763,1-3_1x,1072,763,766,0.11606128272955019,0.480062872171402,0.002368034213891623,0.11606128272955019,0.6784135550260544,0.07654842734336853,0.18970430507386501,0.0,1.0,6.0,-0.38553866744041443
01_1-3_1x_1072_814,1-3_1x,1072,814,809,0.19411012694412208,0.6524770855903625,0.026332901733785594,0.19411012694412208,0.3465651869773865,0.35486118495464325,1.1923461891540263,1.0,5.0,6.0,2.2310668155550957
01_1-3_1x_1076_57,1-3_1x,1076,57,53,0.3224714663410197,0.7829358577728271,0.28417183038757204,0.3224714663410197,0.3268946409225464,0.2810111343860626,0.5598670902081185,0.0,33.0,12.0,4.678198486566544
01_1-3_1x_1076_106,1-3_1x,1076,106,107,0.16571009758835684,0.8044463396072388,0.00270745560312915,0.16571009758835684,0.7862854599952698,0.13518396019935608,0.20198948029763386,0.0,1.0,4.0,-1.0597881376743317
01_1-3_1x_1076_157,1-3_1x,1076,157,153,0.15487323071600095,0.7396857142448425,0.05820072014533963,0.15487323071600095,0.7079713344573975,0.1421528458595276,0.23789962591289843,0.0,1.0,4.0,-1.6852603256702423
01_1-3_1x_1076_189,1-3_1x,1076,189,184,0.29645377077474866,0.7770794630050659,0.3070045357721898,0.29645377077474866,0.3757232427597046,0.21676406264305115,0.38686079751333236,3.0,9.0,7.0,1.6478280574083328
01_1-3_1x_1076_202,1-3_1x,1076,202,200,0.1861672839011374,0.9342594742774963,0.031890151863679266,0.1861672839011374,0.2037072777748108,0.3379540741443634,0.5667466269279312,1.0,8.0,14.0,4.035619109869003
01_1-3_1x_1076_240,1-3_1x,1076,240,235,0.09079774217033124,0.9283942580223083,0.008796398901923646,0.09079774217033124,0.5552304685115814,0.26644179224967957,0.40250895045566387,0.0,1.0,1.0,-2.6616436392068863
01_1-3_1x_1076_284,1-3_1x,1076,284,281,0.20517829671485444,0.6870291829109192,0.013967439689848612,0.20517829671485444,0.8048093318939209,0.2267230600118637,0.4925484340376323,0.0,3.0,7.0,1.2567083686590195
01_1-3_1x_1076_322,1-3_1x,1076,322,317,0.19946817898441713,0.7259247899055481,0.010444193804427543,0.19946817898441713,0.49934083223342896,0.19643434882164001,0.37098752608172425,2.0,1.0,6.0,1.1598865687847137
01_1-3_1x_1076_369,1-3_1x,1076,369,372,0.23226190004621666,0.6597281694412231,0.053708407042288034,0.23226190004621666,0.5278011858463287,0.1415742039680481,0.2732280623168895,3.0,1.0,1.0,0.022992722690105438
01_1-3_1x_1076_462,1-3_1x,1076,462,461,0.0781033127551881,0.5761712193489075,0.002218392534715594,0.0781033127551881,0.5920794457197189,0.17698083817958832,0.44334945561857303,1.0,1.0,3.0,-0.11783233284950256
01_1-3_1x_1076_509,1-3_1x,1076,509,506,0.2785739388183279,0.6154397130012512,0.0776074965973369,0.2785739388183279,0.34774962067604065,0.3041004240512848,0.9767492727207809,1.0,16.0,9.0,2.9824790209531784
01_1-3_1x_1076_577,1-3_1x,1076,577,573,0.1671607761802098,0.8498995304107666,0.01237627692942992,0.1671607761802098,0.291084885597229,0.45637182891368866,1.1596942913485784,0.0,1.0,3.0,1.8733414262533188
01_1-3_1x_1076_615,1-3_1x,1076,615,620,0.1279934609002295,0.6156659126281738,0.003519741210930893,0.1279934609002295,0.7438249588012695,0.17785359919071198,0.4062325195796874,0.0,1.0,8.0,-0.08828659355640411
01_1-3_1x_1076_653,1-3_1x,1076,653,649,0.19631954506474789,0.6631735563278198,0.031314320688555906,0.19631954506474789,0.27645285427570343,0.27735427021980286,0.718870933119068,1.0,1.0,5.0,0.832987904548645
01_1-3_1x_1076_701,1-3_1x,1076,701,705,0.18251416361523845,0.6924542188644409,0.001874344798070922,0.18251416361523845,0.5238951146602631,0.2494526207447052,0.56309643532546,0.0,1.0,3.0,0.7931161224842072
01_1-3_1x_1076_763,1-3_1x,1076,763,760,0.2408012025240696,0.5028102993965149,0.03387609078799475,0.2408012025240696,0.7070005888817832,0.20713302493095398,0.7005375212056747,0.0,1.0,8.0,2.148110666370485
01_1-3_1x_1076_807,1-3_1x,1076,807,803,0.2113191190471004,0.5177658796310425,0.04702111462014012,0.2113191190471004,0.4945853054523468,0.11251075565814972,0.27762944624896463,2.0,2.0,4.0,0.42509063333272934
01_1-3_1x_1079_72,1-3_1x,1079,72,67,0.16697754027325465,0.8745853900909424,0.014413236529862901,0.16697754027325465,0.4342947006225586,0.1640014350414276,0.23079811171643988,0.0,3.0,5.0,-0.4467090368270874
01_1-3_1x_1079_124,1-3_1x,1079,124,121,0.1350298632734695,0.6277851462364197,0.03832077730664798,0.1350298632734695,0.24619507789611816,0.012348741292953491,0.02006501596877072,0.0,1.0,3.0,-1.157535269856453
01_1-3_1x_1079_178,1-3_1x,1079,178,175,0.11324756654223886,0.5605174899101257,0.003956410749261666,0.11324756654223886,0.4637145400047302,0.14480413496494293,0.34832687774497223,1.0,1.0,7.0,1.0618083029985428
01_1-3_1x_1079_227,1-3_1x,1079,227,222,0.30849288197010344,0.6813737154006958,0.02742929225214227,0.30849288197010344,0.3718453347682953,0.2874385118484497,0.7296593684862893,0.0,,10.0,3.578772187232971
01_1-3_1x_1079_275,1-3_1x,1079,275,276,0.1503677690156689,0.8408790230751038,0.001713099024910568,0.1503677690156689,0.31977587938308716,0.16083848476409912,0.23651308371052204,1.0,1.0,5.0,-0.2305499017238617
01_1-3_1x_1079_324,1-3_1x,1079,324,328,0.1317660961985657,0.7039250731468201,0.03068580955879493,0.1317660961985657,0.1842479407787323,0.1209840476512909,0.20754080148750617,0.0,1.0,4.0,-0.5813533216714859
01_1-3_1x_1079_429,1-3_1x,1079,429,428,0.06919007964301721,0.4962119460105896,0.04936956583977242,0.06919007964301721,0.3297073245048523,0.15889734029769897,0.4710656983319197,0.0,1.0,6.0,-0.17176078259944916
01_1-3_1x_1079_464,1-3_1x,1079,464,469,0.07430365620171325,0.4712636172771454,0.004069000262233023,0.07430365620171325,0.5302264243364334,0.20381741225719452,0.7620875093067415,0.0,1.0,6.0,0.6946923956274986
01_1-3_1x_1079_535,1-3_1x,1079,535,531,0.2383918698533981,0.5430126786231995,0.02852898245485809,0.2383918698533981,0.18545001745224,0.28778019547462463,1.127521826080042,0.0,37.0,7.0,2.8995827734470367
01_1-3_1x_1079_613,1-3_1x,1079,613,610,0.20785624606212433,0.6397557854652405,0.015291677428896503,0.20785624606212433,0.4722503274679184,0.2832736670970917,0.7946363996988686,0.0,2.0,11.0,2.0170647352933884
01_1-3_1x_1079_750,1-3_1x,1079,750,745,0.32077991273950823,0.5746654868125916,0.005604107732968457,0.32077991273950823,0.38267142325639725,0.2975109666585922,1.0734480047205506,4.0,,12.0,3.4616415724158287
01_1-3_1x_1088_99,1-3_1x,1088,99,95,0.10739368181841455,0.6840497851371765,0.10946945018857004,0.10739368181841455,0.35669654607772827,0.2055751383304596,0.4296468782671009,0.0,1.0,7.0,-0.060159265995025635
01_1-3_1x_1088_151,1-3_1x,1088,151,147,0.11305511304826929,0.5906782150268555,0.013748074859251218,0.11305511304826929,0.21761369705200195,0.232169046998024,0.6475958432933376,2.0,1.0,6.0,1.3769344687461853
01_1-3_1x_1088_184,1-3_1x,1088,184,180,0.3206427519680369,0.8323823809623718,0.43234165186006895,0.3206427519680369,0.41393977403640747,0.45041652023792267,1.1792062237804386,0.0,35.0,8.0,3.23927915841341
01_1-3_1x_1088_241,1-3_1x,1088,241,239,0.12876860069690965,0.7117379307746887,0.002520827760619093,0.12876860069690965,0.5981354713439941,0.09820351004600525,0.16006194066401483,0.0,2.0,6.0,-0.7060718387365341
01_1-3_1x_1088_294,1-3_1x,1088,294,294,0.11505105044200897,0.5878787040710449,0.022524288763199563,0.11505105044200897,0.47269824147224426,0.09149841964244843,0.18433129298794768,0.0,2.0,3.0,-0.5748044401407242
01_1-3_1x_1088_432,1-3_1x,1088,432,430,0.3266730379785024,0.4950723946094513,0.330593141513619,0.3266730379785024,0.5242027174681425,0.2360091209411621,0.9110095676601148,0.0,25.0,8.0,3.9679272109642625
01_1-3_1x_1088_456,1-3_1x,1088,456,459,0.26453479071833613,0.625282883644104,0.02331477367789429,0.26453479071833613,0.3123711347579956,0.12326540052890778,0.24554005522676686,0.0,1.0,9.0,1.7700914442539215
01_1-3_1x_1088_499,1-3_1x,1088,499,503,0.17392518670151558,0.7487629652023315,0.010846730194196793,0.17392518670151558,0.4925609230995178,0.14872246980667114,0.24785405476442904,4.0,1.0,2.0,0.5760861933231354
01_1-3_1x_1088_530,1-3_1x,1088,530,531,0.1597305353675736,0.8275644779205322,0.011617129674168836,0.1597305353675736,0.5338925719261169,0.2070881724357605,0.33375677782564905,0.0,1.0,7.0,0.7893039882183075
01_1-3_1x_1088_551,1-3_1x,1088,551,554,0.10677478460706849,0.6842101216316223,0.053241754805731734,0.10677478460706849,0.38938218355178833,0.0500333309173584,0.0788949259101813,0.0,1.0,4.0,-0.363163024187088
01_1-3_1x_1088_592,1-3_1x,1088,592,590,0.14198756412613994,0.7737409472465515,0.03580386177346774,0.14198756412613994,0.5398236811161041,0.24622675776481628,0.4667680276178461,0.0,1.0,4.0,-0.3388812839984894
01_1-3_1x_1088_637,1-3_1x,1088,637,632,0.10144586377243114,0.6101892590522766,0.016096469588325203,0.10144586377243114,0.570346474647522,0.17508985102176666,0.4024134434342624,1.0,1.0,6.0,-0.6490442901849747
01_1-3_1x_1088_672,1-3_1x,1088,672,672,0.08496532515651625,0.5674611926078796,0.045216625041847786,0.08496532515651625,0.5352294445037842,0.187407985329628,0.4931098639365497,0.0,1.0,5.0,0.20326706767082214
01_1-3_1x_1088_781,1-3_1x,1088,781,776,0.11994093473385578,0.321753591299057,0.007730730449006662,0.11994093473385578,0.2627898082137108,0.07344599813222885,0.29578635592864594,0.0,7.0,2.0,0.4800437204539776
01_1-3_1x_1088_802,1-3_1x,1088,802,798,0.1902610330835411,0.5085246562957764,0.0370348534076261,0.1902610330835411,0.40136393904685974,0.22755058109760284,0.8098632620718099,1.0,1.0,7.0,1.8789563328027725
01_1-3_1x_1088_846,1-3_1x,1088,846,841,0.1228642982386476,0.7474122643470764,0.09744541709980713,0.1228642982386476,1.1256470084190369,0.3078765273094177,0.7004584641613325,0.0,1.0,3.0,0.06481775641441345
01_1-3_1x_1103_45,1-3_1x,1103,45,50,0.17419746370868525,0.8983439207077026,0.003077363129043366,0.17419746370868525,0.23870402574539185,0.20909467339515686,0.3033658349435109,0.0,1.0,5.0,1.1069706976413727
01_1-3_1x_1103_161,1-3_1x,1103,161,156,0.2894438929439045,0.7275400161743164,0.10987299260505762,0.2894438929439045,0.3067086338996887,0.3690134137868881,1.029249744174151,3.0,19.0,12.0,4.038858100771904
01_1-3_1x_1103_194,1-3_1x,1103,194,189,0.1533415175278751,0.7297152876853943,0.0008778416851910354,0.1533415175278751,0.3193301558494568,0.1694919764995575,0.30254359844610923,1.0,2.0,3.0,0.6686950027942657
01_1-3_1x_1103_242,1-3_1x,1103,242,237,0.07606022218075117,0.6115115284919739,0.015320642187772307,0.07606022218075117,0.23983386158943176,0.10819344222545624,0.21496037034553436,0.0,1.0,4.0,-1.1915428042411804
01_1-3_1x_1103_290,1-3_1x,1103,290,289,0.24437070524002769,0.5863253474235535,0.010881705374436702,0.24437070524002769,0.35285016894340515,0.18940706551074982,0.47719410806166745,0.0,28.0,7.0,3.69816417992115
01_1-3_1x_1103_337,1-3_1x,1103,337,335,0.08549770687316822,0.5692729353904724,0.016302779021078996,0.08549770687316822,0.5452972054481506,0.08936835825443268,0.18622110001067818,0.0,1.0,1.0,-0.37122276425361633
01_1-3_1x_1103_483,1-3_1x,1103,483,478,0.26581489032906774,0.5913839340209961,0.034704986759818084,0.26581489032906774,0.31752993166446686,0.403996080160141,2.1559352532001803,4.0,37.0,14.0,4.713407292962074
01_1-3_1x_1103_550,1-3_1x,1103,550,547,0.32968813958042137,0.6302862763404846,0.18295711387707883,0.32968813958042137,0.2417220175266266,0.31600305438041687,1.0054722374602856,2.0,,6.0,4.609342910349369
01_1-3_1x_1103_639,1-3_1x,1103,639,635,0.27353755415871295,0.6536704897880554,0.022644513857939353,0.27353755415871295,0.3659786581993103,0.26830095052719116,0.6962173269890253,1.0,8.0,6.0,3.076154440641403
01_1-3_1x_1103_767,1-3_1x,1103,767,763,0.2489731086794621,0.6791051626205444,0.015804638690269643,0.2489731086794621,0.44318797439336777,0.3744441568851471,1.2290517980182782,0.0,2.0,7.0,2.2968316189944744
01_1-3_1x_1103_809,1-3_1x,1103,809,804,0.2601235274952219,0.7413874268531799,0.00036163360982095115,0.2601235274952219,0.5639953017234802,0.35950881242752075,0.9414216948708104,1.0,13.0,11.0,3.061721220612526
01_1-3_1x_1119_42,1-3_1x,1119,42,47,0.2403179884219913,0.9345327019691467,0.014768896068639818,0.2403179884219913,0.3800089955329895,0.2924826741218567,0.45554499094488465,2.0,1.0,7.0,2.024165064096451
01_1-3_1x_1119_92,1-3_1x,1119,92,87,0.12187474911317253,0.8669687509536743,0.006971281149737119,0.12187474911317253,0.3033309578895569,0.12148773670196533,0.16296556770652437,0.0,3.0,1.0,-0.460732638835907
01_1-3_1x_1119_115,1-3_1x,1119,115,117,0.15004948246077834,0.8533055186271667,0.0011930655440061104,0.15004948246077834,0.3560459613800049,0.13918671011924744,0.19490693769859432,0.0,1.0,8.0,-0.2876530587673187
01_1-3_1x_1119_173,1-3_1x,1119,173,170,0.16104407372707652,0.7688003778457642,0.034104105193878916,0.16104407372707652,0.32026559114456177,0.06305038928985596,0.08933813717640779,1.0,1.0,1.0,-1.5327305793762207
01_1-3_1x_1119_257,1-3_1x,1119,257,253,0.24018538288135793,0.7203505635261536,0.002096761026774559,0.24018538288135793,0.5657645761966705,0.2660180777311325,0.5855141026634635,1.0,1.0,5.0,2.138459548354149
01_1-3_1x_1119_389,1-3_1x,1119,389,387,0.24791401035508223,0.5307292342185974,0.31029290831972534,0.24791401035508223,0.3491271808743477,0.32636041939258575,1.5969188825136116,0.0,8.0,10.0,3.2575460746884346
01_1-3_1x_1119_428,1-3_1x,1119,428,423,0.1807344305175878,0.8073617219924927,0.02442071430561593,0.1807344305175878,0.44418367743492126,0.45607849955558777,1.2983213271379777,3.0,7.0,3.0,2.2911642491817474
01_1-3_1x_1119_523,1-3_1x,1119,523,521,0.2062193525861321,0.6080350875854492,0.010701712182396426,0.2062193525861321,0.453796848654747,0.2754664123058319,0.8282993341878188,1.0,15.0,6.0,1.7329980097711086
01_1-3_1x_1119_575,1-3_1x,1119,575,579,0.11996958128812875,0.4529039263725281,0.0026670866387536905,0.11996958128812875,0.4264344424009323,0.11975167691707611,0.35945030271539236,2.0,1.0,3.0,0.060777366161346436
01_1-3_1x_1119_677,1-3_1x,1119,677,672,0.11032281389567156,0.42949527502059937,0.008511435470613544,0.11032281389567156,0.17777413129806519,0.20310698449611664,0.8971620573907362,1.0,3.0,4.0,0.5576288998126984
01_1-3_1x_1119_705,1-3_1x,1119,705,700,0.14640564714503657,0.48681527376174927,0.006427416112619412,0.14640564714503657,0.43600310385227203,0.2026740461587906,0.7132863043795767,1.0,1.0,9.0,1.4056976214051247
01_1-3_1x_1119_745,1-3_1x,1119,745,741,0.1932723778841376,0.7302642464637756,0.022746587974978374,0.1932723778841376,0.47341176867485046,0.389541894197464,1.1432824750311497,1.0,5.0,3.0,1.6985691115260124
01_1-3_1x_1119_773,1-3_1x,1119,773,770,0.21495107378344472,0.6715813279151917,0.004394894469499938,0.21495107378344472,0.45667263865470886,0.22718749940395355,0.5112300955327248,0.0,6.0,11.0,1.1577492505311966
01_1-3_1x_1119_798,1-3_1x,1119,798,800,0.1677629009762493,0.6330753564834595,0.015175955419549558,0.1677629009762493,0.551408588886261,0.12793955206871033,0.25327753635864564,0.0,2.0,8.0,0.43917080760002136
01_1-3_1x_1119_854,1-3_1x,1119,854,850,0.20215765578883693,0.7485125660896301,0.002366522550667081,0.20215765578883693,0.2819625735282898,0.2656715363264084,0.5502256849561643,1.0,1.0,4.0,0.5886498838663101
01_1-3_1x_1133_70,1-3_1x,1133,70,66,0.20324603073287634,0.9240241646766663,0.02978883748904197,0.20324603073287634,0.31194835901260376,0.2320009171962738,0.3352501784311043,0.0,3.0,7.0,0.15912044048309326
01_1-3_1x_1133_147,1-3_1x,1133,147,151,0.1813438002481968,0.7742323279380798,0.02542320648405028,0.1813438002481968,0.4043019413948059,0.28306858241558075,0.5763222245046872,1.0,5.0,14.0,2.448164865374565
01_1-3_1x_1133_190,1-3_1x,1133,190,186,0.20156797872771387,0.7590053677558899,0.09802826559645973,0.20156797872771387,0.5016566812992096,0.1909124255180359,0.33605843573057986,0.0,4.0,3.0,0.24311187863349915
01_1-3_1x_1133_288,1-3_1x,1133,288,283,0.2591588227434286,0.6293755769729614,0.01888061441142747,0.2591588227434286,0.3004360496997833,0.23993034660816193,0.616082385662845,3.0,5.0,11.0,2.456322059035301
01_1-3_1x_1133_334,1-3_1x,1133,334,329,0.10639741428086014,0.566676914691925,0.01796357121808155,0.10639741428086014,0.3941236436367035,0.1374548077583313,0.320241677998187,0.0,3.0,4.0,-1.2627333402633667
01_1-3_1x_1133_379,1-3_1x,1133,379,377,0.2632573124112839,0.46488484740257263,0.08698756940334183,0.2632573124112839,0.35043979436159134,0.17005513608455658,0.5767910409176088,0.0,17.0,6.0,2.066480353474617
01_1-3_1x_1133_416,1-3_1x,1133,416,420,0.14580325925317722,0.6634992361068726,0.006690334395361807,0.14580325925317722,0.5766569338738918,0.2652996778488159,0.6662480466060341,1.0,1.0,2.0,-1.814147125929594
01_1-3_1x_1133_512,1-3_1x,1133,512,517,0.07978503371598361,0.4287114441394806,0.019871406282686462,0.07978503371598361,0.7018033415079117,0.10823175311088562,0.3377179775838856,0.0,1.0,7.0,-0.8862279504537582
01_1-3_1x_1133_559,1-3_1x,1133,559,554,0.29318337885924745,0.5357677340507507,0.27105931245921605,0.29318337885924745,0.5325019210577011,0.23707886040210724,0.7937318103150708,1.0,24.0,5.0,3.3252121433615685
01_1-3_1x_1133_600,1-3_1x,1133,600,595,0.15432771731281728,0.573462188243866,0.07387525830945749,0.15432771731281728,0.2950824052095413,0.1455172449350357,0.34003730435487795,1.0,1.0,7.0,-1.4911776930093765
01_1-3_1x_1133_666,1-3_1x,1133,666,664,0.2541343152660385,0.49796241521835327,0.1656128820848308,0.2541343152660385,0.41966450214385986,0.25319725275039673,1.0344497157905144,0.0,16.0,4.0,2.9127482660114765
01_1-3_1x_1133_731,1-3_1x,1133,731,726,0.20924312736002115,0.5021728873252869,0.050717764043772214,0.20924312736002115,0.47136253118515015,0.14014509320259094,0.3871114192826144,1.0,3.0,2.0,1.2613454312086105
01_1-3_1x_1133_772,1-3_1x,1133,772,767,0.16113581852273548,0.5019230246543884,0.05838264614465334,0.16113581852273548,0.49258819222450256,0.15387780964374542,0.44212017004468784,2.0,6.0,9.0,0.6849993765354156
01_1-3_1x_1133_794,1-3_1x,1133,794,792,0.10287946116805721,0.5060120820999146,0.02047461978143832,0.10287946116805721,0.16876545548439026,0.1287001371383667,0.3410974363705412,0.0,1.0,7.0,0.01509183645248413
01_1-3_1x_1133_846,1-3_1x,1133,846,842,0.15656757130691135,0.5529928207397461,0.029274412620837017,0.15656757130691135,0.5067164674401283,0.21945436298847198,0.6579581990875644,2.0,2.0,6.0,1.4136098250746727
01_1-3_1x_1137_59,1-3_1x,1137,59,55,0.3265958710831727,0.8076959848403931,0.004045350200953048,0.3265958710831727,0.48702889680862427,0.32752077281475067,0.6820859648982888,1.0,34.0,8.0,4.255976662039757
01_1-3_1x_1137_158,1-3_1x,1137,158,157,0.09511723480685375,0.637131929397583,0.0007413374755189988,0.09511723480685375,0.39699333906173706,0.11062273383140564,0.21010598630181263,0.0,1.0,7.0,-0.2849925756454468
01_1-3_1x_1137_334,1-3_1x,1137,334,329,0.389386239603183,0.6441549062728882,0.02461856550469826,0.389386239603183,0.4362834393978119,0.4310131222009659,2.022189708497163,4.0,,16.0,7.977004826068878
01_1-3_1x_1137_353,1-3_1x,1137,353,352,0.11485681505686493,0.7392503023147583,0.00014808742101820742,0.11485681505686493,0.49156999588012695,0.15117093920707703,0.2570587384808411,0.0,1.0,6.0,1.1892788410186768
01_1-3_1x_1137_398,1-3_1x,1137,398,394,0.1250283417540719,0.6702051162719727,0.013259434503043798,0.1250283417540719,0.4405170679092407,0.10921069979667664,0.19467341668539734,0.0,1.0,6.0,-0.25931674242019653
01_1-3_1x_1137_432,1-3_1x,1137,432,432,0.1478749944777429,0.67701655626297,0.003987279446840451,0.1478749944777429,0.2997492551803589,0.16672667860984802,0.3267293472028917,0.0,2.0,3.0,-0.06295174360275269
01_1-3_1x_1137_468,1-3_1x,1137,468,464,0.2668361218671468,0.6480312943458557,0.01813758033724722,0.2668361218671468,0.379622220993042,0.18692997097969055,0.40539890368357845,0.0,21.0,6.0,1.052208885550499
01_1-3_1x_1137_515,1-3_1x,1137,515,513,0.09894338911796782,0.6701638698577881,0.005105041646519793,0.09894338911796782,0.2339874804019928,0.1747642606496811,0.3527743207731645,0.0,1.0,3.0,-0.5101991146802902
01_1-3_1x_1137_567,1-3_1x,1137,567,563,0.2828936329905077,0.742475688457489,0.0373882555903006,0.2828936329905077,0.38683226704597473,0.31422433257102966,0.7337380915481299,2.0,,8.0,3.872543513774872
01_1-3_1x_1137_638,1-3_1x,1137,638,637,0.17887706841545198,0.8879732489585876,0.009433717962551076,0.17887706841545198,0.476687490940094,0.25472691655158997,0.4022556523673205,1.0,1.0,6.0,0.8975615203380585
01_1-3_1x_1137_729,1-3_1x,1137,729,725,0.16740107537084098,0.7015268206596375,0.002281493214204855,0.16740107537084098,0.26485705375671387,0.11898815631866455,0.2042579550548393,1.0,1.0,9.0,0.9447057247161865
01_1-3_1x_1137_780,1-3_1x,1137,780,784,0.12754079946963826,0.8398498892784119,0.001220406860636075,0.12754079946963826,0.2906928062438965,0.213701993227005,0.34129635278605175,0.0,1.0,1.0,-0.6701613962650299
01_1-3_1x_1137_814,1-3_1x,1137,814,815,0.2123007814400006,0.7984285950660706,0.000889497301400354,0.2123007814400006,0.44243425130844116,0.19016802310943604,0.31264236394233014,0.0,1.0,4.0,0.6052393019199371
01_1-3_1x_1140_209,1-3_1x,1140,209,204,0.10713439331219302,0.30718639492988586,0.003606836324862554,0.10713439331219302,0.34009838104248047,0.10134150087833405,0.4923197213381162,0.0,8.0,7.0,1.2353427428752184
01_1-3_1x_1140_247,1-3_1x,1140,247,250,0.09117883451045752,0.3849683105945587,0.008424885942754406,0.09117883451045752,0.2771781235933304,0.11943298578262329,0.44978191081435714,0.0,1.0,5.0,0.36580999940633774
01_1-3_1x_1140_280,1-3_1x,1140,280,275,0.2562693807282867,0.4895867109298706,0.009464186489417256,0.2562693807282867,0.48384810984134674,0.22083427011966705,0.8217014493112011,2.0,16.0,7.0,2.76393673568964
01_1-3_1x_1140_352,1-3_1x,1140,352,347,0.25991425467316115,0.6511673927307129,0.02321030818434137,0.25991425467316115,0.31684890389442444,0.24211713671684265,0.5919007094048435,0.0,8.0,9.0,1.8483983278274536
01_1-3_1x_1140_378,1-3_1x,1140,378,373,0.2903368042594879,0.8093641400337219,0.1018383485998983,0.2903368042594879,0.22050422430038452,0.2448885440826416,0.43383371369674695,0.0,32.0,5.0,2.7485471069812775
01_1-3_1x_1140_458,1-3_1x,1140,458,463,0.2518468313400944,0.6571264863014221,0.005219310986049373,0.2518468313400944,0.5662154257297516,0.1626400202512741,0.3289069194358498,0.0,1.0,5.0,0.5378855466842651
01_1-3_1x_1140_510,1-3_1x,1140,510,513,0.2253952680570752,0.7154381275177002,0.0013554465770822593,0.2253952680570752,0.11820536851882935,0.11245337128639221,0.1864945508560328,0.0,1.0,3.0,-0.15079697966575623
01_1-3_1x_1140_569,1-3_1x,1140,569,564,0.17795276207002014,0.7236659526824951,0.02196629199713767,0.17795276207002014,0.28545820713043213,0.16204693913459778,0.28853535087942267,0.0,2.0,5.0,1.5876904726028442
01_1-3_1x_1140_617,1-3_1x,1140,617,613,0.2067254175915319,0.6695560216903687,0.001380940370404532,0.2067254175915319,0.22486349940299988,0.1391865313053131,0.26243314109991844,2.0,8.0,5.0,2.1811656653881073
01_1-3_1x_1140_774,1-3_1x,1140,774,770,0.21003669065947636,0.5104602575302124,0.01392579119679188,0.21003669065947636,0.2192123830318451,0.26061780750751495,1.0431286095851149,2.0,18.0,6.0,1.8519140407443047
01_1-3_1x_1140_813,1-3_1x,1140,813,808,0.2156109276239393,0.6671174168586731,0.030623553572196725,0.2156109276239393,0.30790460109710693,0.3090558648109436,0.8631361369113055,2.0,10.0,7.0,2.210811585187912
