derivative_skew,spike_prom_mean,label
-0.2886907934121084,0.19216350112642558,0
0.04399831419382617,0.12647464836344996,0
-0.07471173865451328,0.14898647161630482,0
-0.2467608905173433,0.14222850733333162,0
0.15561051852896177,0.14671467213795106,0
0.12663766884805944,0.23738793387557525,0
0.08470411751154804,0.13083570866749206,0
-0.015226684386764663,0.180804318019322,0
0.22700946467417957,0.15108341760933397,0
-0.014970966506284393,0.11943782866001128,0
0.460864843046658,0.15359743105040657,0
0.11983029841857291,0.1707401170875087,0
0.1007207809435639,0.21562610678374763,0
0.04805340275189461,0.21778341146076427,0
-0.14036702855198116,0.18088990951839246,0
-0.23292122515946556,0.1301656313844629,0
0.008792696303490536,0.16037586331367493,0
0.010888089332063828,0.16061454505631415,0
-0.14154408901157886,0.16005793776777053,0
0.17388963948893138,0.26614961097406786,0
0.1880899124399234,0.1735409899191423,0
0.010540366174096103,0.17258735145291978,0
0.37716179624924523,0.19989679555098214,0
1.2890979644714826,0.15928577610424588,0
-0.05998264903277288,0.16295093655586246,0
0.014725006676416172,0.14392620290026947,0
0.2309306845382328,0.1658145062385067,0
0.007585402256796079,0.1652073884010315,0
-0.3268612903823391,0.14151323901282412,0
-0.16702139811088734,0.1371297836303711,0
-0.06379877260871386,0.13221203088760372,0
-0.10092272467820945,0.14856812267592462,0
0.0798377662155928,0.1432147599756718,0
0.16867542357214313,0.12051776349544525,0
-0.05463593798803271,0.13526198325618624,0
-0.10893306712171902,0.1384798294511335,0
-0.011767926120214602,0.17618186796033702,0
-0.09088722277641759,0.15699666964596717,0
0.1913719977131954,0.14468663640924403,0
1.1351107552429514,0.1519740504603232,1
0.030401679070915448,0.1664999085503656,0
-0.038359127892198676,0.14174710750579833,0
0.5058097668580795,0.1577397770741407,0
0.2303028394104619,0.19035089015960693,0
0.3582823253359932,0.27433619234297013,0
-0.03922331148379967,0.15292022747378198,0
-0.04787030698177182,0.1031467908415301,0
-0.12689042663623426,0.16634037043597247,0
-0.13396003769148568,0.18955074719020296,0
0.1933730274107088,0.17518635247204759,0
0.05298508361003901,0.2940973900778349,0
-0.018766614621419094,0.13362110661608834,0
0.1196402156360052,0.1345737711588542,0
-0.07185772485796041,0.17444581634858072,0
0.02097125011259872,0.1563902916908264,0
1.2722929772230738,0.18047159666364845,0
-0.038068119642216354,0.14143603667616844,0
0.08265898489374011,0.16836146861314774,0
0.1638207028385742,0.18791880962010976,0
0.27312852455227427,0.21932696875403906,0
0.25631324789761256,0.12211091479947488,0
-0.10086373116892457,0.20866218143039278,0
0.0017156807099337561,0.12380947396159174,0
0.04366323189715067,0.13868365360028817,0
0.15069977397653547,0.16094475307980102,0
0.20671914521486373,0.11603170484304426,0
0.0547460646190429,0.15956609043581732,0
0.19265557317190757,0.15294896587729453,0
0.6925833037418875,0.2725565987474778,0
-0.2732144802580641,0.0945060493854376,0
-0.07361642914768318,0.1691890500687264,0
-0.030089213013813444,0.11474045912424725,0
0.16502830766348617,0.21743190649783972,0
0.6663773058086857,0.1669070896175172,0
-0.0494498756162992,0.16162843599038967,0
4.855084943926869,0.18017604909837245,1
1.288781082238997,0.31332417049191214,0
0.4977341228197188,0.13787021597226462,0
0.1607869738005723,0.145923325791955,0
-0.0027345592225179994,0.14872297934996778,0
0.008830104009203872,0.21281257663454328,0
0.027574807061150036,0.15802027089255197,0
0.0674758451423518,0.20090842937168324,0
0.2842548202272987,0.20067168712615968,0
0.17120729053728373,0.18142397801081342,0
-0.030141841253983812,0.1573337414047935,0
0.11450460816858385,0.15294630964597064,0
1.073585170874215,0.18584178866762102,0
0.11812121158436725,0.1857137546771103,0
1.6193208839278228,0.23210729459921517,1
0.32200198754747733,0.12260492024598299,0
0.30069947548111564,0.12842075109481815,0
-0.03702438285455796,0.16547582017050846,0
-0.37363088656454335,0.1398522036917069,1
0.13074075741303168,0.161945540414137,0
-0.004574611047320292,0.1295812442384917,0
-0.29202784436210144,0.14691371737104478,0
0.10952474257052264,0.19376050068272488,0
0.09240582898536855,0.12914600809415183,0
0.017107739417984557,0.1435413562890255,0
0.041406500825820175,0.13483265837033592,0
0.27837713308967793,0.16435129675600266,0
0.009488158769110487,0.12747437761675925,0
-0.26241632739813786,0.18276094227302364,0
0.05295142639779246,0.11859781678233826,0
-0.051648703939557304,0.11869648122787475,0
-0.27348767016857944,0.18178625802199044,0
-0.0066864503551612225,0.12712081030563072,0
-0.04185321299976453,0.2326015818864107,0
1.659250246949277,0.21520450178420908,0
-0.20466294849953026,0.14299663587620384,0
0.09553755472465685,0.18367177122517636,0
-0.005915807223124828,0.10809367136521772,0
0.5559017357423245,0.13139527440071105,0
-0.06611492880561819,0.18416462996426752,0
0.24642160660317972,0.16050331556435785,0
-0.05972459109533386,0.19269276789256506,0
-0.29741366499174565,0.1881491449901036,0
0.015355988646751558,0.20278911084839793,0
0.027478139587458626,0.1947495882851737,0
-0.06145567777681187,0.13219348354773086,0
0.34490930410657883,0.23337394098440806,0
0.02941703924430027,0.19899435585195366,0
-0.02099810242800162,0.2124534162315162,0
0.15338381164750567,0.13113233424999096,0
-0.06577733958576631,0.1492529422896249,0
0.014804727931931579,0.16741936899000603,0
-0.10472809484578327,0.1383861595392227,0
-0.13572928900033426,0.1677353858947754,0
-0.16479198326592256,0.2461540431568497,0
-0.19896509115078756,0.23739529722615285,0
-0.11025760117478262,0.1795877180601421,0
0.0645235515318169,0.1493329116276332,0
-0.034585979097067295,0.20559785867992195,0
0.043390972697009644,0.1107045602798462,0
-0.02042401650391988,0.24003884461190964,0
-0.06685879874571385,0.1614295559770921,0
0.03364364902484945,0.14956024640645735,0
-0.060994073632085415,0.17845353242513298,0
0.107014502304353,0.12487875768116541,0
0.07229978958925588,0.11139027186802457,0
0.10409312600832953,0.1759376232113157,0
0.1922638121060405,0.14944842222965127,0
0.04462687831310618,0.16907424890633788,0
0.033448506614295374,0.15794199009736376,0
0.22804529335939774,0.16697572983544448,0
-0.01516741073598987,0.17903536319732669,0
0.20244425258089668,0.1674427899154457,0
-0.2315587006197819,0.211323660925815,0
0.07619372548039678,0.17509794815992694,0
0.06463073887116008,0.22334333719351349,0
0.12609864685407385,0.15957450975071302,0
-0.1428826630709848,0.18009663350654365,0
0.11192517636846208,0.17628023679866348,0
0.22374115405427966,0.15056104545409862,0
-0.16195135584439835,0.13762140955243793,0
0.08531874173560304,0.15331456274599642,0
-0.1711892238350042,0.1452287489717657,0
0.12121929889873288,0.11430356666959565,0
-0.0976245286805775,0.14143298936612678,0
0.25450701185142754,0.18773997681481497,0
0.0415804049780457,0.1832488275863029,0
-0.1668838767585185,0.20619948638810054,0
-0.2764580385940423,0.11670746116927178,0
0.052284954896222965,0.17609148651361467,0
-0.09889647215712358,0.14611687255757194,0
0.13408173082926753,0.19768734283936332,0
-0.04513247433947181,0.18356428724346735,0
-0.07361386201527767,0.14426847804676401,0
-0.22569813910994063,0.15434256262249416,0
-0.01316350564065234,0.14240879145535557,0
0.9923803761056613,0.15860254033919305,0
-0.14737378555068337,0.15805548083397652,0
0.0527873409742571,0.1655192717909813,0
-0.054882764857724746,0.21924513425582498,0
-0.15651971908469237,0.18850671018872941,0
-0.027394248503975184,0.14353955164551735,0
0.24160575886219743,0.20343608795068205,0
0.24475986221475818,0.19238843245384024,0
-0.02222274111152835,0.143585182087762,0
-0.1544589677755299,0.1374291827601771,0
-0.12383276551396763,0.12071402052353167,0
0.032554434979747256,0.15662070580891202,0
0.27903234544990685,0.2093987790313927,0
0.22087077198040292,0.1512675211710088,0
-0.05200483441475808,0.16366844375928244,0
0.22734578059779678,0.11930278440316518,0
-0.019804303235999927,0.20585701697402528,0
0.06785464692867113,0.16336121068281284,0
-0.12322161799584848,0.17318677657689804,0
0.02333602850269603,0.2674918409756252,0
-0.015313537745484659,0.15381567261435766,0
-0.2546658906234376,0.1702752614021301,0
0.185065855800833,0.18418221351427905,0
0.11680629256428451,0.13798946581388774,0
0.08595736216141685,0.21311661452054978,0
0.13948746492215025,0.14195500016212464,0
3.622056978756457,0.2224294309105192,1
1.1745257573712236,0.20154387670936003,0
0.06529358844901016,0.23235626220703126,0
-0.17617696310809655,0.16048750104130927,0
0.01602947770858693,0.14832714279492698,0
-0.16651365741590898,0.13538959940274556,0
0.35261072465658955,0.1591576095422109,0
0.9129406319375537,0.11336655264550989,0
0.06871774955302959,0.13841320923396516,0
0.01110450435523756,0.21603148645824857,0
-0.01818022710972064,0.1604398741040911,0
0.12045649984296831,0.156330162637374,0
-0.11336968814058791,0.18922022033382105,0
-0.023541268605647654,0.19616349628993443,0
0.144148718921257,0.143295406910681,0
0.1090411089747602,0.15281140173182772,0
0.1492755435581836,0.19592522280556812,0
0.07732054889569204,0.24978984526225498,0
-0.09691152175846962,0.17782723680138593,0
0.18529606026154855,0.144292734300389,0
-0.20516478675938057,0.1652490556240082,0
0.03518096522901954,0.11582770943641664,0
-0.07048128757736406,0.11826485494772594,0
0.4435361380934568,0.1341492584458104,1
-0.006271320136881407,0.15919770002365113,0
-0.11933288625791742,0.10832622249921163,0
-0.013150153421690612,0.17281800569632116,0
-0.14435938350295538,0.197189263395361,0
0.03563574959258672,0.11858640518681755,0
-0.006526033335053887,0.1768174529075622,0
0.03782223352610167,0.09869513577885097,0
0.04265946846701561,0.17917955276128408,0
-0.006598711009050884,0.1963582883862888,0
0.03139105144652682,0.2546644658655734,0
-0.08830919265643833,0.16715487514223373,0
0.16224483101192086,0.19530186653137205,0
0.1620652904824687,0.13200984375817434,0
0.2854220172357252,0.1914000861985343,0
0.16976426095636457,0.1527593049738142,0
-0.04706610486302902,0.18481713658884952,0
0.31522996917492996,0.15015864438480803,0
-0.10526830786078896,0.18377085427443188,0
0.007856311146114637,0.1454276688893636,0
0.12091591698636764,0.13718955376568961,0
-0.20484344981745004,0.2450601373400007,0
-0.15204503060409866,0.13320879505740268,0
0.01884387976146828,0.1444061296827653,0
0.012033247320270408,0.17345512658357623,0
0.009904070754134714,0.18681266202646143,0
-0.0568023295750984,0.14504552464331347,0
0.18054059057991315,0.10078540554753056,0
-0.34673981070852755,0.14934391006827355,0
0.2581130580897391,0.16428688133464137,0
0.19343704156508587,0.13530654875007833,0
-0.07603341464024885,0.1125960526642976,0
0.14561592336012774,0.1034571498632431,0
0.06482759057385087,0.2030994286662654,0
0.02797101030318513,0.16322981119155883,0
0.16345823548657357,0.1643615901470184,0
-0.1300569733422244,0.2125816622201134,0
-0.10721760102728926,0.22078438831700217,0
-0.28514775257168673,0.151440691947937,0
-0.11877434616562936,0.2412747933584101,0
-0.21664682283124684,0.13313117693452275,0
0.9003211175076863,0.2036584745134626,0
-0.0391733702668174,0.17120288511117301,0
-0.10710043114161177,0.22871477492153644,0
-0.3225730091530817,0.1354253261177628,0
0.1757207401899901,0.1373487581099783,0
0.07493646799963079,0.15542934186318344,0
-0.03149222990245302,0.13287056724230445,0
0.09276540614382936,0.16683306007674245,0
-0.07791721236235541,0.14152629375457765,0
0.06661778270628224,0.20536530211165147,0
0.10062640940301604,0.1796961542438058,0
-0.05623663616762699,0.14380414588110788,0
-0.05000807759755068,0.17587391568554772,0
0.033835923792921274,0.14724376814705983,0
0.018797380498347276,0.13530312077752477,0
-0.09397742794818971,0.1978301212594316,0
2.22085803267388,0.2422408160917899,1
0.03151891124318452,0.16479836636119416,0
-0.382508525734954,0.1926587353734409,0
0.22359030640297314,0.1717627074267413,0
0.10626041333374119,0.12993282526731492,0
0.0024235475275870798,0.20709078039441794,0
0.04451359785343859,0.15110217802452322,0
0.0062594527977690995,0.1230759231483235,0
0.0357754291377121,0.16819128543138506,0
-0.12346190032574449,0.16811838282479183,0
0.25743626512516204,0.17596730444882366,0
1.30290305166792,0.15756170170647757,0
0.06679375758161092,0.17759010076522827,0
0.15273025305046345,0.1425039042745318,0
0.49485700783050796,0.21684743726954736,0
0.006706922887271952,0.11786810036363272,0
0.006949532469913906,0.13033184533317882,0
2.5326315633569334,0.20310239078182926,1
-0.04826851842383809,0.19321182424371888,0
2.8860399592094175,0.2834505012806724,1
0.4609335476748013,0.15463244165693013,0
0.12526620053643453,0.14840410053730013,0
0.008037030964330097,0.1368273274651889,0
0.24144086431220046,0.12634979916943442,0
-0.03986594356616519,0.10912439908300128,0
0.10003809370908608,0.19543349559490494,0
-0.001208914688548929,0.16104653645784428,0
0.11875344870400235,0.1799829830725988,0
-0.09799585869591877,0.13983715141520778,0
-0.0011737609225409224,0.19402562163092874,0
0.10404711183739987,0.14932884342140618,0
0.37468444053190536,0.14466167820824516,0
0.11005344112363609,0.20902818802631262,0
0.2235935687506572,0.16626297452233052,0
0.1507617912372918,0.16996569667543684,0
-0.22852402456428642,0.13523453235626226,0
0.16738487383875073,0.13696230860317452,0
-0.15378735921302733,0.18470313780837588,0
0.027073475414962158,0.16180500294032849,0
-0.02139284287843081,0.20401936735425674,0
-0.08403382757192096,0.1653415488846162,0
-0.19980796849658566,0.11898101409276327,0
0.32154422388351245,0.14397216700017454,0
0.16941656664078947,0.1463616360317577,0
0.18330648938997512,0.23711046137307823,0
0.12550630191926318,0.16225129865830942,0
-0.028715216764918453,0.15197418825966968,0
-0.025998950981993542,0.1861499667167664,0
-0.29431903645610275,0.2344897735686529,0
-0.16664235654882745,0.14794177132494313,0
-0.28944640028368357,0.12374967734018963,0
0.16134236040444608,0.12985826432704928,0
0.1093646243683251,0.17951623537601571,0
0.037479493544301204,0.1691494714130055,0
-0.025018838906624628,0.20296184012764384,0
0.20607667769626598,0.1694934967401865,0
0.2518867986983056,0.14970832407474519,0
0.778706669320429,0.1582262015342712,0
-0.1945198946724279,0.17079644046331707,0
0.1344165350705736,0.19852858134678433,0
-0.07778887322546602,0.23581392943859097,0
0.1536674468731622,0.12222679319052862,0
-0.08894620669002046,0.17159828044272757,0
0.010152822575549154,0.16186186484992504,0
0.0788675546061882,0.16710242782320295,0
0.05851409887907505,0.16015948568071642,0
-0.030648158304230566,0.19973179204123362,0
0.20874596935154976,0.22782739480336506,0
0.3055706089977361,0.14187920093536374,0
-0.082457858824309,0.2640677443395058,0
0.28319922843186024,0.21104483298766305,0
-0.0762018836272944,0.17776332919190568,0
0.2157486755413943,0.27403749193464016,0
0.20683122427845418,0.16743938342944995,0
0.10512731254419032,0.13973949084410797,0
0.08701965790244173,0.13178338137539952,0
2.656603074916422,0.28975109006907485,1
0.12147249680627767,0.12886738454302152,0
0.11570891369797397,0.14871277592398904,0
-0.03608655062192692,0.13137699365615843,0
-0.04981353011163467,0.17242682145701516,0
-0.011045798289773928,0.1958148096737109,0
-0.0038420794106843615,0.18939816567205617,0
-0.055181014023791226,0.13543711105982462,0
-0.13244094893211752,0.2080049851666326,0
0.06588051055571707,0.18590079148610433,0
0.27873974171118604,0.1612985667429472,0
0.0018446611027135545,0.18802885751466497,0
0.17963427851558586,0.1188947573900223,0
-0.04293491215646836,0.1821498175462087,0
0.003000396830866199,0.14972561631883896,0
0.19489284627569306,0.1522347899044261,0
0.3179061618407443,0.15032355971634387,0
0.05044157124378325,0.2017542779445648,0
0.008602685276282298,0.15471883283721077,0
0.05984898375719685,0.15432302794958414,0
-0.0462894480203704,0.22949927777051923,0
-0.13851922842054493,0.14098358551661175,0
0.1429039421763686,0.1077655526307913,0
-0.0766393589687201,0.20173544211265365,0
-0.06851974859430048,0.15948750277360277,0
0.11703107541353548,0.1202156050130725,0
0.01287912848225593,0.17016189302716933,0
0.8103368676840248,0.15185329808908352,0
-0.09194337982631322,0.12249711826443674,0
0.10226967322049813,0.12056628808830723,0
0.044628903510539,0.1463211897647742,0
-0.12382978767133777,0.15300004192300745,0
-0.11208820165484872,0.2039372838205761,0
1.1771616702003342,0.13435899566959691,1
0.023923976973961217,0.1715674179792404,0
0.0566266593972385,0.15337994159796298,0
0.1996675995496066,0.2119840964292868,0
0.552922621816647,0.16183671222792728,0
0.07482910365150545,0.2025250463109267,0
-0.050338387628480745,0.23886801666683619,0
-0.032467593406873316,0.12747094556689265,0
-0.12692383665794604,0.1973172245881496,0
0.22346726771748765,0.13269984876668015,0
-0.03943126463921727,0.15907321460545062,0
-0.06121157234185076,0.250358190407624,0
0.22967847957834597,0.2247188443229312,0
-0.11815516017720855,0.1966232808624826,0
0.16459543824257805,0.1602951116859913,0
0.11722650536030314,0.16324874099932218,0
-0.02848442549960957,0.13226603550069477,0
0.04814580112919753,0.1641119507948558,0
0.10506320779486461,0.19021269710440383,0
0.04115399587836757,0.13333127051591873,0
-0.0747085607599015,0.185223786953168,0
0.10645652058427672,0.15183459810308503,0
0.10000573977001648,0.18022927443186443,0
0.15459198440120478,0.1708213967661704,0
-0.03246372466840609,0.17611004145521864,0
0.138022049366173,0.13497059651783533,0
-0.33028840303031437,0.1612660047080782,0
0.22823591191391804,0.16582397480268735,0
-0.18654709037991465,0.21908929787184062,0
-0.004090852737178047,0.18185547626379758,0
-0.019388427392629498,0.11600306264815793,0
0.024338399502832137,0.14451179107030232,0
-0.12897431028599815,0.21133039406367715,0
0.15998680813620958,0.13331438110720722,0
0.1127544565682741,0.23643732998106215,0
1.211293476940867,0.23545576781034472,1
-0.0257153808889056,0.16830547894200976,0
0.1518536000101949,0.14565875498872058,0
0.42526996253263105,0.14707294908063162,0
-0.11268121118127847,0.18007681049951693,0
0.023383763461434545,0.16057456924069316,0
0.10088533355768019,0.18085444822455896,0
0.0395884393200206,0.16453553500928378,0
-0.005804096130736273,0.22261534995502893,0
0.16635441880902588,0.19730298132509796,0
0.051989956452502796,0.20793177891861306,0
0.2532253034776256,0.17414954033764926,0
1.3197000483223342,0.13436062233201387,0
0.4211938320186916,0.16379691846668717,0
0.010167085597592563,0.14638648069266114,0
-0.0858916221960417,0.1460444685485628,0
0.03808164726358909,0.19335409947804041,0
-0.3509060802515965,0.18607469252177644,0
-0.05487045293449556,0.147415527149483,0
0.03435245368913475,0.18195477578698135,0
0.07043114101959565,0.15506227189494717,0
0.15899520945041726,0.19762351125478744,0
0.0007752873219018484,0.21326593129258412,0
0.11875228630388023,0.18299254741933613,0
-0.35330398395933404,0.16109079412511879,0
0.18900495283417865,0.163752659629373,0
0.6416126361132929,0.22265038362571168,0
0.1439002219535564,0.17830606639385224,0
-0.06655708076334249,0.16147950363881663,0
0.10098259400131496,0.12278264646346751,0
-0.009176439911143194,0.18679227005867732,0
0.2926602607979051,0.17738698257340324,0
0.0943793437428707,0.18446581299240525,0
-0.11269347663291826,0.24188945672728798,0
-0.12226417290664927,0.18593100951268118,0
0.1527794234648507,0.18254627697169779,0
-0.24647192446241803,0.19290269521566536,0
0.229609513294909,0.14868606979196725,0
0.007706944597924338,0.1548462647380251,0
-0.08534036742329396,0.19086275461948282,0
-0.2108079567099658,0.1458131993518156,0
0.17094166923305887,0.17884993483038508,0
0.2508607401782901,0.16618833003505587,0
0.09733597135675515,0.19956674511368208,0
-0.04123540474148277,0.20534491647373546,0
0.3906908612708663,0.17305060468221964,0
-0.017233013613103747,0.1488353557056851,0
-0.04176379495895439,0.21813827086897455,0
-0.22415089384745512,0.18013953106743952,0
-0.185233031128128,0.2145444856371198,0
0.05231975590500826,0.16667030291123824,0
0.0757744102280511,0.14289846420288085,0
0.2593179091316624,0.18090898501567348,0
-0.2573539182518144,0.129039346746036,0
-0.11426536509518262,0.11998208947479724,0
-0.13776908482845973,0.19830122590064997,0
-0.14791718917190538,0.18738827539814845,0
0.11660461633670868,0.18379965027173356,0
-0.13145896165090776,0.13826349504066238,0
-0.0456965303131679,0.10870689538217361,0
0.8652817699873961,0.22934649194989884,0
-0.005267280140887939,0.176794171333313,0
-0.05555925755442145,0.17889148347518025,0
-0.12740404161142807,0.15435659518608683,0
-0.11043567498560757,0.11686520318727234,0
-0.24008608435332124,0.16106147377779986,0
0.03595394416156376,0.2194039742151896,0
0.12281398332187164,0.13887717682739786,0
-0.0452745747217089,0.18339675199694752,0
0.017475650447005827,0.16542824109395346,0
-0.1113275597212607,0.3020336980289883,0
0.2030731165756749,0.16810537001182294,0
-0.11779436325142603,0.18123838799340383,0
-0.08266370379624861,0.18539204081973512,0
-0.13611711204294746,0.23236011415719987,0
0.17475540425464178,0.1499709859038844,0
0.08178308888417736,0.15786506439510148,0
-0.27556801252006385,0.11873456169577207,0
-0.04234890009992629,0.16962735758108252,0
0.006576775658248995,0.12832975640441432,0
0.14618006983687581,0.14727684259414672,0
0.1033402454215887,0.14329255123933157,0
0.03664692599778088,0.16990084312856196,0
-0.10499715961827978,0.1539405306180318,0
0.10160011649627998,0.10960679389536382,0
-0.15453655269619007,0.17657040686442935,0
0.2936301261195422,0.14739748420137347,0
0.142704621685315,0.1425964086220182,0
-0.07134610045825573,0.15069769552775794,0
0.14365295841416062,0.1671078602472941,0
0.0910208092349776,0.17110874618802752,0
0.4851977211947817,0.13904030509293078,1
0.11333804259383944,0.13941052520976344,0
-0.1874152349678319,0.1504951610797789,0
0.11406710317468498,0.185553629978283,0
0.05193365980510535,0.18261991637093677,0
0.07667439164134053,0.1436470099290212,0
-0.11210114834307151,0.17142044713622645,0
2.3736269671904,0.2004124470055103,1
0.18374035904395256,0.15610775303196261,0
-0.021807721052322912,0.12427739866318238,0
-0.0761941768661759,0.17535328409251044,0
-0.21330770241697386,0.28652625261318115,0
0.22334308770407393,0.10477861743984798,0
-0.2240201115802201,0.17752423769718895,0
0.07018774270655392,0.17373182979123347,0
-0.14820377027519663,0.18837925195693975,0
0.017908592034538224,0.18692647569319779,0
-0.0677808635913615,0.18281700713293889,0
-0.15482735183122204,0.17324951210537473,0
-0.029514281689061814,0.17885312661528588,0
-0.08964072578326947,0.1847074343607976,0
0.21267537676332746,0.17945380558570226,0
0.23293179260657937,0.1929358273744583,0
-0.10659863302406444,0.17098491595071907,0
-0.12941576432932084,0.13616180419921875,0
-0.0664182245599089,0.12760807797312734,0
-0.19207869182656176,0.1358322424273337,0
-0.12225321861062946,0.14534985780715942,0
0.07873841938882893,0.1383462871823992,0
0.1783674966640166,0.16467994776639072,0
0.18962050070119849,0.16042677854236806,0
-0.037381338950525964,0.18121932574680874,0
-0.07526833664040368,0.17633046843111516,0
-0.05971296317462921,0.16428451993886165,0
0.03448630203444468,0.1431975692510605,0
-0.22227866358855672,0.15403452566691805,0
0.2106230461755606,0.15296703245904716,0
-0.2489538468751603,0.10208157397085622,0
-0.04822096779638747,0.1387917337995587,0
0.015515496036385119,0.1639518749713898,0
-0.016425264238498712,0.23719718456268313,0
0.13797674289569403,0.18372316811535805,0
0.021504051599604255,0.14340603641561556,0
0.08143653153943496,0.17937459426048474,0
0.1436082856461792,0.16451208624574873,0
-0.004552066185103742,0.1831478131783975,0
0.06060518597493928,0.1781206101984591,0
-0.07520233441064365,0.16741022607859446,0
-0.0020485090556701824,0.19858360447381673,0
0.12266645282644813,0.1552787872723171,0
-0.23834786107036826,0.17043087204297383,0
0.07128194820480951,0.12958020745096976,0
-0.131686821541199,0.1499072895330541,0
0.14015891244873238,0.13099432177841663,0
-0.015944519860891196,0.15044746629653438,0
0.11778517297008932,0.21657585173845292,0
0.00894960866789569,0.16065900220590482,0
0.3053326310838909,0.2529568314552307,0
0.14696356180627293,0.1570596412304909,0
0.14229125687926839,0.19229764906135766,0
1.42299208088009,0.2596288644605213,1
0.013489146847058485,0.17769835717750318,0
-0.1659074693392069,0.17865377515554426,0
-0.020097512832576325,0.19467832148075107,0
0.09863158224463808,0.144069500507847,0
0.027823181972542237,0.18058342066678135,0
0.20107220280571442,0.16563605038743268,0
-0.04398026538441695,0.15290041357278822,0
0.22418640370766024,0.2213312731232754,0
-0.12101727692701328,0.16234115623846287,0
0.5039019999273334,0.19509574108653593,0
0.15576537195158285,0.17135635797794047,0
0.06466923734004323,0.17793735800118282,0
-0.27839137378022333,0.15849324365456902,0
0.03944104517280637,0.17290070668244975,0
-0.20124835684926065,0.1391763788281065,0
-0.27517352972539605,0.20405715736182967,0
-0.05948766287373065,0.1558711160313,0
-0.12172001523702068,0.2329401411661288,0
0.03874080596900011,0.17998092030033921,0
-0.1135633212360529,0.15711223227637153,0
-0.13128642693003645,0.13173359813112198,0
-0.09234091140342636,0.1805869387857842,0
0.14093659694257596,0.1960165373980999,0
-0.08068663724108774,0.2106764900056939,0
0.04912615461537915,0.1815276754529853,0
0.2596178412491514,0.17391195334494114,0
0.059751673428743705,0.15159636174931246,0
0.10506502281487583,0.11740435707953667,0
-0.09989103925486909,0.2060517496532864,0
0.04441672749933166,0.12873142170054572,0
-0.021492656672382773,0.16235467388823227,0
0.18065877126873198,0.21679644167423245,0
-0.12816283878339893,0.16937696503268349,0
-0.11010580849160594,0.17615029476583005,0
0.10141129101057543,0.20014212429523467,0
0.18172061872781195,0.1984592266380787,0
-0.003924072181016745,0.17036070998977215,0
0.16802935435065505,0.23167008199999412,0
0.02431134521545255,0.17807681981255025,0
0.15226871142024548,0.1838558824438798,0
0.32503315228372737,0.20061971221651348,0
0.03170618142106522,0.18363455533981327,0
0.28601112507851434,0.18620691532041966,0
-0.004598637172104875,0.182383279728167,0
-0.12047887332115254,0.15896294537712544,0
-0.05508712903241986,0.1938484380642573,0
0.38873089677149075,0.17025374945472269,0
0.2167644228657812,0.13332253289222717,0
-0.03482784674420505,0.17454655170440675,0
-0.06554769491614565,0.17651590969827438,0
-0.10687396061438284,0.18616674900054933,0
0.2635588952607147,0.193307641323875,0
0.6404981691580118,0.13909096462385998,0
0.028893061032907532,0.18674749646868025,0
0.09982908043583706,0.39716975118802933,0
0.2739615418596432,0.20455000460147862,0
0.1535349782554414,0.21706130053545977,0
-0.06146689696989403,0.24521677139643078,0
0.006867328676701073,0.18079959612626298,0
-0.16186894843746125,0.20197773906919692,0
0.12208175997930909,0.12431893311440943,0
0.010853670554538761,0.12380651161074636,0
-0.13687990306881503,0.15368600989642894,0
0.20825439127269588,0.16392411154669687,0
-0.1957732262887318,0.15947339751503684,0
0.12738745121961684,0.19537587106227874,0
0.06862543639785415,0.14060494270589616,0
0.23416294067150367,0.15915616055329637,0
0.15535186297434742,0.19321508518485142,0
0.25279611516304357,0.18144355529063458,0
0.10784562964618842,0.21667462617923045,0
-0.18310447437400088,0.16058859056042088,0
0.12251359531110559,0.17218568219858058,0
-0.03454048876531558,0.1922505968495419,0
0.0190916525586972,0.20637485716078016,0
-0.15741292985685607,0.15626367850181383,0
0.1131004642773136,0.21004028286252704,0
0.0030880889994284568,0.1735565655761295,0
-0.14264096745375227,0.2261637028894926,0
-0.17001710541566986,0.19212903181711835,0
0.7219355840918271,0.20744872802012682,0
0.6006655435779924,0.1706325953071181,0
1.164083870397815,0.23138452427727835,1
0.014570089983217488,0.22093293666839597,0
0.3192070440075844,0.18193910808274238,0
-0.11195187921390225,0.13961722599832635,0
0.05453876475431122,0.1971266718287217,0
0.26671187860102846,0.13068521499633784,0
0.06481030759270548,0.2566020134167793,0
-0.05264879578812436,0.17197951906257208,0
-0.1512216050646984,0.16052429007320868,0
-0.00217119559516632,0.22481930653254192,0
2.4241136675129797,0.26733026269710425,1
1.327602180123207,0.2309325980417656,0
0.17472067679478792,0.2063590495926993,0
1.2652653926764057,0.2509330297217649,1
-0.008254604844222552,0.17399992559637342,0
-0.06329764205994776,0.21601024898322851,0
0.18526231358861517,0.22558978148869105,0
0.14461889128156358,0.16718558759400337,0
-0.12633355834955545,0.17659360201735244,0
0.079750262682693,0.16641007355281287,0
0.04175973955147939,0.20811295446596642,0
0.5760212186269528,0.1804120374448372,1
-0.029633472603899466,0.18807699169431413,0
0.06966709145150354,0.11259471430922999,0
-0.16257557313235332,0.15319885990836404,0
-0.15384281452170245,0.2532633013195462,0
0.29289019306406217,0.23079368617083576,0
0.04157471832237204,0.23893415612332958,0
-0.16737785362384272,0.18395616453747415,0
0.31021864944977384,0.17282197541660732,0
0.35065407009592636,0.21256184302843537,0
0.16871124884712463,0.23961379283513773,0
-0.02331823570301838,0.15822413936257362,0
-0.04356695176507211,0.19831933034093754,0
-0.0682035307542829,0.13151127866336276,0
0.04465940276709477,0.1927198066944029,0
0.17983958264814573,0.1484394689968654,0
0.03432163287055075,0.12810150504112244,0
0.006688044262198792,0.1841677109400431,0
-0.10177366185021935,0.15663660755380987,0
-0.09369781910584976,0.14177798409211,0
0.0833893901730748,0.19400932255544157,0
-0.20906439282570452,0.13755366665976387,0
0.2125960743594458,0.14875276796519757,0
-0.11709835556939525,0.21756259905986297,0
0.057534528410834666,0.17977741920586784,0
-0.2429790479209572,0.1783855595239779,0
0.19817598372005021,0.15720664635300635,0
0.018296805631422327,0.18929827152154385,0
-0.021496863186295956,0.23144923278263638,0
-0.14528801891992374,0.21991235537406725,0
0.0662388200464741,0.12036010909963536,0
0.03705696217103599,0.25322465080963946,0
0.22235677544835056,0.16606689161724514,0
0.002058586553190255,0.19107520152360966,0
0.05333059175796225,0.2004463195800781,0
-0.04116376575155039,0.18835974574089048,0
1.1421691101344265,0.14215037907872885,0
0.1062635098503641,0.16033932481493265,0
0.10324080235937023,0.14218250568956137,0
-0.07546803571946704,0.30108391731977463,0
0.041409427062974714,0.1807801807248915,0
0.293196606166302,0.11917895409795976,0
-0.11369152466533519,0.16749515407963803,0
0.20237596071140915,0.13636206487814587,0
-0.04433030211821005,0.1616806600544904,0
0.1471943297341212,0.19754140596640732,0
-0.10992068419551322,0.21250215552069918,0
0.21859857851338702,0.18426127965961184,0
2.898378051791801,0.13746712495540753,1
-0.16424261256666853,0.172013338974544,0
0.0564616195021737,0.1871038212662651,0
0.20031514025955516,0.191167379617691,0
0.15417364872055403,0.1724699791520834,0
0.15714669965178174,0.22972840133466219,0
0.13248783351072077,0.1307330776963915,0
0.04463844405356597,0.15690753062566118,0
0.023442040130811158,0.14155870740478105,0
0.0361128929308873,0.18202806303375646,0
1.203802237976342,0.19901393583842691,0
-0.18190965186694155,0.17593070010881168,0
-0.05389670002990925,0.13197368184725444,0
0.3553459938457616,0.22598006788053016,0
2.2202536925547762,0.24573979657143355,1
0.14611608090565434,0.25243912458419804,0
-0.020320560793029113,0.18643737656729564,0
-0.2029658551632718,0.1232255844399333,0
0.056924601447430105,0.1678327012062073,0
0.9224068274700106,0.19541038274765013,0
-0.12500575029506583,0.1791791912671682,0
-0.2583577599020148,0.16475034990618304,0
-0.146267000842434,0.1977629093023447,0
-0.21520811978723822,0.18032809436321257,0
-0.1166599925787908,0.15136163203339828,0
0.4579498211204832,0.18335162436260896,0
-0.03694823320887633,0.27232863108317057,0
0.9444327462122006,0.21586583362471673,0
0.22013773573246848,0.16587650080521898,0
0.009944953281920677,0.28321057454399445,0
0.47037402119121197,0.30405182709565026,1
-0.28754741174153586,0.20626884716398577,0
0.05161843240607076,0.1602453514507839,0
-0.15076870503607287,0.21795625442113634,0
0.20725912238578523,0.14011266346900697,0
-0.04735702415183541,0.13500344157218935,0
-0.07348850706524801,0.15139122535200683,1
-0.00914720676722652,0.1762911730342441,0
0.05228540564289666,0.14662485648604004,0
0.5416860386586339,0.20967134417909566,0
0.040320356272688734,0.21297028612446142,0
1.19087946411,0.22842600188757248,1
-0.09374250008346802,0.13584798993887726,0
-0.19255342900847738,0.12021018651223951,0
-0.029856960911642222,0.17079178971402784,0
-0.059993750503203144,0.21948188982511818,0
-0.12450518662092157,0.19540159953267952,0
2.1042479973388653,0.203732168333871,1
0.06791609246982662,0.16646055999924156,0
0.1479025174074536,0.13353633960088096,0
-0.11431958705871847,0.1343557490242852,0
-0.12319676294833279,0.17366759640829907,0
-0.15868574644066974,0.19268629619053432,0
0.009582536950834525,0.14118398409901242,0
-0.0037863678780368083,0.16568451173165263,0
1.3986104277576492,0.24029406309127813,1
-0.14698353664447286,0.19770955749460167,0
0.09717117811411212,0.17539548608991837,0
0.824350789813652,0.1943466618254378,0
-0.13406431816460257,0.16082184660819274,0
0.08743823729804631,0.2396866984989332,0
0.3852505045284355,0.16106004189042486,0
0.004842529086054623,0.20149544157632968,0
0.17344346165977492,0.20994208104470197,0
0.2433586112900574,0.20299729880164652,0
0.07244856313606779,0.2027415783781754,0
0.12288039332323254,0.17055209279060357,0
0.18138190381917493,0.1294921565055847,0
0.44018288814503587,0.19668569456447255,0
-0.07919445210090259,0.2050143035019145,0
0.20544749268928628,0.20105734646320342,0
0.08852093694325977,0.20894549608230592,0
0.9959340371730651,1.760138352960348,1
1.8731610838947077,1.9696643770568905,1
1.2475931601309758,2.783155454043299,1
1.7935166442384045,1.440579730272293,1
2.5214236117870574,1.8627539248930078,1
2.3008854212830845,2.788600751687772,1
2.6341740087263212,2.409703064768722,1
1.1806928855327081,2.0100792997413213,1
0.5083898719351072,1.0904234424659183,1
1.146434130879127,0.6653956107795238,1
1.3210548911434459,2.8376381672280173,1
2.3715456870713347,2.8971922234632075,1
2.698658413708208,2.1135674013647927,1
1.8952781301505386,3.309553311268489,1
1.9250943008438037,1.6053369158651767,1
2.4117101124055678,1.1968192145228387,1
1.9138063329645083,3.1855036403569903,1
2.838390512602907,1.3770632719523028,1
1.750795648741713,1.836462138124875,1
1.681223560702086,1.2486089831934526,1
2.8660050775767565,1.4634810460168262,1
1.7156745729539924,2.031581035587523,1
2.249918742778111,1.640544386491889,1
2.0255358450770875,4.369258575367205,1
2.322149821463979,1.198601046968729,1
1.37340682209157,1.636489677088601,1
0.54669282803486,0.6039815536765166,0
2.3089847001784145,2.102462730035186,1
1.224253529456235,1.562785436817118,1
2.3913028214872547,1.6666442972772264,1
1.9104124088115597,1.9384653317300897,1
2.5569631925720904,1.6907358006789133,1
0.5187131164805954,1.5475371677906085,1
1.0408731398070994,2.2134946041201293,1
2.57858457113595,1.7148468039929867,1
1.3797013895161956,2.465350817406879,1
2.5873163602465024,2.0411636951001912,1
2.6513797531678462,1.04827575040491,1
2.698521408809163,1.8969804813641875,1
1.9183447539296656,1.562741112783551,1
1.867194894331271,2.0658420269103615,1
2.132450415964909,2.537064656747712,1
2.8322058368552123,1.0286625625231325,1
1.4517932895326409,2.6637149204810466,1
2.503560280928301,1.3718279010974446,1
2.177322712494531,1.836549991390535,1
1.2154198918908417,0.8731503012279669,1
2.4877613867790926,2.2152845703247115,1
0.2555633446080928,0.6281081810975687,0
1.5647876618479024,1.4632628628840814,1
1.9078704854060373,1.308938686642796,1
2.466190998783741,1.2533905725221377,1
0.898160368953159,0.8156989269177704,1
2.119423262167788,2.4295956620355934,1
1.1870338107624876,2.0486511129992353,1
2.230867830619418,1.8375566828541638,1
1.3492712600172911,1.566212915059398,1
3.603364924281288,0.7850724860600063,1
0.7380196027049056,2.776458678063419,1
2.130590804777327,2.1906051438756107,1
1.6624300974122506,0.9536711839641012,1
2.178161532022848,1.188675659604189,1
2.2674438448238985,2.266025717246036,1
2.398033440440098,1.0419447384976055,1
2.207479673718442,1.5042732540931967,1
2.8550771147683434,1.3500390230155572,1
2.5372070605394477,0.9404411441240558,1
1.75863296253114,1.6735212566036928,1
1.4611361528967886,1.116888118517108,1
0.3862120286332807,0.6072215044137205,1
2.720340574544993,0.9871616935233275,1
2.194623217248015,2.2418936784877332,1
1.513384837265699,1.2625625696293141,1
1.826732084187452,2.475843267364276,1
1.892575091084948,2.6084863867078507,1
1.5160489548126097,2.066362468103568,1
0.8036684326380151,1.0346243106220898,1
1.363575753279596,0.5395638356337676,1
2.7069547291322573,1.1477511855058893,1
1.9546075839064148,2.0834506595835967,1
1.9959625981456246,1.0258139391740164,1
2.6350409373662274,1.4516667311008158,1
1.7897760186524894,1.510551010031958,1
1.5462600207439663,1.0440059998072684,1
2.7779985055865355,1.325058778356283,1
2.6118973928231237,1.2030032433961566,1
1.1151837751601956,1.4215499299603538,1
0.9832440970627666,1.112109622359276,1
1.2822618886854533,0.9696097256172274,1
2.4439382498679967,1.7109904255622475,1
0.7775425025438887,0.5998164358811501,0
1.065981186924381,0.6387734074341624,1
0.9433694883291237,1.0267765723168847,1
0.15844786471542155,0.31593218661369166,0
1.5727091952573506,1.2827055124675528,1
2.5797686067885146,0.9179675270803273,1
0.823401257645589,1.5441245508037116,1
2.2654385089572373,1.403035571849024,1
2.0597088766829956,1.9693451359158471,1
2.725328838417426,1.150365145638203,1
0.6499162032856527,0.7734432545730047,0
3.4644356946077117,0.6931354162367908,1
1.4409055848677317,1.3664220362025148,1
-0.16282824208995605,0.2933173395866572,0
0.5488008058152913,0.5226298154127307,0
3.168993830849567,0.7580044909527428,1
3.80498450892116,0.48900103291799857,1
1.7569031703631715,1.7103399416638745,1
1.3672201114785512,1.6674511557495273,1
5.916629833937509,0.6114048736542463,1
2.3799473176572437,1.8716311507500136,1
1.0039601650042511,0.5832525204528461,0
1.6253604140590543,2.1977184215658583,1
2.427253674992414,1.0694944265342894,1
1.3756032668375993,1.075489956784893,1
1.0857033673161884,0.7212232161790897,1
2.361913249305923,1.6189563116856984,1
0.9544341535746401,1.0615827161073685,1
0.7145529704802092,0.5161948079154606,0
2.2448983505777926,0.8626459362606207,1
1.3476059557836604,1.2615641349240352,1
0.8321805052888804,0.519653834684475,1
1.0874524196318005,1.6186748159428437,1
2.437739828609868,1.395596580037049,1
3.165083101909145,0.4706384435659502,1
1.936630199088376,1.208438904928725,1
1.9497347376256415,1.8080382070025878,1
1.40330772459355,0.9427136203417411,1
1.3095609734698328,1.842050407371587,1
1.3113799124829073,1.174610630477347,1
0.7901104177641345,0.689034067712179,1
0.2542621373688889,0.48797642707824707,0
1.0336198138886912,0.8581551586206143,1
4.201050727477233,0.6884524336228005,1
1.214958751585792,0.9538054920531607,1
1.2978267990903518,0.8727718542303359,1
2.032396744134357,0.9556442123360751,1
-0.12353123159385784,0.6140367117795078,0
1.9737872293449759,1.1637492442876103,1
2.4957903196655558,0.8993385976933418,1
2.2471745815104764,1.4247912810671894,1
2.8461774893858838,0.48785411948743074,1
1.5489071156199095,0.9939912729289222,1
0.0933779578503078,0.4837587500727455,0
3.750334901858946,0.5263560284738956,1
4.033073494165829,0.6568485629558563,1
1.8458455732961663,1.7500336032443575,1
2.435263412668029,1.1818405793156734,1
2.2942923970483804,0.9614446113969005,1
0.7709496801821826,1.8344347019747993,1
1.3456664992649399,1.1171735772559808,1
1.305215292039296,0.44112885106693606,0
1.2841638095015764,0.66434634745121,1
1.2252431654878535,0.9725415795189994,1
3.058502842647047,1.1893185022663562,1
1.6072372970298372,0.6956565095884044,1
2.4813372804741065,1.0126987863809633,1
1.8554790343576346,1.4811315059661865,1
1.5880152365877411,1.2495880037546159,1
2.2378905741399526,1.2146702948212624,1
2.3059099787900283,1.3267723676320666,1
2.3665439766603087,1.5290553249063947,1
1.1443537619186388,0.9363833124573165,0
2.3044798210493633,1.2214441702978032,1
2.075869014959576,0.9205805940505786,1
0.7282242803249261,0.9923833333962673,1
1.041315192335442,0.8820209306829117,1
1.7128360088466668,1.3788611532085475,1
2.324908436218023,0.9346226687126971,1
4.739078044166419,0.803638375722445,1
0.7492753896807861,0.7048400459544999,1
4.310313336212044,0.5684357563654582,1
-0.06950008222221532,0.34211523749611594,0
0.5771305753236943,1.1895834459285985,1
0.6542971786895431,0.7857157892651029,1
1.9334522403708934,1.208877102485517,1
1.7148280125247615,0.9278497889235213,1
2.042935695783479,1.3043782640953323,1
0.5340997836615142,0.8768779919697687,1
1.229786713139883,1.542368531897664,1
0.700974345990204,0.42049042349276333,0
0.37122934830271254,0.8778387367725372,1
0.7132227720910538,1.0915699257238494,1
3.440980934751191,0.6253375413742933,1
3.2852004547998863,0.4977314284112718,1
1.8679008812698612,1.050501714909778,1
4.134294847680719,0.7441859118467153,1
0.9277466604554231,1.098389564620124,0
2.858944818191516,1.0119206711649893,1
1.4847894385553075,2.1044599665914263,1
0.7654994984889405,0.5880780781639947,0
2.4236265383634916,1.1630385050417058,1
2.443776505723058,0.8723739033395593,1
0.5989309356269547,1.0058741291364035,1
1.0064824278221087,1.090321577489376,1
5.667269641352099,0.539133309624916,1
1.6598861063963273,0.9831991797999333,1
1.2170703877206093,0.56821553895348,1
0.9992552944066317,0.9110871277749538,1
1.535767583133762,0.44465564977038985,1
2.3084132625956992,1.5719805654956072,1
1.559768918107448,0.966443321338067,1
1.9609618493979215,1.2498298668861387,1
1.3876899359965007,1.2869768769333236,1
1.1496563229442773,0.6331652536624816,1
2.150318434976902,1.1135021700246917,1
2.5759205328833152,0.7860518977791071,1
1.7489831968192986,1.0296794222013368,1
0.7448143994970535,1.0594909752116484,1
2.580824056082041,1.9455219719861006,1
1.8871712750588017,1.0292522261540096,1
0.6223632508855682,1.0090987469020642,1
1.816812485047213,1.3774498500284698,1
1.7844462004761787,1.2900847501224944,1
1.4740026594993412,0.44286677725613116,1
1.8906027182575038,1.0947968754413961,1
1.3087838816018946,1.4068455888543812,1
1.772992979434898,1.0739049048108213,1
2.6999686402172536,1.5154939677152368,1
1.136389642025461,1.1485803502447465,1
1.684903017218213,1.2502076569625307,1
3.461294052920191,0.8791348423276629,1
1.8228823101472378,0.6843785752852758,1
0.7796544291331349,0.8413213088231928,1
1.6715842176435451,1.0287262389788758,1
2.679487959993059,0.5540310647176659,1
-0.009115336802960936,0.47009584307670593,0
1.016428477471928,1.8586765469776259,1
0.6511525879847366,0.6961476641732294,0
2.0861781801854287,0.9456173735005515,1
3.095029086613613,1.0806018705169362,1
2.130839929410569,1.4080719310045242,1
1.5535718795878872,2.2005065743537506,1
5.097740216152776,0.7499877729199149,1
0.7634518639779088,0.5812428338187081,1
0.6699446825053263,0.6566709848967464,1
0.32073797967720025,0.6701502866215177,1
1.435108422213314,0.9844103724509476,1
1.0988455495913607,0.6546490996382958,1
1.7891731565146838,0.9280134916305542,1
1.7737037693911555,1.5165604411652593,1
1.8717825403202475,1.9872379238158466,1
0.9031510746474174,0.683241525718144,1
1.3631859455492787,0.8957954052167062,1
1.971817940959724,0.5252181752868319,1
0.6006928057622744,0.8291336856237271,1
2.7059796077018365,1.5661260026693342,1
0.9391296784689575,1.55439282294951,1
2.201262890234741,1.5035012556956364,1
0.704394283776499,1.1509705398140884,1
4.47613909351403,0.486028524769677,1
1.4645904054878318,1.0208638691902159,1
1.5021443405589068,0.6737665879098993,1
2.622841032537167,1.7761282746384783,1
4.558324508248508,0.7276509317528942,1
1.5130987312892852,1.9101295698630185,1
0.9433697579948309,0.7943212565125488,1
0.9835709822141111,1.1816308700121367,1
0.8228860358363423,0.9704216931317307,1
1.1866632263730126,1.4393520288997228,1
0.3848669088478706,1.2548967857618591,1
2.820327889868482,0.65003916449017,1
1.2025566256311768,0.6833208686427067,1
1.0762721212481055,2.305765464579737,1
1.365565353347808,1.4521988754853221,1
2.6971404503433885,1.8146480461955068,1
1.7082897007032163,2.0902740837020026,1
1.3037220344838494,1.0260495681588244,1
0.8962644901105179,0.8056541574001314,1
0.26988814282670814,0.35696392835572704,0
4.205131645924574,0.5778597888946532,1
1.3236617432241087,0.5961873888969421,1
1.4020993120402099,0.8243459044562446,1
0.7900202360111482,0.6376475524902345,1
2.232649752478881,1.1233168113799323,1
3.212891196079999,0.5358125924386761,1
0.11916774473559597,0.5555932586843316,0
1.2649556207803485,0.7685928833484649,1
1.2554823945400515,0.8506062664768915,1
1.6391089292898904,1.2440858028829098,1
3.326063536325173,0.6555703954696657,1
2.9485124507592744,1.366157346396219,1
0.6402263616429542,0.8947782648934258,1
-0.059612058267598245,0.29444034963846205,0
1.4500693227368302,1.4677729142457245,1
0.9472882241507843,0.5782042577153161,1
0.5548023022235555,0.8392372445362373,1
0.6707864002211505,0.609210783556888,0
4.281443666084654,0.5785244338853018,1
2.0677976208367137,0.9173072464976991,1
1.6982635033944664,1.2620499552023121,1
1.599011147407059,0.58821228712033,1
1.8663865588671074,0.7832416421600751,1
1.5450742379166298,1.018964444673978,1
1.4885161308899926,1.032831873471538,1
0.24087529635172214,0.7009160540824713,0
1.6489924301215175,0.8369104835183122,1
0.8129745426874969,2.298810120540506,1
1.9620737754905329,1.1788031090528537,1
0.9232009002135334,0.6285205951103799,1
2.16559365124026,1.5442881770431995,1
1.4959116230326677,1.044858387538365,1
1.1581627610601184,1.8986225715705323,1
2.077501246315905,1.0125704157643203,1
3.5566480487850445,1.1435133793524332,1
2.578634289726303,1.2096130836166834,1
0.03939194074042339,0.5562659710645675,0
1.3959954255607827,1.5812090702545947,1
1.3961847514849977,1.25126449127455,1
1.0612298406487077,1.1183325225280392,1
2.166412380862522,2.686689241603017,1
2.1503000901772378,0.467013518353726,1
0.010466241418034707,0.40237475778998394,0
0.9369624699691129,0.30158481717109675,0
1.4360927214197785,0.5403196605476174,1
-0.030569880633996044,0.3720402543137713,0
0.506484535075183,0.32243175864219664,0
1.5452592107859886,0.3523271083831787,0
-0.16306579509694943,0.3406082386440701,0
0.042948894795364456,0.25723701182164643,0
1.3786165051282415,0.44399419372732,1
1.272828054746245,0.39236668178013395,0
0.11099987952849573,0.4277081704139709,0
-0.07897890623248013,0.543306560781267,0
-0.020870364166812802,0.25476602287519545,0
0.03346636363032675,0.33601345592074927,0
0.141032219009431,0.32294775767204087,0
-0.2367575916037816,0.25741416128670297,0
-0.061213328470502856,0.35525482976159384,0
0.019568641815663864,0.2868287208345201,0
0.7257092843747923,0.33175399736924605,0
-0.021459491421324143,0.31962270125364645,0
0.28508980004640877,0.3997282894646249,0
-0.1881865963233887,0.4439241937228612,0
0.03443438001598303,0.3423323334717169,0
-0.13091160631959495,0.23615593241482247,0
0.2683046063270727,0.3673077500143716,0
2.553336541830462,0.4143101553584254,1
-0.02651045356343963,0.29913069009780885,0
0.06345151201299744,0.3525806687599005,0
1.289966302204328,0.30688476800918585,1
-0.003294437948495412,0.30042875241010614,0
1.0328527871087103,0.5283761978149414,1
2.1514752502237697,0.2771797078721067,1
4.519451470428219,0.5350250767498481,1
0.06535149623965461,0.3330439307954577,0
-0.16473449809330215,0.10375936936449122,0
2.625450110764774,0.28159129165467756,1
2.742251413409146,0.4465999245643615,1
0.03151064905872805,0.24413628138993917,0
3.1866025663270423,0.8706311727315189,1
0.2477280130628602,0.33579344689846036,0
0.09550897157947406,0.37174437099032936,0
0.24871025698546523,0.27642015161968414,0
3.30895815045425,0.5912431478500367,1
-0.07276722226926373,0.28881959852419403,0
-0.005965301819920606,0.3100856168762497,0
0.2527878767297521,0.37790234728557304,0
0.10608520734021135,0.37456915877586183,0
-0.16936141870694807,0.31440970786782196,0
1.311781979281984,0.3785046280754937,1
-0.009364682101624191,0.3862322634884289,0
1.13298243977496,0.6302439536899328,1
0.7971684047951063,0.407980375289917,1
0.37514609348008937,0.262236978376613,0
1.4604089597386256,0.7485115931979539,1
2.239378572970682,0.4325940368963139,1
0.1985854455973184,0.21992828585207463,0
1.0576102489775403,0.21844478702545167,1
1.3661803787704654,0.4459533242829915,1
0.365884510020606,0.24828166413951563,0
-0.09136666393881422,0.2161677837371826,0
0.9469953941209963,0.21140822208288945,0
1.756864491901117,0.3383715391159058,1
0.9316748408281206,0.631097396924382,1
0.5423204383832162,0.18202760219573974,1
1.6501290238884023,0.3757150093093514,1
1.6665171948819333,0.43050299786752266,1
1.4324502756415394,0.562182346979777,1
-0.019274036137699006,0.13945703818684535,0
0.8446667888237032,0.23070893095385644,0
0.6838143115028177,0.2945924541489645,0
1.3507710598408023,0.3486407758047183,1
-0.2826312774397557,0.18105699236576372,0
1.969106884357506,0.43613598197698594,1
0.7986577815787063,0.3792567473191481,1
1.8577279652848897,0.40018492114543913,1
1.4507140847415838,0.6371557560350214,1
0.10964987739007985,0.1568273358874851,0
1.4809239591934025,0.4118850663952206,1
1.2001754639378557,0.3051465255598868,1
-0.171401666082965,0.14322911832067697,0
0.3528018117393869,0.23826238972800118,0
1.985128184993739,0.4670581688483556,1
1.6424160621968207,0.6146456015224641,1
0.7252012913965423,0.5570400238037109,1
1.5687370837955146,0.4166909537712733,1
0.8197001688906193,0.44248850623766584,1
1.8890763552791907,0.30780354799593196,1
1.1814847171990766,0.45307009095946943,1
0.10865610064731072,0.2312185327212016,0
0.9945449005438228,0.25385315392698565,1
1.0696144093844635,0.43183298282898386,1
0.6436531567031637,0.23930027518953598,0
0.18172128081764036,0.26775616768634686,0
1.219257917607999,0.5045005328380144,1
0.7148936915533542,0.20630091950297355,0
1.3031664101388631,0.41213353392150665,1
-0.3446921208272138,0.1750058960270237,0
1.2381790494430618,0.35370945082261007,1
0.04753436391440427,0.2304019303698289,0
-0.1325794856807026,0.2113104659650061,0
1.3341827877192132,0.4068776069208979,1
0.4054500832209222,0.17432942484554492,0
2.0727836189514353,0.5039072862161058,1
1.3000509257174364,0.24529979888881953,1
0.9801988736548588,0.3048704176113523,1
2.842066614501398,0.3969967235345393,1
1.0538218538901232,0.6618642445802689,1
0.1798897020889402,0.17858287130083358,0
2.246775300728311,0.20920451271992463,1
1.739817734652231,0.8476815327008568,1
0.22255296942888284,0.22505676746368408,0
1.601734605474066,0.5137264472033297,1
1.1952111649548354,0.5633669861431779,1
0.7704861506782906,0.323287191738685,1
0.48660894958853423,0.12079368924552743,0
0.48469080921665286,0.47357681300491095,1
-0.07313075928394544,0.15706309369116117,0
0.7531124004836968,0.20794299937063648,0
-0.038179112953609665,0.13014550053555032,0
1.5880405764995047,0.34080355729048073,1
0.965131067874905,0.44482428133487706,1
0.3356030330150858,0.2987804988452367,0
0.5497346819284157,0.29353905757268267,0
-0.020675601150745345,0.20506801701880786,0
0.6608354925724069,0.47327726600425585,1
0.9886482208942724,0.5027372116672582,1
0.8846010104099133,0.5465124044418336,1
1.1457026984529497,0.40498078236977253,1
0.559777311757974,0.29873262941837303,0
-0.013652555198354871,0.19723818964428372,0
-0.1549178128026502,0.10443204641342164,0
0.1407373014721545,0.22796696859437068,0
0.08117981987299035,0.17058777625744165,0
0.29312039548038477,0.15701634811632562,0
0.13982970100053863,0.1594071066379547,0
1.624558573634629,0.1747732162475586,1
1.7247249214743086,0.4907398678935491,1
0.9112421370057889,0.3125160805557085,1
-0.06447558415241107,0.2333453258147111,0
1.4011571617391234,0.7339724225657326,1
-0.0019821083076817453,0.22384528204014426,0
-0.02579336414150869,0.1735926070728817,0
0.03834335917133683,0.19999275268652503,0
1.5976497042002145,0.46159022832289337,1
0.09988483361105273,0.15099499767476862,0
1.5756122242166675,1.2867446108659109,1
1.2658350371628089,0.43313152569311647,1
0.11666709223204674,0.2259511633923179,0
0.5295606732881672,0.3105148854079069,0
0.19493183231878608,0.18530613241657135,0
2.5189419218501,0.31197558983608525,1
0.7588178941439795,0.15466649285678205,1
1.499568964777767,0.2323667063883373,1
0.7829377958287372,0.6858865762129426,1
1.3298691001367915,0.5664973500184716,1
1.146097021302666,0.6444004930257796,1
1.076848410370191,0.33570620352402325,1
0.9040056291266432,0.2990585071034729,1
2.171042393027606,0.35177538526058194,1
0.10700587478327613,0.17115252511254672,0
0.768942640939438,0.35409084081649783,1
0.8107982497594659,0.3576832637704652,1
0.7660114307774495,0.18999346627129451,0
0.7825163827744401,0.4060871380309645,1
1.8562517048878047,0.5888485324382782,1
0.34034809668455857,0.22998983144760135,0
0.9727293417557756,0.424501118461291,1
1.2650858463920158,0.6018240166747052,1
0.15910141912422449,0.16184152583281197,0
0.4381088888099237,0.21837620665045349,0
1.1288218951947477,0.4904707152035928,1
4.062118777832829,0.3068823629412158,1
1.893037145701918,0.3576159192125003,1
0.11433146705588726,0.18803189567157202,0
1.1155134056469114,0.5223623464027276,1
1.672357066709057,0.315901809334755,1
0.194525867565647,0.21699077902418193,0
0.34598689608681116,0.206758540063291,0
1.2899703317509,0.3104620485566557,1
-0.015200443590114342,0.14605945059747408,0
1.0454802994560444,0.1583012325423104,1
0.0843307795834666,0.19731648915853256,0
-0.03432007742628957,0.18216204458269586,0
-0.041889443172157884,0.17418101492681,0
0.030976562438432668,0.18160893854342006,0
0.10105969184148869,0.285569528127328,0
0.6001279006491269,0.2871614260551257,0
0.08233068046172967,0.18785148177828107,0
0.08078315653213257,0.17375582367181774,0
0.5631164506233336,0.2220720673308653,0
0.04455441041339494,0.1722173766085976,0
1.6812730778337712,0.21957766646519306,1
0.17246788438867933,0.14468716382980346,0
0.029932554975039324,0.2043018124997616,0
0.9504186568326236,0.24147811465793184,0
1.0396825286308082,0.5284423595437636,1
0.005658748730820482,0.19958718095506942,0
1.838690442422296,0.2731194626007761,1
0.10748026882787448,0.20399685348783217,0
1.5723119212526584,0.2516941393967028,1
0.1603413207012191,0.16856215733748214,0
-0.005259943096637259,0.177833114172283,0
1.4948177474880944,0.23489420230572036,1
-0.13066444908096347,0.1508521270107579,0
-0.031095867011323816,0.16380699464253015,0
1.3681946788151849,0.20039373944545613,1
0.1254554859907823,0.18493064999580383,0
0.5112043167737461,0.221573942729405,0
0.05483972678746321,0.16409735522772137,0
0.8355660268711408,0.24988675578947991,1
0.4965451222478073,0.16192408459527152,0
0.4322069192735647,0.15016472709589992,0
1.901944447893399,0.16764145093038677,1
-0.03824519858381691,0.17766634821891783,0
0.30071859135049206,0.19773932514768655,0
0.09696808634970858,0.15178671876589456,0
0.297869837838946,0.2043217463625802,0
-0.01025527714104728,0.19861026604970297,0
0.16759883781241985,0.16719458256012354,0
0.0550613511127017,0.17107233485660037,0
1.290535431557103,0.24009433707286573,0
1.6187938586328963,0.27911756610870364,1
0.25361780109696297,0.18321114646063913,0
0.21118709496018,0.200129339911721,0
0.5968785906616381,0.2414873820362669,0
-0.01800183201685797,0.18813689296895805,0
0.07598295712625434,0.18785554312524338,0
-0.06739357581044236,0.16505904101556354,0
0.10766799101849392,0.1887142048941718,0
1.8321226382641773,0.38684361798148004,1
0.10866567864619801,0.16851322578661368,0
0.10817846634193445,0.14949255097996106,0
-0.19811655004094952,0.2400228530932695,0
0.4067520831248546,0.20509666510990684,0
-0.0963051654944038,0.17375659409322236,0
0.12343709602125623,0.1743010718571512,0
0.04908308896162608,0.16603246959480075,0
1.7715186548821984,0.17816422792042,1
0.009297555311937478,0.19427768588066105,0
0.7214113112717895,0.19476331117990858,1
-0.12613098434182815,0.1905439403322008,0
-0.05474144240888353,0.1485271034818707,0
0.35748026834115426,0.19462517619132996,0
-0.10852895662569134,0.1507886248665887,0
-0.07457156800748492,0.17212764157189264,0
1.7436882899597,0.23224744061008099,1
0.1278295129317582,0.2457104797992441,0
-0.1995573860602984,0.17572711288928983,0
1.2088461989955188,0.18679589209733188,1
0.060661910996666575,0.14808223504444645,0
0.17881734935715188,0.20324538852039137,0
0.16527135076785585,0.2162973139435053,0
-0.12431073283572862,0.13210109248757362,0
0.030947264485962946,0.14169008268250363,0
0.027873299557312152,0.20555136144161223,0
0.7438947681720325,0.22327747796032885,0
-0.1199331506626153,0.20240356733924464,0
-0.1673683676810393,0.18462054903914288,0
0.958284728044446,0.14779072403907775,1
-0.127431156979167,0.13816062370936077,0
0.15005757814278106,0.192182460602592,0
0.1376630328542522,0.14531702416283745,0
-0.028314063811813135,0.17747058805666474,0
0.6904372721738935,0.19922348198137782,0
0.27310775698653134,0.24187557458877562,0
-0.2654591397844412,0.1967629404444443,0
2.046752815640282,0.3502938436468443,1
0.370386262980273,0.19882061392068864,0
2.484973870280551,0.3660601771975818,1
0.3793049351906905,0.2292287034146926,0
0.041261175630644645,0.1498306969801585,0
-0.2418136966802227,0.20964427325460644,0
1.5671819119062578,0.22900752623875936,1
1.588237955187,0.2708324341103434,1
0.18039866757379946,0.17515199967793058,0
1.1299581796255933,0.4551179517805576,1
-0.004197117183573208,0.21795152105936189,0
-0.0552538925646823,0.17434053891583493,0
0.2574412386865579,0.20302039980888367,0
0.5639605654481075,0.14790482372045516,0
-0.3227003647870583,0.14123112026013826,0
0.635765072105949,0.22615784630179406,0
0.03351742424585825,0.15762758178095665,0
0.23583706127704432,0.19092377185821532,0
0.20951508475662328,0.19202680349349976,0
-0.05746781349956582,0.208525644408332,0
-0.0925197703512976,0.16693484406722217,0
1.697674519594181,0.46288041397929186,1
-0.1126257085880188,0.2159264206886292,0
0.18848778183164283,0.16827861756989448,0
0.07803193083665841,0.15195392072200778,0
1.2767433061448055,0.18099006563425066,1
0.09390448069980852,0.16842746768678934,0
2.4823816870758475,0.18236078675836326,1
-0.054193177799607584,0.16553035324270077,0
1.5767641116605364,0.27978699654340744,1
0.16563448978212256,0.19728444676066556,0
1.711171067139651,0.20969469113783404,1
0.06192897656083841,0.1558030035044696,0
1.3575689730639533,0.27313839649331983,1
0.4079505787181767,0.4019281077384948,0
0.5282804328004683,0.20932199710454702,0
0.033520195612792604,0.2422283186231341,0
-0.217500333554728,0.14539484652605925,0
0.48325383026907,0.18818116260297368,0
0.5116344706975918,0.1696155792958028,0
-0.12695457263280902,0.15656396428743996,0
0.8852645243288619,0.19800043611815485,0
0.034446592774816404,0.1789422863408139,0
0.0199409576411486,0.22180603200739085,0
0.8058031507542116,0.2703171477868007,1
0.16247614817039746,0.17761003688762056,0
0.22616735524861056,0.14140632947285975,0
-0.1454337071571321,0.16130228409400352,0
-0.2897730492904163,0.1638959670678163,0
-0.041113826167107924,0.13772916340309643,0
0.03375771364444327,0.2297437247302797,0
1.4455735757941302,0.44507437605282346,1
1.7804600587678394,0.29550507213388166,1
0.10156534946065925,0.20146988984700792,0
-0.17034425922195673,0.22546995480855303,0
0.12127196279298821,0.14979566505977085,0
-0.19909616864348778,0.19912454566440063,0
-0.22399442147238416,0.17036944017177671,0
2.3870970584141857,0.19542869233315993,1
-0.0554867292272051,0.21982029014163543,0
1.3152318612093208,0.4033150581298051,1
1.2175632418252214,0.23797473632372346,1
0.22892623659914324,0.18273990342491556,0
0.02778598236768497,0.16340573317295798,0
0.008095942731520908,0.10640437949088312,0
-0.2728633259559888,0.2267522836342836,0
-0.06495232451348756,0.1727626077506853,0
-0.26603421143315115,0.1780251403649648,0
0.23153929375852014,0.18742681775774275,0
1.3159494524308784,0.1687062517801921,1
1.5520940403515884,0.3801538281142712,1
-0.25593185147048725,0.28019694845850873,0
0.0014547009467627489,0.1998462958468331,0
0.0640985152097394,0.18839740624298917,0
0.1505411975071224,0.21228526896900599,0
-0.0634412426779671,0.1916754311636875,0
1.5760941565492905,0.17390337459968797,1
-0.1200646565773452,0.14106294840574263,0
1.5467583088964445,0.2660465634531445,1
0.38548925292856284,0.19072262282882418,0
0.7379036335775064,0.5033008448282877,1
1.358896193187308,0.4548490704209716,1
1.3528044622156583,0.4781749459830198,1
0.3187528357766569,0.17306691805521646,0
1.5308058413621528,0.3428619707269328,1
1.2803613605507218,0.5240288220059413,1
2.379066137086985,0.24462732523679734,1
0.1521919355712153,0.18839510131526638,0
-0.00961249631111784,0.139155467748642,0
1.4936113744892625,0.38315067715369727,1
1.1419268685301165,0.19718436865971006,1
-0.16012444665319786,0.13733011090329716,0
0.14733273276711273,0.17274483340127125,0
-0.014944425928346846,0.10670739006996154,0
0.03348497553972433,0.15604405168976102,0
2.3070320034097596,0.20416279147411212,1
0.6601289652971677,0.4223644893169404,1
1.0527271186013238,0.7714355748146774,1
1.1755174253306273,0.40603735723665785,1
2.846649069552233,0.3840235018368923,1
-0.010311931340705726,0.18721868667913522,0
0.8509277915720233,0.21129993035875516,1
0.9843348865748117,0.364185616758562,1
1.820772791192486,0.4278193453326821,1
1.5556436332626589,0.5901068832874298,1
1.407780651487332,0.3562660167614619,1
1.6352973644467619,0.2738773534695308,1
0.0003073626020836565,0.19601250876983004,0
-0.21204253167998915,0.15816880544026696,0
0.7638833465835592,0.5179686835099911,1
0.1665455925483195,0.21117212043868172,0
4.040032106475203,0.28593590296804905,1
1.4810432064323913,0.5511240740235036,1
1.192519297019104,0.4117872903347016,1
1.3167201955133165,0.568164645632108,1
0.9873737654094463,1.379928264281024,1
1.1390102015119212,0.8853994569778443,1
1.230203869114013,0.38639722764492035,1
0.03217656451551573,0.16982971766720645,0
-0.17395777767722767,0.19443140135091894,0
0.18181954391901445,0.18110639287365807,0
2.4556430231333164,0.38930950873884657,1
1.0708175638526578,0.6419713841676712,1
1.072873578384154,0.25606445333232053,1
1.9625054650030735,0.28521389961242677,1
1.1768364753402398,0.34932182591695055,1
0.0593597596131251,0.15153836508591967,0
1.3412036551791922,0.3222921777855266,1
1.160268889926187,0.4527633064216183,1
0.03904603751197538,0.16279504452982252,0
4.136342882914304,0.17818862738147861,1
0.11670093941710764,0.20180063797877387,0
0.28517066997805113,0.218862739989632,0
1.1090110210545518,0.17006193445279047,1
1.1827692565214978,0.3067315551212855,1
1.3334799912180981,0.31825852349952416,1
0.8172022853906934,0.38720500849444284,1
1.3330368298440285,0.28109239764285815,1
1.5217675756080014,0.36800386269887286,1
0.9325537227329613,0.3966851144035657,1
2.3472992760209923,0.2117820778618688,1
0.01079159894215452,0.24121959279565258,0
1.6201020345338226,0.7352607549230256,1
1.7324608650921731,0.30641306803144264,1
1.7160145770280877,0.3166891974431498,1
0.9366069864191288,0.6983028118099485,1
2.4299320048831947,0.4494826588247504,1
-0.24643962907019953,0.22516618560000165,0
1.1994134392752336,0.3004722698926926,1
0.04952505075365322,0.2609410357475281,0
0.8730641085991936,0.32466162244478863,1
0.921868806992119,0.3581386393826941,1
1.0937755331746708,0.18262675835026634,1
1.0742719154122424,0.32725541687437454,1
1.1130318328559985,0.5201233722842658,1
-0.046757802343722614,0.14944834550221758,0
-0.15899086762346945,0.1654001176357269,0
2.3252576005845964,0.4507355834756579,1
0.703969469003054,0.25225786576047543,0
2.1305626396013433,0.44645106542110446,1
1.3550821707497378,0.5321456118937461,1
1.910891671823005,0.3564024193533536,1
1.388163960910227,0.6395829560964004,1
0.4400300238578456,0.33886521036426226,1
1.4471846584667087,0.6950105343703871,1
0.3237372072997918,0.20743383963902792,0
-0.22105615308873677,0.24163931052427037,0
-0.19047544578793857,0.1960308247142368,0
1.7640415663033868,0.32700457817741807,1
0.17831014382929014,0.12030117196195264,0
1.0640241239958808,0.757721474054067,1
0.03682219067782988,0.1958405606208309,0
1.049626829397158,0.5640598359517752,1
3.346649224788837,0.2275055269002915,1
0.05432557520313889,0.17548277880016128,0
0.04663372279753678,0.23696402479440742,0
0.6475922549639483,0.38249833853014054,0
0.9436846526845972,0.28319792068004607,1
-0.051316502392561594,0.21347690051601778,0
1.4197149423061122,0.47389370117868695,1
-0.007353024327780749,0.12790992430278236,0
1.195435234581617,0.6005475517242187,1
1.4192731893791828,0.2592534833720752,1
1.3393958457601756,0.32409338883815275,1
1.4458693352425736,0.5328903878557271,1
-0.0730091175087665,0.1599625173069182,0
1.44913648450507,0.5486646694009718,1
1.5753040905335576,0.21918347301306543,1
0.11929707914583079,0.17080609390610144,0
1.837294751817965,0.5542840357749692,1
0.8189193182484164,0.2651573835561673,1
2.1266560970804322,0.49320039730519055,1
1.9510376692347942,0.4421511323163004,1
1.4387058250003535,0.41435019753196023,1
0.2632370687251442,0.1499255667413984,0
1.0001345536229265,0.2649922472589156,0
0.6466974474853507,0.3467240326603253,1
2.0071472213687094,0.29205552524198664,1
0.6581016185388544,0.22722582396338964,1
1.081732763762176,0.42865089674790696,1
1.456455755847767,0.2849913395047188,1
1.0686522957890832,0.4035298209389051,1
1.527958663427233,0.721464626615246,1
0.05636578448297774,0.1650611949378046,0
0.46394862282485383,0.2653478171676397,0
0.9487067990079237,0.22770336227757593,1
1.3483272323397266,0.5934983109434445,1
1.4949931574497992,0.2656674587064319,1
0.017759901647933764,0.14244851648807524,0
1.4066415119733262,0.30848058506294534,1
0.5791052289394777,0.2481279608081369,0
0.44754664084301504,0.22518554401397706,0
0.11244283770377879,0.11804043604777409,0
1.4130187842903845,0.46452580555792783,1
2.303634920838992,0.4873687848759194,1
0.10725746376217839,0.15838413871824739,0
1.6204989810937427,0.3946174599230289,1
-0.04843566575508252,0.17385386364800595,0
2.030468304484676,0.6185155971692159,1
1.0059537884459753,0.3746613508462906,1
2.4860560921695996,0.5075117923892462,1
1.3175689455200386,0.5904525246350996,1
0.9415937479713699,0.4625210219621659,1
2.926892941709167,0.22397930802720964,1
0.5488353131027205,0.24564466629967546,0
0.5423363216301256,0.285990355014801,1
0.11940542468258913,0.1671121656894684,0
1.803154017191502,0.5758920978506407,1
0.40617267785875366,0.22865999857584635,0
1.5492087619574453,0.42140642950932183,1
1.0268033372375873,0.5833210386611798,1
1.7769134184544115,0.313633217000299,1
1.9624929176788792,0.5675448814342763,1
0.20600463435579658,0.2403637350315139,0
1.3646392880341243,0.27107011881367915,1
0.17898042750138032,0.16888379177876883,0
1.6927799895833142,0.47530244429906204,1
0.2680657649282333,0.1693367006097521,0
2.4653611189909177,0.37645922475739535,1
-0.08627498107096469,0.12437169472376504,0
1.1379083436953614,0.5954186628262201,1
1.1833593997475285,0.7585515345992714,1
2.137106017708884,0.3070596439970864,1
1.1198317801213173,0.36015471933143484,1
1.654944596868643,0.2941651068884751,1
1.4465026095249804,0.6054093458652496,1
0.02136552181618871,0.21050230619069688,0
-0.018645134792689037,0.12839236557483674,0
1.126610912084333,0.32481617571846144,1
0.7630443699702447,0.3612213431596756,1
2.491981527347793,0.2914536275245525,1
1.3204993825825384,0.505384232645685,1
0.4110823603274861,0.19571931853013882,0
0.48634664294967167,0.27442639860613594,0
0.3649406400644279,0.17555211237498694,0
1.0337103727348775,0.25632101452350614,1
1.7591207899867956,0.30076976819680284,1
0.2045767249109441,0.21097654203573865,0
0.250744271708571,0.13172398971186744,0
-0.09728329188969452,0.16541542974678247,0
-0.15519495902418284,0.16620742222842047,0
1.050316221683729,0.18256587943723127,1
0.649906928727296,0.17404872287403453,0
1.188956250105823,0.2775302255526185,1
1.4873619295762566,0.35909244669111146,1
0.15145058992976063,0.16368942611357745,0
0.4173680467703013,0.16133153752276772,0
0.030291098563730703,0.19982348326090218,0
0.009820899423472666,0.14038709293712265,0
0.16374435713321508,0.18467697816736559,0
0.4045461456808183,0.19752411403154074,0
-0.08253526469642702,0.14404539968818425,0
2.4649207561302013,0.42926652491092676,1
0.04145015435221411,0.18082807734608647,0
1.116665388828852,0.16869537191731587,1
0.3895963468021684,0.17877395560101764,0
0.07311812655491631,0.19232493576250573,0
0.13229678964744204,0.2189734062632999,0
-0.06375748889495776,0.2128012622103972,0
0.019801485667486463,0.20478318253078975,0
0.14401439596932228,0.23285755481984882,0
-0.11855098517066515,0.14620223083803735,0
-0.2621413530344396,0.17454834692180154,0
0.4439353870993952,0.22205247947147916,0
0.8499697962461737,0.3123650364875794,1
-0.2268162033747459,0.1790995924813407,0
1.9070499740898632,0.42750784540548925,1
0.09436902775297867,0.21849190286687903,0
1.6453305925191295,0.4000195297456923,1
1.7922553770057656,0.21936046779155732,1
-0.036968208465624826,0.21142481845967911,0
0.8796256246654571,0.2586079593627683,1
0.7485873988146347,0.22408909720759235,0
0.34343851528148656,0.2195048262414179,0
0.25853485035137064,0.23723832509096934,0
0.8597237330427869,0.2694266447424889,1
1.6162337104245565,0.3082046347670257,1
-0.02107214161854175,0.1436716156621133,0
0.7478114049031199,0.32358821799357723,1
1.713637688140326,0.25561154176448947,1
-0.025522328538497816,0.18883969866952233,0
-0.2499069830933608,0.16949084401130676,0
-0.17542002993364025,0.19156580454594385,0
2.0325887987034545,0.4584130741082705,1
1.737208682212403,0.4008141463293749,1
-0.04217221202292968,0.28558360508510044,0
1.3574375076071428,0.2829617960699673,1
0.40297756619414626,0.24969208186322991,0
-0.015636128730901994,0.1330272397687358,0
0.6986670277058232,0.17628510977540698,0
0.055871143753267634,0.23231070637702944,0
1.5778726758212513,0.2673770756432505,1
-0.3807057538827304,0.16665905681816304,0
0.22523836364095223,0.14006393657011146,0
0.18849961351196315,0.1563519314412148,0
0.12806608508776926,0.22561523216526685,0
-0.09154553028346561,0.18744529306888577,0
-0.09949651485822124,0.23065988264585796,0
0.5825449646379173,0.22756377160549163,0
-0.41429476801892323,0.15822987183928489,0
0.04695877058492449,0.20236673913896086,0
0.12057099757969095,0.16564333107736376,0
1.8485671071917944,0.25273365154862404,1
0.02985374644238143,0.2081663908185186,0
1.2672402033805372,0.2110796272754669,1
1.8117074503764803,0.2767712102694945,1
-0.21175248569302368,0.223288882055948,0
-0.09832040157011146,0.1302176207304001,0
0.5648871744419143,0.2013832776634782,0
0.37017637132761444,0.2866743690437741,0
-0.2960552665787465,0.20986842446857024,0
-0.07994752456095909,0.20757826831605694,0
0.46502000077985783,0.14971060991287233,0
-0.1890984705878918,0.19141773836953302,0
1.556644157834254,0.21597043358046442,1
1.2707988305021025,0.3077576720196267,1
0.1314709616276833,0.13130323435809169,0
0.18526315739186625,0.24975798935503576,0
3.1070419809733165,0.4045002127687136,1
1.0821554479174307,0.18451106018490263,0
-0.19320421655129247,0.15175324827432635,0
-0.011375348879000612,0.19931409358978272,0
0.7947007069398943,0.19296438992023468,0
1.0335007366351219,0.28879433344392214,1
0.4340306961225745,0.19557869732379912,0
-0.009096224830888776,0.19840307765536835,0
0.30633220428845864,0.20657605696947146,0
0.114523244920824,0.16250654917496904,0
0.36190513181550604,0.14287043544981215,0
-0.0029647869589676957,0.17113563305622825,0
0.25169964205845813,0.15585423997930575,0
0.45285575687007695,0.24274469779597385,0
0.10661482206616114,0.15960737645626066,0
-0.1504739922935478,0.20167357670633415,0
0.43267971614416995,0.1834994306435456,0
0.9135163011710109,0.2286458289984501,1
0.359372029099795,0.18409805333975587,0
0.0948452543871113,0.24503081891987774,0
0.2046357878487395,0.2105675842310931,0
2.009321246697349,0.16992617845535277,1
0.25175370302636524,0.12822775059732897,0
0.2529249689750148,0.173680921282087,0
0.023870253534228034,0.15350233588899886,0
-0.16163201196759366,0.23330915949561382,0
0.18679474948248437,0.20143909851710004,0
0.08243950918278255,0.1823299478082096,0
2.158021849787996,0.23803066329376119,1
0.023639367328843912,0.17695798935034338,0
0.017298645702355776,0.1893625439824285,0
0.1587469927202117,0.19987786872046337,0
0.6024233270090115,0.19484798457171465,0
-0.02436341871117469,0.23099205408777504,0
1.5029474345382268,0.2635671010613441,1
0.12428875140478488,0.12920226141026148,0
0.2885613940137391,0.1314409603391375,0
1.0032475846601474,0.22490282309682752,0
-0.04694087764786655,0.22673792143662766,0
0.010792325309913251,0.15572690194652927,0
0.023397971216479966,0.1269017688433329,0
1.0912803065760683,0.2531834145387014,1
0.278282049118528,0.15668647259473803,0
2.2443096821169415,0.2233739807325251,1
-0.039977354066663355,0.2181019256512324,0
0.03327821296320865,0.16731370449066163,0
-0.13956095151131734,0.18182025213499325,0
0.24335884117551443,0.1637761177335467,0
-0.07286385199829905,0.1659828757538515,0
0.17518914461213286,0.17933938652276993,0
-0.13061490908003415,0.17158743693278394,0
1.5947372094735273,0.43688618828852976,1
-0.23555338193454825,0.1610132232308388,0
2.5968642763378478,0.2750052828819325,1
-0.061876588827063414,0.15740340117252236,0
0.18189732483395177,0.15847868287202083,0
0.4901920104907873,0.262608031431834,0
0.5259440701925803,0.15899866783257685,0
-0.19401713020176917,0.18902823160856203,0
0.23941196085070926,0.1526772872821705,0
0.234335577923969,0.1480588323053192,0
0.9298096864760704,0.1985840597323009,0
-0.13549629273736336,0.1539933059666608,0
0.13429936639940906,0.21299713088406455,0
0.386611065671155,0.20134385016656695,0
0.5532706907128437,0.2165012605050031,0
0.06312006643926209,0.15975816769477652,0
0.1557360768290346,0.1684989083197809,0
-0.24605928921765424,0.16161466042200723,0
1.3631654381607785,0.4448052911087871,1
1.428308617583047,0.22830511093139647,1
0.41201877050845287,0.18664898401812502,0
1.5137019591506102,0.4089570612646639,1
1.6701816182381146,0.18223008587956427,1
0.24702210792145549,0.26702410233648194,0
0.10328749285830101,0.12548818919393748,0
0.07280351795788544,0.22514579031202522,0
0.047871996327345734,0.14388024669427138,0
-0.2978992932409365,0.12705687284469605,0
-0.023280288216975767,0.14887044213034892,0
-0.4533765057149085,0.19083636905017654,0
0.019798023650076334,0.15107742359763696,0
2.154107359999556,0.2447565896436572,1
0.24667613245040318,0.16681941747665405,0
0.11074883696225375,0.21034681734285857,0
0.36949569509914754,0.19612389206886288,0
-0.18027602003212512,0.1329540145397186,0
0.3136662193319367,0.20283392769949776,0
0.23218954833142433,0.18099309019744397,0
-0.03062198017349822,0.1382151117195954,0
-0.03258057974988153,0.16532461841901144,0
0.2535230888654744,0.20697042776478658,0
0.0969428327957296,0.15146824009716509,0
-0.2952591639757869,0.19128796313260055,0
0.0065199023973479845,0.12464790741602577,0
0.3792433755746473,0.17012519146266736,0
0.3551189502427662,0.16785710491240025,0
0.017881441063332018,0.19120625571200722,0
-0.030109176367642945,0.21947948409289852,0
-0.05747566117450867,0.21488497370765322,0
-0.11719304498389244,0.20234425393017855,0
0.04041923219154391,0.1979935133779371,0
0.9170958434533248,0.23416930387417476,1
0.6469744304417842,0.3325089639233005,0
0.11276476578653692,0.17929626968171863,0
0.6490906555383381,0.18537154640470233,0
1.1903304372352341,0.39096090880132484,1
0.16185077564895603,0.2249934372149016,0
0.5287436157486549,0.15225241747167378,0
-0.024527912601552824,0.15353945096333824,0
-0.09968761925678091,0.13510224290869452,0
0.004626138091807931,0.17924061432862887,0
1.461818371158459,0.2945179145369265,1
1.3657508761154358,0.31706744197643166,1
0.2904558274255202,0.18002867281436918,0
-0.050861135559095765,0.19337330720363521,0
0.1674537917374072,0.1695728326455141,0
0.9372589200448341,0.24346662795904914,0
0.9440759880867022,0.33403114719050275,1
0.27935672238891296,0.19611379050073166,0
0.268073412470346,0.14338659224686798,0
0.5536012040173556,0.22360464500056373,0
0.3920738601616182,0.11982769235487908,0
0.13026496237096932,0.17364474572241306,0
-0.08347097777272595,0.15737804349730997,0
2.1852082221755356,0.26903186805786616,1
0.1252691829344337,0.24818231876079858,0
0.8217930144241812,0.19981891405888091,0
1.604041243175847,0.2138584378361702,1
-0.04627062061439761,0.1829256389592145,0
0.10068220908493063,0.2169576403072902,0
-0.1088045777577208,0.17263526022434234,0
1.7469017058679708,0.2046381827662973,1
0.09780984749006802,0.18153015086145113,0
-0.18143610760013443,0.21579064548015597,0
2.0523958956572597,0.2537631740493159,1
1.0487502053843492,0.2806243672966957,0
1.3236230237425308,0.21272599966295302,0
1.5067874381970299,0.27621115235721366,1
0.5804929277826784,0.17307701004402976,0
1.8767385357816164,0.3665999457836151,1
-0.20807235124971787,0.16796786103929792,0
1.8967947651408612,0.21970992521806196,1
0.39094721817249456,0.15600659558267305,0
0.42055562026586535,0.19922093061300422,0
0.25723444776194304,0.1409097514833723,0
0.44736891257991607,0.22704607918858527,0
-0.1019257711040644,0.1690140612197645,0
0.4656915847747516,0.18971106269780325,0
0.2672174954045595,0.15956186934521324,0
0.04458358559158493,0.2063302944868039,0
1.2542977200233771,0.384298605207474,1
0.8028625523849581,0.2524967242689694,0
1.7267895616759796,0.5250471514078877,1
0.7903046414488373,0.9598592668771745,1
0.6161879316191995,0.38440906780737416,0
1.1385876343506007,0.670290259214548,1
0.5365549389287116,0.21468708148369423,0
-0.017731995840267835,0.23618777959774703,0
0.6592056654892913,0.3148579120635986,1
1.4528632091992362,0.31550219591174805,1
1.4822028128060876,0.3029575741098773,1
0.5003815127931144,0.18828514469297308,0
1.6351393153552922,0.6613365945316131,1
0.802569736365846,0.3517633174546063,1
1.8079652344635317,0.5019478855388505,1
0.2594450055733075,0.19979920638234988,0
1.0192518414014073,0.4040103438400453,1
1.7356693150189368,0.2415482211293596,1
0.5911934030400209,0.3694104484609655,0
1.0323750348853704,0.3544580724931533,0
0.5529693019084146,0.23876203144418784,1
1.0432344363071577,0.35433657104904587,1
0.14921599673580932,0.20605801405050814,0
0.6534347466395017,0.3387247550487518,1
1.076367961430658,0.3052239814086965,1
0.10528511012142022,0.264885495160077,0
0.7288319823176723,0.4618741468588511,0
0.638265506462654,0.5052052446387032,1
0.5868168182962382,0.7983053271417264,1
0.18155750634613008,0.2826569458333457,0
1.002927818360019,0.4347872543515581,1
0.16146749601024016,0.42963117568781883,0
-0.0555114217789221,0.19574958890676494,0
0.16291512086077298,0.18622207045555111,0
0.5289007511220566,0.36761494375044296,0
0.513376142410067,0.23211091688701083,0
0.7077625436885914,0.29161728365080697,0
0.39520781698270496,0.4408509333928427,0
0.5369145838249226,0.16674928633790267,0
2.6142881272293472,0.5108067265441342,1
0.07862681129269514,0.26192186211430746,0
0.948061703981208,0.32482168631894254,1
0.3484624089748253,0.33899805798675076,0
-0.08650552736156858,0.23009242832660676,0
0.8369878696612509,0.2857730025053024,1
1.4757600360878567,0.4454118549823762,1
0.8459201160826686,0.36297622351877146,1
1.6798329538540482,0.2855486625257661,1
0.0009089810231306221,0.21100434452295302,0
0.47610104346216087,0.2305367997714452,0
-0.007047038676864746,0.20612772212309,0
0.4536676134442148,0.26552638317409316,0
0.05112289985477393,0.2984348532315847,0
0.3926916323070522,0.28571215126965493,0
-0.0025668868545124933,0.2114459994676951,0
1.092746204285726,0.43962552266962396,1
0.1907132691089032,0.24684405604998272,0
0.1962704797776724,0.2050470727331498,0
0.8332485776983473,0.2373952357208027,0
0.9010686247667145,0.25677158514658605,1
1.1385128100159048,0.35026464672649604,1
1.0784762201503144,0.3380531695756045,1
0.6783314886117003,0.6031525190671285,1
0.4942336843971102,0.3023841852727144,0
-0.158317824309078,0.1797072834090183,0
0.44065742657861073,0.29609782520462485,0
0.43589697117208664,0.33265421197221084,0
0.9218347930380812,0.34337603184911936,1
0.3870991651186313,0.32273772378121657,0
0.6910726240488,0.3174812909629609,1
0.8715468991688444,0.42630120284027523,1
0.47619211712717296,0.22314123568996302,0
0.16555158849602053,0.23428834115757663,0
0.10275894061670911,0.16161601407187326,0
0.7671448496864064,0.3809798554579417,1
0.6600099015404503,0.22970268270548652,1
1.316574744292876,0.38467480612523625,1
1.1276666496149126,0.24698803263741573,1
1.0121463653794482,0.34392063547583185,1
1.301368061244236,0.46161370828296194,1
0.9921771982554745,0.42353379189968104,1
0.552972767126009,0.33821991069896806,0
0.21176041662243197,0.23493539997049284,0
0.7325841132094597,0.3277035071452458,1
0.8761823395852703,0.6754833141277576,1
0.027634180229046474,0.22296288747053872,0
1.134465353725963,0.3718259011997896,1
0.29501427824061077,0.20177048256522734,0
0.7018756964048729,0.3138050876344954,0
0.5274164625609025,0.27503755321105317,1
-0.0824832369067936,0.1790124200284481,0
0.6885869038068237,0.29773757198164547,1
0.2225950755988819,0.26830793368188965,0
0.6895828207179165,0.3608223754811931,1
0.24471239184173818,0.20370456650853158,0
1.0945366407904844,0.5787372995506633,1
1.2427422807102062,0.6674915067851545,1
0.8151752916768674,0.3259436251343908,1
0.16624794829854214,0.16941261121204917,0
0.7094220993321936,0.3929167516769901,0
0.2169552177796408,0.4145767867565155,0
-0.09101041055694727,0.17553765423157636,0
1.0672299065556528,0.35407718076850425,1
0.8591539862920958,0.22087475131539738,1
0.18410446735443467,0.25803073942661287,1
1.2553539754124727,0.28245887493385996,1
0.7042610912632536,0.3626203843065211,0
0.5987996090266945,0.4224156278151053,0
0.5247922897996955,0.28290637662777535,0
0.8936975606996626,0.3278793394565582,0
1.4962430493774657,0.2971209304948007,1
0.09651118399433015,0.17351678154047798,0
-0.008648399532786276,0.252255418151617,0
1.1780264106043996,0.30806228435701793,0
0.8781258455825005,0.38909520968314143,1
1.0885287217664052,0.38863555548652523,1
-0.08672218641423118,0.20362556709183585,0
-0.07768754428000502,0.16652998328208923,0
-0.05123595778019634,0.16064774528626474,0
0.7142606036320904,0.5502580965266507,0
0.276541615796955,0.19728030748665332,0
1.0941651682715883,0.415056399333066,1
1.237161520966421,0.27320262916160354,1
0.03560525812143316,0.22142239660024643,0
1.5180630295814561,0.39760532153375217,1
0.7631249330594956,0.44563867470313767,0
0.7417908187020854,0.44889768324792384,1
1.7708377759039176,0.46126180197511396,1
0.3363625405590275,0.507884211451919,1
1.34672189475641,0.5506429394406658,1
1.4714984845714236,0.25854514779316046,1
0.2457919552224645,0.24127619034714176,0
1.1602750032072797,0.5618491437505273,1
0.46524096837405066,0.16667965915468005,0
1.163124812544327,0.32052857841764176,1
0.09813408890489755,0.19513047706513176,0
0.4854201335276699,0.2605804955258089,0
0.5438725337288757,0.24921897541392932,0
0.8371819868113833,0.4112713873386383,1
0.587057188813412,0.2794413982210932,0
0.9469703052320095,0.41637006844535024,1
0.6539658011523892,0.2401260284866605,1
0.19140455330037073,0.2470947404240453,0
-0.04439612615088332,0.21962388049472462,0
0.5873766343328789,0.24932760919133823,0
0.1786213282605809,0.19768880870607164,0
0.4946289904506496,0.30000705622337953,0
0.8694472092706581,0.5428438065513488,1
0.09917563581625037,0.19750364780426025,0
0.6300482547964072,0.30909638447420945,0
0.928712947499429,0.26144867967814206,1
0.7589849047028934,0.3187962170803186,1
0.6454830100068071,0.23850889380635884,1
0.36163549772777787,0.352215562962197,0
0.17633137795812523,0.1620754493607415,0
0.9064978854320576,0.3004615690559149,0
1.1451311762869132,0.3049557034458433,1
0.9130711527448375,0.3296744460612535,1
0.18415557738654328,0.20643036836072018,0
0.7689930554240442,0.3879830967386564,1
0.19585181255994577,0.22302618212997913,0
0.7705479161017522,0.2945396840572357,0
0.49810735198062095,0.16350094255279093,0
0.5117927902205424,0.19441723792176496,0
1.0021316699414669,0.5459400879925694,1
0.8155203874161303,0.3805374152958394,1
-0.11555828018459297,0.3508249205091726,0
0.2596998558105818,0.3896874780240266,0
0.08678597708290535,0.19731716996147522,0
1.2981688598360686,0.33875598004087804,1
1.7089733220631986,0.19399767084555192,1
0.20776819433881968,0.19336332270077297,0
0.33972673786474344,0.2634493148688114,1
0.36129376484650055,0.27993748098611826,1
0.5139479218446141,0.38721161827896583,0
1.2564387000554633,0.5130363029427827,1
0.33887634210080925,0.3441836249443793,0
1.0209164669379405,0.29174745147292674,1
1.3925517096898967,0.42410831499484275,1
1.1856721685766995,0.22699778437614443,1
0.8525184996751405,0.6200688238529599,1
0.6160267505486372,0.29819085738238166,0
0.20807095872912343,0.17228985958629187,0
1.5425845249345917,0.3625800585204904,1
1.7894929107501543,0.2754003022797406,1
0.43496037070284793,0.2585061704411226,0
0.7013761921299287,0.4132713093902125,0
2.031163708210452,0.33337178202345963,1
0.25971955387551,0.21482386354244118,0
1.6534233342118125,0.4911799216812307,1
1.1590122761969817,0.2901959968335701,0
0.4819608825195038,0.2809477080617632,1
2.3505390661883703,0.2587119006193601,1
1.2348606137494973,0.6601117085842859,1
0.8339480979519704,0.2614768064383305,1
1.400289696724186,0.4563288754400085,1
0.41862022174115565,0.25594359496060537,0
-0.042260354281989994,0.22472445699903704,0
0.2797870585907626,0.24351303712888198,0
0.8391604782666735,0.35437173948568457,1
0.19802487324417378,0.26318729765274945,0
2.0345033337455485,0.4481549552745288,1
0.13621465646586733,0.17758890166878702,0
1.1137498041790908,0.3012024341207562,1
1.5475532208980656,0.4566652771727792,1
2.1191849598658763,0.2750087268890873,1
0.6916490793923692,0.2415187270300729,1
0.7435197617260342,0.3121756918502577,0
1.324491180805634,0.267351092894872,1
1.031513831186925,0.5375658837056928,1
1.6251406107452944,0.6923515537270793,1
0.8325102021016056,0.5670249931017557,1
0.9872643616797712,0.2413016257864056,1
1.8621023072907348,0.3267456009503334,1
0.7215031283975479,0.17725169694784917,1
0.6913399969199167,0.37796065930057976,1
0.8730275352880935,0.30153127362330756,1
0.474943146147814,0.230520034197605,0
0.8645333612172794,0.34402755754334585,1
0.4058719155699662,0.23472304791212084,0
1.2510381501318764,0.5205323953782358,1
0.8556057930741386,0.3647167791338528,1
0.5291607222027933,0.24226059298361502,0
0.9274524151594201,0.33749103061854835,1
0.567102775062059,0.25162283119402434,0
1.2466304473715748,0.30173447915485924,1
2.1388100184369483,0.6399527415633202,1
0.1857165537589106,0.3231419610977173,0
2.207479036191228,0.24171612477964827,1
0.7123486318785883,0.35193069709671865,0
1.2072307618561813,0.40905552729964256,1
0.9230827267106692,0.45988138174188536,1
0.3449060157419057,0.2848448826931417,1
1.3761403132422712,0.2861572752706707,1
0.11173080344586067,0.19918740487867784,0
0.5814838025095339,0.259332526751927,0
0.21571761958870692,0.2704664669718061,0
0.8858081829033266,0.40629597369468573,1
0.19607341834533235,0.22474242287713128,0
1.351436870514895,0.22987849097098073,1
0.6839344280190848,0.42388855156799154,0
1.130467774604948,0.33074020188715725,1
0.13974165043016065,0.21157287947005696,0
0.5050166096499117,0.2554831746462229,0
0.10445353824355098,0.19202344675321834,0
0.1974704346246417,0.209351396945215,0
1.850517834896901,0.38257429970033247,1
0.7380009506256774,0.2689350441098213,1
0.40754063061980195,0.2294574850314372,0
0.11220760454004255,0.22616868325642173,0
0.4385799769465844,0.18389754971942382,0
0.270443170149016,0.17445315736712833,0
1.4118186919420455,0.5430003691713015,1
1.5108502441068654,0.5058895918630784,1
0.26646805843609844,0.2640388055281206,0
0.5476233137504317,0.2391900217810343,0
-0.34853282655555995,0.22247280848992834,0
0.8947465146412309,0.2534561523369381,0
0.9129025854213287,0.3555490482937206,1
0.7702311491751537,0.326473667472601,0
1.1640632695808086,0.32578604329716077,1
0.6666106607813491,0.2753941883359637,0
0.9336573629927162,0.3888102955914833,1
0.8214274212673163,0.3911088685194653,1
0.5070180910038496,0.3126813071615556,0
1.2491996869495505,0.28726835642009974,1
0.7915577791937546,0.3318710717287931,0
0.8009194134986106,0.27944022222207143,1
0.19913310557414693,0.345340085029602,0
0.271907026840792,0.21039657335023623,0
0.016738828537586185,0.20392237740593983,0
0.2513347389224684,0.47639859451187977,0
0.9405854311183763,0.4455084808667501,1
0.8282106258289504,0.49261663104548603,1
0.5553655803936768,0.26895236007628903,0
-0.15208874978833256,0.19288179993629456,0
1.2556117506810223,0.26918969217574956,1
1.5203051084404515,0.2924487076078852,1
0.24829938161184187,0.25828679298099716,0
0.1885955510523195,0.18071968049714057,0
0.47556347183720316,0.22930018833705362,0
0.07087762652618348,0.18481932679812113,0
0.07339234590288155,0.2577224175135295,0
-0.057781299790829646,0.22064088582992553,0
0.704570870666751,0.34606821031281443,1
0.5695676372573614,0.36336691805294585,1
0.3149795053979343,0.21851813416731988,0
0.09642560129216303,0.2038654552923667,0
1.0250739239723818,0.3792073014904472,0
1.4424225230288896,0.692824834305793,1
1.267860980231402,0.272739224229008,1
0.878084430324271,0.4510005609643076,1
0.23102875787341143,0.2134133001736232,0
-0.10815076352286483,0.20057803110072495,0
1.9021585041718947,0.3325112227131339,1
1.2099432833183272,0.43338649616096964,1
0.1335645814936447,0.14285762707392377,0
0.8896525858389761,0.318092784958501,0
0.6933698360609014,0.35034274079582906,0
0.3830801337554258,0.18945626300923965,0
1.1795416393328695,0.405647243393792,1
1.747487178175091,0.33036927385255693,1
1.8269866189762092,0.48658766046166424,1
0.3726209902023802,0.27350269491608076,0
1.6562022668351715,0.5052346813457983,1
0.9823056326235409,0.2747672528028488,0
0.7829184344902586,0.4013681823207486,0
1.4658428513894002,0.3837943378421995,1
0.6272539925100686,0.25407460638971036,0
0.5094329870917731,0.27993713787623814,0
0.30717506605181866,0.46418226993445194,0
0.13224120418355265,0.21311567074213267,0
0.14580565737246676,0.19501080314318342,0
2.71337821350678,0.2743143143192414,1
-0.035803761462300306,0.2464746536352696,0
0.16565099768406813,0.1781079156058175,0
1.4140326101258966,0.31061097076444916,1
0.9336974834948779,0.3038087396285473,1
4.018615694021612,0.2177033079392982,1
0.22530661011464845,0.29922533157544257,0
1.1238886161516757,0.21692708061962587,1
0.3958258279563125,0.24363690883882586,0
0.34265099368383817,0.28691908236472835,0
0.5471356240071454,0.28536129705607893,0
1.8253507599573982,0.5056840472854675,1
1.0223803087042713,0.5749107973774273,1
0.4741163587240833,0.1408044494115389,0
0.8298976147001136,0.3055048834193837,1
0.1694954544090181,0.206303130496632,0
1.4885364704824475,0.3085592911578715,1
0.7546204207986753,0.6402684768726086,1
0.04650937819316337,0.23204616630399552,0
1.0866550427557093,0.7576614323258402,1
0.19966700271207619,0.23559359349310396,0
1.0217034951801935,0.37290273392573003,1
0.022213184010344045,0.2891115797890557,0
0.09011889731495304,0.25895259031435336,0
1.6108323172316166,0.4020141800536829,1
0.9980759092000705,0.4825662779988664,1
0.2151079746066294,0.2821554548399789,0
0.26068501616095474,0.35056248809161944,0
1.2937443908718524,0.44019296145116965,1
-0.015971050344244384,0.18015991879834067,0
1.0914802241543227,0.4393158540129662,1
1.002087471765504,0.21633801243521952,0
-0.14082265476034533,0.3381210896372795,0
0.48012733858535334,0.3535594228151683,0
0.02827533989687973,0.28784787297248837,0
-0.038908011391348855,0.29509690847152314,0
0.4070689979647939,0.23820634755221282,1
1.0687299418601635,0.8854959333484824,1
0.352273407833386,0.2504024303876437,0
1.2596258216159666,0.45803575515747075,1
0.7062934551703326,0.3218426704406739,0
-0.09045236421545341,0.2323186298696006,0
1.0989291024579901,0.47523694685820883,1
0.8105225917080923,0.20755842066172397,1
0.15384190379771653,0.2941033571107046,0
0.8026760181855601,0.45668814392650825,1
0.08575037603375123,0.27493392025552144,0
1.1610393151434126,0.3665069914039444,1
0.7741414951127338,0.2458092451095581,1
0.5785251721387225,0.267641958323392,0
0.0807899497907649,0.23337689073462234,0
2.2970538490706085,0.4042992854729676,1
-0.08869452585713115,0.18354301929473876,0
0.813299000542074,0.28228108063340185,1
0.04442447998860508,0.18381589738334098,0
0.20583573037920835,0.21964381779393843,0
1.528002628433024,0.3733375212177634,1
1.7666763945767734,0.5080795449429546,1
0.8180140338029367,0.39486924848622734,1
0.38763452477673854,0.35702153381548424,0
1.7058700046198207,0.29021257487210356,1
1.4380075328088198,0.2446539551019668,1
0.8421337417278068,0.4826426800559549,1
0.29002843851970017,0.368024074236552,1
0.9298542277736032,0.3017734672874212,1
-0.11201284567086789,0.20936844637899688,0
1.1284571757611161,0.40901850155421676,1
1.0324426177481993,0.20203608467298395,1
0.8251040320309194,0.38932490360278355,1
0.3876935051086141,0.311518080610978,0
1.0721232352886076,0.32091603332332197,0
0.08092536287007773,0.19417864481608071,0
0.7854424124090882,0.5633257186774052,1
0.8631025937067928,0.3008490418536322,1
0.6187834153944017,0.21932333287070782,0
0.7249395420237157,0.31840621688786674,1
0.3352576645124447,0.11765217397894177,0
2.188036517605407,0.4411377224539007,1
1.607041884807307,0.26794070961146516,1
1.4239599087532562,0.5385459052939569,1
2.0998948049744928,0.22691103088505127,1
-0.013480012045146027,0.17538047150561684,0
1.4560658402577764,0.7039566602437727,1
0.519068218442921,0.3621110439300537,0
0.9564912005646565,0.5174309387270893,1
0.8778423168716463,0.3856908831426075,1
1.7933752177070377,0.2694611945086056,1
1.608049112876931,0.32827157035018456,1
0.16102938195523026,0.17474009165397056,0
0.7364121887002676,0.28526351235129616,1
0.838176933839406,0.4155342051477143,1
1.2634867497314033,0.4319924248258273,1
0.4275481684438351,0.5239213585853576,0
1.308739631337747,0.4600365839401881,1
-0.041190276591992384,0.26205238356734767,0
1.4059297552638337,0.44399270693461107,1
0.8647255832963179,0.4629216933250427,0
0.5688690439403781,0.30219662997030444,0
1.2895986498004637,0.43999183817821386,1
1.4185553112092633,0.6859294549111398,1
0.44112269009525606,0.1626503319353671,0
0.20229279602508649,0.19258239237037864,0
0.1949204633119673,0.2694675371760414,0
1.3083642661915194,0.4921339340507984,1
1.2462191181392615,0.3558184591432413,1
1.3149272614359053,0.39034533473578364,1
1.3705006145701129,0.5210428441422327,1
-0.08405939892752187,0.2590428480505943,0
0.792479195542627,0.2456583266146481,1
0.39836878796195035,0.49545914381742473,0
2.088311150878726,0.3600961647489491,1
1.3793053976533223,0.3419060411863029,1
1.1948772335118372,0.36822676658630377,1
-0.2663449255404463,0.2325394417788531,0
1.6316240608636858,0.28098983019590373,1
2.35611540892217,0.40719106471216354,1
0.9280801351087201,0.251780217885971,1
0.09320930764080586,0.24934780036701878,0
1.1217981310257608,0.4312655332333901,1
-0.02170634429098008,0.14653638673551156,0
0.8394210494257001,0.21436119522109182,1
1.729106464647433,0.765634886920452,1
0.7736531935298029,0.5609358972973294,1
1.1099383137210441,0.39257873116117536,1
1.2443707506840265,0.40882509350776663,1
-0.10213494053620582,0.22107278995024857,0
0.039937456369917176,0.1906595249970754,0
0.311491604583234,0.16833932431968482,0
0.7287391821421777,0.34190657629686244,0
0.05980299391080588,0.1658590213672535,0
1.0778121948773354,0.5005448979990822,1
-0.16646745484377168,0.16135412633419036,0
0.7602086447301366,0.260438366399871,1
1.112588639267855,0.3334865336788112,1
0.7835408641983826,0.40608291011303665,1
1.870855927838935,0.2930474374029371,1
0.9422138480984029,0.32438286172932596,0
2.271638593302182,0.45732410351435343,1
0.7257450726204474,0.2637779123442513,0
-0.20909939828958482,0.1532493032515049,0
0.7714868033280475,0.332847435772419,0
1.023585639811135,0.20240102887153621,1
0.5512259586909897,0.32182753989190765,1
0.4823424639073281,0.273159816048362,0
-0.018801040318494736,0.27311645663061807,0
0.5351186375116079,0.3375222281047276,0
1.0325141636478101,0.42218527369426956,1
0.604640406560935,0.20011821793658388,0
1.755432003058065,0.5061924652258554,1
-0.01192575645132619,0.34422695511265805,0
0.12190966131978802,0.1901980662345886,0
0.8089106976008573,0.42849536577860525,1
0.3276056802458163,0.29098770022392273,0
1.0087251212690127,0.4441613745689393,1
0.7983423129633866,0.28211288682876096,1
0.9622874719210958,0.4930468702688813,1
0.8515088604748532,0.4065002854751505,1
0.5921378024580769,0.46861195975336534,0
0.9154191984680372,0.253165441174661,1
1.3906342122506878,0.4391509388883908,1
0.5342401373574228,0.2527455057948828,0
0.3352711421219817,0.2549314800649881,0
0.8381621919057292,0.7076321543504793,1
0.7117762249522046,0.23068414575913374,0
2.52810353846363,0.7071590155363084,1
0.05514792280100784,0.2400300720158746,0
1.2566290197252628,0.29717538186482023,0
0.5439455972723196,0.29664357151303977,0
1.006064277284144,0.599902660327573,1
0.9662014523652048,0.35179390183516906,1
0.6246726323763123,0.5765590281322084,0
0.9299204983762787,0.39870650221904125,1
1.0388455557354448,0.24008489601752345,1
1.0399539189112008,0.26178100434216584,1
0.10077460890580289,0.21505500243769748,0
-0.064616514937663,0.17513204725777232,0
0.8202115773448886,0.18674951511270863,0
1.778027631909179,0.2651690050959587,1
0.2101060557001452,0.1526244412149702,0
0.06202342765822567,0.24938734932379292,0
0.7553616630801915,0.23845441792462327,0
-0.04781018683721857,0.22100464250983257,0
0.03382583988358993,0.2070324921026462,0
1.010693381483262,0.24312750034862096,0
-0.13725825525940033,0.2362607389688492,0
0.4547732484041839,0.21397489277092183,0
1.6684452073615457,0.2188939816811505,1
-0.005297445607370218,0.21592504934566772,0
0.0024668453269467393,0.1975389535362656,0
-0.1252727373470004,0.18909696340560914,0
-0.06318644556431322,0.16177541436375797,0
1.0086793828860396,0.22856325394398452,0
-0.17539590795253962,0.14437934122979643,0
0.1628080025705783,0.20085646629333498,0
0.9776620698624061,0.2799882105418614,1
1.392595871987749,0.35133109033107757,1
-0.1554937406442316,0.15228932741526013,0
0.09287679752698778,0.19635139581484676,0
1.0109332346258817,0.22672313936054705,1
1.020230529917297,0.21626968067139385,1
0.31118161452261295,0.1764776104205364,0
0.12209971399549145,0.15394477732479567,0
1.7071617230509857,0.36014588395754493,1
0.05852333141147287,0.23441175770115208,0
-0.31454022515569574,0.2073832992050383,0
0.8537715259720711,0.21619593128561973,0
1.1631094436698324,0.20478293126629243,1
1.4111301855720637,0.3132138987382253,1
2.213833584718448,0.2477661773988179,1
0.2854454827344279,0.1835184385902003,0
-0.10356643423381194,0.19511290066169967,0
-0.00017304974485237706,0.17350744009017943,0
-0.029163004320190526,0.25725748954817307,0
0.13742739764510079,0.2513444011275833,0
-0.04323732860970237,0.2390834069914288,0
0.1049134909017585,0.23916231007189367,0
0.04843423572209948,0.16235887972932114,0
-0.26956226452308396,0.16279973851309879,0
1.105326837601531,0.2830266670385996,1
0.06975501839978573,0.2824977380037308,0
-0.1497811319397583,0.1819134993478656,0
0.8892512206906941,0.2512894831159536,1
0.7703882542905383,0.16843756921589373,0
1.0589789879697562,0.254097651383456,1
1.3481677783533241,0.23336553610861302,1
2.03382804807311,0.27628501363926466,1
-0.0027596828753187748,0.24165423650007986,0
0.1917275662917344,0.22763791406476816,0
0.6693932973889257,0.21028149321272566,0
-0.11432137074443396,0.2580489701032639,0
-0.0021000784549581523,0.23420330984251844,0
0.9865849089336411,0.3837250900268555,0
0.2042108793746097,0.15400268670284384,0
1.0353765113945241,0.3129778298464689,0
0.11569917969137153,0.1528423935174942,0
0.17520904289506528,0.1628102107481523,0
-0.24632373708449218,0.18897841392561449,0
0.08819008298151988,0.20428332341344732,0
-0.239776090005279,0.2008094724486856,0
0.11032235765343887,0.19612984092612015,0
1.2679735522078892,0.3474409207275936,1
-0.0338021991118803,0.20435647403492646,0
0.040437633894783366,0.1994386232951108,0
-0.10573403947011475,0.17374562819798786,0
-0.18824323915934046,0.16571819881598154,0
0.6183911286061035,0.29756296555201206,1
0.700500405894662,0.244964615503947,0
-0.061606500365527964,0.15623250703016917,0
2.5334720624497353,0.34898551960249213,1
-0.04981803790808285,0.27213986970129467,0
1.0893114331510885,0.41107922114174933,1
0.05753383638260087,0.20724688312586614,0
1.7871415850330377,0.3872478993669633,1
0.27521105012551905,0.23510953333319684,0
0.10745924668663734,0.20499150031491328,0
1.8221288597168488,0.17285858024569117,1
-0.2540279678198161,0.1557225371108336,0
0.042920457772658065,0.17702141642570496,0
1.6995690083810577,0.20772860861486858,1
1.8186950249487517,0.3650355954964955,1
-0.004072282676273719,0.17568726335253032,0
-0.029238966604858526,0.21803126062665662,0
0.11471417900854118,0.21959282449773843,0
0.25237330287642,0.21799784633848404,0
0.7433486894379482,0.2133681574383297,0
0.21131073142575077,0.2264002650976181,0
0.3384789643541075,0.20393489661969638,0
1.8579507205180463,0.21555366294724598,1
1.538604338758237,0.1547515612660032,1
-0.06849518759751674,0.1720332757846729,0
3.0097445634785003,0.20213207848370077,1
0.12559333770416978,0.2113929290520518,0
0.004860667790620141,0.1893454222302688,0
1.004221341584172,0.41381633735221357,1
-0.09629185846530797,0.19636025115063319,0
1.7365189268990373,0.2695068935261053,1
0.4884156271078192,0.27386076484407695,0
3.0214883825560954,0.21727061263824768,1
0.21738754149274425,0.16492711822191872,1
2.2811447402698897,0.2570932691588122,1
1.1038667533294504,0.1854875871629426,1
0.07328460985117183,0.1814223584375883,0
0.9410710475167114,0.225289466040475,1
0.2523277503337891,0.16270988792986488,0
0.2311068528383369,0.20821216525258243,0
-0.0092046604129808,0.1743030173437936,0
0.4142081567119194,0.20348172664642336,0
0.8208095001419613,0.170792470824334,0
1.5323167715681112,0.28716734737157823,1
1.454166404618472,0.4202570894185234,1
1.3282836201662296,0.3034807655641011,1
0.15441289615779438,0.221282567580541,0
0.9714523806219306,0.2129924688488245,0
0.6165245708922923,0.18673712179578586,0
0.11270811471778848,0.1547949225474627,0
-0.0038024859570686517,0.17565404242939422,0
-0.08693710580951661,0.2230537408735694,0
1.111024949820083,0.3116279722406314,1
1.5687109738742713,0.37441648786718196,1
1.8519204080916993,0.28096000929673515,1
0.07104123914759046,0.1854755720496178,0
1.4703829089316833,0.2450507606778826,1
-0.07684416640930318,0.19514838817507724,0
0.28125940959309303,0.22503199804396853,0
1.057971709802041,0.2227044669290384,1
1.4717814143947858,0.1772237221399943,1
0.638233043485906,0.18814990781247617,0
0.49967711599210185,0.1738911191622416,0
0.7088154646529423,0.29191320573582363,1
-0.3125905639394475,0.23278598848142124,0
0.20045132853609215,0.16122271650367315,0
-0.20050851975879613,0.1700482877818021,0
0.9543434520585067,0.2854347775964176,1
1.177077244243802,0.27613253988124226,1
0.4451428698922046,0.304465223581363,0
0.16424398008963537,0.26989230439066886,0
-0.02621353179766106,0.14189756350083785,0
0.14343794893074654,0.17300289694000695,0
0.9403216880410417,0.20798417292535304,1
1.6350072510856228,0.3906188006911959,1
-0.15402055879233623,0.23171100219090776,0
0.5955693147988865,0.27761332094669344,0
0.027735145136162542,0.22911371171474454,0
-0.18395592678875397,0.1191859371734388,0
0.014240553824909847,0.1800161893977675,0
1.760307456776048,0.3360801366744218,1
2.1996489407729882,0.16788928687572482,1
0.14341190461442066,0.22700800369767582,0
0.06393826885952203,0.1711241572243827,0
1.6570595333610327,0.30243925955146556,1
-0.09333685172125739,0.17450986441813018,0
0.20409921708285902,0.18447017272313435,0
3.1840473789624473,0.16021079469371485,1
0.35831366677625087,0.2335468620867342,0
0.9346125940915345,0.2346313554048538,1
0.11753365601690606,0.2131722456700093,0
-0.05819040202714384,0.20160685049162966,0
1.940456067781672,0.18847873307563168,1
0.42136250879746484,0.18692214454923356,1
0.5854448715347015,0.21815227946719604,0
0.7673870737338139,0.3120798638638328,1
-0.16021691456541515,0.20011236732070517,0
-0.4772069501619096,0.20595687156499817,0
0.4128730496998051,0.1663128720389472,0
-0.08678395071901894,0.20730795989165438,0
0.2065476982828554,0.19339436973844254,0
-0.25420603952657495,0.22667687856234034,0
-0.14192986604045316,0.12131098679133823,0
-0.1330371129808229,0.19450926009346456,0
0.10279126978599973,0.2114241063594818,0
-0.06887278990453002,0.20051813000126892,0
0.30509617299746367,0.17769917473196983,0
0.6843296003627335,0.21498709706699146,0
0.07064700426866166,0.1861388218813929,0
-0.04181157150487926,0.1774520232870772,0
1.0351605944794864,0.35997004032135016,1
0.2585186923711535,0.21537764159644524,0
-0.14762545318413758,0.16189611057440442,0
0.4943555796860268,0.27072136361023474,1
2.4527642121061404,0.1940146120389303,1
-0.1353870544159522,0.10167694922004426,0
0.38311106933190425,0.21390557050704953,0
0.9760521530862369,0.23898525875475668,1
0.03739048827564621,0.19458723809268022,0
-0.09814103615521468,0.1335260874032974,0
2.0027292609260803,0.1640702125502796,1
0.4283362390415969,0.16540164270916502,0
-0.3401074153144576,0.17558589893228868,0
-0.12563240390056613,0.20227444440126421,0
0.36036199623038045,0.20754927032523682,0
0.916646026780453,0.3521466011181474,1
0.2581610587980137,0.17600093007087708,0
-0.0613301930054484,0.16719221217291697,0
0.7085623811535395,0.2338860654830932,1
-0.036683986151660165,0.2087918618146111,0
2.0551161451788933,0.2670042952469417,1
-0.07702359059325753,0.19722106712205068,0
0.11874735801911569,0.1826667408148448,0
0.07959802742727813,0.19417772620916368,0
0.7831312084396937,0.2726858316323696,0
2.116834377403459,0.23790713669480495,1
-0.0622424462404453,0.21476234072133113,0
0.21823881435763645,0.18725782381860834,0
-0.10998956500883876,0.2404570897420247,0
1.1471085196494122,0.4105216121301055,1
1.1485124136191345,0.39690723691667834,1
0.11269858898619005,0.20266465303060166,0
1.6211579768820603,0.2679980595906576,1
0.6239267858327435,0.16736346967518329,0
0.06952782836754441,0.16913337639399936,0
-0.05179806359231484,0.31469018514766256,0
0.723444299490017,0.37759866801400976,1
1.156065349339364,0.20063187531062537,1
2.0578020470398606,0.19238303620969094,1
0.08623246097667167,0.17028830448786417,0
0.03640783152715148,0.16377209691624892,0
0.6114402420276978,0.2913879924019179,1
0.0737191677703369,0.18724192533737574,0
1.5720972962800024,0.20904711946364377,1
1.1631376500884734,0.16605474985007085,1
1.087634145514835,0.25397588961264667,1
0.7088617392024833,0.16036597864968435,0
0.3802314427382874,0.2197365274796119,0
0.33012867847552807,0.2314425909519196,0
0.3918083127677286,0.1729497592700155,0
0.2989842574416485,0.20709922861408545,0
0.3473846785910501,0.1705880800882975,0
0.2639832808455567,0.21219977108207913,0
0.5097793675978824,0.2212535908145289,0
0.08382134703858918,0.24588224832401726,0
1.3662057908335252,0.3181338594805809,1
0.20094109624045875,0.3188188322952816,0
1.3342463050266218,0.15735946297645567,1
1.081420336977433,0.29534961071706584,1
0.9984101068658853,0.26644773930311205,0
1.2377934947735387,0.19547829071680708,1
3.271059317442669,0.19325161592380422,1
0.020223609166516544,0.14527118057012559,0
-0.17270987721826722,0.1735811807892539,0
0.8955757956538956,0.1911720107583438,0
0.6876694560936161,0.22710277636845905,0
0.06352232667807489,0.2199561024966993,0
1.1092949466089363,0.3038905846106039,1
-0.24565842864781381,0.2882926689611899,0
0.6275621811040409,0.2670810740441084,0
1.628670837371794,0.24779235153428972,1
0.1094067483857086,0.21923667355017226,0
1.3547230334537697,0.27121334398115005,1
0.15811558786450766,0.18880956881755107,0
0.33179192284658804,0.2345320871898106,0
-0.031578156768598355,0.17782566547393797,0
0.0399329902631653,0.17829792374058775,0
2.077326802362273,0.2976661955316861,1
-0.08630212239566411,0.25456765125959346,0
-0.11813048631383999,0.13279881230716048,0
0.15997025833576878,0.18020553769487324,0
0.06801882524068455,0.21470358810926737,0
-0.12737311697411277,0.2530103768621172,0
0.8818662085232252,0.21727730433146158,1
0.7632062865534895,0.15798129188387017,0
0.1763316259083405,0.1795328066462562,0
0.3482781313049701,0.23530055454799106,0
1.313060061379489,0.2411987086137136,1
0.40082223766580977,0.1641413673206612,0
-0.19030352243604046,0.24015954090998726,0
0.9536715626170329,0.18040110574049106,0
0.19846443484264564,0.2028571984706781,0
0.08715263657549202,0.18976047171486746,0
0.0358619063670569,0.21154921602558446,0
0.07329769804038597,0.19530269911414697,0
-0.1201522716626008,0.17313213654926843,0
0.2774291254383606,0.19605057881428647,0
0.4806879977923386,0.18153764978051184,1
-0.047803540107540864,0.14968769550323485,0
0.5468460908876747,0.21667129642823166,0
-0.3657804595428523,0.18766594388905694,0
0.23394390808538681,0.23419498980045317,0
0.40684316786068536,0.22144946839128224,0
0.03365245255160611,0.19174278221632302,0
0.03357101717000576,0.23040743454908708,0
0.051420185860003194,0.20948368178473584,0
-0.062348111251159306,0.2573093860648399,0
0.03972468319147559,0.23732082813978192,0
-0.09781545386971545,0.18518412144560564,0
0.07207853804899997,0.198867087106447,0
1.3052456340428757,0.20033717083208488,1
-0.23159738806006797,0.20654325371696838,0
0.07012134313462774,0.20336403119854807,0
-0.1540043564886687,0.20778489112854004,0
0.4966532681710006,0.15813177133861345,0
0.04758135058206755,0.23806078590844812,0
-0.04114168819598623,0.1298798402150472,0
0.266742366467833,0.206057385297922,0
0.03676740619845231,0.14973531155025258,0
0.22955050381129097,0.2057960076209826,0
-0.1596931702813977,0.20975947446293305,0
0.047713137588944826,0.20778093425239003,0
-0.1156487891137288,0.1911004982211373,0
0.042319010960541865,0.20762130600033382,0
-0.25717146012446235,0.1764247200990978,0
2.5378540853282883,0.1766469246149063,1
0.956034884007624,0.23064436713854478,1
1.2123015400802752,0.2273205775767565,1
0.10464503632570663,0.16028251720197276,0
-0.29308772837304237,0.20517432590325674,0
0.5132713469721031,0.2975987318583897,0
0.18475259790655146,0.19672318829430474,0
1.3210722266567843,0.20900262514750165,1
-0.09220444940096569,0.18251856744289402,0
-0.1275758876061566,0.17037730680571664,0
-0.21670781662070396,0.27785450518131255,0
0.03903212459730318,0.132260326021596,0
-0.10340847742972233,0.1755249199271202,0
-0.35374060113218053,0.1712000774012671,0
0.001913461480985495,0.23641523255242244,0
1.9395808262259582,0.2627442477380528,1
0.14256830332416234,0.1966809595624606,0
-0.20074776609170547,0.23728961501802712,0
-0.353568109986445,0.19221546524449398,0
0.4023063959687908,0.1730008071119135,0
-0.23048880043474992,0.22373520513860193,0
-0.07410658128597701,0.221884070860373,0
0.0622436658704711,0.1907226050601286,0
0.2707568237018741,0.20007909248615127,0
1.619509378095649,0.4646927693576524,1
0.20028552456508583,0.17202454174266146,0
0.6034183345064162,0.18243213545891546,0
2.15144955690429,0.24609263462898062,1
0.6647644023039918,0.21288798054059346,1
-0.2939530718874101,0.16925721260217524,0
1.7611256822213601,0.33997972537489496,1
-0.20385303760254156,0.2361944602085994,0
0.38025196777985154,0.26262740492820735,0
0.7743009581833719,0.3455292349415167,1
-0.062444621410766385,0.16084834104631004,0
-0.14400885211777623,0.24529811471700672,0
0.1477911554329095,0.16769507141674267,0
0.24335473175275898,0.19440408278914062,0
0.1481132548367865,0.23067258828216128,0
-0.46816970966207927,0.18920686193874905,0
-0.033987769064223204,0.21409600160338657,0
1.5522180793770293,0.2401997747165816,1
0.18441038660844736,0.17528391615036998,0
0.1473066408903546,0.21411305574270395,0
2.757229375827044,0.4513392717673861,1
0.0214599493744503,0.26852518047605245,0
0.28794177355727635,0.2128146056085825,0
0.8343220607054949,0.34976037956517325,1
0.11433482777708638,0.25347840309143066,0
0.22891894308659777,0.18721933199299703,0
0.09046058593974055,0.13718525336848364,0
-0.2727578368766097,0.1677671523981316,0
-0.13213804522605868,0.14196738079190258,0
0.0224621873921113,0.18982211385454448,0
0.48376447522660276,0.23405981910856144,1
-0.17097134988433096,0.2496948540210724,0
-0.03632461770964892,0.2552987396717072,0
2.471229388792557,0.2806725313534608,1
0.16647554492885897,0.20063564616280632,0
1.5247781358961912,0.3598015349109967,1
0.622569077033702,0.2603484570980072,0
0.8111707544253405,0.2387884001578054,1
1.4184655663115024,0.21976644379752022,1
1.6238267209304922,0.5009597394863764,1
0.16283653999706818,0.21880850958269696,0
1.2243710596146913,0.2988759714981605,1
-0.32235357083467564,0.18435256630182267,0
0.44811065446171966,0.2981257272489143,0
-0.08325195681395278,0.21583331597817912,0
-0.2259300560096019,0.13469090972627912,0
1.002543476625782,0.2600619658347099,1
1.5535987885963265,0.21723949174086252,1
0.4449728102259091,0.22032619267702103,0
1.0831642162648856,0.26225649188546574,1
0.07672609482964922,0.1696747326850891,0
0.23458811945735086,0.2726402014493942,0
2.496327077069506,0.37043020667938087,1
0.9988180995040212,0.36732067517165484,1
-0.07624318651835542,0.16840119175612925,0
2.7297920366932007,0.24048631917084415,1
0.11196276284373279,0.24324457151133835,0
1.70981147033293,0.23403942777264503,1
1.6238248260712953,0.2486543872777154,1
0.17336837287114876,0.20848722226089902,0
-0.1609694565012928,0.19906981367813914,0
1.1173316478224657,0.23879583477973937,1
1.2562151828126686,0.18949215374886988,1
0.9173088829622875,0.3867606336729867,1
0.0024438726510473178,0.23994710934467803,0
2.577297070862149,0.2760800675434224,1
0.03445781532169875,0.26129142749003886,0
0.23957203774428557,0.18877604424953462,0
0.0795259134276165,0.260078946181706,0
1.819113024989698,0.25071776519219086,1
-0.17395574418613508,0.17011931876878483,0
-0.19386171977130373,0.1831132142167343,0
0.12593842551393958,0.2899556803148846,0
-0.09358631664230356,0.2252486373927142,0
0.8093462746832031,0.25253177916302405,1
2.104023021701142,0.3870773648604368,1
0.6303654630002226,0.24496221542358398,1
0.17762230982865496,0.2500984260910436,1
0.033118238996360516,0.23321295142173765,0
-0.24082842566871793,0.19531310326174686,0
-0.16335269136820324,0.19066558633531844,0
0.18991890354531063,0.24178148865699772,0
2.2793117096159974,0.22291236690112523,1
0.012254127718017338,0.16888771260656965,0
0.4383502107954166,0.25527504892910224,0
0.1421331318557679,0.2799769317781603,0
0.3274003245130171,0.1382763854918941,0
-0.0006185925454134569,0.22271949779696576,0
0.22877896034797968,0.18210763963493143,0
-0.10149486093386315,0.17172277420759202,0
0.0016063516878233658,0.2604659781736486,0
-0.056197656303963714,0.17872832914193473,0
0.8410295038646051,0.2199043190654586,1
1.3985584983942012,0.2451263327347605,1
0.6097708768604403,0.2707624729941873,1
0.5897701630477662,0.18372163213789464,0
0.09687189435976183,0.1928834186659919,0
1.0412861462905818,0.296990868250529,1
0.6933397585464832,0.24131686483110704,1
1.338780808876774,0.20993395771299092,1
0.4491133143874754,0.2519937540545608,0
-0.11426612769902988,0.19339365669198938,0
-0.21561504157621122,0.18708517516360562,0
0.3370000271354759,0.2607494296449604,0
1.4639388939066194,0.24251624951439518,1
0.029442733292771344,0.16175855485404408,0
-0.18048477104822727,0.1395167464390397,0
1.9811874709551034,0.27503936177975424,1
0.2710918802517216,0.18680347953523907,0
-0.05467753697525002,0.20984462036026852,0
1.3242750587649887,0.2560960178866106,1
2.341475893942426,0.21070808145929787,1
-0.02235039530523838,0.24156718254089363,0
2.251015867878538,0.24676902809658566,1
-0.050836718211240715,0.16680732825223135,0
3.834406101938012,0.18254796675273352,1
0.5129872792976033,0.2377494109643473,1
1.3395457607701091,0.7191490946412087,1
1.2978618343747441,0.23683477157148825,1
0.7665005033698644,0.2695001952923261,1
0.05246912337795997,0.2018716634930791,0
0.201381080673609,0.17178047663635676,1
0.7055252950908414,0.2779575377702713,1
0.07221899744634327,0.2052394341677427,0
-0.2078289535570035,0.16342085633959091,0
0.3059773937347704,0.17346089933857778,0
0.12332867068119109,0.2954667941944019,0
1.9822712971650656,0.20122737251222134,1
1.3426789071312197,0.36433385075891717,1
0.873498187473168,0.21027498277170317,0
1.6473180262476053,0.19965103654300465,1
0.5980362970080195,0.2407849685234182,1
0.4139462361372252,0.27482380059457595,0
0.35767584354596954,0.21482964601272186,0
0.3692466541160692,0.26439611646864153,0
-0.00775898175809857,0.14635356773029673,0
0.7250676835353593,0.3269332883325783,1
0.1180999115848122,0.1813224695230785,0
0.09840443823745142,0.14522674083709716,0
0.6189517605885402,0.31954656442006435,1
0.6451612869191831,0.2836806100957534,1
0.11129738143018733,0.22280019154915442,0
-0.04957582644231681,0.1761766753026417,1
0.5751258418616593,0.176129499822855,1
-0.025932755423291484,0.289524261253636,0
2.90451377352925,0.20720332898199556,1
1.0416985321854897,0.22462077648551376,1
-0.03806074232489571,0.2424107145618747,0
3.5404965011406793,0.24942243703774045,1
1.835960635118368,0.20565925634676407,1
0.6145379237234916,0.45634692032491003,1
0.8552302276201067,0.26491763527328904,0
1.2833611365122024,0.37751463638110594,1
-0.17889276593310086,0.24848981357756114,0
0.2335110783951294,0.14648554291990068,0
0.4400388851244125,0.17226254028432508,0
-0.42068545683489955,0.22268400819678058,0
-0.3241996505514614,0.19651457713200499,0
0.017792375540861816,0.18876246657482412,0
0.2523571039626349,0.20709408691951206,0
1.2351396939913855,0.17583841273659154,1
0.20997440758075342,0.22339455253548093,0
0.6487570620078148,0.6243775904178619,1
-0.10075141144070433,0.2037622630596161,0
-0.09568959051657853,0.2441492264921015,0
1.38205051757176,0.5992588494134985,1
0.09391799448066304,0.149315179616977,0
0.08118324807804438,0.23757239956604806,0
1.2686347134174263,0.3106396646963226,1
0.24842634340976025,0.17838638045571067,0
-0.1620114425717649,0.1592942178249359,0
0.40302150787660335,0.23081825359447583,0
0.4297201515783937,0.22327437916317502,0
2.725420589337583,0.2510095404254066,1
0.372078882149183,0.17917747361319408,0
1.9531633697959567,0.2227894421418508,1
1.4772307371809617,0.21725677295642745,1
1.1960126859870905,0.22262693268912181,1
0.3062446280604904,0.16981499810372633,0
0.26845249736693116,0.23829712692429036,0
0.9351885574193467,0.24621854702631635,1
-0.1746148101646065,0.20760332175663543,0
-0.000980153285251649,0.1841344404551718,0
1.1511940378840033,0.2482115296522776,1
-0.028188728801406947,0.19655930734262236,0
0.31151747169679816,0.20822393281119214,0
0.2608039632590033,0.20702373354058518,0
0.458395906898889,0.2589436203934426,1
-0.007690913198302215,0.23357515301023213,0
0.1461688747120134,0.1782406239133132,0
0.22069316986312737,0.23443978190422055,0
0.43342503406805066,0.2697622615311827,1
0.15348809436369928,0.2150127224020056,0
-0.17311869209122527,0.257566908158754,0
0.09006562934840216,0.20423353722220974,0
1.0791317028135956,0.23340855808928612,1
0.19312169841184737,0.11567705103329248,0
0.4763394895377666,0.2051810801029205,0
-0.23071607038364747,0.22563193819739605,0
0.1595803098830972,0.1635224431753159,0
0.23900663182930376,0.2122524289857774,0
1.7416949500260746,0.33104416970163586,1
1.6313496107259047,0.46400121498752295,1
1.2340355572071986,0.3073206818872883,1
0.05039552391955177,0.2251941974098618,0
0.21018067374181534,0.1373753197491169,0
0.5364471797378441,0.1681962432180132,0
-0.01614221171271562,0.2195532026745024,0
0.11744091497739098,0.19926602623679424,0
0.47030182434654627,0.19110300716231854,0
2.1063189171668713,0.25014783960801584,1
1.9220116958966036,0.24191078604795999,1
-0.042260494970462144,0.21600796172493383,0
-0.13915855725680829,0.23819510227925067,0
0.6346409867958188,0.20060715289676895,0
0.6507005629320042,0.2080879792571068,0
1.7382569935931342,0.22449460065726082,1
0.34576473612061187,0.27374485565556417,0
-0.14723027296797972,0.2658275265442698,0
0.12062462428289647,0.23855153133994653,0
1.8687062476791372,0.3094807314461675,1
0.6403931701903748,0.18216128315244404,0
0.5979217266640172,0.17109421246192033,0
0.5281782651634616,0.209249096777704,0
1.4916386412464273,0.1983541036805799,1
1.4389155725652938,0.2824571589231491,1
0.23333595820932101,0.28555365502834323,0
0.7326031501290309,0.22042161195706106,0
-0.022299933425071607,0.21815468668937682,0
0.09541152573426032,0.19922636264079327,0
1.0481864904993674,0.39506677812145596,1
0.20580169970957407,0.14999979348743664,0
0.1995851902311756,0.15413994048092816,0
-0.057800328184729396,0.19753173192342124,0
0.2866934921412939,0.1769825888843071,0
0.33079595134100426,0.2595317343550344,0
0.4470851700198613,0.17795700721251656,0
2.7272761296099253,0.2373711496591568,1
0.11616354097445941,0.18948264479637145,0
1.5718603987749975,0.3471328864174505,1
0.09256223865317846,0.1619394365698099,0
0.6379573510051401,0.27048241628540887,0
0.07650985434330851,0.23658398702031086,0
0.22805019486881964,0.2107703694701195,0
1.2178674335202277,0.23845416791737079,1
1.9946720370466384,0.33569770630063683,1
0.36227926520710063,0.1949932091944926,0
-0.0996838132966149,0.20091393561590287,0
0.22734823254471861,0.2673323240035619,0
1.388441272222824,0.28841131175718,1
-0.06059503998258619,0.2260273917301281,0
0.29240096719843506,0.22421480345003536,0
0.5522611985881473,0.1479067144855376,0
0.244091961009647,0.18228835996828585,0
-0.12751552832587024,0.26780646443367007,0
-0.018792592913900664,0.257271077973502,0
0.10115325703487442,0.22668830335140228,0
0.815639358992747,0.23215868347569507,1
0.6296327077186908,0.29878170911003565,0
-0.06523116061291778,0.2008978046689715,0
0.7098664080963193,0.19081572145223616,0
0.17535682819600723,0.2751763632956971,0
1.758707312164963,0.2856515765628394,1
0.266467117466034,0.26790034080806524,0
0.8127956977422738,0.16351056550000162,0
0.33367452275572834,0.2047566514462233,0
5.721645283747225,0.16392283553168885,1
2.3094687300902454,0.313472635165239,1
3.1605750058141533,0.2328001225816792,1
0.027025761653480068,0.19564341859119697,0
0.4988592209378956,0.20866169615795735,0
-0.207563785796875,0.2139646473526955,0
1.7104290687343668,0.22492326180781086,1
-0.25417204318517406,0.18704266924607127,0
0.030597023433789707,0.19029673304822708,0
1.8488436223222304,0.3078007288277149,1
2.6320140246507497,0.3832562684019407,1
0.008540532590155143,0.26528152572481256,0
1.2266504407354641,0.16329498520264257,1
0.3109643665526392,0.20657319566782784,0
1.6740366415457053,0.31191877142803087,1
0.5576879732334764,0.21303028567083948,0
0.296654790000821,0.18180751840273532,0
2.5742929564883874,0.2748253675177693,1
1.6203916552031234,0.279452559080991,1
1.3118945835771236,0.36951872775187855,1
0.3295292287030381,0.21777760710035052,0
0.5828262398849113,0.34945872601340794,0
0.08775310645504392,0.14118145193372453,0
0.04466121204425936,0.23491544374605497,0
1.623400081015794,0.23182465272290367,1
1.6394841528414243,0.3235725698371728,1
1.9838405449265348,0.3043714676499366,1
2.839151778967383,0.23536760188915107,1
0.015260516030158908,0.2636480149626732,0
-0.03669624841623272,0.1808244813572277,0
0.27047340754012,0.1528914192548165,0
0.3456901432868329,0.2676663234829903,1
0.09869225244194793,0.18360782897833625,0
0.21342031562012626,0.28133904322599756,0
0.06703128533569111,0.20006334258288871,0
-0.1461725344037007,0.20255516225641423,0
1.0505960898157038,0.2994297230944914,1
0.13517065333941897,0.25228423855521465,0
0.12618691094155424,0.18019532226934665,0
1.234044519677995,0.1971412324346602,1
0.6131034597631648,0.1954989598643395,0
2.270852345976557,0.32603337855442716,1
0.08784285327614888,0.21838997630185863,0
0.2694198890423179,0.20888370152177482,0
0.009972295953726592,0.19593419056189687,0
1.1516265985482161,0.2786265194416046,1
-0.04920339001028376,0.13581116074009944,0
0.7056110009298433,0.2771262155845761,1
0.48325797651309116,0.20991137639070173,0
0.9079786232122279,0.3341204780119437,0
1.53639564587617,0.21892360779974196,1
0.3544703604311946,0.21892928282419838,1
1.5648322157951953,0.388052443365256,1
0.588927274405818,0.27315923297727435,0
1.5695756122458242,0.26972838459592885,1
1.1254339749927187,0.3305657023733312,1
0.008871256966429939,0.2473782163858414,0
2.0317953991872924,0.28081334552594595,1
0.8167150681853619,0.19059313954533758,1
0.12952483115099253,0.21063425511121747,0
-0.30187128971873856,0.25670715987682347,0
0.6966465715320138,0.3817843133652651,1
0.8141367853356749,0.2853802120493304,1
0.07522193182796677,0.2092408727197086,0
0.2737357089507048,0.2401394588606698,0
1.76831014876748,0.20940637638171516,1
-0.2778120535716701,0.2379344195127487,0
1.9113470639076553,0.31013742435363034,1
1.6452714754389357,0.34063333984878325,1
0.014084344676522939,0.2247564441448934,0
0.17766684021092335,0.20834404854547406,0
-0.008842450706418222,0.2412199922970363,0
0.09840710202551069,0.19945367511950038,0
0.11498266996300087,0.20553718679829644,0
-0.06070362578543431,0.3263558525788155,0
-0.07886804029378386,0.14047594070434566,0
0.7277116788943413,0.20234130157364738,1
0.4287921296115983,0.22337057501077653,1
1.1655165276010118,0.1847523091300841,1
-0.021815970711557303,0.19022146318016983,0
0.43137623060944874,0.2683012917235091,0
-0.053283140047107665,0.26821269478116716,0
-0.1539372838560367,0.23514575302600865,0
-0.10978420514316416,0.2244491920751684,0
-0.029769606521559386,0.31679276840106857,0
-0.045157389741823595,0.23614428670782794,0
0.8598423366679427,0.24116773991023793,1
3.1050076713284884,0.1781958387957679,1
0.07027595032183466,0.2723206913471222,0
0.11106450023679773,0.16288233273907715,0
-0.09990506881398988,0.22356120317410197,0
2.0559648164259148,0.299245350150501,1
0.1489254131731727,0.2084871193257774,0
0.1123847957293758,0.3955967110395432,0
1.527859817183662,0.2585172678973224,1
0.024531079354933007,0.2309834063053131,0
0.0705224840898625,0.2583560088785684,0
0.0028764111833011674,0.2006196761131287,0
0.03365744686762824,0.20866815212161044,0
-0.08645818587405682,0.16229265020007178,0
0.015267624427940206,0.18186847392250513,0
0.36847655060338524,0.18981877429918811,0
-0.03961259638106053,0.21942661847823694,0
-0.0667179615853966,0.17053826306317305,0
1.4637275902572595,0.3923110163211822,1
0.1521265864722912,0.17177082842046565,0
0.36901589094119686,0.21247436812049464,0
-0.09437483088167785,0.29467493208443246,0
0.22462624145835733,0.2029080448831831,0
0.17308374721518444,0.23896517621146307,0
0.21842871174722348,0.18148805873338567,0
-0.23111761185904686,0.25588255806973115,0
1.814513203836518,0.3929677815900908,1
-0.22275788005808533,0.3775959425850918,0
0.0656960506534834,0.203866081767612,0
0.002848665404249783,0.25335056781768805,0
-0.19942636374623135,0.21543646317261916,0
0.07837280235895777,0.26911567052205404,0
1.3881483290340535,0.23381674850688264,1
-0.1490829399300733,0.3118441480856675,0
0.1483445782884742,0.28039837259995304,0
-0.09272017656287175,0.18413058432137097,0
2.1845763452292553,0.2840217371781667,1
0.20705643640450205,0.19658094719052316,0
0.26602592015653725,0.23850117277454685,0
0.20709628462809287,0.2585511890617577,0
0.09024810037988427,0.18121765965507144,0
0.5575586210442758,0.23634480132776148,0
-0.20772053580854383,0.26872352777525427,0
1.7594324730838407,0.48113597900636734,1
0.45633056824642554,0.19345823190151115,0
-0.15917500616712862,0.15504732193090978,0
0.14811303546736201,0.24584186990210352,0
0.6246201850139382,0.20463795827494727,0
0.018322482794341358,0.24760071925627886,0
-0.12195218754734487,0.2128669407963753,0
-0.0199610212445075,0.25575041305728075,0
-0.08716532655006339,0.18260014546223174,0
-0.076892889668224,0.3254539340734482,0
0.18954594409631212,0.27274350076913834,0
-0.31776947151752705,0.20295668303966524,0
0.6319184033692969,0.2141159352134256,0
0.08132849340945715,0.20041521787643435,0
0.09233117342127374,0.22762198998377875,0
1.8650709820474545,0.43828701998506275,1
0.16851814155589928,0.16373361746470133,0
-0.052023182865206276,0.23554104509807772,0
-0.054869615263143046,0.2388138691584269,0
0.02661809802130936,0.28366046276959506,0
0.14561363972025473,0.2783122700452805,0
0.16835434077951653,0.25553666381608875,0
0.11725141478036105,0.20314945459365844,0
0.961920186518175,0.31456716369305343,1
-0.14542434315654768,0.19552283359296393,0
0.14243028191520427,0.20952832931425516,0
0.24662090152617877,0.21932034806201334,0
0.08235893202110665,0.2126331636780187,0
-0.11989268251501618,0.1793728303909302,0
0.06931231594225785,0.19896848072876802,0
0.07487351221294859,0.14975922963558097,0
-0.059108060874974735,0.29358201735728495,0
0.014882799764437122,0.20281205491015789,0
-0.07856311103216879,0.1959945954774555,0
0.0538313309241788,0.24661400616168977,0
0.01889066933623535,0.33181638592167906,0
-0.1972339126379784,0.15288809882967094,0
0.016014717267257426,0.2644757273950075,0
-0.1359493878573688,0.20193117276216163,0
-0.0055413890902021624,0.255969509413076,0
0.2800296675482882,0.22975707512635452,0
0.14379523882448264,0.2446469523689964,0
-0.11482367674772961,0.20915962097256682,0
0.2617948604271818,0.24194246224867996,0
1.5664735361771813,0.2761161892152414,1
0.1492507742720504,0.2171607462565104,0
0.12144390862631742,0.27152885836224216,0
0.4998475879051729,0.20604693525367315,0
0.17177865814424734,0.1847297647264269,0
-0.2794674057653137,0.2986590695381165,0
0.18166667242683776,0.1702319715474103,0
-0.07008030881882532,0.24008583551958984,0
0.05497331111531571,0.23588537393614303,0
0.08505162697395158,0.22127331097920738,0
0.8130271090338276,0.18574590550528627,0
0.03803153355321146,0.19281039720489865,0
-0.1199512898657194,0.2603256693700465,0
-0.08040783543730955,0.20912513455679252,0
0.09045590063124886,0.2231159509756626,0
0.16733834486032942,0.22160885089483018,0
1.8642645961597772,0.28174145989345784,1
0.19075520185512754,0.23170216599026244,0
-0.11120304090922047,0.2636091434955597,0
-0.11231115002212762,0.22452729278140598,0
-0.1081010905477891,0.192647598429424,0
-0.24671383160737073,0.24819276120927602,0
-0.06128734787214926,0.20253600201955657,0
0.1685802939666143,0.21699380165821797,0
-0.31511186959311605,0.2299844956979519,0
-0.028937918365589215,0.24149758316749753,0
0.11473916220168609,0.22835584502471118,0
-0.05657676299404442,0.18789368867874146,0
-0.0086923657454679,0.1847660582240035,0
0.019879356932432667,0.22762867950257806,0
0.28865608503872414,0.2713242982563219,0
-0.1256020910886361,0.19707656640272872,0
0.23776199113656807,0.18538805343009332,0
0.40642580884831425,0.1803285207503881,0
1.2923784816485904,0.3943323633388469,1
-0.11988446432918534,0.2988558483123779,0
-0.07844265907298385,0.3064202456860929,0
0.23478907336328078,0.2678253609883157,0
0.140680510628899,0.20788017436861994,0
0.06074451606452795,0.1592829615570778,0
0.011716494365985904,0.18493709564208985,0
1.1201537346503134,0.25035502405630217,1
0.08146911563663896,0.2876618783724936,0
-0.04003820678748566,0.2366571287314097,0
0.05635258529102309,0.3354413899969547,0
-0.029136285580159134,0.24437058616328883,0
-0.04488063435199756,0.2416797534985976,0
0.2167304875814622,0.285481300883823,0
0.35079952265441267,0.22280761069721647,0
0.012127830256410555,0.15439823269844058,0
-0.019799316663326412,0.22888729231698174,0
2.6634717931701006,0.24139455650001765,1
1.105330503226825,0.2646276640204283,1
0.042618492773328624,0.21212407916784287,0
0.05769950786997266,0.18205517988938555,0
0.016708400938588767,0.20169484920279923,0
-0.17959848658595495,0.25562618776809337,0
0.11656083601657889,0.23611648457390919,0
-0.033557062842951346,0.16749035023354192,0
0.1593892401881363,0.2387176081940934,0
-0.009519448392760387,0.23923281126244128,0
-0.3421453590868917,0.22753364600633316,0
0.012304600856496355,0.18214851373281232,0
2.7308807445581267,0.28065662267731456,1
1.1809857426227344,0.2405730254203081,1
1.2420114680384478,0.3466885153452555,1
0.3435274826572884,0.19000161710907434,0
0.19405815831512604,0.24993073940277094,0
1.145568802316079,0.23292986350134015,1
-0.30216439522248223,0.23654630316628347,0
-0.11463863038175315,0.14833220110999212,0
0.7405959959167783,0.21423293650150296,1
0.04607685269137367,0.1538612971434722,0
1.9595727022676555,0.2298020440340042,1
-0.18611205488654134,0.20455550659786567,0
0.052113634061017614,0.20052409350872039,0
-0.32744218820116805,0.24094932079315184,0
-0.23532441910631105,0.17492542737408692,0
1.1037867466974023,0.370061157271266,1
-0.34830546921569594,0.22284104483468192,0
-0.03714524376435166,0.19945888638496398,0
-0.014071215093903447,0.26255688473985,0
0.3703336595181027,0.18906397403672684,1
-0.34203363400713843,0.2520950275659561,0
0.33061791488464165,0.24297130963741204,0
0.18261394242844142,0.27812066713968914,0
0.09551360643377156,0.23403499807630265,0
0.4952889057767789,0.2933328640280348,1
-0.24784123148643342,0.21174314305895847,0
-0.18477897594399678,0.2861756362413105,0
-0.25373149265787914,0.17625715345949738,0
0.9586720007022279,0.26305146927342693,1
-0.3473403827506114,0.1952764301765256,0
0.14106892800710147,0.33127782123033384,0
-0.03141787237641198,0.39536112385827143,0
0.7577592230419945,0.20470487015587943,1
0.8474211934743532,0.2664253008993048,1
0.5358318976691656,0.18559273447309224,0
0.21808745466988982,0.39494137128194173,0
0.25677556837689325,0.2587624873433794,0
0.22350600931677164,0.17177248807514414,0
-0.04614871790714291,0.20623079988691542,0
-0.2678883525235481,0.16729729175567623,0
1.520686625045531,0.279819062096732,1
-0.07494693742959113,0.285624585265205,0
0.03255654324777298,0.22359161972999572,0
1.8312012698926117,0.35904404989310673,1
1.1222987056535405,0.308537304723585,1
-0.117656892349088,0.22364252158573697,0
1.220381289546721,0.2306626159697771,1
0.16650570785594349,0.28050267207316854,0
0.06311975531101828,0.19242125588494377,0
0.8426446910997716,0.21929605287664078,1
0.15780540364909748,0.3018061675523457,0
0.19451363665732835,0.22620830688721094,0
-0.10520898810712918,0.2714370901991681,0
2.550235480736436,0.3670395707261973,1
-0.04703688898221503,0.21749770578585173,0
0.27408786865274654,0.166084589027777,0
0.23089472318822782,0.2536589848367791,0
0.16551839212360758,0.26468234062194823,0
-0.2575183893960084,0.22140029918315793,0
0.9624629312990339,0.20204202387783973,1
0.1244855614752036,0.21704785287380224,0
-0.1250621212680866,0.29382608990336573,0
0.17816859417842773,0.21717621515958735,0
-0.05305552525578982,0.21418137936978726,0
-0.06439669088656902,0.20780341681979952,0
0.7475207896221734,0.2787793779373169,0
0.7774507125730841,0.2768094012231538,1
-0.20976194831431846,0.1718218762534006,0
0.1567084420417334,0.29732495837741435,0
-0.027906935822683554,0.24860893090566002,0
2.53169119123613,0.31446050394464425,1
1.4701565749549168,0.284839729738958,1
0.09965735236009128,0.19001391023397446,0
0.9969611598247248,0.4070563993146343,1
0.11160774457028301,0.19395913422107697,0
0.5725477403597525,0.1765988578115191,0
0.16976506633334043,0.1834208117212568,0
0.758463676296909,0.17652840614318846,1
0.4723547669428294,0.2216332991917928,0
0.14099308600997884,0.23132698535919194,0
0.05011828602890939,0.2194254354426735,0
0.49936854651806734,0.31753005096989295,0
0.1373867195777387,0.22317654474361526,0
0.09071652592236622,0.19995875472114202,0
-0.24149443909062684,0.22098008104272793,0
0.37377999591216826,0.35267585913340255,0
0.8703504906069174,0.22996529599030816,1
1.2388396965955988,0.38271920611461013,1
-0.1149057999944886,0.24673205387024652,0
0.07000684947760781,0.18606612086296082,0
-0.206238233870862,0.23603409557807734,0
-0.09211235145501623,0.145187117324935,0
-0.05939029014580319,0.2724664317934136,0
-0.12223215454606598,0.24226218309157935,0
0.45318143373527037,0.21734815031290053,0
0.002354364906816594,0.23441869514744457,0
0.8482621276839756,0.4212100562240396,1
2.901673943348516,0.21090343892574306,1
-0.0519921596004896,0.20026511106735623,0
0.10295461308397819,0.23407035498392018,0
0.353853578520636,0.26233399808406827,0
0.13908461894498955,0.20624831395271498,0
-0.06436522873359553,0.23058248636050097,0
-0.08389206775445017,0.22270161349598958,0
0.05414423641504563,0.24483408194321848,0
0.21077510667219845,0.20718923538923262,0
0.1053463239983964,0.22398238542468052,0
1.5131197124464766,0.21245419278338148,1
-0.2283693307202886,0.1905530918212164,0
-0.053366970222052036,0.22733012405601707,0
1.4531722405711756,0.35786754240592317,1
0.1219538459259743,0.17198126316070558,0
0.06269914572109468,0.28916315691811695,0
0.3103574453021877,0.2894191682338715,0
-0.08942690977118001,0.16363140628451397,0
-0.13663518838968539,0.2373145233501088,0
0.5399256560228812,0.2077247026804331,0
1.4110335064061374,0.2513864443131856,1
-0.05624095356970139,0.22156477350937695,0
1.914308465205269,0.31511931548247474,1
0.6710531194688453,0.27557929946530246,0
0.2953512707402489,0.2572253198334665,0
0.3143728333850704,0.203344110420772,0
0.015977708661928602,0.2344502737787035,0
0.2186653415401676,0.1914553408927106,0
-0.04248270308087664,0.21017443173461492,0
-0.11231724859244072,0.20194589441472835,0
0.09423073377515936,0.21433214687165755,0
0.06522527652140155,0.1928419558625472,0
0.22640732729029422,0.19527503739703783,0
-0.02984925211145,0.2808866007383479,0
-0.24925477527498102,0.20196861364902588,0
0.03003637823659437,0.23770425382413365,0
0.1025378316753753,0.24952153915014022,0
0.3134806791728008,0.222751932144165,0
0.13618475671311409,0.21583416075319856,0
0.2294397380948761,0.20036880584324107,0
-0.05406805320825523,0.23097176722117832,0
0.7695988568402333,0.23103141043637257,0
0.3213377205058519,0.21368699044716072,0
-0.0019610386478406657,0.21673589706420904,0
-0.10182105360136039,0.2975094759786451,0
0.9414013488109256,0.2160225656297472,1
0.1385626238592797,0.23777802455716013,0
1.9628303957716078,0.20708449345368607,1
-0.09091219521773837,0.27400194713047576,0
0.00026920489114260534,0.22534905985782028,0
0.03244068598886107,0.23585733669560127,0
0.07839333056119417,0.2226915192604065,0
0.2185434914387728,0.20871602047321403,0
0.09623821689377385,0.1821374234400297,0
-0.03687505448708656,0.2234583917118254,0
-0.06548814325006158,0.2032453512534117,0
0.06303860696492349,0.23667381405830384,0
0.3352791413214936,0.3104338536659877,0
-0.0063623972117461845,0.27937176594367397,0
1.7544019879289976,0.3762145928825651,1
-0.06345289489241604,0.2665312051773071,0
0.040940641766221794,0.2175093196687245,0
0.0769662358810884,0.3345448460334387,0
-0.09276380069104419,0.2693682855367661,0
0.00033548143024088225,0.1474016185849905,0
0.3196430683584497,0.198004482423558,0
-0.11411677962707906,0.29733229994773863,0
0.41480505054201167,0.30874697347966634,0
0.04759746218470044,0.21480461108057122,0
-0.043331614282393086,0.33586653558219354,0
0.46813273716381903,0.24550199257700064,0
-0.1654329880363517,0.252076598576137,0
-0.1418594328961572,0.21414113521575925,0
-0.010839188123089701,0.2872318172454834,0
-0.37402702441149266,0.23490171920169486,0
0.18997033075523626,0.18218728492134498,0
0.13474004994260788,0.2083541837605563,0
-0.1134484387623754,0.2900576193281944,0
0.056152645117625244,0.24897017534389046,0
1.8939238685813127,0.27532187877474606,1
-0.03468728269498896,0.2510951727628708,0
0.23992496432395496,0.261122547528323,0
0.2949280303850571,0.23627638237816945,1
-0.018403843312882844,0.17770727607938974,0
2.137106678794037,0.25125598945678806,1
0.25594866402983363,0.2049370947637056,0
0.13738232774108744,0.20711843696507543,0
0.028865039725174516,0.33639071350512295,0
-0.18273599148802275,0.21955970558855273,0
-0.2526361523486626,0.24131138649853787,0
0.3026465137291846,0.2557288492048109,0
0.09096259559811824,0.25030623338161373,0
0.19159432002001556,0.1752565456761254,0
-0.23730438646627966,0.2152342542221672,0
-0.08207628512356732,0.16396413227406942,0
-0.1004161435570861,0.21804127097129822,0
-0.29819044858404625,0.23187323954047223,0
0.16962985438735062,0.26096906037557693,0
0.15635110118844042,0.3006720099338266,0
1.9259387787642244,0.2682522567609947,1
0.25138275819401434,0.19944982528686522,0
0.1250040116553466,0.17734339390045556,0
0.9978752723770932,0.20513591107569243,1
0.14196570945517212,0.1799934702950555,0
0.14559929800941018,0.18685955945835558,0
-0.053309307033050916,0.327909104661508,0
-0.2754850506679006,0.27426004171371465,0
0.16259106958975927,0.26818548100335254,0
0.14092920909555345,0.2059877488348219,0
0.7583490828679944,0.2767761162349156,0
0.03007253153965618,0.22419925799240936,0
0.23401228016886447,0.17196131149927774,0
0.91756887194435,0.2817951959371567,1
-0.1318891409613299,0.27085243143686427,0
0.2022944569259212,0.1792852125669781,0
0.4723313636470993,0.26007586041012326,0
0.07514631095067317,0.2419133238676118,0
0.227982298353072,0.24257790060604315,0
-0.17011325198848207,0.2865746276246177,0
2.0795572090680188,0.34784642944733307,1
0.1320759408941629,0.24210605791636877,0
-0.1458649655763238,0.33094545765356576,0
-0.04420942641986329,0.1661593340692066,0
0.0929043890045365,0.2640456394715742,0
0.05758083396953656,0.3313267157191322,0
-0.1781103322325542,0.21327258551993025,0
0.16580766501937436,0.21430906271323183,0
0.3556442369886796,0.19393211571793803,0
1.1320357030287227,0.25299515296251346,1
0.2083265702505828,0.2503941163038596,0
0.670343332952173,0.25406930991581506,0
-0.007621785741805737,0.21685008515011184,0
-0.013872434129023734,0.316025339961052,0
0.4156758603958786,0.2743774096171061,0
0.060828819576727595,0.19942614976749864,0
0.3579710480893703,0.22318954535893032,0
0.046258458139261785,0.16739338755607608,0
0.14442759342332484,0.2015834065370781,0
-0.06812674322777226,0.183914386644596,0
-0.14288543887947003,0.2364967560156797,0
0.04560063614939129,0.2002386964502789,0
0.25529298653771254,0.20501643875065972,0
0.6430816679804553,0.16061273574829102,0
-0.09587450836932611,0.21919692933559415,0
0.33227389563379234,0.16051952077282802,0
0.21254063966923678,0.18046105035713747,0
-0.09509478182328239,0.2683156044055254,0
0.0601487670616565,0.16022276658760873,0
-0.10885690499475947,0.26292948552540374,0
0.6502934141727058,0.2344418379995558,1
-0.0846866171951943,0.31643600219335316,0
0.13245913766076814,0.25471376535054796,0
-0.05060906685916664,0.2798749191420419,0
0.7733077803411523,0.2316110575199127,0
-0.039069610592224926,0.20932674407958984,0
2.1087410450037334,0.2095721697807312,1
0.031868500215860705,0.21705101132392884,0
-0.2849018022308983,0.328898212313652,0
0.5744368168787451,0.22833638384535504,0
0.44102953971940384,0.25616921855182184,0
0.053451851397949175,0.2045725951875959,0
0.06483021141005144,0.21402965627218548,0
0.21787944796678854,0.2795827277871065,0
1.7034957220711764,0.31355891597682034,1
0.2944875400796022,0.2245234364554996,0
0.11363760785343333,0.23303270284519642,0
0.48793957952733125,0.29046520663470754,0
0.0702822900547654,0.21874420642852785,0
0.05573339415042803,0.20125362260921584,0
0.21112008548717015,0.23299491405487055,0
0.4343878277411936,0.19586809975760328,0
2.0204818137521716,0.2241582625442081,1
-0.15673620694782023,0.3064907025646518,0
0.7591844006869658,0.3159893200677984,1
0.0996374142198628,0.2643175709247588,0
-0.06430963233111314,0.19644982908901415,0
-0.263922923797788,0.20718796427656966,0
0.09350294471729893,0.23350226588365514,0
1.5428060220548732,0.25335489623248575,1
0.055547898521680086,0.19493575674114808,0
0.17244502148998955,0.2034640556032007,0
