label,source_file,roi_index
0,C:\Users\mzinn1\Desktop\Datasets\roi_classifier_training\1-1_1x\suite2p\plane0\F.npy,419
0,C:\Users\mzinn1\Desktop\Datasets\roi_classifier_training\1-1_1x\suite2p\plane0\F.npy,387
0,C:\Users\mzinn1\Desktop\Datasets\roi_classifier_training\1-1_1x\suite2p\plane0\F.npy,788
0,C:\Users\mzinn1\Desktop\Datasets\roi_classifier_training\1-1_1x\suite2p\plane0\F.npy,906
0,C:\Users\mzinn1\Desktop\Datasets\roi_classifier_training\1-1_1x\suite2p\plane0\F.npy,113
0,C:\Users\mzinn1\Desktop\Datasets\roi_classifier_training\1-1_1x\suite2p\plane0\F.npy,791
0,C:\Users\mzinn1\Desktop\Datasets\roi_classifier_training\1-1_1x\suite2p\plane0\F.npy,553
0,C:\Users\mzinn1\Desktop\Datasets\roi_classifier_training\1-1_1x\suite2p\plane0\F.npy,17
0,C:\Users\mzinn1\Desktop\Datasets\roi_classifier_training\1-1_1x\suite2p\plane0\F.npy,452
0,C:\Users\mzinn1\Desktop\Datasets\roi_classifier_training\1-1_1x\suite2p\plane0\F.npy,627
0,C:\Users\mzinn1\Desktop\Datasets\roi_classifier_training\1-1_1x\suite2p\plane0\F.npy,496
0,C:\Users\mzinn1\Desktop\Datasets\roi_classifier_training\1-1_1x\suite2p\plane0\F.npy,714
0,C:\Users\mzinn1\Desktop\Datasets\roi_classifier_training\1-1_1x\suite2p\plane0\F.npy,455
0,C:\Users\mzinn1\Desktop\Datasets\roi_classifier_training\1-1_1x\suite2p\plane0\F.npy,789
0,C:\Users\mzinn1\Desktop\Datasets\roi_classifier_training\1-1_1x\suite2p\plane0\F.npy,335
0,C:\Users\mzinn1\Desktop\Datasets\roi_classifier_training\1-1_1x\suite2p\plane0\F.npy,854
0,C:\Users\mzinn1\Desktop\Datasets\roi_classifier_training\1-1_1x\suite2p\plane0\F.npy,31
0,C:\Users\mzinn1\Desktop\Datasets\roi_classifier_training\1-1_1x\suite2p\plane0\F.npy,799
0,C:\Users\mzinn1\Desktop\Datasets\roi_classifier_training\1-1_1x\suite2p\plane0\F.npy,893
0,C:\Users\mzinn1\Desktop\Datasets\roi_classifier_training\1-1_1x\suite2p\plane0\F.npy,927
0,C:\Users\mzinn1\Desktop\Datasets\roi_classifier_training\1-1_1x\suite2p\plane0\F.npy,888
0,C:\Users\mzinn1\Desktop\Datasets\roi_classifier_training\1-1_1x\suite2p\plane0\F.npy,787
0,C:\Users\mzinn1\Desktop\Datasets\roi_classifier_training\1-1_1x\suite2p\plane0\F.npy,291
0,C:\Users\mzinn1\Desktop\Datasets\roi_classifier_training\1-1_1x\suite2p\plane0\F.npy,252
0,C:\Users\mzinn1\Desktop\Datasets\roi_classifier_training\1-1_1x\suite2p\plane0\F.npy,322
0,C:\Users\mzinn1\Desktop\Datasets\roi_classifier_training\1-1_1x\suite2p\plane0\F.npy,706
0,C:\Users\mzinn1\Desktop\Datasets\roi_classifier_training\1-1_1x\suite2p\plane0\F.npy,632
0,C:\Users\mzinn1\Desktop\Datasets\roi_classifier_training\1-1_1x\suite2p\plane0\F.npy,206
0,C:\Users\mzinn1\Desktop\Datasets\roi_classifier_training\1-1_1x\suite2p\plane0\F.npy,556
0,C:\Users\mzinn1\Desktop\Datasets\roi_classifier_training\1-1_1x\suite2p\plane0\F.npy,137
0,C:\Users\mzinn1\Desktop\Datasets\roi_classifier_training\1-1_1x\suite2p\plane0\F.npy,50
0,C:\Users\mzinn1\Desktop\Datasets\roi_classifier_training\1-1_1x\suite2p\plane0\F.npy,771
0,C:\Users\mzinn1\Desktop\Datasets\roi_classifier_training\1-1_1x\suite2p\plane0\F.npy,276
0,C:\Users\mzinn1\Desktop\Datasets\roi_classifier_training\1-1_1x\suite2p\plane0\F.npy,763
0,C:\Users\mzinn1\Desktop\Datasets\roi_classifier_training\1-1_1x\suite2p\plane0\F.npy,767
0,C:\Users\mzinn1\Desktop\Datasets\roi_classifier_training\1-1_1x\suite2p\plane0\F.npy,658
0,C:\Users\mzinn1\Desktop\Datasets\roi_classifier_training\1-1_1x\suite2p\plane0\F.npy,370
0,C:\Users\mzinn1\Desktop\Datasets\roi_classifier_training\1-1_1x\suite2p\plane0\F.npy,570
0,C:\Users\mzinn1\Desktop\Datasets\roi_classifier_training\1-1_1x\suite2p\plane0\F.npy,66
1,C:\Users\mzinn1\Desktop\Datasets\roi_classifier_training\1-1_1x\suite2p\plane0\F.npy,919
0,C:\Users\mzinn1\Desktop\Datasets\roi_classifier_training\1-1_1x\suite2p\plane0\F.npy,520
0,C:\Users\mzinn1\Desktop\Datasets\roi_classifier_training\1-1_1x\suite2p\plane0\F.npy,53
0,C:\Users\mzinn1\Desktop\Datasets\roi_classifier_training\1-1_1x\suite2p\plane0\F.npy,338
0,C:\Users\mzinn1\Desktop\Datasets\roi_classifier_training\1-1_1x\suite2p\plane0\F.npy,914
0,C:\Users\mzinn1\Desktop\Datasets\roi_classifier_training\1-1_1x\suite2p\plane0\F.npy,9
0,C:\Users\mzinn1\Desktop\Datasets\roi_classifier_training\1-1_1x\suite2p\plane0\F.npy,824
0,C:\Users\mzinn1\Desktop\Datasets\roi_classifier_training\1-1_1x\suite2p\plane0\F.npy,871
0,C:\Users\mzinn1\Desktop\Datasets\roi_classifier_training\1-1_1x\suite2p\plane0\F.npy,111
0,C:\Users\mzinn1\Desktop\Datasets\roi_classifier_training\1-1_1x\suite2p\plane0\F.npy,495
0,C:\Users\mzinn1\Desktop\Datasets\roi_classifier_training\1-1_1x\suite2p\plane0\F.npy,168
0,C:\Users\mzinn1\Desktop\Datasets\roi_classifier_training\1-1_1x\suite2p\plane0\F.npy,829
0,C:\Users\mzinn1\Desktop\Datasets\roi_classifier_training\1-1_1x\suite2p\plane0\F.npy,696
0,C:\Users\mzinn1\Desktop\Datasets\roi_classifier_training\1-1_1x\suite2p\plane0\F.npy,534
0,C:\Users\mzinn1\Desktop\Datasets\roi_classifier_training\1-1_1x\suite2p\plane0\F.npy,118
0,C:\Users\mzinn1\Desktop\Datasets\roi_classifier_training\1-1_1x\suite2p\plane0\F.npy,728
0,C:\Users\mzinn1\Desktop\Datasets\roi_classifier_training\1-1_1x\suite2p\plane0\F.npy,712
0,C:\Users\mzinn1\Desktop\Datasets\roi_classifier_training\1-1_1x\suite2p\plane0\F.npy,533
0,C:\Users\mzinn1\Desktop\Datasets\roi_classifier_training\1-1_1x\suite2p\plane0\F.npy,924
0,C:\Users\mzinn1\Desktop\Datasets\roi_classifier_training\1-1_1x\suite2p\plane0\F.npy,849
0,C:\Users\mzinn1\Desktop\Datasets\roi_classifier_training\1-1_1x\suite2p\plane0\F.npy,98
0,C:\Users\mzinn1\Desktop\Datasets\roi_classifier_training\1-1_1x\suite2p\plane0\F.npy,426
0,C:\Users\mzinn1\Desktop\Datasets\roi_classifier_training\1-1_1x\suite2p\plane0\F.npy,845
0,C:\Users\mzinn1\Desktop\Datasets\roi_classifier_training\1-1_1x\suite2p\plane0\F.npy,27
0,C:\Users\mzinn1\Desktop\Datasets\roi_classifier_training\1-1_1x\suite2p\plane0\F.npy,359
0,C:\Users\mzinn1\Desktop\Datasets\roi_classifier_training\1-1_1x\suite2p\plane0\F.npy,792
0,C:\Users\mzinn1\Desktop\Datasets\roi_classifier_training\1-1_1x\suite2p\plane0\F.npy,725
0,C:\Users\mzinn1\Desktop\Datasets\roi_classifier_training\1-1_1x\suite2p\plane0\F.npy,710
0,C:\Users\mzinn1\Desktop\Datasets\roi_classifier_training\1-1_1x\suite2p\plane0\F.npy,774
0,C:\Users\mzinn1\Desktop\Datasets\roi_classifier_training\1-1_1x\suite2p\plane0\F.npy,625
0,C:\Users\mzinn1\Desktop\Datasets\roi_classifier_training\1-1_1x\suite2p\plane0\F.npy,846
0,C:\Users\mzinn1\Desktop\Datasets\roi_classifier_training\1-1_1x\suite2p\plane0\F.npy,49
0,C:\Users\mzinn1\Desktop\Datasets\roi_classifier_training\1-1_1x\suite2p\plane0\F.npy,132
0,C:\Users\mzinn1\Desktop\Datasets\roi_classifier_training\1-1_1x\suite2p\plane0\F.npy,394
0,C:\Users\mzinn1\Desktop\Datasets\roi_classifier_training\1-1_1x\suite2p\plane0\F.npy,689
0,C:\Users\mzinn1\Desktop\Datasets\roi_classifier_training\1-1_1x\suite2p\plane0\F.npy,909
1,C:\Users\mzinn1\Desktop\Datasets\roi_classifier_training\1-1_1x\suite2p\plane0\F.npy,47
0,C:\Users\mzinn1\Desktop\Datasets\roi_classifier_training\1-1_1x\suite2p\plane0\F.npy,462
0,C:\Users\mzinn1\Desktop\Datasets\roi_classifier_training\1-1_1x\suite2p\plane0\F.npy,223
0,C:\Users\mzinn1\Desktop\Datasets\roi_classifier_training\1-1_1x\suite2p\plane0\F.npy,74
0,C:\Users\mzinn1\Desktop\Datasets\roi_classifier_training\1-1_1x\suite2p\plane0\F.npy,650
0,C:\Users\mzinn1\Desktop\Datasets\roi_classifier_training\1-1_1x\suite2p\plane0\F.npy,226
0,C:\Users\mzinn1\Desktop\Datasets\roi_classifier_training\1-1_1x\suite2p\plane0\F.npy,623
0,C:\Users\mzinn1\Desktop\Datasets\roi_classifier_training\1-1_1x\suite2p\plane0\F.npy,660
0,C:\Users\mzinn1\Desktop\Datasets\roi_classifier_training\1-1_1x\suite2p\plane0\F.npy,447
0,C:\Users\mzinn1\Desktop\Datasets\roi_classifier_training\1-1_1x\suite2p\plane0\F.npy,752
0,C:\Users\mzinn1\Desktop\Datasets\roi_classifier_training\1-1_1x\suite2p\plane0\F.npy,326
0,C:\Users\mzinn1\Desktop\Datasets\roi_classifier_training\1-1_1x\suite2p\plane0\F.npy,642
0,C:\Users\mzinn1\Desktop\Datasets\roi_classifier_training\1-1_1x\suite2p\plane0\F.npy,568
0,C:\Users\mzinn1\Desktop\Datasets\roi_classifier_training\1-1_1x\suite2p\plane0\F.npy,559
1,C:\Users\mzinn1\Desktop\Datasets\roi_classifier_training\1-1_1x\suite2p\plane0\F.npy,409
0,C:\Users\mzinn1\Desktop\Datasets\roi_classifier_training\1-1_1x\suite2p\plane0\F.npy,193
0,C:\Users\mzinn1\Desktop\Datasets\roi_classifier_training\1-1_1x\suite2p\plane0\F.npy,461
0,C:\Users\mzinn1\Desktop\Datasets\roi_classifier_training\1-1_1x\suite2p\plane0\F.npy,753
1,C:\Users\mzinn1\Desktop\Datasets\roi_classifier_training\1-1_1x\suite2p\plane0\F.npy,164
0,C:\Users\mzinn1\Desktop\Datasets\roi_classifier_training\1-1_1x\suite2p\plane0\F.npy,89
0,C:\Users\mzinn1\Desktop\Datasets\roi_classifier_training\1-1_1x\suite2p\plane0\F.npy,814
0,C:\Users\mzinn1\Desktop\Datasets\roi_classifier_training\1-1_1x\suite2p\plane0\F.npy,429
0,C:\Users\mzinn1\Desktop\Datasets\roi_classifier_training\1-1_1x\suite2p\plane0\F.npy,391
0,C:\Users\mzinn1\Desktop\Datasets\roi_classifier_training\1-1_1x\suite2p\plane0\F.npy,577
0,C:\Users\mzinn1\Desktop\Datasets\roi_classifier_training\1-1_1x\suite2p\plane0\F.npy,287
0,C:\Users\mzinn1\Desktop\Datasets\roi_classifier_training\1-1_1x\suite2p\plane0\F.npy,350
0,C:\Users\mzinn1\Desktop\Datasets\roi_classifier_training\1-1_1x\suite2p\plane0\F.npy,0
0,C:\Users\mzinn1\Desktop\Datasets\roi_classifier_training\1-1_1x\suite2p\plane0\F.npy,93
0,C:\Users\mzinn1\Desktop\Datasets\roi_classifier_training\1-1_1x\suite2p\plane0\F.npy,639
0,C:\Users\mzinn1\Desktop\Datasets\roi_classifier_training\1-1_1x\suite2p\plane0\F.npy,765
0,C:\Users\mzinn1\Desktop\Datasets\roi_classifier_training\1-1_1x\suite2p\plane0\F.npy,407
0,C:\Users\mzinn1\Desktop\Datasets\roi_classifier_training\1-1_1x\suite2p\plane0\F.npy,726
0,C:\Users\mzinn1\Desktop\Datasets\roi_classifier_training\1-1_1x\suite2p\plane0\F.npy,777
0,C:\Users\mzinn1\Desktop\Datasets\roi_classifier_training\1-1_1x\suite2p\plane0\F.npy,117
0,C:\Users\mzinn1\Desktop\Datasets\roi_classifier_training\1-1_1x\suite2p\plane0\F.npy,225
0,C:\Users\mzinn1\Desktop\Datasets\roi_classifier_training\1-1_1x\suite2p\plane0\F.npy,182
0,C:\Users\mzinn1\Desktop\Datasets\roi_classifier_training\1-1_1x\suite2p\plane0\F.npy,848
0,C:\Users\mzinn1\Desktop\Datasets\roi_classifier_training\1-1_1x\suite2p\plane0\F.npy,57
0,C:\Users\mzinn1\Desktop\Datasets\roi_classifier_training\1-1_1x\suite2p\plane0\F.npy,531
0,C:\Users\mzinn1\Desktop\Datasets\roi_classifier_training\1-1_1x\suite2p\plane0\F.npy,412
0,C:\Users\mzinn1\Desktop\Datasets\roi_classifier_training\1-1_1x\suite2p\plane0\F.npy,330
0,C:\Users\mzinn1\Desktop\Datasets\roi_classifier_training\1-1_1x\suite2p\plane0\F.npy,39
0,C:\Users\mzinn1\Desktop\Datasets\roi_classifier_training\1-1_1x\suite2p\plane0\F.npy,509
0,C:\Users\mzinn1\Desktop\Datasets\roi_classifier_training\1-1_1x\suite2p\plane0\F.npy,839
0,C:\Users\mzinn1\Desktop\Datasets\roi_classifier_training\1-1_1x\suite2p\plane0\F.npy,266
0,C:\Users\mzinn1\Desktop\Datasets\roi_classifier_training\1-1_1x\suite2p\plane0\F.npy,303
0,C:\Users\mzinn1\Desktop\Datasets\roi_classifier_training\1-1_1x\suite2p\plane0\F.npy,18
0,C:\Users\mzinn1\Desktop\Datasets\roi_classifier_training\1-1_1x\suite2p\plane0\F.npy,86
0,C:\Users\mzinn1\Desktop\Datasets\roi_classifier_training\1-1_1x\suite2p\plane0\F.npy,665
0,C:\Users\mzinn1\Desktop\Datasets\roi_classifier_training\1-1_1x\suite2p\plane0\F.npy,604
0,C:\Users\mzinn1\Desktop\Datasets\roi_classifier_training\1-1_1x\suite2p\plane0\F.npy,67
0,C:\Users\mzinn1\Desktop\Datasets\roi_classifier_training\1-1_1x\suite2p\plane0\F.npy,758
0,C:\Users\mzinn1\Desktop\Datasets\roi_classifier_training\1-1_1x\suite2p\plane0\F.npy,652
0,C:\Users\mzinn1\Desktop\Datasets\roi_classifier_training\1-1_1x\suite2p\plane0\F.npy,731
0,C:\Users\mzinn1\Desktop\Datasets\roi_classifier_training\1-1_1x\suite2p\plane0\F.npy,234
0,C:\Users\mzinn1\Desktop\Datasets\roi_classifier_training\1-1_1x\suite2p\plane0\F.npy,798
0,C:\Users\mzinn1\Desktop\Datasets\roi_classifier_training\1-1_1x\suite2p\plane0\F.npy,646
0,C:\Users\mzinn1\Desktop\Datasets\roi_classifier_training\1-1_1x\suite2p\plane0\F.npy,37
0,C:\Users\mzinn1\Desktop\Datasets\roi_classifier_training\1-1_1x\suite2p\plane0\F.npy,527
0,C:\Users\mzinn1\Desktop\Datasets\roi_classifier_training\1-1_1x\suite2p\plane0\F.npy,673
0,C:\Users\mzinn1\Desktop\Datasets\roi_classifier_training\1-1_1x\suite2p\plane0\F.npy,188
0,C:\Users\mzinn1\Desktop\Datasets\roi_classifier_training\1-1_1x\suite2p\plane0\F.npy,832
0,C:\Users\mzinn1\Desktop\Datasets\roi_classifier_training\1-1_1x\suite2p\plane0\F.npy,63
0,C:\Users\mzinn1\Desktop\Datasets\roi_classifier_training\1-1_1x\suite2p\plane0\F.npy,59
0,C:\Users\mzinn1\Desktop\Datasets\roi_classifier_training\1-1_1x\suite2p\plane0\F.npy,510
0,C:\Users\mzinn1\Desktop\Datasets\roi_classifier_training\1-1_1x\suite2p\plane0\F.npy,907
0,C:\Users\mzinn1\Desktop\Datasets\roi_classifier_training\1-1_1x\suite2p\plane0\F.npy,84
0,C:\Users\mzinn1\Desktop\Datasets\roi_classifier_training\1-1_1x\suite2p\plane0\F.npy,806
0,C:\Users\mzinn1\Desktop\Datasets\roi_classifier_training\1-1_1x\suite2p\plane0\F.npy,453
0,C:\Users\mzinn1\Desktop\Datasets\roi_classifier_training\1-1_1x\suite2p\plane0\F.npy,674
0,C:\Users\mzinn1\Desktop\Datasets\roi_classifier_training\1-1_1x\suite2p\plane0\F.npy,668
0,C:\Users\mzinn1\Desktop\Datasets\roi_classifier_training\1-1_1x\suite2p\plane0\F.npy,232
0,C:\Users\mzinn1\Desktop\Datasets\roi_classifier_training\1-1_1x\suite2p\plane0\F.npy,759
0,C:\Users\mzinn1\Desktop\Datasets\roi_classifier_training\1-1_1x\suite2p\plane0\F.npy,163
0,C:\Users\mzinn1\Desktop\Datasets\roi_classifier_training\1-1_1x\suite2p\plane0\F.npy,633
0,C:\Users\mzinn1\Desktop\Datasets\roi_classifier_training\1-1_1x\suite2p\plane0\F.npy,819
0,C:\Users\mzinn1\Desktop\Datasets\roi_classifier_training\1-1_1x\suite2p\plane0\F.npy,239
0,C:\Users\mzinn1\Desktop\Datasets\roi_classifier_training\1-1_1x\suite2p\plane0\F.npy,883
0,C:\Users\mzinn1\Desktop\Datasets\roi_classifier_training\1-1_1x\suite2p\plane0\F.npy,48
0,C:\Users\mzinn1\Desktop\Datasets\roi_classifier_training\1-1_1x\suite2p\plane0\F.npy,666
0,C:\Users\mzinn1\Desktop\Datasets\roi_classifier_training\1-1_1x\suite2p\plane0\F.npy,539
0,C:\Users\mzinn1\Desktop\Datasets\roi_classifier_training\1-1_1x\suite2p\plane0\F.npy,307
0,C:\Users\mzinn1\Desktop\Datasets\roi_classifier_training\1-1_1x\suite2p\plane0\F.npy,747
0,C:\Users\mzinn1\Desktop\Datasets\roi_classifier_training\1-1_1x\suite2p\plane0\F.npy,779
0,C:\Users\mzinn1\Desktop\Datasets\roi_classifier_training\1-1_1x\suite2p\plane0\F.npy,405
0,C:\Users\mzinn1\Desktop\Datasets\roi_classifier_training\1-1_1x\suite2p\plane0\F.npy,634
0,C:\Users\mzinn1\Desktop\Datasets\roi_classifier_training\1-1_1x\suite2p\plane0\F.npy,690
0,C:\Users\mzinn1\Desktop\Datasets\roi_classifier_training\1-1_1x\suite2p\plane0\F.npy,651
0,C:\Users\mzinn1\Desktop\Datasets\roi_classifier_training\1-1_1x\suite2p\plane0\F.npy,903
0,C:\Users\mzinn1\Desktop\Datasets\roi_classifier_training\1-1_1x\suite2p\plane0\F.npy,214
0,C:\Users\mzinn1\Desktop\Datasets\roi_classifier_training\1-1_1x\suite2p\plane0\F.npy,915
0,C:\Users\mzinn1\Desktop\Datasets\roi_classifier_training\1-1_1x\suite2p\plane0\F.npy,62
0,C:\Users\mzinn1\Desktop\Datasets\roi_classifier_training\1-1_1x\suite2p\plane0\F.npy,220
0,C:\Users\mzinn1\Desktop\Datasets\roi_classifier_training\1-1_1x\suite2p\plane0\F.npy,258
0,C:\Users\mzinn1\Desktop\Datasets\roi_classifier_training\1-1_1x\suite2p\plane0\F.npy,255
0,C:\Users\mzinn1\Desktop\Datasets\roi_classifier_training\1-1_1x\suite2p\plane0\F.npy,572
0,C:\Users\mzinn1\Desktop\Datasets\roi_classifier_training\1-1_1x\suite2p\plane0\F.npy,375
0,C:\Users\mzinn1\Desktop\Datasets\roi_classifier_training\1-1_1x\suite2p\plane0\F.npy,601
0,C:\Users\mzinn1\Desktop\Datasets\roi_classifier_training\1-1_1x\suite2p\plane0\F.npy,79
0,C:\Users\mzinn1\Desktop\Datasets\roi_classifier_training\1-1_1x\suite2p\plane0\F.npy,24
0,C:\Users\mzinn1\Desktop\Datasets\roi_classifier_training\1-1_1x\suite2p\plane0\F.npy,215
0,C:\Users\mzinn1\Desktop\Datasets\roi_classifier_training\1-1_1x\suite2p\plane0\F.npy,645
0,C:\Users\mzinn1\Desktop\Datasets\roi_classifier_training\1-1_1x\suite2p\plane0\F.npy,581
0,C:\Users\mzinn1\Desktop\Datasets\roi_classifier_training\1-1_1x\suite2p\plane0\F.npy,677
0,C:\Users\mzinn1\Desktop\Datasets\roi_classifier_training\1-1_1x\suite2p\plane0\F.npy,58
0,C:\Users\mzinn1\Desktop\Datasets\roi_classifier_training\1-1_1x\suite2p\plane0\F.npy,861
0,C:\Users\mzinn1\Desktop\Datasets\roi_classifier_training\1-1_1x\suite2p\plane0\F.npy,638
0,C:\Users\mzinn1\Desktop\Datasets\roi_classifier_training\1-1_1x\suite2p\plane0\F.npy,343
0,C:\Users\mzinn1\Desktop\Datasets\roi_classifier_training\1-1_1x\suite2p\plane0\F.npy,4
0,C:\Users\mzinn1\Desktop\Datasets\roi_classifier_training\1-1_1x\suite2p\plane0\F.npy,853
0,C:\Users\mzinn1\Desktop\Datasets\roi_classifier_training\1-1_1x\suite2p\plane0\F.npy,21
0,C:\Users\mzinn1\Desktop\Datasets\roi_classifier_training\1-1_1x\suite2p\plane0\F.npy,2
0,C:\Users\mzinn1\Desktop\Datasets\roi_classifier_training\1-1_1x\suite2p\plane0\F.npy,227
0,C:\Users\mzinn1\Desktop\Datasets\roi_classifier_training\1-1_1x\suite2p\plane0\F.npy,717
0,C:\Users\mzinn1\Desktop\Datasets\roi_classifier_training\1-1_1x\suite2p\plane0\F.npy,629
0,C:\Users\mzinn1\Desktop\Datasets\roi_classifier_training\1-1_1x\suite2p\plane0\F.npy,926
0,C:\Users\mzinn1\Desktop\Datasets\roi_classifier_training\1-1_1x\suite2p\plane0\F.npy,189
0,C:\Users\mzinn1\Desktop\Datasets\roi_classifier_training\1-1_1x\suite2p\plane0\F.npy,169
0,C:\Users\mzinn1\Desktop\Datasets\roi_classifier_training\1-1_1x\suite2p\plane0\F.npy,730
0,C:\Users\mzinn1\Desktop\Datasets\roi_classifier_training\1-1_1x\suite2p\plane0\F.npy,796
0,C:\Users\mzinn1\Desktop\Datasets\roi_classifier_training\1-1_1x\suite2p\plane0\F.npy,576
0,C:\Users\mzinn1\Desktop\Datasets\roi_classifier_training\1-1_1x\suite2p\plane0\F.npy,216
1,C:\Users\mzinn1\Desktop\Datasets\roi_classifier_training\1-1_1x\suite2p\plane0\F.npy,369
0,C:\Users\mzinn1\Desktop\Datasets\roi_classifier_training\1-1_1x\suite2p\plane0\F.npy,354
0,C:\Users\mzinn1\Desktop\Datasets\roi_classifier_training\1-1_1x\suite2p\plane0\F.npy,13
0,C:\Users\mzinn1\Desktop\Datasets\roi_classifier_training\1-1_1x\suite2p\plane0\F.npy,65
0,C:\Users\mzinn1\Desktop\Datasets\roi_classifier_training\1-1_1x\suite2p\plane0\F.npy,425
0,C:\Users\mzinn1\Desktop\Datasets\roi_classifier_training\1-1_1x\suite2p\plane0\F.npy,150
0,C:\Users\mzinn1\Desktop\Datasets\roi_classifier_training\1-1_1x\suite2p\plane0\F.npy,347
0,C:\Users\mzinn1\Desktop\Datasets\roi_classifier_training\1-1_1x\suite2p\plane0\F.npy,386
0,C:\Users\mzinn1\Desktop\Datasets\roi_classifier_training\1-1_1x\suite2p\plane0\F.npy,191
0,C:\Users\mzinn1\Desktop\Datasets\roi_classifier_training\1-1_1x\suite2p\plane0\F.npy,35
0,C:\Users\mzinn1\Desktop\Datasets\roi_classifier_training\1-1_1x\suite2p\plane0\F.npy,579
0,C:\Users\mzinn1\Desktop\Datasets\roi_classifier_training\1-1_1x\suite2p\plane0\F.npy,896
0,C:\Users\mzinn1\Desktop\Datasets\roi_classifier_training\1-1_1x\suite2p\plane0\F.npy,97
0,C:\Users\mzinn1\Desktop\Datasets\roi_classifier_training\1-1_1x\suite2p\plane0\F.npy,769
0,C:\Users\mzinn1\Desktop\Datasets\roi_classifier_training\1-1_1x\suite2p\plane0\F.npy,451
0,C:\Users\mzinn1\Desktop\Datasets\roi_classifier_training\1-1_1x\suite2p\plane0\F.npy,212
0,C:\Users\mzinn1\Desktop\Datasets\roi_classifier_training\1-1_1x\suite2p\plane0\F.npy,355
0,C:\Users\mzinn1\Desktop\Datasets\roi_classifier_training\1-1_1x\suite2p\plane0\F.npy,529
0,C:\Users\mzinn1\Desktop\Datasets\roi_classifier_training\1-1_1x\suite2p\plane0\F.npy,127
0,C:\Users\mzinn1\Desktop\Datasets\roi_classifier_training\1-1_1x\suite2p\plane0\F.npy,110
0,C:\Users\mzinn1\Desktop\Datasets\roi_classifier_training\1-1_1x\suite2p\plane0\F.npy,20
0,C:\Users\mzinn1\Desktop\Datasets\roi_classifier_training\1-1_1x\suite2p\plane0\F.npy,802
0,C:\Users\mzinn1\Desktop\Datasets\roi_classifier_training\1-1_1x\suite2p\plane0\F.npy,770
1,C:\Users\mzinn1\Desktop\Datasets\roi_classifier_training\1-1_1x\suite2p\plane0\F.npy,707
0,C:\Users\mzinn1\Desktop\Datasets\roi_classifier_training\1-1_1x\suite2p\plane0\F.npy,222
0,C:\Users\mzinn1\Desktop\Datasets\roi_classifier_training\1-1_1x\suite2p\plane0\F.npy,637
0,C:\Users\mzinn1\Desktop\Datasets\roi_classifier_training\1-1_1x\suite2p\plane0\F.npy,379
0,C:\Users\mzinn1\Desktop\Datasets\roi_classifier_training\1-1_1x\suite2p\plane0\F.npy,103
0,C:\Users\mzinn1\Desktop\Datasets\roi_classifier_training\1-1_1x\suite2p\plane0\F.npy,87
0,C:\Users\mzinn1\Desktop\Datasets\roi_classifier_training\1-1_1x\suite2p\plane0\F.npy,420
0,C:\Users\mzinn1\Desktop\Datasets\roi_classifier_training\1-1_1x\suite2p\plane0\F.npy,358
0,C:\Users\mzinn1\Desktop\Datasets\roi_classifier_training\1-1_1x\suite2p\plane0\F.npy,720
0,C:\Users\mzinn1\Desktop\Datasets\roi_classifier_training\1-1_1x\suite2p\plane0\F.npy,517
0,C:\Users\mzinn1\Desktop\Datasets\roi_classifier_training\1-1_1x\suite2p\plane0\F.npy,925
0,C:\Users\mzinn1\Desktop\Datasets\roi_classifier_training\1-1_1x\suite2p\plane0\F.npy,81
0,C:\Users\mzinn1\Desktop\Datasets\roi_classifier_training\1-1_1x\suite2p\plane0\F.npy,862
0,C:\Users\mzinn1\Desktop\Datasets\roi_classifier_training\1-1_1x\suite2p\plane0\F.npy,497
0,C:\Users\mzinn1\Desktop\Datasets\roi_classifier_training\1-1_1x\suite2p\plane0\F.npy,751
0,C:\Users\mzinn1\Desktop\Datasets\roi_classifier_training\1-1_1x\suite2p\plane0\F.npy,902
0,C:\Users\mzinn1\Desktop\Datasets\roi_classifier_training\1-1_1x\suite2p\plane0\F.npy,109
0,C:\Users\mzinn1\Desktop\Datasets\roi_classifier_training\1-1_1x\suite2p\plane0\F.npy,304
0,C:\Users\mzinn1\Desktop\Datasets\roi_classifier_training\1-1_1x\suite2p\plane0\F.npy,889
0,C:\Users\mzinn1\Desktop\Datasets\roi_classifier_training\1-1_1x\suite2p\plane0\F.npy,385
0,C:\Users\mzinn1\Desktop\Datasets\roi_classifier_training\1-1_1x\suite2p\plane0\F.npy,587
0,C:\Users\mzinn1\Desktop\Datasets\roi_classifier_training\1-1_1x\suite2p\plane0\F.npy,126
0,C:\Users\mzinn1\Desktop\Datasets\roi_classifier_training\1-1_1x\suite2p\plane0\F.npy,311
0,C:\Users\mzinn1\Desktop\Datasets\roi_classifier_training\1-1_1x\suite2p\plane0\F.npy,841
0,C:\Users\mzinn1\Desktop\Datasets\roi_classifier_training\1-1_1x\suite2p\plane0\F.npy,104
0,C:\Users\mzinn1\Desktop\Datasets\roi_classifier_training\1-1_1x\suite2p\plane0\F.npy,781
0,C:\Users\mzinn1\Desktop\Datasets\roi_classifier_training\1-1_1x\suite2p\plane0\F.npy,45
0,C:\Users\mzinn1\Desktop\Datasets\roi_classifier_training\1-1_1x\suite2p\plane0\F.npy,813
0,C:\Users\mzinn1\Desktop\Datasets\roi_classifier_training\1-1_1x\suite2p\plane0\F.npy,14
0,C:\Users\mzinn1\Desktop\Datasets\roi_classifier_training\1-1_1x\suite2p\plane0\F.npy,727
0,C:\Users\mzinn1\Desktop\Datasets\roi_classifier_training\1-1_1x\suite2p\plane0\F.npy,571
0,C:\Users\mzinn1\Desktop\Datasets\roi_classifier_training\1-1_1x\suite2p\plane0\F.npy,585
0,C:\Users\mzinn1\Desktop\Datasets\roi_classifier_training\1-1_1x\suite2p\plane0\F.npy,613
0,C:\Users\mzinn1\Desktop\Datasets\roi_classifier_training\1-1_1x\suite2p\plane0\F.npy,694
0,C:\Users\mzinn1\Desktop\Datasets\roi_classifier_training\1-1_1x\suite2p\plane0\F.npy,16
0,C:\Users\mzinn1\Desktop\Datasets\roi_classifier_training\1-1_1x\suite2p\plane0\F.npy,503
0,C:\Users\mzinn1\Desktop\Datasets\roi_classifier_training\1-1_1x\suite2p\plane0\F.npy,502
0,C:\Users\mzinn1\Desktop\Datasets\roi_classifier_training\1-1_1x\suite2p\plane0\F.npy,631
0,C:\Users\mzinn1\Desktop\Datasets\roi_classifier_training\1-1_1x\suite2p\plane0\F.npy,244
0,C:\Users\mzinn1\Desktop\Datasets\roi_classifier_training\1-1_1x\suite2p\plane0\F.npy,596
0,C:\Users\mzinn1\Desktop\Datasets\roi_classifier_training\1-1_1x\suite2p\plane0\F.npy,138
0,C:\Users\mzinn1\Desktop\Datasets\roi_classifier_training\1-1_1x\suite2p\plane0\F.npy,688
0,C:\Users\mzinn1\Desktop\Datasets\roi_classifier_training\1-1_1x\suite2p\plane0\F.npy,701
0,C:\Users\mzinn1\Desktop\Datasets\roi_classifier_training\1-1_1x\suite2p\plane0\F.npy,733
0,C:\Users\mzinn1\Desktop\Datasets\roi_classifier_training\1-1_1x\suite2p\plane0\F.npy,471
0,C:\Users\mzinn1\Desktop\Datasets\roi_classifier_training\1-1_1x\suite2p\plane0\F.npy,484
0,C:\Users\mzinn1\Desktop\Datasets\roi_classifier_training\1-1_1x\suite2p\plane0\F.npy,456
0,C:\Users\mzinn1\Desktop\Datasets\roi_classifier_training\1-1_1x\suite2p\plane0\F.npy,267
0,C:\Users\mzinn1\Desktop\Datasets\roi_classifier_training\1-1_1x\suite2p\plane0\F.npy,383
0,C:\Users\mzinn1\Desktop\Datasets\roi_classifier_training\1-1_1x\suite2p\plane0\F.npy,112
0,C:\Users\mzinn1\Desktop\Datasets\roi_classifier_training\1-1_1x\suite2p\plane0\F.npy,209
0,C:\Users\mzinn1\Desktop\Datasets\roi_classifier_training\1-1_1x\suite2p\plane0\F.npy,683
0,C:\Users\mzinn1\Desktop\Datasets\roi_classifier_training\1-1_1x\suite2p\plane0\F.npy,737
0,C:\Users\mzinn1\Desktop\Datasets\roi_classifier_training\1-1_1x\suite2p\plane0\F.npy,614
0,C:\Users\mzinn1\Desktop\Datasets\roi_classifier_training\1-1_1x\suite2p\plane0\F.npy,667
0,C:\Users\mzinn1\Desktop\Datasets\roi_classifier_training\1-1_1x\suite2p\plane0\F.npy,46
0,C:\Users\mzinn1\Desktop\Datasets\roi_classifier_training\1-1_1x\suite2p\plane0\F.npy,217
1,C:\Users\mzinn1\Desktop\Datasets\roi_classifier_training\1-1_1x\suite2p\plane0\F.npy,357
0,C:\Users\mzinn1\Desktop\Datasets\roi_classifier_training\1-1_1x\suite2p\plane0\F.npy,82
0,C:\Users\mzinn1\Desktop\Datasets\roi_classifier_training\1-1_1x\suite2p\plane0\F.npy,228
0,C:\Users\mzinn1\Desktop\Datasets\roi_classifier_training\1-1_1x\suite2p\plane0\F.npy,855
0,C:\Users\mzinn1\Desktop\Datasets\roi_classifier_training\1-1_1x\suite2p\plane0\F.npy,329
0,C:\Users\mzinn1\Desktop\Datasets\roi_classifier_training\1-1_1x\suite2p\plane0\F.npy,446
0,C:\Users\mzinn1\Desktop\Datasets\roi_classifier_training\1-1_1x\suite2p\plane0\F.npy,441
0,C:\Users\mzinn1\Desktop\Datasets\roi_classifier_training\1-1_1x\suite2p\plane0\F.npy,445
0,C:\Users\mzinn1\Desktop\Datasets\roi_classifier_training\1-1_1x\suite2p\plane0\F.npy,610
0,C:\Users\mzinn1\Desktop\Datasets\roi_classifier_training\1-1_1x\suite2p\plane0\F.npy,465
0,C:\Users\mzinn1\Desktop\Datasets\roi_classifier_training\1-1_1x\suite2p\plane0\F.npy,296
0,C:\Users\mzinn1\Desktop\Datasets\roi_classifier_training\1-1_1x\suite2p\plane0\F.npy,905
0,C:\Users\mzinn1\Desktop\Datasets\roi_classifier_training\1-1_1x\suite2p\plane0\F.npy,545
0,C:\Users\mzinn1\Desktop\Datasets\roi_classifier_training\1-1_1x\suite2p\plane0\F.npy,491
0,C:\Users\mzinn1\Desktop\Datasets\roi_classifier_training\1-1_1x\suite2p\plane0\F.npy,628
0,C:\Users\mzinn1\Desktop\Datasets\roi_classifier_training\1-1_1x\suite2p\plane0\F.npy,237
0,C:\Users\mzinn1\Desktop\Datasets\roi_classifier_training\1-1_1x\suite2p\plane0\F.npy,574
1,C:\Users\mzinn1\Desktop\Datasets\roi_classifier_training\1-1_1x\suite2p\plane0\F.npy,512
0,C:\Users\mzinn1\Desktop\Datasets\roi_classifier_training\1-1_1x\suite2p\plane0\F.npy,762
1,C:\Users\mzinn1\Desktop\Datasets\roi_classifier_training\1-1_1x\suite2p\plane0\F.npy,672
0,C:\Users\mzinn1\Desktop\Datasets\roi_classifier_training\1-1_1x\suite2p\plane0\F.npy,709
0,C:\Users\mzinn1\Desktop\Datasets\roi_classifier_training\1-1_1x\suite2p\plane0\F.npy,435
0,C:\Users\mzinn1\Desktop\Datasets\roi_classifier_training\1-1_1x\suite2p\plane0\F.npy,670
0,C:\Users\mzinn1\Desktop\Datasets\roi_classifier_training\1-1_1x\suite2p\plane0\F.npy,181
0,C:\Users\mzinn1\Desktop\Datasets\roi_classifier_training\1-1_1x\suite2p\plane0\F.npy,561
0,C:\Users\mzinn1\Desktop\Datasets\roi_classifier_training\1-1_1x\suite2p\plane0\F.npy,580
0,C:\Users\mzinn1\Desktop\Datasets\roi_classifier_training\1-1_1x\suite2p\plane0\F.npy,91
0,C:\Users\mzinn1\Desktop\Datasets\roi_classifier_training\1-1_1x\suite2p\plane0\F.npy,275
0,C:\Users\mzinn1\Desktop\Datasets\roi_classifier_training\1-1_1x\suite2p\plane0\F.npy,410
0,C:\Users\mzinn1\Desktop\Datasets\roi_classifier_training\1-1_1x\suite2p\plane0\F.npy,448
0,C:\Users\mzinn1\Desktop\Datasets\roi_classifier_training\1-1_1x\suite2p\plane0\F.npy,483
0,C:\Users\mzinn1\Desktop\Datasets\roi_classifier_training\1-1_1x\suite2p\plane0\F.npy,134
0,C:\Users\mzinn1\Desktop\Datasets\roi_classifier_training\1-1_1x\suite2p\plane0\F.npy,920
0,C:\Users\mzinn1\Desktop\Datasets\roi_classifier_training\1-1_1x\suite2p\plane0\F.npy,860
0,C:\Users\mzinn1\Desktop\Datasets\roi_classifier_training\1-1_1x\suite2p\plane0\F.npy,229
0,C:\Users\mzinn1\Desktop\Datasets\roi_classifier_training\1-1_1x\suite2p\plane0\F.npy,213
0,C:\Users\mzinn1\Desktop\Datasets\roi_classifier_training\1-1_1x\suite2p\plane0\F.npy,834
0,C:\Users\mzinn1\Desktop\Datasets\roi_classifier_training\1-1_1x\suite2p\plane0\F.npy,433
0,C:\Users\mzinn1\Desktop\Datasets\roi_classifier_training\1-1_1x\suite2p\plane0\F.npy,348
0,C:\Users\mzinn1\Desktop\Datasets\roi_classifier_training\1-1_1x\suite2p\plane0\F.npy,368
0,C:\Users\mzinn1\Desktop\Datasets\roi_classifier_training\1-1_1x\suite2p\plane0\F.npy,700
0,C:\Users\mzinn1\Desktop\Datasets\roi_classifier_training\1-1_1x\suite2p\plane0\F.npy,174
0,C:\Users\mzinn1\Desktop\Datasets\roi_classifier_training\1-1_1x\suite2p\plane0\F.npy,544
0,C:\Users\mzinn1\Desktop\Datasets\roi_classifier_training\1-1_1x\suite2p\plane0\F.npy,115
0,C:\Users\mzinn1\Desktop\Datasets\roi_classifier_training\1-1_1x\suite2p\plane0\F.npy,490
0,C:\Users\mzinn1\Desktop\Datasets\roi_classifier_training\1-1_1x\suite2p\plane0\F.npy,897
0,C:\Users\mzinn1\Desktop\Datasets\roi_classifier_training\1-1_1x\suite2p\plane0\F.npy,95
0,C:\Users\mzinn1\Desktop\Datasets\roi_classifier_training\1-1_1x\suite2p\plane0\F.npy,622
0,C:\Users\mzinn1\Desktop\Datasets\roi_classifier_training\1-1_1x\suite2p\plane0\F.npy,346
0,C:\Users\mzinn1\Desktop\Datasets\roi_classifier_training\1-1_1x\suite2p\plane0\F.npy,263
0,C:\Users\mzinn1\Desktop\Datasets\roi_classifier_training\1-1_1x\suite2p\plane0\F.npy,476
0,C:\Users\mzinn1\Desktop\Datasets\roi_classifier_training\1-1_1x\suite2p\plane0\F.npy,203
0,C:\Users\mzinn1\Desktop\Datasets\roi_classifier_training\1-1_1x\suite2p\plane0\F.npy,44
0,C:\Users\mzinn1\Desktop\Datasets\roi_classifier_training\1-1_1x\suite2p\plane0\F.npy,617
0,C:\Users\mzinn1\Desktop\Datasets\roi_classifier_training\1-1_1x\suite2p\plane0\F.npy,264
0,C:\Users\mzinn1\Desktop\Datasets\roi_classifier_training\1-1_1x\suite2p\plane0\F.npy,376
0,C:\Users\mzinn1\Desktop\Datasets\roi_classifier_training\1-1_1x\suite2p\plane0\F.npy,389
0,C:\Users\mzinn1\Desktop\Datasets\roi_classifier_training\1-2_1x\suite2p\plane0\F.npy,598
0,C:\Users\mzinn1\Desktop\Datasets\roi_classifier_training\1-2_1x\suite2p\plane0\F.npy,941
0,C:\Users\mzinn1\Desktop\Datasets\roi_classifier_training\1-2_1x\suite2p\plane0\F.npy,211
0,C:\Users\mzinn1\Desktop\Datasets\roi_classifier_training\1-2_1x\suite2p\plane0\F.npy,18
0,C:\Users\mzinn1\Desktop\Datasets\roi_classifier_training\1-2_1x\suite2p\plane0\F.npy,759
0,C:\Users\mzinn1\Desktop\Datasets\roi_classifier_training\1-2_1x\suite2p\plane0\F.npy,46
0,C:\Users\mzinn1\Desktop\Datasets\roi_classifier_training\1-2_1x\suite2p\plane0\F.npy,160
0,C:\Users\mzinn1\Desktop\Datasets\roi_classifier_training\1-2_1x\suite2p\plane0\F.npy,1054
0,C:\Users\mzinn1\Desktop\Datasets\roi_classifier_training\1-2_1x\suite2p\plane0\F.npy,425
0,C:\Users\mzinn1\Desktop\Datasets\roi_classifier_training\1-2_1x\suite2p\plane0\F.npy,693
0,C:\Users\mzinn1\Desktop\Datasets\roi_classifier_training\1-2_1x\suite2p\plane0\F.npy,99
0,C:\Users\mzinn1\Desktop\Datasets\roi_classifier_training\1-2_1x\suite2p\plane0\F.npy,995
0,C:\Users\mzinn1\Desktop\Datasets\roi_classifier_training\1-2_1x\suite2p\plane0\F.npy,549
0,C:\Users\mzinn1\Desktop\Datasets\roi_classifier_training\1-2_1x\suite2p\plane0\F.npy,526
0,C:\Users\mzinn1\Desktop\Datasets\roi_classifier_training\1-2_1x\suite2p\plane0\F.npy,376
0,C:\Users\mzinn1\Desktop\Datasets\roi_classifier_training\1-2_1x\suite2p\plane0\F.npy,641
0,C:\Users\mzinn1\Desktop\Datasets\roi_classifier_training\1-2_1x\suite2p\plane0\F.npy,184
0,C:\Users\mzinn1\Desktop\Datasets\roi_classifier_training\1-2_1x\suite2p\plane0\F.npy,412
0,C:\Users\mzinn1\Desktop\Datasets\roi_classifier_training\1-2_1x\suite2p\plane0\F.npy,932
1,C:\Users\mzinn1\Desktop\Datasets\roi_classifier_training\1-2_1x\suite2p\plane0\F.npy,829
0,C:\Users\mzinn1\Desktop\Datasets\roi_classifier_training\1-2_1x\suite2p\plane0\F.npy,1024
0,C:\Users\mzinn1\Desktop\Datasets\roi_classifier_training\1-2_1x\suite2p\plane0\F.npy,134
0,C:\Users\mzinn1\Desktop\Datasets\roi_classifier_training\1-2_1x\suite2p\plane0\F.npy,60
0,C:\Users\mzinn1\Desktop\Datasets\roi_classifier_training\1-2_1x\suite2p\plane0\F.npy,917
0,C:\Users\mzinn1\Desktop\Datasets\roi_classifier_training\1-2_1x\suite2p\plane0\F.npy,287
0,C:\Users\mzinn1\Desktop\Datasets\roi_classifier_training\1-2_1x\suite2p\plane0\F.npy,926
0,C:\Users\mzinn1\Desktop\Datasets\roi_classifier_training\1-2_1x\suite2p\plane0\F.npy,874
0,C:\Users\mzinn1\Desktop\Datasets\roi_classifier_training\1-2_1x\suite2p\plane0\F.npy,95
0,C:\Users\mzinn1\Desktop\Datasets\roi_classifier_training\1-2_1x\suite2p\plane0\F.npy,962
0,C:\Users\mzinn1\Desktop\Datasets\roi_classifier_training\1-2_1x\suite2p\plane0\F.npy,418
0,C:\Users\mzinn1\Desktop\Datasets\roi_classifier_training\1-2_1x\suite2p\plane0\F.npy,166
0,C:\Users\mzinn1\Desktop\Datasets\roi_classifier_training\1-2_1x\suite2p\plane0\F.npy,430
0,C:\Users\mzinn1\Desktop\Datasets\roi_classifier_training\1-2_1x\suite2p\plane0\F.npy,705
0,C:\Users\mzinn1\Desktop\Datasets\roi_classifier_training\1-2_1x\suite2p\plane0\F.npy,263
0,C:\Users\mzinn1\Desktop\Datasets\roi_classifier_training\1-2_1x\suite2p\plane0\F.npy,352
0,C:\Users\mzinn1\Desktop\Datasets\roi_classifier_training\1-2_1x\suite2p\plane0\F.npy,1122
0,C:\Users\mzinn1\Desktop\Datasets\roi_classifier_training\1-2_1x\suite2p\plane0\F.npy,159
0,C:\Users\mzinn1\Desktop\Datasets\roi_classifier_training\1-2_1x\suite2p\plane0\F.npy,680
0,C:\Users\mzinn1\Desktop\Datasets\roi_classifier_training\1-2_1x\suite2p\plane0\F.npy,189
0,C:\Users\mzinn1\Desktop\Datasets\roi_classifier_training\1-2_1x\suite2p\plane0\F.npy,105
0,C:\Users\mzinn1\Desktop\Datasets\roi_classifier_training\1-2_1x\suite2p\plane0\F.npy,56
0,C:\Users\mzinn1\Desktop\Datasets\roi_classifier_training\1-2_1x\suite2p\plane0\F.npy,517
0,C:\Users\mzinn1\Desktop\Datasets\roi_classifier_training\1-2_1x\suite2p\plane0\F.npy,375
0,C:\Users\mzinn1\Desktop\Datasets\roi_classifier_training\1-2_1x\suite2p\plane0\F.npy,55
0,C:\Users\mzinn1\Desktop\Datasets\roi_classifier_training\1-2_1x\suite2p\plane0\F.npy,845
0,C:\Users\mzinn1\Desktop\Datasets\roi_classifier_training\1-2_1x\suite2p\plane0\F.npy,833
0,C:\Users\mzinn1\Desktop\Datasets\roi_classifier_training\1-2_1x\suite2p\plane0\F.npy,118
0,C:\Users\mzinn1\Desktop\Datasets\roi_classifier_training\1-2_1x\suite2p\plane0\F.npy,106
0,C:\Users\mzinn1\Desktop\Datasets\roi_classifier_training\1-2_1x\suite2p\plane0\F.npy,349
0,C:\Users\mzinn1\Desktop\Datasets\roi_classifier_training\1-2_1x\suite2p\plane0\F.npy,208
0,C:\Users\mzinn1\Desktop\Datasets\roi_classifier_training\1-2_1x\suite2p\plane0\F.npy,846
0,C:\Users\mzinn1\Desktop\Datasets\roi_classifier_training\1-2_1x\suite2p\plane0\F.npy,1013
1,C:\Users\mzinn1\Desktop\Datasets\roi_classifier_training\1-2_1x\suite2p\plane0\F.npy,282
0,C:\Users\mzinn1\Desktop\Datasets\roi_classifier_training\1-2_1x\suite2p\plane0\F.npy,860
0,C:\Users\mzinn1\Desktop\Datasets\roi_classifier_training\1-2_1x\suite2p\plane0\F.npy,1094
0,C:\Users\mzinn1\Desktop\Datasets\roi_classifier_training\1-2_1x\suite2p\plane0\F.npy,31
0,C:\Users\mzinn1\Desktop\Datasets\roi_classifier_training\1-2_1x\suite2p\plane0\F.npy,431
0,C:\Users\mzinn1\Desktop\Datasets\roi_classifier_training\1-2_1x\suite2p\plane0\F.npy,293
0,C:\Users\mzinn1\Desktop\Datasets\roi_classifier_training\1-2_1x\suite2p\plane0\F.npy,124
0,C:\Users\mzinn1\Desktop\Datasets\roi_classifier_training\1-2_1x\suite2p\plane0\F.npy,620
0,C:\Users\mzinn1\Desktop\Datasets\roi_classifier_training\1-2_1x\suite2p\plane0\F.npy,800
0,C:\Users\mzinn1\Desktop\Datasets\roi_classifier_training\1-2_1x\suite2p\plane0\F.npy,906
0,C:\Users\mzinn1\Desktop\Datasets\roi_classifier_training\1-2_1x\suite2p\plane0\F.npy,237
0,C:\Users\mzinn1\Desktop\Datasets\roi_classifier_training\1-2_1x\suite2p\plane0\F.npy,218
0,C:\Users\mzinn1\Desktop\Datasets\roi_classifier_training\1-2_1x\suite2p\plane0\F.npy,113
0,C:\Users\mzinn1\Desktop\Datasets\roi_classifier_training\1-2_1x\suite2p\plane0\F.npy,633
0,C:\Users\mzinn1\Desktop\Datasets\roi_classifier_training\1-2_1x\suite2p\plane0\F.npy,831
0,C:\Users\mzinn1\Desktop\Datasets\roi_classifier_training\1-2_1x\suite2p\plane0\F.npy,694
0,C:\Users\mzinn1\Desktop\Datasets\roi_classifier_training\1-2_1x\suite2p\plane0\F.npy,678
0,C:\Users\mzinn1\Desktop\Datasets\roi_classifier_training\1-2_1x\suite2p\plane0\F.npy,314
0,C:\Users\mzinn1\Desktop\Datasets\roi_classifier_training\1-2_1x\suite2p\plane0\F.npy,1125
0,C:\Users\mzinn1\Desktop\Datasets\roi_classifier_training\1-2_1x\suite2p\plane0\F.npy,453
0,C:\Users\mzinn1\Desktop\Datasets\roi_classifier_training\1-2_1x\suite2p\plane0\F.npy,785
0,C:\Users\mzinn1\Desktop\Datasets\roi_classifier_training\1-2_1x\suite2p\plane0\F.npy,740
0,C:\Users\mzinn1\Desktop\Datasets\roi_classifier_training\1-2_1x\suite2p\plane0\F.npy,415
0,C:\Users\mzinn1\Desktop\Datasets\roi_classifier_training\1-2_1x\suite2p\plane0\F.npy,527
0,C:\Users\mzinn1\Desktop\Datasets\roi_classifier_training\1-2_1x\suite2p\plane0\F.npy,47
0,C:\Users\mzinn1\Desktop\Datasets\roi_classifier_training\1-2_1x\suite2p\plane0\F.npy,919
0,C:\Users\mzinn1\Desktop\Datasets\roi_classifier_training\1-2_1x\suite2p\plane0\F.npy,36
0,C:\Users\mzinn1\Desktop\Datasets\roi_classifier_training\1-2_1x\suite2p\plane0\F.npy,241
0,C:\Users\mzinn1\Desktop\Datasets\roi_classifier_training\1-2_1x\suite2p\plane0\F.npy,545
0,C:\Users\mzinn1\Desktop\Datasets\roi_classifier_training\1-2_1x\suite2p\plane0\F.npy,664
0,C:\Users\mzinn1\Desktop\Datasets\roi_classifier_training\1-2_1x\suite2p\plane0\F.npy,586
0,C:\Users\mzinn1\Desktop\Datasets\roi_classifier_training\1-2_1x\suite2p\plane0\F.npy,388
0,C:\Users\mzinn1\Desktop\Datasets\roi_classifier_training\1-2_1x\suite2p\plane0\F.npy,474
0,C:\Users\mzinn1\Desktop\Datasets\roi_classifier_training\1-2_1x\suite2p\plane0\F.npy,886
0,C:\Users\mzinn1\Desktop\Datasets\roi_classifier_training\1-2_1x\suite2p\plane0\F.npy,327
1,C:\Users\mzinn1\Desktop\Datasets\roi_classifier_training\1-2_1x\suite2p\plane0\F.npy,568
0,C:\Users\mzinn1\Desktop\Datasets\roi_classifier_training\1-2_1x\suite2p\plane0\F.npy,948
0,C:\Users\mzinn1\Desktop\Datasets\roi_classifier_training\1-2_1x\suite2p\plane0\F.npy,1065
0,C:\Users\mzinn1\Desktop\Datasets\roi_classifier_training\1-2_1x\suite2p\plane0\F.npy,199
0,C:\Users\mzinn1\Desktop\Datasets\roi_classifier_training\1-2_1x\suite2p\plane0\F.npy,296
0,C:\Users\mzinn1\Desktop\Datasets\roi_classifier_training\1-2_1x\suite2p\plane0\F.npy,130
0,C:\Users\mzinn1\Desktop\Datasets\roi_classifier_training\1-2_1x\suite2p\plane0\F.npy,1150
0,C:\Users\mzinn1\Desktop\Datasets\roi_classifier_training\1-2_1x\suite2p\plane0\F.npy,882
0,C:\Users\mzinn1\Desktop\Datasets\roi_classifier_training\1-2_1x\suite2p\plane0\F.npy,284
0,C:\Users\mzinn1\Desktop\Datasets\roi_classifier_training\1-2_1x\suite2p\plane0\F.npy,959
0,C:\Users\mzinn1\Desktop\Datasets\roi_classifier_training\1-2_1x\suite2p\plane0\F.npy,396
0,C:\Users\mzinn1\Desktop\Datasets\roi_classifier_training\1-2_1x\suite2p\plane0\F.npy,657
0,C:\Users\mzinn1\Desktop\Datasets\roi_classifier_training\1-2_1x\suite2p\plane0\F.npy,484
0,C:\Users\mzinn1\Desktop\Datasets\roi_classifier_training\1-2_1x\suite2p\plane0\F.npy,993
0,C:\Users\mzinn1\Desktop\Datasets\roi_classifier_training\1-2_1x\suite2p\plane0\F.npy,738
0,C:\Users\mzinn1\Desktop\Datasets\roi_classifier_training\1-2_1x\suite2p\plane0\F.npy,1017
0,C:\Users\mzinn1\Desktop\Datasets\roi_classifier_training\1-2_1x\suite2p\plane0\F.npy,350
0,C:\Users\mzinn1\Desktop\Datasets\roi_classifier_training\1-2_1x\suite2p\plane0\F.npy,508
0,C:\Users\mzinn1\Desktop\Datasets\roi_classifier_training\1-2_1x\suite2p\plane0\F.npy,988
0,C:\Users\mzinn1\Desktop\Datasets\roi_classifier_training\1-2_1x\suite2p\plane0\F.npy,154
0,C:\Users\mzinn1\Desktop\Datasets\roi_classifier_training\1-2_1x\suite2p\plane0\F.npy,374
0,C:\Users\mzinn1\Desktop\Datasets\roi_classifier_training\1-2_1x\suite2p\plane0\F.npy,563
0,C:\Users\mzinn1\Desktop\Datasets\roi_classifier_training\1-2_1x\suite2p\plane0\F.npy,575
0,C:\Users\mzinn1\Desktop\Datasets\roi_classifier_training\1-2_1x\suite2p\plane0\F.npy,792
0,C:\Users\mzinn1\Desktop\Datasets\roi_classifier_training\1-2_1x\suite2p\plane0\F.npy,477
0,C:\Users\mzinn1\Desktop\Datasets\roi_classifier_training\1-2_1x\suite2p\plane0\F.npy,645
0,C:\Users\mzinn1\Desktop\Datasets\roi_classifier_training\1-2_1x\suite2p\plane0\F.npy,1021
0,C:\Users\mzinn1\Desktop\Datasets\roi_classifier_training\1-2_1x\suite2p\plane0\F.npy,1006
0,C:\Users\mzinn1\Desktop\Datasets\roi_classifier_training\1-2_1x\suite2p\plane0\F.npy,787
0,C:\Users\mzinn1\Desktop\Datasets\roi_classifier_training\1-2_1x\suite2p\plane0\F.npy,411
0,C:\Users\mzinn1\Desktop\Datasets\roi_classifier_training\1-2_1x\suite2p\plane0\F.npy,589
0,C:\Users\mzinn1\Desktop\Datasets\roi_classifier_training\1-2_1x\suite2p\plane0\F.npy,985
0,C:\Users\mzinn1\Desktop\Datasets\roi_classifier_training\1-2_1x\suite2p\plane0\F.npy,933
0,C:\Users\mzinn1\Desktop\Datasets\roi_classifier_training\1-2_1x\suite2p\plane0\F.npy,197
0,C:\Users\mzinn1\Desktop\Datasets\roi_classifier_training\1-2_1x\suite2p\plane0\F.npy,87
0,C:\Users\mzinn1\Desktop\Datasets\roi_classifier_training\1-2_1x\suite2p\plane0\F.npy,335
0,C:\Users\mzinn1\Desktop\Datasets\roi_classifier_training\1-2_1x\suite2p\plane0\F.npy,578
0,C:\Users\mzinn1\Desktop\Datasets\roi_classifier_training\1-2_1x\suite2p\plane0\F.npy,818
0,C:\Users\mzinn1\Desktop\Datasets\roi_classifier_training\1-2_1x\suite2p\plane0\F.npy,551
0,C:\Users\mzinn1\Desktop\Datasets\roi_classifier_training\1-2_1x\suite2p\plane0\F.npy,183
0,C:\Users\mzinn1\Desktop\Datasets\roi_classifier_training\1-2_1x\suite2p\plane0\F.npy,402
0,C:\Users\mzinn1\Desktop\Datasets\roi_classifier_training\1-2_1x\suite2p\plane0\F.npy,261
0,C:\Users\mzinn1\Desktop\Datasets\roi_classifier_training\1-2_1x\suite2p\plane0\F.npy,102
0,C:\Users\mzinn1\Desktop\Datasets\roi_classifier_training\1-2_1x\suite2p\plane0\F.npy,765
0,C:\Users\mzinn1\Desktop\Datasets\roi_classifier_training\1-2_1x\suite2p\plane0\F.npy,471
0,C:\Users\mzinn1\Desktop\Datasets\roi_classifier_training\1-2_1x\suite2p\plane0\F.npy,896
0,C:\Users\mzinn1\Desktop\Datasets\roi_classifier_training\1-2_1x\suite2p\plane0\F.npy,80
0,C:\Users\mzinn1\Desktop\Datasets\roi_classifier_training\1-2_1x\suite2p\plane0\F.npy,403
0,C:\Users\mzinn1\Desktop\Datasets\roi_classifier_training\1-2_1x\suite2p\plane0\F.npy,597
0,C:\Users\mzinn1\Desktop\Datasets\roi_classifier_training\1-2_1x\suite2p\plane0\F.npy,457
0,C:\Users\mzinn1\Desktop\Datasets\roi_classifier_training\1-2_1x\suite2p\plane0\F.npy,901
0,C:\Users\mzinn1\Desktop\Datasets\roi_classifier_training\1-2_1x\suite2p\plane0\F.npy,1003
0,C:\Users\mzinn1\Desktop\Datasets\roi_classifier_training\1-2_1x\suite2p\plane0\F.npy,758
0,C:\Users\mzinn1\Desktop\Datasets\roi_classifier_training\1-2_1x\suite2p\plane0\F.npy,546
0,C:\Users\mzinn1\Desktop\Datasets\roi_classifier_training\1-2_1x\suite2p\plane0\F.npy,960
0,C:\Users\mzinn1\Desktop\Datasets\roi_classifier_training\1-2_1x\suite2p\plane0\F.npy,493
0,C:\Users\mzinn1\Desktop\Datasets\roi_classifier_training\1-2_1x\suite2p\plane0\F.npy,71
0,C:\Users\mzinn1\Desktop\Datasets\roi_classifier_training\1-2_1x\suite2p\plane0\F.npy,976
0,C:\Users\mzinn1\Desktop\Datasets\roi_classifier_training\1-2_1x\suite2p\plane0\F.npy,963
0,C:\Users\mzinn1\Desktop\Datasets\roi_classifier_training\1-2_1x\suite2p\plane0\F.npy,722
0,C:\Users\mzinn1\Desktop\Datasets\roi_classifier_training\1-2_1x\suite2p\plane0\F.npy,133
0,C:\Users\mzinn1\Desktop\Datasets\roi_classifier_training\1-2_1x\suite2p\plane0\F.npy,707
0,C:\Users\mzinn1\Desktop\Datasets\roi_classifier_training\1-2_1x\suite2p\plane0\F.npy,109
0,C:\Users\mzinn1\Desktop\Datasets\roi_classifier_training\1-2_1x\suite2p\plane0\F.npy,198
0,C:\Users\mzinn1\Desktop\Datasets\roi_classifier_training\1-2_1x\suite2p\plane0\F.npy,805
0,C:\Users\mzinn1\Desktop\Datasets\roi_classifier_training\1-2_1x\suite2p\plane0\F.npy,333
0,C:\Users\mzinn1\Desktop\Datasets\roi_classifier_training\1-2_1x\suite2p\plane0\F.npy,955
0,C:\Users\mzinn1\Desktop\Datasets\roi_classifier_training\1-2_1x\suite2p\plane0\F.npy,1114
0,C:\Users\mzinn1\Desktop\Datasets\roi_classifier_training\1-2_1x\suite2p\plane0\F.npy,736
0,C:\Users\mzinn1\Desktop\Datasets\roi_classifier_training\1-2_1x\suite2p\plane0\F.npy,495
0,C:\Users\mzinn1\Desktop\Datasets\roi_classifier_training\1-2_1x\suite2p\plane0\F.npy,1152
0,C:\Users\mzinn1\Desktop\Datasets\roi_classifier_training\1-2_1x\suite2p\plane0\F.npy,378
0,C:\Users\mzinn1\Desktop\Datasets\roi_classifier_training\1-2_1x\suite2p\plane0\F.npy,37
0,C:\Users\mzinn1\Desktop\Datasets\roi_classifier_training\1-2_1x\suite2p\plane0\F.npy,135
0,C:\Users\mzinn1\Desktop\Datasets\roi_classifier_training\1-2_1x\suite2p\plane0\F.npy,480
0,C:\Users\mzinn1\Desktop\Datasets\roi_classifier_training\1-2_1x\suite2p\plane0\F.npy,379
0,C:\Users\mzinn1\Desktop\Datasets\roi_classifier_training\1-2_1x\suite2p\plane0\F.npy,794
0,C:\Users\mzinn1\Desktop\Datasets\roi_classifier_training\1-2_1x\suite2p\plane0\F.npy,128
0,C:\Users\mzinn1\Desktop\Datasets\roi_classifier_training\1-2_1x\suite2p\plane0\F.npy,8
0,C:\Users\mzinn1\Desktop\Datasets\roi_classifier_training\1-2_1x\suite2p\plane0\F.npy,1123
0,C:\Users\mzinn1\Desktop\Datasets\roi_classifier_training\1-2_1x\suite2p\plane0\F.npy,451
0,C:\Users\mzinn1\Desktop\Datasets\roi_classifier_training\1-2_1x\suite2p\plane0\F.npy,6
0,C:\Users\mzinn1\Desktop\Datasets\roi_classifier_training\1-2_1x\suite2p\plane0\F.npy,918
0,C:\Users\mzinn1\Desktop\Datasets\roi_classifier_training\1-2_1x\suite2p\plane0\F.npy,951
0,C:\Users\mzinn1\Desktop\Datasets\roi_classifier_training\1-2_1x\suite2p\plane0\F.npy,811
0,C:\Users\mzinn1\Desktop\Datasets\roi_classifier_training\1-2_1x\suite2p\plane0\F.npy,274
0,C:\Users\mzinn1\Desktop\Datasets\roi_classifier_training\1-2_1x\suite2p\plane0\F.npy,416
0,C:\Users\mzinn1\Desktop\Datasets\roi_classifier_training\1-2_1x\suite2p\plane0\F.npy,613
0,C:\Users\mzinn1\Desktop\Datasets\roi_classifier_training\1-2_1x\suite2p\plane0\F.npy,421
0,C:\Users\mzinn1\Desktop\Datasets\roi_classifier_training\1-2_1x\suite2p\plane0\F.npy,710
0,C:\Users\mzinn1\Desktop\Datasets\roi_classifier_training\1-2_1x\suite2p\plane0\F.npy,561
1,C:\Users\mzinn1\Desktop\Datasets\roi_classifier_training\1-2_1x\suite2p\plane0\F.npy,62
0,C:\Users\mzinn1\Desktop\Datasets\roi_classifier_training\1-2_1x\suite2p\plane0\F.npy,1016
0,C:\Users\mzinn1\Desktop\Datasets\roi_classifier_training\1-2_1x\suite2p\plane0\F.npy,394
0,C:\Users\mzinn1\Desktop\Datasets\roi_classifier_training\1-2_1x\suite2p\plane0\F.npy,851
0,C:\Users\mzinn1\Desktop\Datasets\roi_classifier_training\1-2_1x\suite2p\plane0\F.npy,748
0,C:\Users\mzinn1\Desktop\Datasets\roi_classifier_training\1-2_1x\suite2p\plane0\F.npy,201
0,C:\Users\mzinn1\Desktop\Datasets\roi_classifier_training\1-2_1x\suite2p\plane0\F.npy,559
1,C:\Users\mzinn1\Desktop\Datasets\roi_classifier_training\1-2_1x\suite2p\plane0\F.npy,540
0,C:\Users\mzinn1\Desktop\Datasets\roi_classifier_training\1-2_1x\suite2p\plane0\F.npy,0
0,C:\Users\mzinn1\Desktop\Datasets\roi_classifier_training\1-2_1x\suite2p\plane0\F.npy,83
0,C:\Users\mzinn1\Desktop\Datasets\roi_classifier_training\1-2_1x\suite2p\plane0\F.npy,283
0,C:\Users\mzinn1\Desktop\Datasets\roi_classifier_training\1-2_1x\suite2p\plane0\F.npy,830
0,C:\Users\mzinn1\Desktop\Datasets\roi_classifier_training\1-2_1x\suite2p\plane0\F.npy,195
0,C:\Users\mzinn1\Desktop\Datasets\roi_classifier_training\1-2_1x\suite2p\plane0\F.npy,548
0,C:\Users\mzinn1\Desktop\Datasets\roi_classifier_training\1-2_1x\suite2p\plane0\F.npy,1119
0,C:\Users\mzinn1\Desktop\Datasets\roi_classifier_training\1-2_1x\suite2p\plane0\F.npy,50
0,C:\Users\mzinn1\Desktop\Datasets\roi_classifier_training\1-2_1x\suite2p\plane0\F.npy,582
0,C:\Users\mzinn1\Desktop\Datasets\roi_classifier_training\1-2_1x\suite2p\plane0\F.npy,1103
0,C:\Users\mzinn1\Desktop\Datasets\roi_classifier_training\1-2_1x\suite2p\plane0\F.npy,1151
0,C:\Users\mzinn1\Desktop\Datasets\roi_classifier_training\1-2_1x\suite2p\plane0\F.npy,1132
0,C:\Users\mzinn1\Desktop\Datasets\roi_classifier_training\1-2_1x\suite2p\plane0\F.npy,1085
0,C:\Users\mzinn1\Desktop\Datasets\roi_classifier_training\1-2_1x\suite2p\plane0\F.npy,626
0,C:\Users\mzinn1\Desktop\Datasets\roi_classifier_training\1-2_1x\suite2p\plane0\F.npy,1081
0,C:\Users\mzinn1\Desktop\Datasets\roi_classifier_training\1-2_1x\suite2p\plane0\F.npy,63
0,C:\Users\mzinn1\Desktop\Datasets\roi_classifier_training\1-2_1x\suite2p\plane0\F.npy,771
0,C:\Users\mzinn1\Desktop\Datasets\roi_classifier_training\1-2_1x\suite2p\plane0\F.npy,362
0,C:\Users\mzinn1\Desktop\Datasets\roi_classifier_training\1-2_1x\suite2p\plane0\F.npy,714
0,C:\Users\mzinn1\Desktop\Datasets\roi_classifier_training\1-2_1x\suite2p\plane0\F.npy,723
0,C:\Users\mzinn1\Desktop\Datasets\roi_classifier_training\1-2_1x\suite2p\plane0\F.npy,45
0,C:\Users\mzinn1\Desktop\Datasets\roi_classifier_training\1-2_1x\suite2p\plane0\F.npy,655
0,C:\Users\mzinn1\Desktop\Datasets\roi_classifier_training\1-2_1x\suite2p\plane0\F.npy,847
0,C:\Users\mzinn1\Desktop\Datasets\roi_classifier_training\1-2_1x\suite2p\plane0\F.npy,703
0,C:\Users\mzinn1\Desktop\Datasets\roi_classifier_training\1-2_1x\suite2p\plane0\F.npy,724
0,C:\Users\mzinn1\Desktop\Datasets\roi_classifier_training\1-2_1x\suite2p\plane0\F.npy,361
0,C:\Users\mzinn1\Desktop\Datasets\roi_classifier_training\1-2_1x\suite2p\plane0\F.npy,427
0,C:\Users\mzinn1\Desktop\Datasets\roi_classifier_training\1-2_1x\suite2p\plane0\F.npy,894
0,C:\Users\mzinn1\Desktop\Datasets\roi_classifier_training\1-2_1x\suite2p\plane0\F.npy,628
0,C:\Users\mzinn1\Desktop\Datasets\roi_classifier_training\1-2_1x\suite2p\plane0\F.npy,251
0,C:\Users\mzinn1\Desktop\Datasets\roi_classifier_training\1-2_1x\suite2p\plane0\F.npy,798
0,C:\Users\mzinn1\Desktop\Datasets\roi_classifier_training\1-2_1x\suite2p\plane0\F.npy,368
0,C:\Users\mzinn1\Desktop\Datasets\roi_classifier_training\1-2_1x\suite2p\plane0\F.npy,1050
0,C:\Users\mzinn1\Desktop\Datasets\roi_classifier_training\1-2_1x\suite2p\plane0\F.npy,639
0,C:\Users\mzinn1\Desktop\Datasets\roi_classifier_training\1-2_1x\suite2p\plane0\F.npy,5
0,C:\Users\mzinn1\Desktop\Datasets\roi_classifier_training\1-2_1x\suite2p\plane0\F.npy,814
0,C:\Users\mzinn1\Desktop\Datasets\roi_classifier_training\1-2_1x\suite2p\plane0\F.npy,59
0,C:\Users\mzinn1\Desktop\Datasets\roi_classifier_training\1-2_1x\suite2p\plane0\F.npy,922
0,C:\Users\mzinn1\Desktop\Datasets\roi_classifier_training\1-2_1x\suite2p\plane0\F.npy,176
0,C:\Users\mzinn1\Desktop\Datasets\roi_classifier_training\1-2_1x\suite2p\plane0\F.npy,476
0,C:\Users\mzinn1\Desktop\Datasets\roi_classifier_training\1-2_1x\suite2p\plane0\F.npy,990
0,C:\Users\mzinn1\Desktop\Datasets\roi_classifier_training\1-2_1x\suite2p\plane0\F.npy,1127
0,C:\Users\mzinn1\Desktop\Datasets\roi_classifier_training\1-2_1x\suite2p\plane0\F.npy,912
0,C:\Users\mzinn1\Desktop\Datasets\roi_classifier_training\1-2_1x\suite2p\plane0\F.npy,324
0,C:\Users\mzinn1\Desktop\Datasets\roi_classifier_training\1-3_1x\suite2p\plane0\F.npy,244
0,C:\Users\mzinn1\Desktop\Datasets\roi_classifier_training\1-3_1x\suite2p\plane0\F.npy,393
0,C:\Users\mzinn1\Desktop\Datasets\roi_classifier_training\1-3_1x\suite2p\plane0\F.npy,664
0,C:\Users\mzinn1\Desktop\Datasets\roi_classifier_training\1-3_1x\suite2p\plane0\F.npy,881
0,C:\Users\mzinn1\Desktop\Datasets\roi_classifier_training\1-3_1x\suite2p\plane0\F.npy,35
0,C:\Users\mzinn1\Desktop\Datasets\roi_classifier_training\1-3_1x\suite2p\plane0\F.npy,771
0,C:\Users\mzinn1\Desktop\Datasets\roi_classifier_training\1-3_1x\suite2p\plane0\F.npy,840
0,C:\Users\mzinn1\Desktop\Datasets\roi_classifier_training\1-3_1x\suite2p\plane0\F.npy,795
1,C:\Users\mzinn1\Desktop\Datasets\roi_classifier_training\1-3_1x\suite2p\plane0\F.npy,976
0,C:\Users\mzinn1\Desktop\Datasets\roi_classifier_training\1-3_1x\suite2p\plane0\F.npy,26
0,C:\Users\mzinn1\Desktop\Datasets\roi_classifier_training\1-3_1x\suite2p\plane0\F.npy,751
0,C:\Users\mzinn1\Desktop\Datasets\roi_classifier_training\1-3_1x\suite2p\plane0\F.npy,200
0,C:\Users\mzinn1\Desktop\Datasets\roi_classifier_training\1-3_1x\suite2p\plane0\F.npy,980
0,C:\Users\mzinn1\Desktop\Datasets\roi_classifier_training\1-3_1x\suite2p\plane0\F.npy,475
0,C:\Users\mzinn1\Desktop\Datasets\roi_classifier_training\1-3_1x\suite2p\plane0\F.npy,883
0,C:\Users\mzinn1\Desktop\Datasets\roi_classifier_training\1-3_1x\suite2p\plane0\F.npy,1096
0,C:\Users\mzinn1\Desktop\Datasets\roi_classifier_training\1-3_1x\suite2p\plane0\F.npy,295
0,C:\Users\mzinn1\Desktop\Datasets\roi_classifier_training\1-3_1x\suite2p\plane0\F.npy,476
0,C:\Users\mzinn1\Desktop\Datasets\roi_classifier_training\1-3_1x\suite2p\plane0\F.npy,552
0,C:\Users\mzinn1\Desktop\Datasets\roi_classifier_training\1-3_1x\suite2p\plane0\F.npy,433
0,C:\Users\mzinn1\Desktop\Datasets\roi_classifier_training\1-3_1x\suite2p\plane0\F.npy,139
0,C:\Users\mzinn1\Desktop\Datasets\roi_classifier_training\1-3_1x\suite2p\plane0\F.npy,1038
0,C:\Users\mzinn1\Desktop\Datasets\roi_classifier_training\1-3_1x\suite2p\plane0\F.npy,485
0,C:\Users\mzinn1\Desktop\Datasets\roi_classifier_training\1-3_1x\suite2p\plane0\F.npy,319
0,C:\Users\mzinn1\Desktop\Datasets\roi_classifier_training\1-3_1x\suite2p\plane0\F.npy,341
0,C:\Users\mzinn1\Desktop\Datasets\roi_classifier_training\1-3_1x\suite2p\plane0\F.npy,534
0,C:\Users\mzinn1\Desktop\Datasets\roi_classifier_training\1-3_1x\suite2p\plane0\F.npy,124
0,C:\Users\mzinn1\Desktop\Datasets\roi_classifier_training\1-3_1x\suite2p\plane0\F.npy,254
0,C:\Users\mzinn1\Desktop\Datasets\roi_classifier_training\1-3_1x\suite2p\plane0\F.npy,859
0,C:\Users\mzinn1\Desktop\Datasets\roi_classifier_training\1-3_1x\suite2p\plane0\F.npy,834
0,C:\Users\mzinn1\Desktop\Datasets\roi_classifier_training\1-3_1x\suite2p\plane0\F.npy,655
0,C:\Users\mzinn1\Desktop\Datasets\roi_classifier_training\1-3_1x\suite2p\plane0\F.npy,168
0,C:\Users\mzinn1\Desktop\Datasets\roi_classifier_training\1-3_1x\suite2p\plane0\F.npy,1015
0,C:\Users\mzinn1\Desktop\Datasets\roi_classifier_training\1-3_1x\suite2p\plane0\F.npy,974
0,C:\Users\mzinn1\Desktop\Datasets\roi_classifier_training\1-3_1x\suite2p\plane0\F.npy,737
0,C:\Users\mzinn1\Desktop\Datasets\roi_classifier_training\1-3_1x\suite2p\plane0\F.npy,718
0,C:\Users\mzinn1\Desktop\Datasets\roi_classifier_training\1-3_1x\suite2p\plane0\F.npy,176
0,C:\Users\mzinn1\Desktop\Datasets\roi_classifier_training\1-3_1x\suite2p\plane0\F.npy,1157
0,C:\Users\mzinn1\Desktop\Datasets\roi_classifier_training\1-3_1x\suite2p\plane0\F.npy,855
0,C:\Users\mzinn1\Desktop\Datasets\roi_classifier_training\1-3_1x\suite2p\plane0\F.npy,984
0,C:\Users\mzinn1\Desktop\Datasets\roi_classifier_training\1-3_1x\suite2p\plane0\F.npy,158
0,C:\Users\mzinn1\Desktop\Datasets\roi_classifier_training\1-3_1x\suite2p\plane0\F.npy,95
0,C:\Users\mzinn1\Desktop\Datasets\roi_classifier_training\1-3_1x\suite2p\plane0\F.npy,161
0,C:\Users\mzinn1\Desktop\Datasets\roi_classifier_training\1-3_1x\suite2p\plane0\F.npy,818
0,C:\Users\mzinn1\Desktop\Datasets\roi_classifier_training\1-3_1x\suite2p\plane0\F.npy,1048
0,C:\Users\mzinn1\Desktop\Datasets\roi_classifier_training\1-3_1x\suite2p\plane0\F.npy,760
0,C:\Users\mzinn1\Desktop\Datasets\roi_classifier_training\1-3_1x\suite2p\plane0\F.npy,904
0,C:\Users\mzinn1\Desktop\Datasets\roi_classifier_training\1-3_1x\suite2p\plane0\F.npy,271
0,C:\Users\mzinn1\Desktop\Datasets\roi_classifier_training\1-3_1x\suite2p\plane0\F.npy,1052
0,C:\Users\mzinn1\Desktop\Datasets\roi_classifier_training\1-3_1x\suite2p\plane0\F.npy,419
0,C:\Users\mzinn1\Desktop\Datasets\roi_classifier_training\1-3_1x\suite2p\plane0\F.npy,1155
0,C:\Users\mzinn1\Desktop\Datasets\roi_classifier_training\1-3_1x\suite2p\plane0\F.npy,314
0,C:\Users\mzinn1\Desktop\Datasets\roi_classifier_training\1-3_1x\suite2p\plane0\F.npy,420
0,C:\Users\mzinn1\Desktop\Datasets\roi_classifier_training\1-3_1x\suite2p\plane0\F.npy,647
0,C:\Users\mzinn1\Desktop\Datasets\roi_classifier_training\1-3_1x\suite2p\plane0\F.npy,736
0,C:\Users\mzinn1\Desktop\Datasets\roi_classifier_training\1-3_1x\suite2p\plane0\F.npy,1152
0,C:\Users\mzinn1\Desktop\Datasets\roi_classifier_training\1-3_1x\suite2p\plane0\F.npy,216
0,C:\Users\mzinn1\Desktop\Datasets\roi_classifier_training\1-3_1x\suite2p\plane0\F.npy,454
0,C:\Users\mzinn1\Desktop\Datasets\roi_classifier_training\1-3_1x\suite2p\plane0\F.npy,886
0,C:\Users\mzinn1\Desktop\Datasets\roi_classifier_training\1-3_1x\suite2p\plane0\F.npy,383
0,C:\Users\mzinn1\Desktop\Datasets\roi_classifier_training\1-3_1x\suite2p\plane0\F.npy,374
0,C:\Users\mzinn1\Desktop\Datasets\roi_classifier_training\1-3_1x\suite2p\plane0\F.npy,1023
0,C:\Users\mzinn1\Desktop\Datasets\roi_classifier_training\1-3_1x\suite2p\plane0\F.npy,667
0,C:\Users\mzinn1\Desktop\Datasets\roi_classifier_training\1-3_1x\suite2p\plane0\F.npy,1159
0,C:\Users\mzinn1\Desktop\Datasets\roi_classifier_training\1-3_1x\suite2p\plane0\F.npy,362
0,C:\Users\mzinn1\Desktop\Datasets\roi_classifier_training\1-3_1x\suite2p\plane0\F.npy,398
0,C:\Users\mzinn1\Desktop\Datasets\roi_classifier_training\1-3_1x\suite2p\plane0\F.npy,1115
0,C:\Users\mzinn1\Desktop\Datasets\roi_classifier_training\1-3_1x\suite2p\plane0\F.npy,162
0,C:\Users\mzinn1\Desktop\Datasets\roi_classifier_training\1-3_1x\suite2p\plane0\F.npy,1013
0,C:\Users\mzinn1\Desktop\Datasets\roi_classifier_training\1-3_1x\suite2p\plane0\F.npy,635
0,C:\Users\mzinn1\Desktop\Datasets\roi_classifier_training\1-3_1x\suite2p\plane0\F.npy,145
0,C:\Users\mzinn1\Desktop\Datasets\roi_classifier_training\1-3_1x\suite2p\plane0\F.npy,252
0,C:\Users\mzinn1\Desktop\Datasets\roi_classifier_training\1-3_1x\suite2p\plane0\F.npy,866
0,C:\Users\mzinn1\Desktop\Datasets\roi_classifier_training\1-3_1x\suite2p\plane0\F.npy,696
0,C:\Users\mzinn1\Desktop\Datasets\roi_classifier_training\1-3_1x\suite2p\plane0\F.npy,113
0,C:\Users\mzinn1\Desktop\Datasets\roi_classifier_training\1-3_1x\suite2p\plane0\F.npy,694
0,C:\Users\mzinn1\Desktop\Datasets\roi_classifier_training\1-3_1x\suite2p\plane0\F.npy,400
0,C:\Users\mzinn1\Desktop\Datasets\roi_classifier_training\1-3_1x\suite2p\plane0\F.npy,1121
0,C:\Users\mzinn1\Desktop\Datasets\roi_classifier_training\1-3_1x\suite2p\plane0\F.npy,1042
0,C:\Users\mzinn1\Desktop\Datasets\roi_classifier_training\1-3_1x\suite2p\plane0\F.npy,640
0,C:\Users\mzinn1\Desktop\Datasets\roi_classifier_training\1-3_1x\suite2p\plane0\F.npy,864
0,C:\Users\mzinn1\Desktop\Datasets\roi_classifier_training\1-3_1x\suite2p\plane0\F.npy,513
0,C:\Users\mzinn1\Desktop\Datasets\roi_classifier_training\1-3_1x\suite2p\plane0\F.npy,1017
0,C:\Users\mzinn1\Desktop\Datasets\roi_classifier_training\1-3_1x\suite2p\plane0\F.npy,276
0,C:\Users\mzinn1\Desktop\Datasets\roi_classifier_training\1-3_1x\suite2p\plane0\F.npy,309
0,C:\Users\mzinn1\Desktop\Datasets\roi_classifier_training\1-3_1x\suite2p\plane0\F.npy,477
0,C:\Users\mzinn1\Desktop\Datasets\roi_classifier_training\1-3_1x\suite2p\plane0\F.npy,1069
0,C:\Users\mzinn1\Desktop\Datasets\roi_classifier_training\1-3_1x\suite2p\plane0\F.npy,425
0,C:\Users\mzinn1\Desktop\Datasets\roi_classifier_training\1-3_1x\suite2p\plane0\F.npy,503
0,C:\Users\mzinn1\Desktop\Datasets\roi_classifier_training\1-3_1x\suite2p\plane0\F.npy,1088
0,C:\Users\mzinn1\Desktop\Datasets\roi_classifier_training\1-3_1x\suite2p\plane0\F.npy,125
1,C:\Users\mzinn1\Desktop\Datasets\roi_classifier_training\1-3_1x\suite2p\plane0\F.npy,590
0,C:\Users\mzinn1\Desktop\Datasets\roi_classifier_training\1-3_1x\suite2p\plane0\F.npy,584
0,C:\Users\mzinn1\Desktop\Datasets\roi_classifier_training\1-3_1x\suite2p\plane0\F.npy,523
0,C:\Users\mzinn1\Desktop\Datasets\roi_classifier_training\1-3_1x\suite2p\plane0\F.npy,630
0,C:\Users\mzinn1\Desktop\Datasets\roi_classifier_training\1-3_1x\suite2p\plane0\F.npy,1117
0,C:\Users\mzinn1\Desktop\Datasets\roi_classifier_training\1-3_1x\suite2p\plane0\F.npy,755
0,C:\Users\mzinn1\Desktop\Datasets\roi_classifier_training\1-3_1x\suite2p\plane0\F.npy,836
0,C:\Users\mzinn1\Desktop\Datasets\roi_classifier_training\1-3_1x\suite2p\plane0\F.npy,483
0,C:\Users\mzinn1\Desktop\Datasets\roi_classifier_training\1-3_1x\suite2p\plane0\F.npy,1132
0,C:\Users\mzinn1\Desktop\Datasets\roi_classifier_training\1-3_1x\suite2p\plane0\F.npy,707
1,C:\Users\mzinn1\Desktop\Datasets\roi_classifier_training\1-3_1x\suite2p\plane0\F.npy,633
0,C:\Users\mzinn1\Desktop\Datasets\roi_classifier_training\1-3_1x\suite2p\plane0\F.npy,508
0,C:\Users\mzinn1\Desktop\Datasets\roi_classifier_training\1-3_1x\suite2p\plane0\F.npy,422
1,C:\Users\mzinn1\Desktop\Datasets\roi_classifier_training\1-3_1x\suite2p\plane0\F.npy,619
0,C:\Users\mzinn1\Desktop\Datasets\roi_classifier_training\1-3_1x\suite2p\plane0\F.npy,270
0,C:\Users\mzinn1\Desktop\Datasets\roi_classifier_training\1-3_1x\suite2p\plane0\F.npy,734
0,C:\Users\mzinn1\Desktop\Datasets\roi_classifier_training\1-3_1x\suite2p\plane0\F.npy,52
0,C:\Users\mzinn1\Desktop\Datasets\roi_classifier_training\1-3_1x\suite2p\plane0\F.npy,662
0,C:\Users\mzinn1\Desktop\Datasets\roi_classifier_training\1-3_1x\suite2p\plane0\F.npy,103
0,C:\Users\mzinn1\Desktop\Datasets\roi_classifier_training\1-3_1x\suite2p\plane0\F.npy,698
0,C:\Users\mzinn1\Desktop\Datasets\roi_classifier_training\1-3_1x\suite2p\plane0\F.npy,123
1,C:\Users\mzinn1\Desktop\Datasets\roi_classifier_training\1-3_1x\suite2p\plane0\F.npy,468
0,C:\Users\mzinn1\Desktop\Datasets\roi_classifier_training\1-3_1x\suite2p\plane0\F.npy,955
0,C:\Users\mzinn1\Desktop\Datasets\roi_classifier_training\1-3_1x\suite2p\plane0\F.npy,890
0,C:\Users\mzinn1\Desktop\Datasets\roi_classifier_training\1-3_1x\suite2p\plane0\F.npy,188
0,C:\Users\mzinn1\Desktop\Datasets\roi_classifier_training\1-3_1x\suite2p\plane0\F.npy,436
0,C:\Users\mzinn1\Desktop\Datasets\roi_classifier_training\1-3_1x\suite2p\plane0\F.npy,281
0,C:\Users\mzinn1\Desktop\Datasets\roi_classifier_training\1-3_1x\suite2p\plane0\F.npy,403
0,C:\Users\mzinn1\Desktop\Datasets\roi_classifier_training\1-3_1x\suite2p\plane0\F.npy,402
0,C:\Users\mzinn1\Desktop\Datasets\roi_classifier_training\1-3_1x\suite2p\plane0\F.npy,586
0,C:\Users\mzinn1\Desktop\Datasets\roi_classifier_training\1-3_1x\suite2p\plane0\F.npy,794
0,C:\Users\mzinn1\Desktop\Datasets\roi_classifier_training\1-3_1x\suite2p\plane0\F.npy,968
0,C:\Users\mzinn1\Desktop\Datasets\roi_classifier_training\1-3_1x\suite2p\plane0\F.npy,679
0,C:\Users\mzinn1\Desktop\Datasets\roi_classifier_training\1-3_1x\suite2p\plane0\F.npy,911
0,C:\Users\mzinn1\Desktop\Datasets\roi_classifier_training\1-3_1x\suite2p\plane0\F.npy,756
0,C:\Users\mzinn1\Desktop\Datasets\roi_classifier_training\1-3_1x\suite2p\plane0\F.npy,1045
0,C:\Users\mzinn1\Desktop\Datasets\roi_classifier_training\1-3_1x\suite2p\plane0\F.npy,1039
0,C:\Users\mzinn1\Desktop\Datasets\roi_classifier_training\1-3_1x\suite2p\plane0\F.npy,448
0,C:\Users\mzinn1\Desktop\Datasets\roi_classifier_training\1-3_1x\suite2p\plane0\F.npy,893
0,C:\Users\mzinn1\Desktop\Datasets\roi_classifier_training\1-3_1x\suite2p\plane0\F.npy,1027
0,C:\Users\mzinn1\Desktop\Datasets\roi_classifier_training\1-3_1x\suite2p\plane0\F.npy,447
0,C:\Users\mzinn1\Desktop\Datasets\roi_classifier_training\1-3_1x\suite2p\plane0\F.npy,952
0,C:\Users\mzinn1\Desktop\Datasets\roi_classifier_training\1-3_1x\suite2p\plane0\F.npy,1066
0,C:\Users\mzinn1\Desktop\Datasets\roi_classifier_training\1-3_1x\suite2p\plane0\F.npy,449
0,C:\Users\mzinn1\Desktop\Datasets\roi_classifier_training\1-3_1x\suite2p\plane0\F.npy,329
0,C:\Users\mzinn1\Desktop\Datasets\roi_classifier_training\1-3_1x\suite2p\plane0\F.npy,961
0,C:\Users\mzinn1\Desktop\Datasets\roi_classifier_training\1-3_1x\suite2p\plane0\F.npy,1086
0,C:\Users\mzinn1\Desktop\Datasets\roi_classifier_training\1-3_1x\suite2p\plane0\F.npy,1154
0,C:\Users\mzinn1\Desktop\Datasets\roi_classifier_training\1-3_1x\suite2p\plane0\F.npy,207
0,C:\Users\mzinn1\Desktop\Datasets\roi_classifier_training\1-3_1x\suite2p\plane0\F.npy,227
0,C:\Users\mzinn1\Desktop\Datasets\roi_classifier_training\1-3_1x\suite2p\plane0\F.npy,28
0,C:\Users\mzinn1\Desktop\Datasets\roi_classifier_training\1-3_1x\suite2p\plane0\F.npy,671
0,C:\Users\mzinn1\Desktop\Datasets\roi_classifier_training\1-3_1x\suite2p\plane0\F.npy,424
0,C:\Users\mzinn1\Desktop\Datasets\roi_classifier_training\1-3_1x\suite2p\plane0\F.npy,156
0,C:\Users\mzinn1\Desktop\Datasets\roi_classifier_training\1-3_1x\suite2p\plane0\F.npy,544
0,C:\Users\mzinn1\Desktop\Datasets\roi_classifier_training\1-3_1x\suite2p\plane0\F.npy,135
0,C:\Users\mzinn1\Desktop\Datasets\roi_classifier_training\1-3_1x\suite2p\plane0\F.npy,484
0,C:\Users\mzinn1\Desktop\Datasets\roi_classifier_training\1-3_1x\suite2p\plane0\F.npy,542
0,C:\Users\mzinn1\Desktop\Datasets\roi_classifier_training\1-3_1x\suite2p\plane0\F.npy,646
0,C:\Users\mzinn1\Desktop\Datasets\roi_classifier_training\1-3_1x\suite2p\plane0\F.npy,130
0,C:\Users\mzinn1\Desktop\Datasets\roi_classifier_training\1-3_1x\suite2p\plane0\F.npy,1134
0,C:\Users\mzinn1\Desktop\Datasets\roi_classifier_training\1-3_1x\suite2p\plane0\F.npy,382
0,C:\Users\mzinn1\Desktop\Datasets\roi_classifier_training\1-3_1x\suite2p\plane0\F.npy,548
0,C:\Users\mzinn1\Desktop\Datasets\roi_classifier_training\1-3_1x\suite2p\plane0\F.npy,1064
0,C:\Users\mzinn1\Desktop\Datasets\roi_classifier_training\1-3_1x\suite2p\plane0\F.npy,1
0,C:\Users\mzinn1\Desktop\Datasets\roi_classifier_training\1-3_1x\suite2p\plane0\F.npy,67
0,C:\Users\mzinn1\Desktop\Datasets\roi_classifier_training\1-3_1x\suite2p\plane0\F.npy,339
0,C:\Users\mzinn1\Desktop\Datasets\roi_classifier_training\1-3_1x\suite2p\plane0\F.npy,116
0,C:\Users\mzinn1\Desktop\Datasets\roi_classifier_training\1-3_1x\suite2p\plane0\F.npy,430
1,C:\Users\mzinn1\Desktop\Datasets\roi_classifier_training\1-3_1x\suite2p\plane0\F.npy,923
0,C:\Users\mzinn1\Desktop\Datasets\roi_classifier_training\1-3_1x\suite2p\plane0\F.npy,76
0,C:\Users\mzinn1\Desktop\Datasets\roi_classifier_training\1-3_1x\suite2p\plane0\F.npy,1057
0,C:\Users\mzinn1\Desktop\Datasets\roi_classifier_training\1-3_1x\suite2p\plane0\F.npy,173
0,C:\Users\mzinn1\Desktop\Datasets\roi_classifier_training\1-3_1x\suite2p\plane0\F.npy,1018
0,C:\Users\mzinn1\Desktop\Datasets\roi_classifier_training\1-3_1x\suite2p\plane0\F.npy,602
0,C:\Users\mzinn1\Desktop\Datasets\roi_classifier_training\1-3_1x\suite2p\plane0\F.npy,770
0,C:\Users\mzinn1\Desktop\Datasets\roi_classifier_training\1-3_1x\suite2p\plane0\F.npy,515
0,C:\Users\mzinn1\Desktop\Datasets\roi_classifier_training\1-3_1x\suite2p\plane0\F.npy,453
0,C:\Users\mzinn1\Desktop\Datasets\roi_classifier_training\1-3_1x\suite2p\plane0\F.npy,780
0,C:\Users\mzinn1\Desktop\Datasets\roi_classifier_training\1-3_1x\suite2p\plane0\F.npy,823
0,C:\Users\mzinn1\Desktop\Datasets\roi_classifier_training\1-3_1x\suite2p\plane0\F.npy,1011
0,C:\Users\mzinn1\Desktop\Datasets\roi_classifier_training\1-3_1x\suite2p\plane0\F.npy,935
0,C:\Users\mzinn1\Desktop\Datasets\roi_classifier_training\1-3_1x\suite2p\plane0\F.npy,233
1,C:\Users\mzinn1\Desktop\Datasets\roi_classifier_training\1-3_1x\suite2p\plane0\F.npy,205
0,C:\Users\mzinn1\Desktop\Datasets\roi_classifier_training\1-3_1x\suite2p\plane0\F.npy,291
0,C:\Users\mzinn1\Desktop\Datasets\roi_classifier_training\1-3_1x\suite2p\plane0\F.npy,683
0,C:\Users\mzinn1\Desktop\Datasets\roi_classifier_training\1-3_1x\suite2p\plane0\F.npy,1019
0,C:\Users\mzinn1\Desktop\Datasets\roi_classifier_training\1-3_1x\suite2p\plane0\F.npy,146
0,C:\Users\mzinn1\Desktop\Datasets\roi_classifier_training\1-3_1x\suite2p\plane0\F.npy,1063
0,C:\Users\mzinn1\Desktop\Datasets\roi_classifier_training\1-3_1x\suite2p\plane0\F.npy,101
0,C:\Users\mzinn1\Desktop\Datasets\roi_classifier_training\1-3_1x\suite2p\plane0\F.npy,605
0,C:\Users\mzinn1\Desktop\Datasets\roi_classifier_training\1-3_1x\suite2p\plane0\F.npy,9
0,C:\Users\mzinn1\Desktop\Datasets\roi_classifier_training\1-3_1x\suite2p\plane0\F.npy,880
0,C:\Users\mzinn1\Desktop\Datasets\roi_classifier_training\1-3_1x\suite2p\plane0\F.npy,493
0,C:\Users\mzinn1\Desktop\Datasets\roi_classifier_training\1-3_1x\suite2p\plane0\F.npy,1153
0,C:\Users\mzinn1\Desktop\Datasets\roi_classifier_training\1-3_1x\suite2p\plane0\F.npy,27
0,C:\Users\mzinn1\Desktop\Datasets\roi_classifier_training\1-3_1x\suite2p\plane0\F.npy,992
0,C:\Users\mzinn1\Desktop\Datasets\roi_classifier_training\1-3_1x\suite2p\plane0\F.npy,4
0,C:\Users\mzinn1\Desktop\Datasets\roi_classifier_training\1-3_1x\suite2p\plane0\F.npy,377
1,C:\Users\mzinn1\Desktop\Datasets\roi_classifier_training\1-3_1x\suite2p\plane0\F.npy,917
0,C:\Users\mzinn1\Desktop\Datasets\roi_classifier_training\1-3_1x\suite2p\plane0\F.npy,1000
0,C:\Users\mzinn1\Desktop\Datasets\roi_classifier_training\1-3_1x\suite2p\plane0\F.npy,118
0,C:\Users\mzinn1\Desktop\Datasets\roi_classifier_training\1-3_1x\suite2p\plane0\F.npy,108
0,C:\Users\mzinn1\Desktop\Datasets\roi_classifier_training\1-3_1x\suite2p\plane0\F.npy,744
0,C:\Users\mzinn1\Desktop\Datasets\roi_classifier_training\1-3_1x\suite2p\plane0\F.npy,354
1,C:\Users\mzinn1\Desktop\Datasets\roi_classifier_training\1-3_1x\suite2p\plane0\F.npy,119
0,C:\Users\mzinn1\Desktop\Datasets\roi_classifier_training\1-3_1x\suite2p\plane0\F.npy,627
0,C:\Users\mzinn1\Desktop\Datasets\roi_classifier_training\1-3_1x\suite2p\plane0\F.npy,128
0,C:\Users\mzinn1\Desktop\Datasets\roi_classifier_training\1-3_1x\suite2p\plane0\F.npy,106
0,C:\Users\mzinn1\Desktop\Datasets\roi_classifier_training\1-3_1x\suite2p\plane0\F.npy,1024
1,C:\Users\mzinn1\Desktop\Datasets\roi_classifier_training\1-3_1x\suite2p\plane0\F.npy,3
0,C:\Users\mzinn1\Desktop\Datasets\roi_classifier_training\1-3_1x\suite2p\plane0\F.npy,988
0,C:\Users\mzinn1\Desktop\Datasets\roi_classifier_training\1-3_1x\suite2p\plane0\F.npy,902
0,C:\Users\mzinn1\Desktop\Datasets\roi_classifier_training\1-3_1x\suite2p\plane0\F.npy,816
0,C:\Users\mzinn1\Desktop\Datasets\roi_classifier_training\1-3_1x\suite2p\plane0\F.npy,474
0,C:\Users\mzinn1\Desktop\Datasets\roi_classifier_training\1-3_1x\suite2p\plane0\F.npy,1059
1,C:\Users\mzinn1\Desktop\Datasets\roi_classifier_training\1-3_1x\suite2p\plane0\F.npy,907
0,C:\Users\mzinn1\Desktop\Datasets\roi_classifier_training\1-3_1x\suite2p\plane0\F.npy,230
0,C:\Users\mzinn1\Desktop\Datasets\roi_classifier_training\1-3_1x\suite2p\plane0\F.npy,788
0,C:\Users\mzinn1\Desktop\Datasets\roi_classifier_training\1-3_1x\suite2p\plane0\F.npy,601
0,C:\Users\mzinn1\Desktop\Datasets\roi_classifier_training\1-3_1x\suite2p\plane0\F.npy,844
0,C:\Users\mzinn1\Desktop\Datasets\roi_classifier_training\1-3_1x\suite2p\plane0\F.npy,728
0,C:\Users\mzinn1\Desktop\Datasets\roi_classifier_training\1-3_1x\suite2p\plane0\F.npy,1030
0,C:\Users\mzinn1\Desktop\Datasets\roi_classifier_training\1-3_1x\suite2p\plane0\F.npy,576
1,C:\Users\mzinn1\Desktop\Datasets\roi_classifier_training\1-3_1x\suite2p\plane0\F.npy,897
0,C:\Users\mzinn1\Desktop\Datasets\roi_classifier_training\1-3_1x\suite2p\plane0\F.npy,210
0,C:\Users\mzinn1\Desktop\Datasets\roi_classifier_training\1-3_1x\suite2p\plane0\F.npy,178
0,C:\Users\mzinn1\Desktop\Datasets\roi_classifier_training\1-3_1x\suite2p\plane0\F.npy,29
0,C:\Users\mzinn1\Desktop\Datasets\roi_classifier_training\1-3_1x\suite2p\plane0\F.npy,899
0,C:\Users\mzinn1\Desktop\Datasets\roi_classifier_training\1-3_1x\suite2p\plane0\F.npy,321
0,C:\Users\mzinn1\Desktop\Datasets\roi_classifier_training\1-3_1x\suite2p\plane0\F.npy,792
0,C:\Users\mzinn1\Desktop\Datasets\roi_classifier_training\1-3_1x\suite2p\plane0\F.npy,388
0,C:\Users\mzinn1\Desktop\Datasets\roi_classifier_training\1-3_1x\suite2p\plane0\F.npy,809
0,C:\Users\mzinn1\Desktop\Datasets\roi_classifier_training\1-3_1x\suite2p\plane0\F.npy,410
0,C:\Users\mzinn1\Desktop\Datasets\roi_classifier_training\1-3_1x\suite2p\plane0\F.npy,355
0,C:\Users\mzinn1\Desktop\Datasets\roi_classifier_training\1-3_1x\suite2p\plane0\F.npy,1148
0,C:\Users\mzinn1\Desktop\Datasets\roi_classifier_training\1-3_1x\suite2p\plane0\F.npy,238
0,C:\Users\mzinn1\Desktop\Datasets\roi_classifier_training\1-3_1x\suite2p\plane0\F.npy,565
0,C:\Users\mzinn1\Desktop\Datasets\roi_classifier_training\1-3_1x\suite2p\plane0\F.npy,849
0,C:\Users\mzinn1\Desktop\Datasets\roi_classifier_training\1-3_1x\suite2p\plane0\F.npy,594
0,C:\Users\mzinn1\Desktop\Datasets\roi_classifier_training\1-3_1x\suite2p\plane0\F.npy,1147
1,C:\Users\mzinn1\Desktop\Datasets\roi_classifier_training\2-1 glass\suite2p\plane0\F.npy,212
1,C:\Users\mzinn1\Desktop\Datasets\roi_classifier_training\2-1 glass\suite2p\plane0\F.npy,259
1,C:\Users\mzinn1\Desktop\Datasets\roi_classifier_training\2-1 glass\suite2p\plane0\F.npy,108
1,C:\Users\mzinn1\Desktop\Datasets\roi_classifier_training\2-1 glass\suite2p\plane0\F.npy,209
1,C:\Users\mzinn1\Desktop\Datasets\roi_classifier_training\2-1 glass\suite2p\plane0\F.npy,204
1,C:\Users\mzinn1\Desktop\Datasets\roi_classifier_training\2-1 glass\suite2p\plane0\F.npy,136
1,C:\Users\mzinn1\Desktop\Datasets\roi_classifier_training\2-1 glass\suite2p\plane0\F.npy,102
1,C:\Users\mzinn1\Desktop\Datasets\roi_classifier_training\2-1 glass\suite2p\plane0\F.npy,203
1,C:\Users\mzinn1\Desktop\Datasets\roi_classifier_training\2-1 glass\suite2p\plane0\F.npy,335
1,C:\Users\mzinn1\Desktop\Datasets\roi_classifier_training\2-1 glass\suite2p\plane0\F.npy,349
1,C:\Users\mzinn1\Desktop\Datasets\roi_classifier_training\2-1 glass\suite2p\plane0\F.npy,282
1,C:\Users\mzinn1\Desktop\Datasets\roi_classifier_training\2-1 glass\suite2p\plane0\F.npy,220
1,C:\Users\mzinn1\Desktop\Datasets\roi_classifier_training\2-1 glass\suite2p\plane0\F.npy,155
1,C:\Users\mzinn1\Desktop\Datasets\roi_classifier_training\2-1 glass\suite2p\plane0\F.npy,273
1,C:\Users\mzinn1\Desktop\Datasets\roi_classifier_training\2-1 glass\suite2p\plane0\F.npy,5
1,C:\Users\mzinn1\Desktop\Datasets\roi_classifier_training\2-1 glass\suite2p\plane0\F.npy,217
1,C:\Users\mzinn1\Desktop\Datasets\roi_classifier_training\2-1 glass\suite2p\plane0\F.npy,131
1,C:\Users\mzinn1\Desktop\Datasets\roi_classifier_training\2-1 glass\suite2p\plane0\F.npy,290
1,C:\Users\mzinn1\Desktop\Datasets\roi_classifier_training\2-1 glass\suite2p\plane0\F.npy,52
1,C:\Users\mzinn1\Desktop\Datasets\roi_classifier_training\2-1 glass\suite2p\plane0\F.npy,304
1,C:\Users\mzinn1\Desktop\Datasets\roi_classifier_training\2-1 glass\suite2p\plane0\F.npy,123
1,C:\Users\mzinn1\Desktop\Datasets\roi_classifier_training\2-1 glass\suite2p\plane0\F.npy,141
1,C:\Users\mzinn1\Desktop\Datasets\roi_classifier_training\2-1 glass\suite2p\plane0\F.npy,319
1,C:\Users\mzinn1\Desktop\Datasets\roi_classifier_training\2-1 glass\suite2p\plane0\F.npy,313
1,C:\Users\mzinn1\Desktop\Datasets\roi_classifier_training\2-1 glass\suite2p\plane0\F.npy,256
1,C:\Users\mzinn1\Desktop\Datasets\roi_classifier_training\2-1 glass\suite2p\plane0\F.npy,61
0,C:\Users\mzinn1\Desktop\Datasets\roi_classifier_training\2-1 glass\suite2p\plane0\F.npy,179
1,C:\Users\mzinn1\Desktop\Datasets\roi_classifier_training\2-1 glass\suite2p\plane0\F.npy,170
1,C:\Users\mzinn1\Desktop\Datasets\roi_classifier_training\2-1 glass\suite2p\plane0\F.npy,178
1,C:\Users\mzinn1\Desktop\Datasets\roi_classifier_training\2-1 glass\suite2p\plane0\F.npy,380
1,C:\Users\mzinn1\Desktop\Datasets\roi_classifier_training\2-1 glass\suite2p\plane0\F.npy,97
1,C:\Users\mzinn1\Desktop\Datasets\roi_classifier_training\2-1 glass\suite2p\plane0\F.npy,67
1,C:\Users\mzinn1\Desktop\Datasets\roi_classifier_training\2-1 glass\suite2p\plane0\F.npy,226
1,C:\Users\mzinn1\Desktop\Datasets\roi_classifier_training\2-1 glass\suite2p\plane0\F.npy,262
1,C:\Users\mzinn1\Desktop\Datasets\roi_classifier_training\2-1 glass\suite2p\plane0\F.npy,186
1,C:\Users\mzinn1\Desktop\Datasets\roi_classifier_training\2-1 glass\suite2p\plane0\F.npy,54
1,C:\Users\mzinn1\Desktop\Datasets\roi_classifier_training\2-1 glass\suite2p\plane0\F.npy,305
1,C:\Users\mzinn1\Desktop\Datasets\roi_classifier_training\2-1 glass\suite2p\plane0\F.npy,332
1,C:\Users\mzinn1\Desktop\Datasets\roi_classifier_training\2-1 glass\suite2p\plane0\F.npy,211
1,C:\Users\mzinn1\Desktop\Datasets\roi_classifier_training\2-1 glass\suite2p\plane0\F.npy,261
1,C:\Users\mzinn1\Desktop\Datasets\roi_classifier_training\2-1 glass\suite2p\plane0\F.npy,291
1,C:\Users\mzinn1\Desktop\Datasets\roi_classifier_training\2-1 glass\suite2p\plane0\F.npy,278
1,C:\Users\mzinn1\Desktop\Datasets\roi_classifier_training\2-1 glass\suite2p\plane0\F.npy,300
1,C:\Users\mzinn1\Desktop\Datasets\roi_classifier_training\2-1 glass\suite2p\plane0\F.npy,17
1,C:\Users\mzinn1\Desktop\Datasets\roi_classifier_training\2-1 glass\suite2p\plane0\F.npy,267
1,C:\Users\mzinn1\Desktop\Datasets\roi_classifier_training\2-1 glass\suite2p\plane0\F.npy,407
1,C:\Users\mzinn1\Desktop\Datasets\roi_classifier_training\2-1 glass\suite2p\plane0\F.npy,244
1,C:\Users\mzinn1\Desktop\Datasets\roi_classifier_training\2-1 glass\suite2p\plane0\F.npy,164
0,C:\Users\mzinn1\Desktop\Datasets\roi_classifier_training\2-1 glass\suite2p\plane0\F.npy,43
1,C:\Users\mzinn1\Desktop\Datasets\roi_classifier_training\2-1 glass\suite2p\plane0\F.npy,344
1,C:\Users\mzinn1\Desktop\Datasets\roi_classifier_training\2-1 glass\suite2p\plane0\F.npy,196
1,C:\Users\mzinn1\Desktop\Datasets\roi_classifier_training\2-1 glass\suite2p\plane0\F.npy,264
1,C:\Users\mzinn1\Desktop\Datasets\roi_classifier_training\2-1 glass\suite2p\plane0\F.npy,321
1,C:\Users\mzinn1\Desktop\Datasets\roi_classifier_training\2-1 glass\suite2p\plane0\F.npy,230
1,C:\Users\mzinn1\Desktop\Datasets\roi_classifier_training\2-1 glass\suite2p\plane0\F.npy,91
1,C:\Users\mzinn1\Desktop\Datasets\roi_classifier_training\2-1 glass\suite2p\plane0\F.npy,193
1,C:\Users\mzinn1\Desktop\Datasets\roi_classifier_training\2-1 glass\suite2p\plane0\F.npy,275
1,C:\Users\mzinn1\Desktop\Datasets\roi_classifier_training\2-1 glass\suite2p\plane0\F.npy,139
1,C:\Users\mzinn1\Desktop\Datasets\roi_classifier_training\2-1 glass\suite2p\plane0\F.npy,240
1,C:\Users\mzinn1\Desktop\Datasets\roi_classifier_training\2-1 glass\suite2p\plane0\F.npy,119
1,C:\Users\mzinn1\Desktop\Datasets\roi_classifier_training\2-1 glass\suite2p\plane0\F.npy,78
1,C:\Users\mzinn1\Desktop\Datasets\roi_classifier_training\2-1 glass\suite2p\plane0\F.npy,246
1,C:\Users\mzinn1\Desktop\Datasets\roi_classifier_training\2-1 glass\suite2p\plane0\F.npy,87
1,C:\Users\mzinn1\Desktop\Datasets\roi_classifier_training\2-1 glass\suite2p\plane0\F.npy,38
1,C:\Users\mzinn1\Desktop\Datasets\roi_classifier_training\2-1 glass\suite2p\plane0\F.npy,68
1,C:\Users\mzinn1\Desktop\Datasets\roi_classifier_training\2-1 glass\suite2p\plane0\F.npy,96
1,C:\Users\mzinn1\Desktop\Datasets\roi_classifier_training\2-1 glass\suite2p\plane0\F.npy,294
1,C:\Users\mzinn1\Desktop\Datasets\roi_classifier_training\2-1 glass\suite2p\plane0\F.npy,403
1,C:\Users\mzinn1\Desktop\Datasets\roi_classifier_training\2-1 glass\suite2p\plane0\F.npy,174
1,C:\Users\mzinn1\Desktop\Datasets\roi_classifier_training\2-1 glass\suite2p\plane0\F.npy,176
1,C:\Users\mzinn1\Desktop\Datasets\roi_classifier_training\2-1 glass\suite2p\plane0\F.npy,72
1,C:\Users\mzinn1\Desktop\Datasets\roi_classifier_training\2-1 glass\suite2p\plane0\F.npy,408
1,C:\Users\mzinn1\Desktop\Datasets\roi_classifier_training\2-1 glass\suite2p\plane0\F.npy,279
1,C:\Users\mzinn1\Desktop\Datasets\roi_classifier_training\2-1 glass\suite2p\plane0\F.npy,20
1,C:\Users\mzinn1\Desktop\Datasets\roi_classifier_training\2-1 glass\suite2p\plane0\F.npy,39
1,C:\Users\mzinn1\Desktop\Datasets\roi_classifier_training\2-1 glass\suite2p\plane0\F.npy,167
1,C:\Users\mzinn1\Desktop\Datasets\roi_classifier_training\2-1 glass\suite2p\plane0\F.npy,337
1,C:\Users\mzinn1\Desktop\Datasets\roi_classifier_training\2-1 glass\suite2p\plane0\F.npy,369
1,C:\Users\mzinn1\Desktop\Datasets\roi_classifier_training\2-1 glass\suite2p\plane0\F.npy,257
1,C:\Users\mzinn1\Desktop\Datasets\roi_classifier_training\2-1 glass\suite2p\plane0\F.npy,95
1,C:\Users\mzinn1\Desktop\Datasets\roi_classifier_training\2-1 glass\suite2p\plane0\F.npy,194
1,C:\Users\mzinn1\Desktop\Datasets\roi_classifier_training\2-1 glass\suite2p\plane0\F.npy,310
1,C:\Users\mzinn1\Desktop\Datasets\roi_classifier_training\2-2 glass\suite2p\plane0\F.npy,159
1,C:\Users\mzinn1\Desktop\Datasets\roi_classifier_training\2-2 glass\suite2p\plane0\F.npy,158
1,C:\Users\mzinn1\Desktop\Datasets\roi_classifier_training\2-2 glass\suite2p\plane0\F.npy,208
1,C:\Users\mzinn1\Desktop\Datasets\roi_classifier_training\2-2 glass\suite2p\plane0\F.npy,113
1,C:\Users\mzinn1\Desktop\Datasets\roi_classifier_training\2-2 glass\suite2p\plane0\F.npy,24
1,C:\Users\mzinn1\Desktop\Datasets\roi_classifier_training\2-2 glass\suite2p\plane0\F.npy,207
1,C:\Users\mzinn1\Desktop\Datasets\roi_classifier_training\2-2 glass\suite2p\plane0\F.npy,124
1,C:\Users\mzinn1\Desktop\Datasets\roi_classifier_training\2-2 glass\suite2p\plane0\F.npy,193
0,C:\Users\mzinn1\Desktop\Datasets\roi_classifier_training\2-2 glass\suite2p\plane0\F.npy,116
1,C:\Users\mzinn1\Desktop\Datasets\roi_classifier_training\2-2 glass\suite2p\plane0\F.npy,162
1,C:\Users\mzinn1\Desktop\Datasets\roi_classifier_training\2-2 glass\suite2p\plane0\F.npy,187
0,C:\Users\mzinn1\Desktop\Datasets\roi_classifier_training\2-2 glass\suite2p\plane0\F.npy,44
1,C:\Users\mzinn1\Desktop\Datasets\roi_classifier_training\2-2 glass\suite2p\plane0\F.npy,37
1,C:\Users\mzinn1\Desktop\Datasets\roi_classifier_training\2-2 glass\suite2p\plane0\F.npy,164
1,C:\Users\mzinn1\Desktop\Datasets\roi_classifier_training\2-2 glass\suite2p\plane0\F.npy,118
1,C:\Users\mzinn1\Desktop\Datasets\roi_classifier_training\2-2 glass\suite2p\plane0\F.npy,172
1,C:\Users\mzinn1\Desktop\Datasets\roi_classifier_training\2-2 glass\suite2p\plane0\F.npy,117
1,C:\Users\mzinn1\Desktop\Datasets\roi_classifier_training\2-2 glass\suite2p\plane0\F.npy,128
0,C:\Users\mzinn1\Desktop\Datasets\roi_classifier_training\2-2 glass\suite2p\plane0\F.npy,214
1,C:\Users\mzinn1\Desktop\Datasets\roi_classifier_training\2-2 glass\suite2p\plane0\F.npy,213
1,C:\Users\mzinn1\Desktop\Datasets\roi_classifier_training\2-2 glass\suite2p\plane0\F.npy,62
0,C:\Users\mzinn1\Desktop\Datasets\roi_classifier_training\2-2 glass\suite2p\plane0\F.npy,47
0,C:\Users\mzinn1\Desktop\Datasets\roi_classifier_training\2-2 glass\suite2p\plane0\F.npy,155
1,C:\Users\mzinn1\Desktop\Datasets\roi_classifier_training\2-2 glass\suite2p\plane0\F.npy,56
1,C:\Users\mzinn1\Desktop\Datasets\roi_classifier_training\2-2 glass\suite2p\plane0\F.npy,13
1,C:\Users\mzinn1\Desktop\Datasets\roi_classifier_training\2-2 glass\suite2p\plane0\F.npy,235
1,C:\Users\mzinn1\Desktop\Datasets\roi_classifier_training\2-2 glass\suite2p\plane0\F.npy,103
1,C:\Users\mzinn1\Desktop\Datasets\roi_classifier_training\2-2 glass\suite2p\plane0\F.npy,110
1,C:\Users\mzinn1\Desktop\Datasets\roi_classifier_training\2-2 glass\suite2p\plane0\F.npy,115
0,C:\Users\mzinn1\Desktop\Datasets\roi_classifier_training\2-2 glass\suite2p\plane0\F.npy,132
1,C:\Users\mzinn1\Desktop\Datasets\roi_classifier_training\2-2 glass\suite2p\plane0\F.npy,106
1,C:\Users\mzinn1\Desktop\Datasets\roi_classifier_training\2-2 glass\suite2p\plane0\F.npy,137
1,C:\Users\mzinn1\Desktop\Datasets\roi_classifier_training\2-2 glass\suite2p\plane0\F.npy,212
1,C:\Users\mzinn1\Desktop\Datasets\roi_classifier_training\2-2 glass\suite2p\plane0\F.npy,32
1,C:\Users\mzinn1\Desktop\Datasets\roi_classifier_training\2-2 glass\suite2p\plane0\F.npy,125
1,C:\Users\mzinn1\Desktop\Datasets\roi_classifier_training\2-2 glass\suite2p\plane0\F.npy,138
0,C:\Users\mzinn1\Desktop\Datasets\roi_classifier_training\2-2 glass\suite2p\plane0\F.npy,203
1,C:\Users\mzinn1\Desktop\Datasets\roi_classifier_training\2-2 glass\suite2p\plane0\F.npy,168
1,C:\Users\mzinn1\Desktop\Datasets\roi_classifier_training\2-2 glass\suite2p\plane0\F.npy,144
1,C:\Users\mzinn1\Desktop\Datasets\roi_classifier_training\2-2 glass\suite2p\plane0\F.npy,133
1,C:\Users\mzinn1\Desktop\Datasets\roi_classifier_training\2-2 glass\suite2p\plane0\F.npy,12
1,C:\Users\mzinn1\Desktop\Datasets\roi_classifier_training\2-2 glass\suite2p\plane0\F.npy,60
1,C:\Users\mzinn1\Desktop\Datasets\roi_classifier_training\2-2 glass\suite2p\plane0\F.npy,84
1,C:\Users\mzinn1\Desktop\Datasets\roi_classifier_training\2-2 glass\suite2p\plane0\F.npy,231
1,C:\Users\mzinn1\Desktop\Datasets\roi_classifier_training\2-2 glass\suite2p\plane0\F.npy,211
1,C:\Users\mzinn1\Desktop\Datasets\roi_classifier_training\2-2 glass\suite2p\plane0\F.npy,129
1,C:\Users\mzinn1\Desktop\Datasets\roi_classifier_training\2-2 glass\suite2p\plane0\F.npy,39
1,C:\Users\mzinn1\Desktop\Datasets\roi_classifier_training\2-3 glass\suite2p\plane0\F.npy,151
1,C:\Users\mzinn1\Desktop\Datasets\roi_classifier_training\2-3 glass\suite2p\plane0\F.npy,327
0,C:\Users\mzinn1\Desktop\Datasets\roi_classifier_training\2-3 glass\suite2p\plane0\F.npy,392
1,C:\Users\mzinn1\Desktop\Datasets\roi_classifier_training\2-3 glass\suite2p\plane0\F.npy,287
1,C:\Users\mzinn1\Desktop\Datasets\roi_classifier_training\2-3 glass\suite2p\plane0\F.npy,458
1,C:\Users\mzinn1\Desktop\Datasets\roi_classifier_training\2-3 glass\suite2p\plane0\F.npy,66
1,C:\Users\mzinn1\Desktop\Datasets\roi_classifier_training\2-3 glass\suite2p\plane0\F.npy,204
1,C:\Users\mzinn1\Desktop\Datasets\roi_classifier_training\2-3 glass\suite2p\plane0\F.npy,312
0,C:\Users\mzinn1\Desktop\Datasets\roi_classifier_training\2-3 glass\suite2p\plane0\F.npy,491
1,C:\Users\mzinn1\Desktop\Datasets\roi_classifier_training\2-3 glass\suite2p\plane0\F.npy,14
1,C:\Users\mzinn1\Desktop\Datasets\roi_classifier_training\2-3 glass\suite2p\plane0\F.npy,84
1,C:\Users\mzinn1\Desktop\Datasets\roi_classifier_training\2-3 glass\suite2p\plane0\F.npy,221
1,C:\Users\mzinn1\Desktop\Datasets\roi_classifier_training\2-3 glass\suite2p\plane0\F.npy,228
1,C:\Users\mzinn1\Desktop\Datasets\roi_classifier_training\2-3 glass\suite2p\plane0\F.npy,37
0,C:\Users\mzinn1\Desktop\Datasets\roi_classifier_training\2-3 glass\suite2p\plane0\F.npy,256
1,C:\Users\mzinn1\Desktop\Datasets\roi_classifier_training\2-3 glass\suite2p\plane0\F.npy,158
1,C:\Users\mzinn1\Desktop\Datasets\roi_classifier_training\2-3 glass\suite2p\plane0\F.npy,378
1,C:\Users\mzinn1\Desktop\Datasets\roi_classifier_training\2-3 glass\suite2p\plane0\F.npy,328
1,C:\Users\mzinn1\Desktop\Datasets\roi_classifier_training\2-3 glass\suite2p\plane0\F.npy,355
1,C:\Users\mzinn1\Desktop\Datasets\roi_classifier_training\2-3 glass\suite2p\plane0\F.npy,250
1,C:\Users\mzinn1\Desktop\Datasets\roi_classifier_training\2-3 glass\suite2p\plane0\F.npy,468
1,C:\Users\mzinn1\Desktop\Datasets\roi_classifier_training\2-3 glass\suite2p\plane0\F.npy,110
0,C:\Users\mzinn1\Desktop\Datasets\roi_classifier_training\2-3 glass\suite2p\plane0\F.npy,440
1,C:\Users\mzinn1\Desktop\Datasets\roi_classifier_training\2-3 glass\suite2p\plane0\F.npy,19
1,C:\Users\mzinn1\Desktop\Datasets\roi_classifier_training\2-3 glass\suite2p\plane0\F.npy,337
1,C:\Users\mzinn1\Desktop\Datasets\roi_classifier_training\2-3 glass\suite2p\plane0\F.npy,427
1,C:\Users\mzinn1\Desktop\Datasets\roi_classifier_training\2-3 glass\suite2p\plane0\F.npy,213
1,C:\Users\mzinn1\Desktop\Datasets\roi_classifier_training\2-3 glass\suite2p\plane0\F.npy,123
1,C:\Users\mzinn1\Desktop\Datasets\roi_classifier_training\2-3 glass\suite2p\plane0\F.npy,495
1,C:\Users\mzinn1\Desktop\Datasets\roi_classifier_training\2-3 glass\suite2p\plane0\F.npy,489
1,C:\Users\mzinn1\Desktop\Datasets\roi_classifier_training\2-3 glass\suite2p\plane0\F.npy,146
1,C:\Users\mzinn1\Desktop\Datasets\roi_classifier_training\2-3 glass\suite2p\plane0\F.npy,500
1,C:\Users\mzinn1\Desktop\Datasets\roi_classifier_training\2-3 glass\suite2p\plane0\F.npy,519
0,C:\Users\mzinn1\Desktop\Datasets\roi_classifier_training\2-3 glass\suite2p\plane0\F.npy,369
1,C:\Users\mzinn1\Desktop\Datasets\roi_classifier_training\2-3 glass\suite2p\plane0\F.npy,249
1,C:\Users\mzinn1\Desktop\Datasets\roi_classifier_training\2-3 glass\suite2p\plane0\F.npy,127
1,C:\Users\mzinn1\Desktop\Datasets\roi_classifier_training\2-3 glass\suite2p\plane0\F.npy,69
1,C:\Users\mzinn1\Desktop\Datasets\roi_classifier_training\2-3 glass\suite2p\plane0\F.npy,211
1,C:\Users\mzinn1\Desktop\Datasets\roi_classifier_training\2-3 glass\suite2p\plane0\F.npy,275
1,C:\Users\mzinn1\Desktop\Datasets\roi_classifier_training\2-3 glass\suite2p\plane0\F.npy,499
1,C:\Users\mzinn1\Desktop\Datasets\roi_classifier_training\2-3 glass\suite2p\plane0\F.npy,494
1,C:\Users\mzinn1\Desktop\Datasets\roi_classifier_training\2-3 glass\suite2p\plane0\F.npy,572
1,C:\Users\mzinn1\Desktop\Datasets\roi_classifier_training\2-3 glass\suite2p\plane0\F.npy,409
0,C:\Users\mzinn1\Desktop\Datasets\roi_classifier_training\2-3 glass\suite2p\plane0\F.npy,278
1,C:\Users\mzinn1\Desktop\Datasets\roi_classifier_training\2-3 glass\suite2p\plane0\F.npy,412
1,C:\Users\mzinn1\Desktop\Datasets\roi_classifier_training\2-3 glass\suite2p\plane0\F.npy,320
1,C:\Users\mzinn1\Desktop\Datasets\roi_classifier_training\2-3 glass\suite2p\plane0\F.npy,272
1,C:\Users\mzinn1\Desktop\Datasets\roi_classifier_training\2-3 glass\suite2p\plane0\F.npy,492
1,C:\Users\mzinn1\Desktop\Datasets\roi_classifier_training\2-3 glass\suite2p\plane0\F.npy,433
1,C:\Users\mzinn1\Desktop\Datasets\roi_classifier_training\2-3 glass\suite2p\plane0\F.npy,311
1,C:\Users\mzinn1\Desktop\Datasets\roi_classifier_training\2-3 glass\suite2p\plane0\F.npy,293
0,C:\Users\mzinn1\Desktop\Datasets\roi_classifier_training\2-3 glass\suite2p\plane0\F.npy,552
1,C:\Users\mzinn1\Desktop\Datasets\roi_classifier_training\2-3 glass\suite2p\plane0\F.npy,45
1,C:\Users\mzinn1\Desktop\Datasets\roi_classifier_training\2-3 glass\suite2p\plane0\F.npy,162
1,C:\Users\mzinn1\Desktop\Datasets\roi_classifier_training\2-3 glass\suite2p\plane0\F.npy,389
1,C:\Users\mzinn1\Desktop\Datasets\roi_classifier_training\2-3 glass\suite2p\plane0\F.npy,410
1,C:\Users\mzinn1\Desktop\Datasets\roi_classifier_training\2-3 glass\suite2p\plane0\F.npy,285
1,C:\Users\mzinn1\Desktop\Datasets\roi_classifier_training\2-3 glass\suite2p\plane0\F.npy,336
0,C:\Users\mzinn1\Desktop\Datasets\roi_classifier_training\2-3 glass\suite2p\plane0\F.npy,359
1,C:\Users\mzinn1\Desktop\Datasets\roi_classifier_training\2-3 glass\suite2p\plane0\F.npy,536
1,C:\Users\mzinn1\Desktop\Datasets\roi_classifier_training\2-3 glass\suite2p\plane0\F.npy,172
0,C:\Users\mzinn1\Desktop\Datasets\roi_classifier_training\2-3 glass\suite2p\plane0\F.npy,525
1,C:\Users\mzinn1\Desktop\Datasets\roi_classifier_training\2-3 glass\suite2p\plane0\F.npy,554
1,C:\Users\mzinn1\Desktop\Datasets\roi_classifier_training\2-3 glass\suite2p\plane0\F.npy,267
1,C:\Users\mzinn1\Desktop\Datasets\roi_classifier_training\2-3 glass\suite2p\plane0\F.npy,166
1,C:\Users\mzinn1\Desktop\Datasets\roi_classifier_training\2-3 glass\suite2p\plane0\F.npy,290
1,C:\Users\mzinn1\Desktop\Datasets\roi_classifier_training\2-3 glass\suite2p\plane0\F.npy,420
1,C:\Users\mzinn1\Desktop\Datasets\roi_classifier_training\2-3 glass\suite2p\plane0\F.npy,292
1,C:\Users\mzinn1\Desktop\Datasets\roi_classifier_training\2-3 glass\suite2p\plane0\F.npy,212
1,C:\Users\mzinn1\Desktop\Datasets\roi_classifier_training\2-3 glass\suite2p\plane0\F.npy,370
1,C:\Users\mzinn1\Desktop\Datasets\roi_classifier_training\2-3 glass\suite2p\plane0\F.npy,295
1,C:\Users\mzinn1\Desktop\Datasets\roi_classifier_training\2-3 glass\suite2p\plane0\F.npy,168
1,C:\Users\mzinn1\Desktop\Datasets\roi_classifier_training\2-3 glass\suite2p\plane0\F.npy,139
1,C:\Users\mzinn1\Desktop\Datasets\roi_classifier_training\2-3 glass\suite2p\plane0\F.npy,329
1,C:\Users\mzinn1\Desktop\Datasets\roi_classifier_training\2-3 glass\suite2p\plane0\F.npy,47
1,C:\Users\mzinn1\Desktop\Datasets\roi_classifier_training\2-3 glass\suite2p\plane0\F.npy,188
1,C:\Users\mzinn1\Desktop\Datasets\roi_classifier_training\2-3 glass\suite2p\plane0\F.npy,152
1,C:\Users\mzinn1\Desktop\Datasets\roi_classifier_training\2-3 glass\suite2p\plane0\F.npy,380
1,C:\Users\mzinn1\Desktop\Datasets\roi_classifier_training\2-3 glass\suite2p\plane0\F.npy,8
1,C:\Users\mzinn1\Desktop\Datasets\roi_classifier_training\2-3 glass\suite2p\plane0\F.npy,375
1,C:\Users\mzinn1\Desktop\Datasets\roi_classifier_training\2-3 glass\suite2p\plane0\F.npy,130
1,C:\Users\mzinn1\Desktop\Datasets\roi_classifier_training\2-3 glass\suite2p\plane0\F.npy,562
1,C:\Users\mzinn1\Desktop\Datasets\roi_classifier_training\2-3 glass\suite2p\plane0\F.npy,448
1,C:\Users\mzinn1\Desktop\Datasets\roi_classifier_training\2-3 glass\suite2p\plane0\F.npy,34
1,C:\Users\mzinn1\Desktop\Datasets\roi_classifier_training\2-3 glass\suite2p\plane0\F.npy,96
1,C:\Users\mzinn1\Desktop\Datasets\roi_classifier_training\2-3 glass\suite2p\plane0\F.npy,215
1,C:\Users\mzinn1\Desktop\Datasets\roi_classifier_training\2-3 glass\suite2p\plane0\F.npy,422
1,C:\Users\mzinn1\Desktop\Datasets\roi_classifier_training\2-3 glass\suite2p\plane0\F.npy,236
1,C:\Users\mzinn1\Desktop\Datasets\roi_classifier_training\2-3 glass\suite2p\plane0\F.npy,170
1,C:\Users\mzinn1\Desktop\Datasets\roi_classifier_training\2-3 glass\suite2p\plane0\F.npy,191
1,C:\Users\mzinn1\Desktop\Datasets\roi_classifier_training\2-3 glass\suite2p\plane0\F.npy,532
1,C:\Users\mzinn1\Desktop\Datasets\roi_classifier_training\2-3 glass\suite2p\plane0\F.npy,315
1,C:\Users\mzinn1\Desktop\Datasets\roi_classifier_training\2-3 glass\suite2p\plane0\F.npy,259
1,C:\Users\mzinn1\Desktop\Datasets\roi_classifier_training\2-3 glass\suite2p\plane0\F.npy,514
1,C:\Users\mzinn1\Desktop\Datasets\roi_classifier_training\2-3 glass\suite2p\plane0\F.npy,114
1,C:\Users\mzinn1\Desktop\Datasets\roi_classifier_training\2-3 glass\suite2p\plane0\F.npy,496
1,C:\Users\mzinn1\Desktop\Datasets\roi_classifier_training\2-3 glass\suite2p\plane0\F.npy,81
0,C:\Users\mzinn1\Desktop\Datasets\roi_classifier_training\2-3 glass\suite2p\plane0\F.npy,305
1,C:\Users\mzinn1\Desktop\Datasets\roi_classifier_training\2-3 glass\suite2p\plane0\F.npy,24
0,C:\Users\mzinn1\Desktop\Datasets\roi_classifier_training\2-3 glass\suite2p\plane0\F.npy,86
1,C:\Users\mzinn1\Desktop\Datasets\roi_classifier_training\2-3 glass\suite2p\plane0\F.npy,111
1,C:\Users\mzinn1\Desktop\Datasets\roi_classifier_training\2-3 glass\suite2p\plane0\F.npy,115
1,C:\Users\mzinn1\Desktop\Datasets\roi_classifier_training\2-3 glass\suite2p\plane0\F.npy,308
1,C:\Users\mzinn1\Desktop\Datasets\roi_classifier_training\2-3 glass\suite2p\plane0\F.npy,182
1,C:\Users\mzinn1\Desktop\Datasets\roi_classifier_training\2-3 glass\suite2p\plane0\F.npy,513
1,C:\Users\mzinn1\Desktop\Datasets\roi_classifier_training\2-3 glass\suite2p\plane0\F.npy,530
1,C:\Users\mzinn1\Desktop\Datasets\roi_classifier_training\2-3 glass\suite2p\plane0\F.npy,302
1,C:\Users\mzinn1\Desktop\Datasets\roi_classifier_training\2-3 glass\suite2p\plane0\F.npy,91
1,C:\Users\mzinn1\Desktop\Datasets\roi_classifier_training\2-3 glass\suite2p\plane0\F.npy,443
1,C:\Users\mzinn1\Desktop\Datasets\roi_classifier_training\2-3 glass\suite2p\plane0\F.npy,482
1,C:\Users\mzinn1\Desktop\Datasets\roi_classifier_training\2-3 glass\suite2p\plane0\F.npy,358
1,C:\Users\mzinn1\Desktop\Datasets\roi_classifier_training\2-3 glass\suite2p\plane0\F.npy,502
1,C:\Users\mzinn1\Desktop\Datasets\roi_classifier_training\2-3 glass\suite2p\plane0\F.npy,95
1,C:\Users\mzinn1\Desktop\Datasets\roi_classifier_training\2-3 glass\suite2p\plane0\F.npy,429
1,C:\Users\mzinn1\Desktop\Datasets\roi_classifier_training\2-3 glass\suite2p\plane0\F.npy,196
1,C:\Users\mzinn1\Desktop\Datasets\roi_classifier_training\2-4 glass\suite2p\plane0\F.npy,277
1,C:\Users\mzinn1\Desktop\Datasets\roi_classifier_training\2-4 glass\suite2p\plane0\F.npy,257
1,C:\Users\mzinn1\Desktop\Datasets\roi_classifier_training\2-4 glass\suite2p\plane0\F.npy,216
1,C:\Users\mzinn1\Desktop\Datasets\roi_classifier_training\2-4 glass\suite2p\plane0\F.npy,131
1,C:\Users\mzinn1\Desktop\Datasets\roi_classifier_training\2-4 glass\suite2p\plane0\F.npy,40
1,C:\Users\mzinn1\Desktop\Datasets\roi_classifier_training\2-4 glass\suite2p\plane0\F.npy,312
1,C:\Users\mzinn1\Desktop\Datasets\roi_classifier_training\2-4 glass\suite2p\plane0\F.npy,146
1,C:\Users\mzinn1\Desktop\Datasets\roi_classifier_training\2-4 glass\suite2p\plane0\F.npy,108
1,C:\Users\mzinn1\Desktop\Datasets\roi_classifier_training\2-4 glass\suite2p\plane0\F.npy,121
1,C:\Users\mzinn1\Desktop\Datasets\roi_classifier_training\2-4 glass\suite2p\plane0\F.npy,167
1,C:\Users\mzinn1\Desktop\Datasets\roi_classifier_training\2-4 glass\suite2p\plane0\F.npy,140
1,C:\Users\mzinn1\Desktop\Datasets\roi_classifier_training\2-4 glass\suite2p\plane0\F.npy,90
1,C:\Users\mzinn1\Desktop\Datasets\roi_classifier_training\2-4 glass\suite2p\plane0\F.npy,107
1,C:\Users\mzinn1\Desktop\Datasets\roi_classifier_training\2-4 glass\suite2p\plane0\F.npy,38
1,C:\Users\mzinn1\Desktop\Datasets\roi_classifier_training\2-4 glass\suite2p\plane0\F.npy,154
1,C:\Users\mzinn1\Desktop\Datasets\roi_classifier_training\2-4 glass\suite2p\plane0\F.npy,161
1,C:\Users\mzinn1\Desktop\Datasets\roi_classifier_training\2-4 glass\suite2p\plane0\F.npy,81
1,C:\Users\mzinn1\Desktop\Datasets\roi_classifier_training\2-4 glass\suite2p\plane0\F.npy,165
1,C:\Users\mzinn1\Desktop\Datasets\roi_classifier_training\2-4 glass\suite2p\plane0\F.npy,52
1,C:\Users\mzinn1\Desktop\Datasets\roi_classifier_training\2-4 glass\suite2p\plane0\F.npy,87
1,C:\Users\mzinn1\Desktop\Datasets\roi_classifier_training\2-4 glass\suite2p\plane0\F.npy,221
1,C:\Users\mzinn1\Desktop\Datasets\roi_classifier_training\2-4 glass\suite2p\plane0\F.npy,106
1,C:\Users\mzinn1\Desktop\Datasets\roi_classifier_training\2-4 glass\suite2p\plane0\F.npy,173
1,C:\Users\mzinn1\Desktop\Datasets\roi_classifier_training\2-4 glass\suite2p\plane0\F.npy,274
1,C:\Users\mzinn1\Desktop\Datasets\roi_classifier_training\2-4 glass\suite2p\plane0\F.npy,233
0,C:\Users\mzinn1\Desktop\Datasets\roi_classifier_training\2-4 glass\suite2p\plane0\F.npy,53
1,C:\Users\mzinn1\Desktop\Datasets\roi_classifier_training\2-4 glass\suite2p\plane0\F.npy,184
1,C:\Users\mzinn1\Desktop\Datasets\roi_classifier_training\2-4 glass\suite2p\plane0\F.npy,278
1,C:\Users\mzinn1\Desktop\Datasets\roi_classifier_training\2-4 glass\suite2p\plane0\F.npy,295
1,C:\Users\mzinn1\Desktop\Datasets\roi_classifier_training\2-4 glass\suite2p\plane0\F.npy,30
1,C:\Users\mzinn1\Desktop\Datasets\roi_classifier_training\2-4 glass\suite2p\plane0\F.npy,269
1,C:\Users\mzinn1\Desktop\Datasets\roi_classifier_training\2-4 glass\suite2p\plane0\F.npy,187
0,C:\Users\mzinn1\Desktop\Datasets\roi_classifier_training\2-4 glass\suite2p\plane0\F.npy,325
1,C:\Users\mzinn1\Desktop\Datasets\roi_classifier_training\2-4 glass\suite2p\plane0\F.npy,253
1,C:\Users\mzinn1\Desktop\Datasets\roi_classifier_training\2-4 glass\suite2p\plane0\F.npy,172
1,C:\Users\mzinn1\Desktop\Datasets\roi_classifier_training\2-4 glass\suite2p\plane0\F.npy,230
1,C:\Users\mzinn1\Desktop\Datasets\roi_classifier_training\2-4 glass\suite2p\plane0\F.npy,228
1,C:\Users\mzinn1\Desktop\Datasets\roi_classifier_training\2-4 glass\suite2p\plane0\F.npy,248
1,C:\Users\mzinn1\Desktop\Datasets\roi_classifier_training\2-4 glass\suite2p\plane0\F.npy,9
0,C:\Users\mzinn1\Desktop\Datasets\roi_classifier_training\2-4 glass\suite2p\plane0\F.npy,75
1,C:\Users\mzinn1\Desktop\Datasets\roi_classifier_training\2-4 glass\suite2p\plane0\F.npy,227
1,C:\Users\mzinn1\Desktop\Datasets\roi_classifier_training\2-4 glass\suite2p\plane0\F.npy,185
1,C:\Users\mzinn1\Desktop\Datasets\roi_classifier_training\2-4 glass\suite2p\plane0\F.npy,51
0,C:\Users\mzinn1\Desktop\Datasets\roi_classifier_training\2-4 glass\suite2p\plane0\F.npy,15
1,C:\Users\mzinn1\Desktop\Datasets\roi_classifier_training\2-4 glass\suite2p\plane0\F.npy,218
1,C:\Users\mzinn1\Desktop\Datasets\roi_classifier_training\2-4 glass\suite2p\plane0\F.npy,332
1,C:\Users\mzinn1\Desktop\Datasets\roi_classifier_training\2-4 glass\suite2p\plane0\F.npy,22
1,C:\Users\mzinn1\Desktop\Datasets\roi_classifier_training\2-4 glass\suite2p\plane0\F.npy,26
1,C:\Users\mzinn1\Desktop\Datasets\roi_classifier_training\2-4 glass\suite2p\plane0\F.npy,18
1,C:\Users\mzinn1\Desktop\Datasets\roi_classifier_training\2-4 glass\suite2p\plane0\F.npy,93
1,C:\Users\mzinn1\Desktop\Datasets\roi_classifier_training\2-4 glass\suite2p\plane0\F.npy,96
0,C:\Users\mzinn1\Desktop\Datasets\roi_classifier_training\2-4 glass\suite2p\plane0\F.npy,210
1,C:\Users\mzinn1\Desktop\Datasets\roi_classifier_training\2-4 glass\suite2p\plane0\F.npy,286
1,C:\Users\mzinn1\Desktop\Datasets\roi_classifier_training\2-4 glass\suite2p\plane0\F.npy,113
1,C:\Users\mzinn1\Desktop\Datasets\roi_classifier_training\2-4 glass\suite2p\plane0\F.npy,239
1,C:\Users\mzinn1\Desktop\Datasets\roi_classifier_training\2-4 glass\suite2p\plane0\F.npy,178
1,C:\Users\mzinn1\Desktop\Datasets\roi_classifier_training\2-4 glass\suite2p\plane0\F.npy,243
1,C:\Users\mzinn1\Desktop\Datasets\roi_classifier_training\2-4 glass\suite2p\plane0\F.npy,298
1,C:\Users\mzinn1\Desktop\Datasets\roi_classifier_training\2-4 glass\suite2p\plane0\F.npy,266
1,C:\Users\mzinn1\Desktop\Datasets\roi_classifier_training\2-4 glass\suite2p\plane0\F.npy,118
1,C:\Users\mzinn1\Desktop\Datasets\roi_classifier_training\2-4 glass\suite2p\plane0\F.npy,120
1,C:\Users\mzinn1\Desktop\Datasets\roi_classifier_training\2-4 glass\suite2p\plane0\F.npy,162
0,C:\Users\mzinn1\Desktop\Datasets\roi_classifier_training\2-4 glass\suite2p\plane0\F.npy,56
1,C:\Users\mzinn1\Desktop\Datasets\roi_classifier_training\2-4 glass\suite2p\plane0\F.npy,192
1,C:\Users\mzinn1\Desktop\Datasets\roi_classifier_training\2-4 glass\suite2p\plane0\F.npy,201
1,C:\Users\mzinn1\Desktop\Datasets\roi_classifier_training\2-4 glass\suite2p\plane0\F.npy,129
1,C:\Users\mzinn1\Desktop\Datasets\roi_classifier_training\2-4 glass\suite2p\plane0\F.npy,236
1,C:\Users\mzinn1\Desktop\Datasets\roi_classifier_training\2-L\suite2p\plane0\F.npy,84
0,C:\Users\mzinn1\Desktop\Datasets\roi_classifier_training\2-L\suite2p\plane0\F.npy,112
0,C:\Users\mzinn1\Desktop\Datasets\roi_classifier_training\2-L\suite2p\plane0\F.npy,22
1,C:\Users\mzinn1\Desktop\Datasets\roi_classifier_training\2-L\suite2p\plane0\F.npy,13
0,C:\Users\mzinn1\Desktop\Datasets\roi_classifier_training\2-L\suite2p\plane0\F.npy,111
0,C:\Users\mzinn1\Desktop\Datasets\roi_classifier_training\2-L\suite2p\plane0\F.npy,21
0,C:\Users\mzinn1\Desktop\Datasets\roi_classifier_training\2-L\suite2p\plane0\F.npy,72
0,C:\Users\mzinn1\Desktop\Datasets\roi_classifier_training\2-L\suite2p\plane0\F.npy,42
0,C:\Users\mzinn1\Desktop\Datasets\roi_classifier_training\2-L\suite2p\plane0\F.npy,60
1,C:\Users\mzinn1\Desktop\Datasets\roi_classifier_training\2-L\suite2p\plane0\F.npy,56
0,C:\Users\mzinn1\Desktop\Datasets\roi_classifier_training\2-L\suite2p\plane0\F.npy,50
0,C:\Users\mzinn1\Desktop\Datasets\roi_classifier_training\2-L\suite2p\plane0\F.npy,11
0,C:\Users\mzinn1\Desktop\Datasets\roi_classifier_training\2-L\suite2p\plane0\F.npy,26
0,C:\Users\mzinn1\Desktop\Datasets\roi_classifier_training\2-L\suite2p\plane0\F.npy,16
0,C:\Users\mzinn1\Desktop\Datasets\roi_classifier_training\2-L\suite2p\plane0\F.npy,8
0,C:\Users\mzinn1\Desktop\Datasets\roi_classifier_training\2-L\suite2p\plane0\F.npy,33
0,C:\Users\mzinn1\Desktop\Datasets\roi_classifier_training\2-L\suite2p\plane0\F.npy,58
0,C:\Users\mzinn1\Desktop\Datasets\roi_classifier_training\2-L\suite2p\plane0\F.npy,1
0,C:\Users\mzinn1\Desktop\Datasets\roi_classifier_training\2-L\suite2p\plane0\F.npy,71
0,C:\Users\mzinn1\Desktop\Datasets\roi_classifier_training\2-L\suite2p\plane0\F.npy,15
0,C:\Users\mzinn1\Desktop\Datasets\roi_classifier_training\2-L\suite2p\plane0\F.npy,85
0,C:\Users\mzinn1\Desktop\Datasets\roi_classifier_training\2-L\suite2p\plane0\F.npy,69
0,C:\Users\mzinn1\Desktop\Datasets\roi_classifier_training\2-L\suite2p\plane0\F.npy,36
0,C:\Users\mzinn1\Desktop\Datasets\roi_classifier_training\2-L\suite2p\plane0\F.npy,78
0,C:\Users\mzinn1\Desktop\Datasets\roi_classifier_training\2-L\suite2p\plane0\F.npy,108
0,C:\Users\mzinn1\Desktop\Datasets\roi_classifier_training\2-L\suite2p\plane0\F.npy,23
1,C:\Users\mzinn1\Desktop\Datasets\roi_classifier_training\2-L\suite2p\plane0\F.npy,115
0,C:\Users\mzinn1\Desktop\Datasets\roi_classifier_training\2-L\suite2p\plane0\F.npy,91
0,C:\Users\mzinn1\Desktop\Datasets\roi_classifier_training\2-L\suite2p\plane0\F.npy,43
1,C:\Users\mzinn1\Desktop\Datasets\roi_classifier_training\2-L\suite2p\plane0\F.npy,114
0,C:\Users\mzinn1\Desktop\Datasets\roi_classifier_training\2-L\suite2p\plane0\F.npy,100
1,C:\Users\mzinn1\Desktop\Datasets\roi_classifier_training\2-L\suite2p\plane0\F.npy,80
1,C:\Users\mzinn1\Desktop\Datasets\roi_classifier_training\2-L\suite2p\plane0\F.npy,86
1,C:\Users\mzinn1\Desktop\Datasets\roi_classifier_training\2-L\suite2p\plane0\F.npy,76
0,C:\Users\mzinn1\Desktop\Datasets\roi_classifier_training\2-L\suite2p\plane0\F.npy,35
0,C:\Users\mzinn1\Desktop\Datasets\roi_classifier_training\2-L\suite2p\plane0\F.npy,70
1,C:\Users\mzinn1\Desktop\Datasets\roi_classifier_training\2-L\suite2p\plane0\F.npy,52
1,C:\Users\mzinn1\Desktop\Datasets\roi_classifier_training\2-L\suite2p\plane0\F.npy,14
0,C:\Users\mzinn1\Desktop\Datasets\roi_classifier_training\2-L\suite2p\plane0\F.npy,120
1,C:\Users\mzinn1\Desktop\Datasets\roi_classifier_training\2-L\suite2p\plane0\F.npy,64
0,C:\Users\mzinn1\Desktop\Datasets\roi_classifier_training\2-L\suite2p\plane0\F.npy,113
0,C:\Users\mzinn1\Desktop\Datasets\roi_classifier_training\2-L\suite2p\plane0\F.npy,102
0,C:\Users\mzinn1\Desktop\Datasets\roi_classifier_training\2-L\suite2p\plane0\F.npy,122
1,C:\Users\mzinn1\Desktop\Datasets\roi_classifier_training\2-L\suite2p\plane0\F.npy,25
0,C:\Users\mzinn1\Desktop\Datasets\roi_classifier_training\2-L\suite2p\plane0\F.npy,18
0,C:\Users\mzinn1\Desktop\Datasets\roi_classifier_training\2-L\suite2p\plane0\F.npy,124
0,C:\Users\mzinn1\Desktop\Datasets\roi_classifier_training\2-L\suite2p\plane0\F.npy,117
0,C:\Users\mzinn1\Desktop\Datasets\roi_classifier_training\2-L\suite2p\plane0\F.npy,61
0,C:\Users\mzinn1\Desktop\Datasets\roi_classifier_training\2-L\suite2p\plane0\F.npy,125
1,C:\Users\mzinn1\Desktop\Datasets\roi_classifier_training\2-L\suite2p\plane0\F.npy,41
0,C:\Users\mzinn1\Desktop\Datasets\roi_classifier_training\2-L\suite2p\plane0\F.npy,9
1,C:\Users\mzinn1\Desktop\Datasets\roi_classifier_training_2\2-1\suite2p\plane0\F.npy,348
1,C:\Users\mzinn1\Desktop\Datasets\roi_classifier_training_2\2-1\suite2p\plane0\F.npy,478
0,C:\Users\mzinn1\Desktop\Datasets\roi_classifier_training_2\2-1\suite2p\plane0\F.npy,72
1,C:\Users\mzinn1\Desktop\Datasets\roi_classifier_training_2\2-1\suite2p\plane0\F.npy,333
1,C:\Users\mzinn1\Desktop\Datasets\roi_classifier_training_2\2-1\suite2p\plane0\F.npy,538
0,C:\Users\mzinn1\Desktop\Datasets\roi_classifier_training_2\2-1\suite2p\plane0\F.npy,409
1,C:\Users\mzinn1\Desktop\Datasets\roi_classifier_training_2\2-1\suite2p\plane0\F.npy,223
1,C:\Users\mzinn1\Desktop\Datasets\roi_classifier_training_2\2-1\suite2p\plane0\F.npy,220
0,C:\Users\mzinn1\Desktop\Datasets\roi_classifier_training_2\2-1\suite2p\plane0\F.npy,309
0,C:\Users\mzinn1\Desktop\Datasets\roi_classifier_training_2\2-1\suite2p\plane0\F.npy,210
0,C:\Users\mzinn1\Desktop\Datasets\roi_classifier_training_2\2-1\suite2p\plane0\F.npy,118
1,C:\Users\mzinn1\Desktop\Datasets\roi_classifier_training_2\2-1\suite2p\plane0\F.npy,131
1,C:\Users\mzinn1\Desktop\Datasets\roi_classifier_training_2\2-1\suite2p\plane0\F.npy,202
1,C:\Users\mzinn1\Desktop\Datasets\roi_classifier_training_2\2-1\suite2p\plane0\F.npy,51
1,C:\Users\mzinn1\Desktop\Datasets\roi_classifier_training_2\2-1\suite2p\plane0\F.npy,521
1,C:\Users\mzinn1\Desktop\Datasets\roi_classifier_training_2\2-1\suite2p\plane0\F.npy,45
1,C:\Users\mzinn1\Desktop\Datasets\roi_classifier_training_2\2-1\suite2p\plane0\F.npy,531
0,C:\Users\mzinn1\Desktop\Datasets\roi_classifier_training_2\2-1\suite2p\plane0\F.npy,259
0,C:\Users\mzinn1\Desktop\Datasets\roi_classifier_training_2\2-1\suite2p\plane0\F.npy,221
0,C:\Users\mzinn1\Desktop\Datasets\roi_classifier_training_2\2-1\suite2p\plane0\F.npy,586
1,C:\Users\mzinn1\Desktop\Datasets\roi_classifier_training_2\2-1\suite2p\plane0\F.npy,253
0,C:\Users\mzinn1\Desktop\Datasets\roi_classifier_training_2\2-1\suite2p\plane0\F.npy,184
1,C:\Users\mzinn1\Desktop\Datasets\roi_classifier_training_2\2-1\suite2p\plane0\F.npy,200
1,C:\Users\mzinn1\Desktop\Datasets\roi_classifier_training_2\2-1\suite2p\plane0\F.npy,113
1,C:\Users\mzinn1\Desktop\Datasets\roi_classifier_training_2\2-1\suite2p\plane0\F.npy,504
1,C:\Users\mzinn1\Desktop\Datasets\roi_classifier_training_2\2-1\suite2p\plane0\F.npy,233
0,C:\Users\mzinn1\Desktop\Datasets\roi_classifier_training_2\2-1\suite2p\plane0\F.npy,8
1,C:\Users\mzinn1\Desktop\Datasets\roi_classifier_training_2\2-1\suite2p\plane0\F.npy,366
1,C:\Users\mzinn1\Desktop\Datasets\roi_classifier_training_2\2-1\suite2p\plane0\F.npy,24
0,C:\Users\mzinn1\Desktop\Datasets\roi_classifier_training_2\2-1\suite2p\plane0\F.npy,154
0,C:\Users\mzinn1\Desktop\Datasets\roi_classifier_training_2\2-1\suite2p\plane0\F.npy,52
1,C:\Users\mzinn1\Desktop\Datasets\roi_classifier_training_2\2-1\suite2p\plane0\F.npy,550
1,C:\Users\mzinn1\Desktop\Datasets\roi_classifier_training_2\2-1\suite2p\plane0\F.npy,142
1,C:\Users\mzinn1\Desktop\Datasets\roi_classifier_training_2\2-1\suite2p\plane0\F.npy,393
1,C:\Users\mzinn1\Desktop\Datasets\roi_classifier_training_2\2-1\suite2p\plane0\F.npy,49
1,C:\Users\mzinn1\Desktop\Datasets\roi_classifier_training_2\2-1\suite2p\plane0\F.npy,292
1,C:\Users\mzinn1\Desktop\Datasets\roi_classifier_training_2\2-1\suite2p\plane0\F.npy,546
1,C:\Users\mzinn1\Desktop\Datasets\roi_classifier_training_2\2-1\suite2p\plane0\F.npy,62
0,C:\Users\mzinn1\Desktop\Datasets\roi_classifier_training_2\2-1\suite2p\plane0\F.npy,33
1,C:\Users\mzinn1\Desktop\Datasets\roi_classifier_training_2\2-1\suite2p\plane0\F.npy,214
1,C:\Users\mzinn1\Desktop\Datasets\roi_classifier_training_2\2-1\suite2p\plane0\F.npy,205
0,C:\Users\mzinn1\Desktop\Datasets\roi_classifier_training_2\2-1\suite2p\plane0\F.npy,110
0,C:\Users\mzinn1\Desktop\Datasets\roi_classifier_training_2\2-1\suite2p\plane0\F.npy,479
1,C:\Users\mzinn1\Desktop\Datasets\roi_classifier_training_2\2-1\suite2p\plane0\F.npy,352
0,C:\Users\mzinn1\Desktop\Datasets\roi_classifier_training_2\2-1\suite2p\plane0\F.npy,230
1,C:\Users\mzinn1\Desktop\Datasets\roi_classifier_training_2\2-1\suite2p\plane0\F.npy,314
0,C:\Users\mzinn1\Desktop\Datasets\roi_classifier_training_2\2-1\suite2p\plane0\F.npy,217
1,C:\Users\mzinn1\Desktop\Datasets\roi_classifier_training_2\2-1\suite2p\plane0\F.npy,392
0,C:\Users\mzinn1\Desktop\Datasets\roi_classifier_training_2\2-1\suite2p\plane0\F.npy,575
0,C:\Users\mzinn1\Desktop\Datasets\roi_classifier_training_2\2-1\suite2p\plane0\F.npy,130
1,C:\Users\mzinn1\Desktop\Datasets\roi_classifier_training_2\2-1\suite2p\plane0\F.npy,239
0,C:\Users\mzinn1\Desktop\Datasets\roi_classifier_training_2\2-1\suite2p\plane0\F.npy,178
1,C:\Users\mzinn1\Desktop\Datasets\roi_classifier_training_2\2-1\suite2p\plane0\F.npy,423
1,C:\Users\mzinn1\Desktop\Datasets\roi_classifier_training_2\2-1\suite2p\plane0\F.npy,342
1,C:\Users\mzinn1\Desktop\Datasets\roi_classifier_training_2\2-1\suite2p\plane0\F.npy,446
1,C:\Users\mzinn1\Desktop\Datasets\roi_classifier_training_2\2-1\suite2p\plane0\F.npy,289
1,C:\Users\mzinn1\Desktop\Datasets\roi_classifier_training_2\2-1\suite2p\plane0\F.npy,340
0,C:\Users\mzinn1\Desktop\Datasets\roi_classifier_training_2\2-1\suite2p\plane0\F.npy,145
1,C:\Users\mzinn1\Desktop\Datasets\roi_classifier_training_2\2-1\suite2p\plane0\F.npy,368
1,C:\Users\mzinn1\Desktop\Datasets\roi_classifier_training_2\2-1\suite2p\plane0\F.npy,247
0,C:\Users\mzinn1\Desktop\Datasets\roi_classifier_training_2\2-1\suite2p\plane0\F.npy,26
1,C:\Users\mzinn1\Desktop\Datasets\roi_classifier_training_2\2-1\suite2p\plane0\F.npy,581
1,C:\Users\mzinn1\Desktop\Datasets\roi_classifier_training_2\2-1\suite2p\plane0\F.npy,334
1,C:\Users\mzinn1\Desktop\Datasets\roi_classifier_training_2\2-1\suite2p\plane0\F.npy,488
0,C:\Users\mzinn1\Desktop\Datasets\roi_classifier_training_2\2-1\suite2p\plane0\F.npy,140
1,C:\Users\mzinn1\Desktop\Datasets\roi_classifier_training_2\2-1\suite2p\plane0\F.npy,379
0,C:\Users\mzinn1\Desktop\Datasets\roi_classifier_training_2\2-1\suite2p\plane0\F.npy,48
0,C:\Users\mzinn1\Desktop\Datasets\roi_classifier_training_2\2-1\suite2p\plane0\F.npy,469
0,C:\Users\mzinn1\Desktop\Datasets\roi_classifier_training_2\2-1\suite2p\plane0\F.npy,206
1,C:\Users\mzinn1\Desktop\Datasets\roi_classifier_training_2\2-1\suite2p\plane0\F.npy,260
1,C:\Users\mzinn1\Desktop\Datasets\roi_classifier_training_2\2-1\suite2p\plane0\F.npy,480
0,C:\Users\mzinn1\Desktop\Datasets\roi_classifier_training_2\2-1\suite2p\plane0\F.npy,133
0,C:\Users\mzinn1\Desktop\Datasets\roi_classifier_training_2\2-1\suite2p\plane0\F.npy,579
0,C:\Users\mzinn1\Desktop\Datasets\roi_classifier_training_2\2-1\suite2p\plane0\F.npy,76
1,C:\Users\mzinn1\Desktop\Datasets\roi_classifier_training_2\2-1\suite2p\plane0\F.npy,361
1,C:\Users\mzinn1\Desktop\Datasets\roi_classifier_training_2\2-1\suite2p\plane0\F.npy,463
1,C:\Users\mzinn1\Desktop\Datasets\roi_classifier_training_2\2-1\suite2p\plane0\F.npy,378
1,C:\Users\mzinn1\Desktop\Datasets\roi_classifier_training_2\2-1\suite2p\plane0\F.npy,83
0,C:\Users\mzinn1\Desktop\Datasets\roi_classifier_training_2\2-1\suite2p\plane0\F.npy,264
0,C:\Users\mzinn1\Desktop\Datasets\roi_classifier_training_2\2-1\suite2p\plane0\F.npy,194
0,C:\Users\mzinn1\Desktop\Datasets\roi_classifier_training_2\2-1\suite2p\plane0\F.npy,136
0,C:\Users\mzinn1\Desktop\Datasets\roi_classifier_training_2\2-1\suite2p\plane0\F.npy,65
0,C:\Users\mzinn1\Desktop\Datasets\roi_classifier_training_2\2-1\suite2p\plane0\F.npy,515
0,C:\Users\mzinn1\Desktop\Datasets\roi_classifier_training_2\2-1\suite2p\plane0\F.npy,166
0,C:\Users\mzinn1\Desktop\Datasets\roi_classifier_training_2\2-1\suite2p\plane0\F.npy,161
1,C:\Users\mzinn1\Desktop\Datasets\roi_classifier_training_2\2-1\suite2p\plane0\F.npy,57
1,C:\Users\mzinn1\Desktop\Datasets\roi_classifier_training_2\2-1\suite2p\plane0\F.npy,254
1,C:\Users\mzinn1\Desktop\Datasets\roi_classifier_training_2\2-1\suite2p\plane0\F.npy,374
0,C:\Users\mzinn1\Desktop\Datasets\roi_classifier_training_2\2-1\suite2p\plane0\F.npy,548
1,C:\Users\mzinn1\Desktop\Datasets\roi_classifier_training_2\2-1\suite2p\plane0\F.npy,248
0,C:\Users\mzinn1\Desktop\Datasets\roi_classifier_training_2\2-1\suite2p\plane0\F.npy,124
0,C:\Users\mzinn1\Desktop\Datasets\roi_classifier_training_2\2-1\suite2p\plane0\F.npy,397
0,C:\Users\mzinn1\Desktop\Datasets\roi_classifier_training_2\2-1\suite2p\plane0\F.npy,71
1,C:\Users\mzinn1\Desktop\Datasets\roi_classifier_training_2\2-1\suite2p\plane0\F.npy,238
0,C:\Users\mzinn1\Desktop\Datasets\roi_classifier_training_2\2-1\suite2p\plane0\F.npy,64
1,C:\Users\mzinn1\Desktop\Datasets\roi_classifier_training_2\2-1\suite2p\plane0\F.npy,23
1,C:\Users\mzinn1\Desktop\Datasets\roi_classifier_training_2\2-1\suite2p\plane0\F.npy,467
0,C:\Users\mzinn1\Desktop\Datasets\roi_classifier_training_2\2-1\suite2p\plane0\F.npy,241
0,C:\Users\mzinn1\Desktop\Datasets\roi_classifier_training_2\2-1\suite2p\plane0\F.npy,125
0,C:\Users\mzinn1\Desktop\Datasets\roi_classifier_training_2\2-1\suite2p\plane0\F.npy,306
1,C:\Users\mzinn1\Desktop\Datasets\roi_classifier_training_2\2-1\suite2p\plane0\F.npy,36
1,C:\Users\mzinn1\Desktop\Datasets\roi_classifier_training_2\2-1\suite2p\plane0\F.npy,60
1,C:\Users\mzinn1\Desktop\Datasets\roi_classifier_training_2\2-1\suite2p\plane0\F.npy,87
1,C:\Users\mzinn1\Desktop\Datasets\roi_classifier_training_2\2-1\suite2p\plane0\F.npy,585
1,C:\Users\mzinn1\Desktop\Datasets\roi_classifier_training_2\2-1\suite2p\plane0\F.npy,232
1,C:\Users\mzinn1\Desktop\Datasets\roi_classifier_training_2\2-1\suite2p\plane0\F.npy,511
1,C:\Users\mzinn1\Desktop\Datasets\roi_classifier_training_2\2-1\suite2p\plane0\F.npy,147
1,C:\Users\mzinn1\Desktop\Datasets\roi_classifier_training_2\2-1\suite2p\plane0\F.npy,229
1,C:\Users\mzinn1\Desktop\Datasets\roi_classifier_training_2\2-1\suite2p\plane0\F.npy,250
0,C:\Users\mzinn1\Desktop\Datasets\roi_classifier_training_2\2-1\suite2p\plane0\F.npy,112
1,C:\Users\mzinn1\Desktop\Datasets\roi_classifier_training_2\2-1\suite2p\plane0\F.npy,319
1,C:\Users\mzinn1\Desktop\Datasets\roi_classifier_training_2\2-1\suite2p\plane0\F.npy,422
0,C:\Users\mzinn1\Desktop\Datasets\roi_classifier_training_2\2-1\suite2p\plane0\F.npy,265
1,C:\Users\mzinn1\Desktop\Datasets\roi_classifier_training_2\2-1\suite2p\plane0\F.npy,293
1,C:\Users\mzinn1\Desktop\Datasets\roi_classifier_training_2\2-1\suite2p\plane0\F.npy,249
0,C:\Users\mzinn1\Desktop\Datasets\roi_classifier_training_2\2-1\suite2p\plane0\F.npy,447
1,C:\Users\mzinn1\Desktop\Datasets\roi_classifier_training_2\2-1\suite2p\plane0\F.npy,410
1,C:\Users\mzinn1\Desktop\Datasets\roi_classifier_training_2\2-1\suite2p\plane0\F.npy,555
0,C:\Users\mzinn1\Desktop\Datasets\roi_classifier_training_2\2-1\suite2p\plane0\F.npy,276
0,C:\Users\mzinn1\Desktop\Datasets\roi_classifier_training_2\2-1\suite2p\plane0\F.npy,294
1,C:\Users\mzinn1\Desktop\Datasets\roi_classifier_training_2\2-1\suite2p\plane0\F.npy,316
1,C:\Users\mzinn1\Desktop\Datasets\roi_classifier_training_2\2-1\suite2p\plane0\F.npy,4
1,C:\Users\mzinn1\Desktop\Datasets\roi_classifier_training_2\2-1\suite2p\plane0\F.npy,428
0,C:\Users\mzinn1\Desktop\Datasets\roi_classifier_training_2\2-1\suite2p\plane0\F.npy,181
1,C:\Users\mzinn1\Desktop\Datasets\roi_classifier_training_2\2-1\suite2p\plane0\F.npy,305
1,C:\Users\mzinn1\Desktop\Datasets\roi_classifier_training_2\2-1\suite2p\plane0\F.npy,486
0,C:\Users\mzinn1\Desktop\Datasets\roi_classifier_training_2\2-1\suite2p\plane0\F.npy,81
0,C:\Users\mzinn1\Desktop\Datasets\roi_classifier_training_2\2-2\suite2p\plane0\F.npy,303
1,C:\Users\mzinn1\Desktop\Datasets\roi_classifier_training_2\2-2\suite2p\plane0\F.npy,290
0,C:\Users\mzinn1\Desktop\Datasets\roi_classifier_training_2\2-2\suite2p\plane0\F.npy,113
1,C:\Users\mzinn1\Desktop\Datasets\roi_classifier_training_2\2-2\suite2p\plane0\F.npy,430
0,C:\Users\mzinn1\Desktop\Datasets\roi_classifier_training_2\2-2\suite2p\plane0\F.npy,712
0,C:\Users\mzinn1\Desktop\Datasets\roi_classifier_training_2\2-2\suite2p\plane0\F.npy,746
0,C:\Users\mzinn1\Desktop\Datasets\roi_classifier_training_2\2-2\suite2p\plane0\F.npy,14
0,C:\Users\mzinn1\Desktop\Datasets\roi_classifier_training_2\2-2\suite2p\plane0\F.npy,212
0,C:\Users\mzinn1\Desktop\Datasets\roi_classifier_training_2\2-2\suite2p\plane0\F.npy,120
0,C:\Users\mzinn1\Desktop\Datasets\roi_classifier_training_2\2-2\suite2p\plane0\F.npy,663
0,C:\Users\mzinn1\Desktop\Datasets\roi_classifier_training_2\2-2\suite2p\plane0\F.npy,669
0,C:\Users\mzinn1\Desktop\Datasets\roi_classifier_training_2\2-2\suite2p\plane0\F.npy,319
0,C:\Users\mzinn1\Desktop\Datasets\roi_classifier_training_2\2-2\suite2p\plane0\F.npy,4
0,C:\Users\mzinn1\Desktop\Datasets\roi_classifier_training_2\2-2\suite2p\plane0\F.npy,655
1,C:\Users\mzinn1\Desktop\Datasets\roi_classifier_training_2\2-2\suite2p\plane0\F.npy,48
0,C:\Users\mzinn1\Desktop\Datasets\roi_classifier_training_2\2-2\suite2p\plane0\F.npy,356
0,C:\Users\mzinn1\Desktop\Datasets\roi_classifier_training_2\2-2\suite2p\plane0\F.npy,214
0,C:\Users\mzinn1\Desktop\Datasets\roi_classifier_training_2\2-2\suite2p\plane0\F.npy,171
1,C:\Users\mzinn1\Desktop\Datasets\roi_classifier_training_2\2-2\suite2p\plane0\F.npy,223
0,C:\Users\mzinn1\Desktop\Datasets\roi_classifier_training_2\2-2\suite2p\plane0\F.npy,96
1,C:\Users\mzinn1\Desktop\Datasets\roi_classifier_training_2\2-2\suite2p\plane0\F.npy,757
0,C:\Users\mzinn1\Desktop\Datasets\roi_classifier_training_2\2-2\suite2p\plane0\F.npy,442
1,C:\Users\mzinn1\Desktop\Datasets\roi_classifier_training_2\2-2\suite2p\plane0\F.npy,244
0,C:\Users\mzinn1\Desktop\Datasets\roi_classifier_training_2\2-2\suite2p\plane0\F.npy,674
0,C:\Users\mzinn1\Desktop\Datasets\roi_classifier_training_2\2-2\suite2p\plane0\F.npy,108
1,C:\Users\mzinn1\Desktop\Datasets\roi_classifier_training_2\2-2\suite2p\plane0\F.npy,81
0,C:\Users\mzinn1\Desktop\Datasets\roi_classifier_training_2\2-2\suite2p\plane0\F.npy,770
0,C:\Users\mzinn1\Desktop\Datasets\roi_classifier_training_2\2-2\suite2p\plane0\F.npy,741
1,C:\Users\mzinn1\Desktop\Datasets\roi_classifier_training_2\2-2\suite2p\plane0\F.npy,450
0,C:\Users\mzinn1\Desktop\Datasets\roi_classifier_training_2\2-2\suite2p\plane0\F.npy,141
0,C:\Users\mzinn1\Desktop\Datasets\roi_classifier_training_2\2-2\suite2p\plane0\F.npy,231
0,C:\Users\mzinn1\Desktop\Datasets\roi_classifier_training_2\2-2\suite2p\plane0\F.npy,112
1,C:\Users\mzinn1\Desktop\Datasets\roi_classifier_training_2\2-2\suite2p\plane0\F.npy,213
0,C:\Users\mzinn1\Desktop\Datasets\roi_classifier_training_2\2-2\suite2p\plane0\F.npy,445
0,C:\Users\mzinn1\Desktop\Datasets\roi_classifier_training_2\2-2\suite2p\plane0\F.npy,352
1,C:\Users\mzinn1\Desktop\Datasets\roi_classifier_training_2\2-2\suite2p\plane0\F.npy,387
0,C:\Users\mzinn1\Desktop\Datasets\roi_classifier_training_2\2-2\suite2p\plane0\F.npy,152
0,C:\Users\mzinn1\Desktop\Datasets\roi_classifier_training_2\2-2\suite2p\plane0\F.npy,686
0,C:\Users\mzinn1\Desktop\Datasets\roi_classifier_training_2\2-2\suite2p\plane0\F.npy,411
0,C:\Users\mzinn1\Desktop\Datasets\roi_classifier_training_2\2-2\suite2p\plane0\F.npy,340
0,C:\Users\mzinn1\Desktop\Datasets\roi_classifier_training_2\2-2\suite2p\plane0\F.npy,645
0,C:\Users\mzinn1\Desktop\Datasets\roi_classifier_training_2\2-2\suite2p\plane0\F.npy,443
0,C:\Users\mzinn1\Desktop\Datasets\roi_classifier_training_2\2-2\suite2p\plane0\F.npy,624
0,C:\Users\mzinn1\Desktop\Datasets\roi_classifier_training_2\2-2\suite2p\plane0\F.npy,371
1,C:\Users\mzinn1\Desktop\Datasets\roi_classifier_training_2\2-2\suite2p\plane0\F.npy,370
0,C:\Users\mzinn1\Desktop\Datasets\roi_classifier_training_2\2-2\suite2p\plane0\F.npy,482
0,C:\Users\mzinn1\Desktop\Datasets\roi_classifier_training_2\2-2\suite2p\plane0\F.npy,91
0,C:\Users\mzinn1\Desktop\Datasets\roi_classifier_training_2\2-2\suite2p\plane0\F.npy,497
0,C:\Users\mzinn1\Desktop\Datasets\roi_classifier_training_2\2-2\suite2p\plane0\F.npy,6
0,C:\Users\mzinn1\Desktop\Datasets\roi_classifier_training_2\2-2\suite2p\plane0\F.npy,458
0,C:\Users\mzinn1\Desktop\Datasets\roi_classifier_training_2\2-2\suite2p\plane0\F.npy,540
0,C:\Users\mzinn1\Desktop\Datasets\roi_classifier_training_2\2-2\suite2p\plane0\F.npy,614
1,C:\Users\mzinn1\Desktop\Datasets\roi_classifier_training_2\2-2\suite2p\plane0\F.npy,392
0,C:\Users\mzinn1\Desktop\Datasets\roi_classifier_training_2\2-2\suite2p\plane0\F.npy,22
0,C:\Users\mzinn1\Desktop\Datasets\roi_classifier_training_2\2-2\suite2p\plane0\F.npy,474
0,C:\Users\mzinn1\Desktop\Datasets\roi_classifier_training_2\2-2\suite2p\plane0\F.npy,578
0,C:\Users\mzinn1\Desktop\Datasets\roi_classifier_training_2\2-2\suite2p\plane0\F.npy,314
0,C:\Users\mzinn1\Desktop\Datasets\roi_classifier_training_2\2-2\suite2p\plane0\F.npy,649
0,C:\Users\mzinn1\Desktop\Datasets\roi_classifier_training_2\2-2\suite2p\plane0\F.npy,61
0,C:\Users\mzinn1\Desktop\Datasets\roi_classifier_training_2\2-2\suite2p\plane0\F.npy,560
1,C:\Users\mzinn1\Desktop\Datasets\roi_classifier_training_2\2-2\suite2p\plane0\F.npy,455
0,C:\Users\mzinn1\Desktop\Datasets\roi_classifier_training_2\2-2\suite2p\plane0\F.npy,97
1,C:\Users\mzinn1\Desktop\Datasets\roi_classifier_training_2\2-2\suite2p\plane0\F.npy,270
0,C:\Users\mzinn1\Desktop\Datasets\roi_classifier_training_2\2-2\suite2p\plane0\F.npy,252
0,C:\Users\mzinn1\Desktop\Datasets\roi_classifier_training_2\2-2\suite2p\plane0\F.npy,226
0,C:\Users\mzinn1\Desktop\Datasets\roi_classifier_training_2\2-2\suite2p\plane0\F.npy,261
0,C:\Users\mzinn1\Desktop\Datasets\roi_classifier_training_2\2-2\suite2p\plane0\F.npy,386
0,C:\Users\mzinn1\Desktop\Datasets\roi_classifier_training_2\2-2\suite2p\plane0\F.npy,687
1,C:\Users\mzinn1\Desktop\Datasets\roi_classifier_training_2\2-2\suite2p\plane0\F.npy,194
0,C:\Users\mzinn1\Desktop\Datasets\roi_classifier_training_2\2-2\suite2p\plane0\F.npy,315
0,C:\Users\mzinn1\Desktop\Datasets\roi_classifier_training_2\2-2\suite2p\plane0\F.npy,122
1,C:\Users\mzinn1\Desktop\Datasets\roi_classifier_training_2\2-2\suite2p\plane0\F.npy,406
0,C:\Users\mzinn1\Desktop\Datasets\roi_classifier_training_2\2-2\suite2p\plane0\F.npy,709
0,C:\Users\mzinn1\Desktop\Datasets\roi_classifier_training_2\2-2\suite2p\plane0\F.npy,306
0,C:\Users\mzinn1\Desktop\Datasets\roi_classifier_training_2\2-2\suite2p\plane0\F.npy,585
0,C:\Users\mzinn1\Desktop\Datasets\roi_classifier_training_2\2-2\suite2p\plane0\F.npy,427
0,C:\Users\mzinn1\Desktop\Datasets\roi_classifier_training_2\2-2\suite2p\plane0\F.npy,688
0,C:\Users\mzinn1\Desktop\Datasets\roi_classifier_training_2\2-2\suite2p\plane0\F.npy,756
0,C:\Users\mzinn1\Desktop\Datasets\roi_classifier_training_2\2-2\suite2p\plane0\F.npy,643
0,C:\Users\mzinn1\Desktop\Datasets\roi_classifier_training_2\2-2\suite2p\plane0\F.npy,1
0,C:\Users\mzinn1\Desktop\Datasets\roi_classifier_training_2\2-2\suite2p\plane0\F.npy,35
1,C:\Users\mzinn1\Desktop\Datasets\roi_classifier_training_2\2-2\suite2p\plane0\F.npy,673
0,C:\Users\mzinn1\Desktop\Datasets\roi_classifier_training_2\2-2\suite2p\plane0\F.npy,675
0,C:\Users\mzinn1\Desktop\Datasets\roi_classifier_training_2\2-2\suite2p\plane0\F.npy,753
0,C:\Users\mzinn1\Desktop\Datasets\roi_classifier_training_2\2-2\suite2p\plane0\F.npy,417
0,C:\Users\mzinn1\Desktop\Datasets\roi_classifier_training_2\2-2\suite2p\plane0\F.npy,607
0,C:\Users\mzinn1\Desktop\Datasets\roi_classifier_training_2\2-2\suite2p\plane0\F.npy,544
0,C:\Users\mzinn1\Desktop\Datasets\roi_classifier_training_2\2-2\suite2p\plane0\F.npy,162
0,C:\Users\mzinn1\Desktop\Datasets\roi_classifier_training_2\2-2\suite2p\plane0\F.npy,506
1,C:\Users\mzinn1\Desktop\Datasets\roi_classifier_training_2\2-2\suite2p\plane0\F.npy,418
0,C:\Users\mzinn1\Desktop\Datasets\roi_classifier_training_2\2-2\suite2p\plane0\F.npy,380
1,C:\Users\mzinn1\Desktop\Datasets\roi_classifier_training_2\2-2\suite2p\plane0\F.npy,543
0,C:\Users\mzinn1\Desktop\Datasets\roi_classifier_training_2\2-2\suite2p\plane0\F.npy,563
0,C:\Users\mzinn1\Desktop\Datasets\roi_classifier_training_2\2-2\suite2p\plane0\F.npy,133
0,C:\Users\mzinn1\Desktop\Datasets\roi_classifier_training_2\2-2\suite2p\plane0\F.npy,228
1,C:\Users\mzinn1\Desktop\Datasets\roi_classifier_training_2\2-2\suite2p\plane0\F.npy,502
1,C:\Users\mzinn1\Desktop\Datasets\roi_classifier_training_2\2-2\suite2p\plane0\F.npy,555
0,C:\Users\mzinn1\Desktop\Datasets\roi_classifier_training_2\2-2\suite2p\plane0\F.npy,124
1,C:\Users\mzinn1\Desktop\Datasets\roi_classifier_training_2\2-2\suite2p\plane0\F.npy,191
0,C:\Users\mzinn1\Desktop\Datasets\roi_classifier_training_2\2-2\suite2p\plane0\F.npy,8
0,C:\Users\mzinn1\Desktop\Datasets\roi_classifier_training_2\2-2\suite2p\plane0\F.npy,367
0,C:\Users\mzinn1\Desktop\Datasets\roi_classifier_training_2\2-2\suite2p\plane0\F.npy,488
0,C:\Users\mzinn1\Desktop\Datasets\roi_classifier_training_2\2-2\suite2p\plane0\F.npy,251
0,C:\Users\mzinn1\Desktop\Datasets\roi_classifier_training_2\2-2\suite2p\plane0\F.npy,729
0,C:\Users\mzinn1\Desktop\Datasets\roi_classifier_training_2\2-2\suite2p\plane0\F.npy,125
0,C:\Users\mzinn1\Desktop\Datasets\roi_classifier_training_2\2-2\suite2p\plane0\F.npy,118
0,C:\Users\mzinn1\Desktop\Datasets\roi_classifier_training_2\2-2\suite2p\plane0\F.npy,353
0,C:\Users\mzinn1\Desktop\Datasets\roi_classifier_training_2\2-2\suite2p\plane0\F.npy,241
0,C:\Users\mzinn1\Desktop\Datasets\roi_classifier_training_2\2-2\suite2p\plane0\F.npy,254
0,C:\Users\mzinn1\Desktop\Datasets\roi_classifier_training_2\2-2\suite2p\plane0\F.npy,277
1,C:\Users\mzinn1\Desktop\Datasets\roi_classifier_training_2\2-2\suite2p\plane0\F.npy,650
0,C:\Users\mzinn1\Desktop\Datasets\roi_classifier_training_2\2-2\suite2p\plane0\F.npy,31
0,C:\Users\mzinn1\Desktop\Datasets\roi_classifier_training_2\2-2\suite2p\plane0\F.npy,529
0,C:\Users\mzinn1\Desktop\Datasets\roi_classifier_training_2\2-2\suite2p\plane0\F.npy,514
1,C:\Users\mzinn1\Desktop\Datasets\roi_classifier_training_2\2-2\suite2p\plane0\F.npy,186
0,C:\Users\mzinn1\Desktop\Datasets\roi_classifier_training_2\2-2\suite2p\plane0\F.npy,704
1,C:\Users\mzinn1\Desktop\Datasets\roi_classifier_training_2\2-2\suite2p\plane0\F.npy,236
0,C:\Users\mzinn1\Desktop\Datasets\roi_classifier_training_2\2-2\suite2p\plane0\F.npy,449
1,C:\Users\mzinn1\Desktop\Datasets\roi_classifier_training_2\2-2\suite2p\plane0\F.npy,484
0,C:\Users\mzinn1\Desktop\Datasets\roi_classifier_training_2\2-2\suite2p\plane0\F.npy,728
1,C:\Users\mzinn1\Desktop\Datasets\roi_classifier_training_2\2-2\suite2p\plane0\F.npy,280
0,C:\Users\mzinn1\Desktop\Datasets\roi_classifier_training_2\2-2\suite2p\plane0\F.npy,388
1,C:\Users\mzinn1\Desktop\Datasets\roi_classifier_training_2\2-2\suite2p\plane0\F.npy,527
0,C:\Users\mzinn1\Desktop\Datasets\roi_classifier_training_2\2-2\suite2p\plane0\F.npy,467
0,C:\Users\mzinn1\Desktop\Datasets\roi_classifier_training_2\2-2\suite2p\plane0\F.npy,428
0,C:\Users\mzinn1\Desktop\Datasets\roi_classifier_training_2\2-2\suite2p\plane0\F.npy,448
0,C:\Users\mzinn1\Desktop\Datasets\roi_classifier_training_2\2-2\suite2p\plane0\F.npy,300
0,C:\Users\mzinn1\Desktop\Datasets\roi_classifier_training_2\2-2\suite2p\plane0\F.npy,546
0,C:\Users\mzinn1\Desktop\Datasets\roi_classifier_training_2\2-2\suite2p\plane0\F.npy,115
0,C:\Users\mzinn1\Desktop\Datasets\roi_classifier_training_2\2-2\suite2p\plane0\F.npy,748
0,C:\Users\mzinn1\Desktop\Datasets\roi_classifier_training_2\2-2\suite2p\plane0\F.npy,425
0,C:\Users\mzinn1\Desktop\Datasets\roi_classifier_training_2\2-2\suite2p\plane0\F.npy,2
0,C:\Users\mzinn1\Desktop\Datasets\roi_classifier_training_2\2-2\suite2p\plane0\F.npy,296
1,C:\Users\mzinn1\Desktop\Datasets\roi_classifier_training_2\2-2\suite2p\plane0\F.npy,597
0,C:\Users\mzinn1\Desktop\Datasets\roi_classifier_training_2\2-2\suite2p\plane0\F.npy,733
0,C:\Users\mzinn1\Desktop\Datasets\roi_classifier_training_2\2-2\suite2p\plane0\F.npy,378
0,C:\Users\mzinn1\Desktop\Datasets\roi_classifier_training_2\2-2\suite2p\plane0\F.npy,426
0,C:\Users\mzinn1\Desktop\Datasets\roi_classifier_training_2\2-2\suite2p\plane0\F.npy,142
0,C:\Users\mzinn1\Desktop\Datasets\roi_classifier_training_2\2-2\suite2p\plane0\F.npy,218
0,C:\Users\mzinn1\Desktop\Datasets\roi_classifier_training_2\2-2\suite2p\plane0\F.npy,204
1,C:\Users\mzinn1\Desktop\Datasets\roi_classifier_training_2\2-2\suite2p\plane0\F.npy,351
1,C:\Users\mzinn1\Desktop\Datasets\roi_classifier_training_2\2-2\suite2p\plane0\F.npy,40
0,C:\Users\mzinn1\Desktop\Datasets\roi_classifier_training_2\2-2\suite2p\plane0\F.npy,394
0,C:\Users\mzinn1\Desktop\Datasets\roi_classifier_training_2\2-2\suite2p\plane0\F.npy,401
0,C:\Users\mzinn1\Desktop\Datasets\roi_classifier_training_2\2-2\suite2p\plane0\F.npy,678
0,C:\Users\mzinn1\Desktop\Datasets\roi_classifier_training_2\2-2\suite2p\plane0\F.npy,459
0,C:\Users\mzinn1\Desktop\Datasets\roi_classifier_training_2\2-2\suite2p\plane0\F.npy,559
1,C:\Users\mzinn1\Desktop\Datasets\roi_classifier_training_2\2-2\suite2p\plane0\F.npy,452
0,C:\Users\mzinn1\Desktop\Datasets\roi_classifier_training_2\2-2\suite2p\plane0\F.npy,291
1,C:\Users\mzinn1\Desktop\Datasets\roi_classifier_training_2\2-2\suite2p\plane0\F.npy,21
1,C:\Users\mzinn1\Desktop\Datasets\roi_classifier_training_2\2-2\suite2p\plane0\F.npy,332
0,C:\Users\mzinn1\Desktop\Datasets\roi_classifier_training_2\2-2\suite2p\plane0\F.npy,333
0,C:\Users\mzinn1\Desktop\Datasets\roi_classifier_training_2\2-2\suite2p\plane0\F.npy,564
0,C:\Users\mzinn1\Desktop\Datasets\roi_classifier_training_2\2-2\suite2p\plane0\F.npy,247
0,C:\Users\mzinn1\Desktop\Datasets\roi_classifier_training_2\2-2\suite2p\plane0\F.npy,456
0,C:\Users\mzinn1\Desktop\Datasets\roi_classifier_training_2\2-2\suite2p\plane0\F.npy,755
0,C:\Users\mzinn1\Desktop\Datasets\roi_classifier_training_2\2-2\suite2p\plane0\F.npy,695
0,C:\Users\mzinn1\Desktop\Datasets\roi_classifier_training_2\2-2\suite2p\plane0\F.npy,667
1,C:\Users\mzinn1\Desktop\Datasets\roi_classifier_training_2\2-2\suite2p\plane0\F.npy,230
1,C:\Users\mzinn1\Desktop\Datasets\roi_classifier_training_2\2-2\suite2p\plane0\F.npy,487
0,C:\Users\mzinn1\Desktop\Datasets\roi_classifier_training_2\2-2\suite2p\plane0\F.npy,768
0,C:\Users\mzinn1\Desktop\Datasets\roi_classifier_training_2\2-2\suite2p\plane0\F.npy,177
0,C:\Users\mzinn1\Desktop\Datasets\roi_classifier_training_2\2-2\suite2p\plane0\F.npy,554
0,C:\Users\mzinn1\Desktop\Datasets\roi_classifier_training_2\2-2\suite2p\plane0\F.npy,493
0,C:\Users\mzinn1\Desktop\Datasets\roi_classifier_training_2\2-2\suite2p\plane0\F.npy,238
1,C:\Users\mzinn1\Desktop\Datasets\roi_classifier_training_2\2-2\suite2p\plane0\F.npy,168
0,C:\Users\mzinn1\Desktop\Datasets\roi_classifier_training_2\2-2\suite2p\plane0\F.npy,129
1,C:\Users\mzinn1\Desktop\Datasets\roi_classifier_training_2\2-1\suite2p\plane0\F.npy,13
0,C:\Users\mzinn1\Desktop\Datasets\roi_classifier_training_2\2-1\suite2p\plane0\F.npy,433
1,C:\Users\mzinn1\Desktop\Datasets\roi_classifier_training_2\2-1\suite2p\plane0\F.npy,571
1,C:\Users\mzinn1\Desktop\Datasets\roi_classifier_training_2\2-1\suite2p\plane0\F.npy,177
1,C:\Users\mzinn1\Desktop\Datasets\roi_classifier_training_2\2-1\suite2p\plane0\F.npy,497
0,C:\Users\mzinn1\Desktop\Datasets\roi_classifier_training_2\2-1\suite2p\plane0\F.npy,383
1,C:\Users\mzinn1\Desktop\Datasets\roi_classifier_training_2\2-1\suite2p\plane0\F.npy,583
1,C:\Users\mzinn1\Desktop\Datasets\roi_classifier_training_2\2-1\suite2p\plane0\F.npy,568
1,C:\Users\mzinn1\Desktop\Datasets\roi_classifier_training_2\2-1\suite2p\plane0\F.npy,66
0,C:\Users\mzinn1\Desktop\Datasets\roi_classifier_training_2\2-1\suite2p\plane0\F.npy,94
0,C:\Users\mzinn1\Desktop\Datasets\roi_classifier_training_2\2-1\suite2p\plane0\F.npy,12
1,C:\Users\mzinn1\Desktop\Datasets\roi_classifier_training_2\2-1\suite2p\plane0\F.npy,501
1,C:\Users\mzinn1\Desktop\Datasets\roi_classifier_training_2\2-1\suite2p\plane0\F.npy,122
0,C:\Users\mzinn1\Desktop\Datasets\roi_classifier_training_2\2-1\suite2p\plane0\F.npy,157
0,C:\Users\mzinn1\Desktop\Datasets\roi_classifier_training_2\2-1\suite2p\plane0\F.npy,120
0,C:\Users\mzinn1\Desktop\Datasets\roi_classifier_training_2\2-1\suite2p\plane0\F.npy,28
0,C:\Users\mzinn1\Desktop\Datasets\roi_classifier_training_2\2-1\suite2p\plane0\F.npy,128
1,C:\Users\mzinn1\Desktop\Datasets\roi_classifier_training_2\2-1\suite2p\plane0\F.npy,164
1,C:\Users\mzinn1\Desktop\Datasets\roi_classifier_training_2\2-1\suite2p\plane0\F.npy,269
1,C:\Users\mzinn1\Desktop\Datasets\roi_classifier_training_2\2-1\suite2p\plane0\F.npy,565
1,C:\Users\mzinn1\Desktop\Datasets\roi_classifier_training_2\2-1\suite2p\plane0\F.npy,211
1,C:\Users\mzinn1\Desktop\Datasets\roi_classifier_training_2\2-1\suite2p\plane0\F.npy,373
0,C:\Users\mzinn1\Desktop\Datasets\roi_classifier_training_2\2-1\suite2p\plane0\F.npy,165
1,C:\Users\mzinn1\Desktop\Datasets\roi_classifier_training_2\2-1\suite2p\plane0\F.npy,73
1,C:\Users\mzinn1\Desktop\Datasets\roi_classifier_training_2\2-1\suite2p\plane0\F.npy,589
1,C:\Users\mzinn1\Desktop\Datasets\roi_classifier_training_2\2-1\suite2p\plane0\F.npy,506
1,C:\Users\mzinn1\Desktop\Datasets\roi_classifier_training_2\2-1\suite2p\plane0\F.npy,222
1,C:\Users\mzinn1\Desktop\Datasets\roi_classifier_training_2\2-1\suite2p\plane0\F.npy,69
1,C:\Users\mzinn1\Desktop\Datasets\roi_classifier_training_2\2-1\suite2p\plane0\F.npy,461
0,C:\Users\mzinn1\Desktop\Datasets\roi_classifier_training_2\2-1\suite2p\plane0\F.npy,468
0,C:\Users\mzinn1\Desktop\Datasets\roi_classifier_training_2\2-1\suite2p\plane0\F.npy,103
1,C:\Users\mzinn1\Desktop\Datasets\roi_classifier_training_2\2-1\suite2p\plane0\F.npy,355
0,C:\Users\mzinn1\Desktop\Datasets\roi_classifier_training_2\2-1\suite2p\plane0\F.npy,183
1,C:\Users\mzinn1\Desktop\Datasets\roi_classifier_training_2\2-1\suite2p\plane0\F.npy,74
1,C:\Users\mzinn1\Desktop\Datasets\roi_classifier_training_2\2-1\suite2p\plane0\F.npy,559
1,C:\Users\mzinn1\Desktop\Datasets\roi_classifier_training_2\2-1\suite2p\plane0\F.npy,85
1,C:\Users\mzinn1\Desktop\Datasets\roi_classifier_training_2\2-1\suite2p\plane0\F.npy,322
1,C:\Users\mzinn1\Desktop\Datasets\roi_classifier_training_2\2-1\suite2p\plane0\F.npy,588
1,C:\Users\mzinn1\Desktop\Datasets\roi_classifier_training_2\2-1\suite2p\plane0\F.npy,273
1,C:\Users\mzinn1\Desktop\Datasets\roi_classifier_training_2\2-1\suite2p\plane0\F.npy,55
0,C:\Users\mzinn1\Desktop\Datasets\roi_classifier_training_2\2-1\suite2p\plane0\F.npy,438
0,C:\Users\mzinn1\Desktop\Datasets\roi_classifier_training_2\2-1\suite2p\plane0\F.npy,490
0,C:\Users\mzinn1\Desktop\Datasets\roi_classifier_training_2\2-1\suite2p\plane0\F.npy,150
1,C:\Users\mzinn1\Desktop\Datasets\roi_classifier_training_2\2-1\suite2p\plane0\F.npy,426
1,C:\Users\mzinn1\Desktop\Datasets\roi_classifier_training_2\2-1\suite2p\plane0\F.npy,313
1,C:\Users\mzinn1\Desktop\Datasets\roi_classifier_training_2\2-1\suite2p\plane0\F.npy,30
1,C:\Users\mzinn1\Desktop\Datasets\roi_classifier_training_2\2-1\suite2p\plane0\F.npy,435
1,C:\Users\mzinn1\Desktop\Datasets\roi_classifier_training_2\2-1\suite2p\plane0\F.npy,401
0,C:\Users\mzinn1\Desktop\Datasets\roi_classifier_training_2\2-1\suite2p\plane0\F.npy,143
1,C:\Users\mzinn1\Desktop\Datasets\roi_classifier_training_2\2-1\suite2p\plane0\F.npy,442
1,C:\Users\mzinn1\Desktop\Datasets\roi_classifier_training_2\2-1\suite2p\plane0\F.npy,337
0,C:\Users\mzinn1\Desktop\Datasets\roi_classifier_training_2\2-1\suite2p\plane0\F.npy,174
1,C:\Users\mzinn1\Desktop\Datasets\roi_classifier_training_2\2-1\suite2p\plane0\F.npy,159
0,C:\Users\mzinn1\Desktop\Datasets\roi_classifier_training_2\2-1\suite2p\plane0\F.npy,100
0,C:\Users\mzinn1\Desktop\Datasets\roi_classifier_training_2\2-1\suite2p\plane0\F.npy,335
1,C:\Users\mzinn1\Desktop\Datasets\roi_classifier_training_2\2-1\suite2p\plane0\F.npy,190
1,C:\Users\mzinn1\Desktop\Datasets\roi_classifier_training_2\2-1\suite2p\plane0\F.npy,43
1,C:\Users\mzinn1\Desktop\Datasets\roi_classifier_training_2\2-1\suite2p\plane0\F.npy,341
1,C:\Users\mzinn1\Desktop\Datasets\roi_classifier_training_2\2-1\suite2p\plane0\F.npy,420
1,C:\Users\mzinn1\Desktop\Datasets\roi_classifier_training_2\2-1\suite2p\plane0\F.npy,385
1,C:\Users\mzinn1\Desktop\Datasets\roi_classifier_training_2\2-1\suite2p\plane0\F.npy,330
1,C:\Users\mzinn1\Desktop\Datasets\roi_classifier_training_2\2-1\suite2p\plane0\F.npy,390
1,C:\Users\mzinn1\Desktop\Datasets\roi_classifier_training_2\2-1\suite2p\plane0\F.npy,558
0,C:\Users\mzinn1\Desktop\Datasets\roi_classifier_training_2\2-1\suite2p\plane0\F.npy,3
1,C:\Users\mzinn1\Desktop\Datasets\roi_classifier_training_2\2-1\suite2p\plane0\F.npy,291
1,C:\Users\mzinn1\Desktop\Datasets\roi_classifier_training_2\2-1\suite2p\plane0\F.npy,445
1,C:\Users\mzinn1\Desktop\Datasets\roi_classifier_training_2\2-1\suite2p\plane0\F.npy,450
1,C:\Users\mzinn1\Desktop\Datasets\roi_classifier_training_2\2-1\suite2p\plane0\F.npy,281
1,C:\Users\mzinn1\Desktop\Datasets\roi_classifier_training_2\2-1\suite2p\plane0\F.npy,186
0,C:\Users\mzinn1\Desktop\Datasets\roi_classifier_training_2\2-1\suite2p\plane0\F.npy,449
1,C:\Users\mzinn1\Desktop\Datasets\roi_classifier_training_2\2-1\suite2p\plane0\F.npy,358
0,C:\Users\mzinn1\Desktop\Datasets\roi_classifier_training_2\2-1\suite2p\plane0\F.npy,42
1,C:\Users\mzinn1\Desktop\Datasets\roi_classifier_training_2\2-1\suite2p\plane0\F.npy,54
1,C:\Users\mzinn1\Desktop\Datasets\roi_classifier_training_2\2-1\suite2p\plane0\F.npy,149
1,C:\Users\mzinn1\Desktop\Datasets\roi_classifier_training_2\2-1\suite2p\plane0\F.npy,32
1,C:\Users\mzinn1\Desktop\Datasets\roi_classifier_training_2\2-1\suite2p\plane0\F.npy,144
1,C:\Users\mzinn1\Desktop\Datasets\roi_classifier_training_2\2-1\suite2p\plane0\F.npy,216
0,C:\Users\mzinn1\Desktop\Datasets\roi_classifier_training_2\2-1\suite2p\plane0\F.npy,18
0,C:\Users\mzinn1\Desktop\Datasets\roi_classifier_training_2\2-1\suite2p\plane0\F.npy,240
1,C:\Users\mzinn1\Desktop\Datasets\roi_classifier_training_2\2-1\suite2p\plane0\F.npy,523
0,C:\Users\mzinn1\Desktop\Datasets\roi_classifier_training_2\2-1\suite2p\plane0\F.npy,520
1,C:\Users\mzinn1\Desktop\Datasets\roi_classifier_training_2\2-1\suite2p\plane0\F.npy,507
1,C:\Users\mzinn1\Desktop\Datasets\roi_classifier_training_2\2-1\suite2p\plane0\F.npy,261
1,C:\Users\mzinn1\Desktop\Datasets\roi_classifier_training_2\2-1\suite2p\plane0\F.npy,78
1,C:\Users\mzinn1\Desktop\Datasets\roi_classifier_training_2\2-1\suite2p\plane0\F.npy,510
1,C:\Users\mzinn1\Desktop\Datasets\roi_classifier_training_2\2-1\suite2p\plane0\F.npy,172
1,C:\Users\mzinn1\Desktop\Datasets\roi_classifier_training_2\2-1\suite2p\plane0\F.npy,286
0,C:\Users\mzinn1\Desktop\Datasets\roi_classifier_training_2\2-1\suite2p\plane0\F.npy,350
0,C:\Users\mzinn1\Desktop\Datasets\roi_classifier_training_2\2-1\suite2p\plane0\F.npy,14
0,C:\Users\mzinn1\Desktop\Datasets\roi_classifier_training_2\2-1\suite2p\plane0\F.npy,25
1,C:\Users\mzinn1\Desktop\Datasets\roi_classifier_training_2\2-1\suite2p\plane0\F.npy,185
0,C:\Users\mzinn1\Desktop\Datasets\roi_classifier_training_2\2-1\suite2p\plane0\F.npy,34
1,C:\Users\mzinn1\Desktop\Datasets\roi_classifier_training_2\2-1\suite2p\plane0\F.npy,303
0,C:\Users\mzinn1\Desktop\Datasets\roi_classifier_training_2\2-1\suite2p\plane0\F.npy,209
1,C:\Users\mzinn1\Desktop\Datasets\roi_classifier_training_2\2-1\suite2p\plane0\F.npy,7
1,C:\Users\mzinn1\Desktop\Datasets\roi_classifier_training_2\2-1\suite2p\plane0\F.npy,396
0,C:\Users\mzinn1\Desktop\Datasets\roi_classifier_training_2\2-1\suite2p\plane0\F.npy,218
0,C:\Users\mzinn1\Desktop\Datasets\roi_classifier_training_2\2-1\suite2p\plane0\F.npy,487
0,C:\Users\mzinn1\Desktop\Datasets\roi_classifier_training_2\2-1\suite2p\plane0\F.npy,325
1,C:\Users\mzinn1\Desktop\Datasets\roi_classifier_training_2\2-1\suite2p\plane0\F.npy,129
0,C:\Users\mzinn1\Desktop\Datasets\roi_classifier_training_2\2-1\suite2p\plane0\F.npy,53
1,C:\Users\mzinn1\Desktop\Datasets\roi_classifier_training_2\2-1\suite2p\plane0\F.npy,436
0,C:\Users\mzinn1\Desktop\Datasets\roi_classifier_training_2\2-1\suite2p\plane0\F.npy,474
1,C:\Users\mzinn1\Desktop\Datasets\roi_classifier_training_2\2-1\suite2p\plane0\F.npy,252
1,C:\Users\mzinn1\Desktop\Datasets\roi_classifier_training_2\2-1\suite2p\plane0\F.npy,182
1,C:\Users\mzinn1\Desktop\Datasets\roi_classifier_training_2\2-1\suite2p\plane0\F.npy,46
1,C:\Users\mzinn1\Desktop\Datasets\roi_classifier_training_2\2-1\suite2p\plane0\F.npy,10
0,C:\Users\mzinn1\Desktop\Datasets\roi_classifier_training_2\2-1\suite2p\plane0\F.npy,19
1,C:\Users\mzinn1\Desktop\Datasets\roi_classifier_training_2\2-1\suite2p\plane0\F.npy,324
1,C:\Users\mzinn1\Desktop\Datasets\roi_classifier_training_2\2-1\suite2p\plane0\F.npy,153
0,C:\Users\mzinn1\Desktop\Datasets\roi_classifier_training_2\2-1\suite2p\plane0\F.npy,180
1,C:\Users\mzinn1\Desktop\Datasets\roi_classifier_training_2\2-1\suite2p\plane0\F.npy,432
1,C:\Users\mzinn1\Desktop\Datasets\roi_classifier_training_2\2-1\suite2p\plane0\F.npy,188
1,C:\Users\mzinn1\Desktop\Datasets\roi_classifier_training_2\2-1\suite2p\plane0\F.npy,542
1,C:\Users\mzinn1\Desktop\Datasets\roi_classifier_training_2\2-1\suite2p\plane0\F.npy,545
1,C:\Users\mzinn1\Desktop\Datasets\roi_classifier_training_2\2-1\suite2p\plane0\F.npy,408
0,C:\Users\mzinn1\Desktop\Datasets\roi_classifier_training_2\2-1\suite2p\plane0\F.npy,39
0,C:\Users\mzinn1\Desktop\Datasets\roi_classifier_training_2\2-1\suite2p\plane0\F.npy,236
1,C:\Users\mzinn1\Desktop\Datasets\roi_classifier_training_2\2-1\suite2p\plane0\F.npy,496
1,C:\Users\mzinn1\Desktop\Datasets\roi_classifier_training_2\2-1\suite2p\plane0\F.npy,495
1,C:\Users\mzinn1\Desktop\Datasets\roi_classifier_training_2\2-1\suite2p\plane0\F.npy,502
1,C:\Users\mzinn1\Desktop\Datasets\roi_classifier_training_2\2-1\suite2p\plane0\F.npy,354
1,C:\Users\mzinn1\Desktop\Datasets\roi_classifier_training_2\2-1\suite2p\plane0\F.npy,471
1,C:\Users\mzinn1\Desktop\Datasets\roi_classifier_training_2\2-1\suite2p\plane0\F.npy,398
1,C:\Users\mzinn1\Desktop\Datasets\roi_classifier_training_2\2-1\suite2p\plane0\F.npy,415
0,C:\Users\mzinn1\Desktop\Datasets\roi_classifier_training_2\2-1\suite2p\plane0\F.npy,395
0,C:\Users\mzinn1\Desktop\Datasets\roi_classifier_training_2\2-1\suite2p\plane0\F.npy,331
1,C:\Users\mzinn1\Desktop\Datasets\roi_classifier_training_2\2-1\suite2p\plane0\F.npy,582
1,C:\Users\mzinn1\Desktop\Datasets\roi_classifier_training_2\2-1\suite2p\plane0\F.npy,371
1,C:\Users\mzinn1\Desktop\Datasets\roi_classifier_training_2\2-1\suite2p\plane0\F.npy,372
0,C:\Users\mzinn1\Desktop\Datasets\roi_classifier_training_2\2-1\suite2p\plane0\F.npy,98
1,C:\Users\mzinn1\Desktop\Datasets\roi_classifier_training_2\2-1\suite2p\plane0\F.npy,300
0,C:\Users\mzinn1\Desktop\Datasets\roi_classifier_training_2\2-1\suite2p\plane0\F.npy,80
0,C:\Users\mzinn1\Desktop\Datasets\roi_classifier_training_2\2-1\suite2p\plane0\F.npy,580
0,C:\Users\mzinn1\Desktop\Datasets\roi_classifier_training_2\2-1\suite2p\plane0\F.npy,56
1,C:\Users\mzinn1\Desktop\Datasets\roi_classifier_training_2\2-1\suite2p\plane0\F.npy,419
1,C:\Users\mzinn1\Desktop\Datasets\roi_classifier_training_2\2-1\suite2p\plane0\F.npy,549
0,C:\Users\mzinn1\Desktop\Datasets\roi_classifier_training_2\2-1\suite2p\plane0\F.npy,138
1,C:\Users\mzinn1\Desktop\Datasets\roi_classifier_training_2\2-1\suite2p\plane0\F.npy,332
0,C:\Users\mzinn1\Desktop\Datasets\roi_classifier_training_2\2-1\suite2p\plane0\F.npy,93
1,C:\Users\mzinn1\Desktop\Datasets\roi_classifier_training_2\2-1\suite2p\plane0\F.npy,547
1,C:\Users\mzinn1\Desktop\Datasets\roi_classifier_training_2\2-1\suite2p\plane0\F.npy,512
1,C:\Users\mzinn1\Desktop\Datasets\roi_classifier_training_2\2-1\suite2p\plane0\F.npy,255
1,C:\Users\mzinn1\Desktop\Datasets\roi_classifier_training_2\2-1\suite2p\plane0\F.npy,356
1,C:\Users\mzinn1\Desktop\Datasets\roi_classifier_training_2\2-1\suite2p\plane0\F.npy,508
1,C:\Users\mzinn1\Desktop\Datasets\roi_classifier_training_2\2-1\suite2p\plane0\F.npy,246
0,C:\Users\mzinn1\Desktop\Datasets\roi_classifier_training_2\2-1\suite2p\plane0\F.npy,388
1,C:\Users\mzinn1\Desktop\Datasets\roi_classifier_training_2\2-1\suite2p\plane0\F.npy,596
0,C:\Users\mzinn1\Desktop\Datasets\roi_classifier_training_2\2-1\suite2p\plane0\F.npy,572
1,C:\Users\mzinn1\Desktop\Datasets\roi_classifier_training_2\2-1\suite2p\plane0\F.npy,535
0,C:\Users\mzinn1\Desktop\Datasets\roi_classifier_training_2\2-1\suite2p\plane0\F.npy,199
1,C:\Users\mzinn1\Desktop\Datasets\roi_classifier_training_2\2-1\suite2p\plane0\F.npy,176
1,C:\Users\mzinn1\Desktop\Datasets\roi_classifier_training_2\2-1\suite2p\plane0\F.npy,297
1,C:\Users\mzinn1\Desktop\Datasets\roi_classifier_training_2\2-1\suite2p\plane0\F.npy,530
1,C:\Users\mzinn1\Desktop\Datasets\roi_classifier_training_2\2-1\suite2p\plane0\F.npy,457
0,C:\Users\mzinn1\Desktop\Datasets\roi_classifier_training_2\2-1\suite2p\plane0\F.npy,106
1,C:\Users\mzinn1\Desktop\Datasets\roi_classifier_training_2\2-1\suite2p\plane0\F.npy,475
0,C:\Users\mzinn1\Desktop\Datasets\roi_classifier_training_2\2-1\suite2p\plane0\F.npy,262
1,C:\Users\mzinn1\Desktop\Datasets\roi_classifier_training_2\2-1\suite2p\plane0\F.npy,484
0,C:\Users\mzinn1\Desktop\Datasets\roi_classifier_training_2\2-1\suite2p\plane0\F.npy,137
1,C:\Users\mzinn1\Desktop\Datasets\roi_classifier_training_2\2-1\suite2p\plane0\F.npy,597
0,C:\Users\mzinn1\Desktop\Datasets\roi_classifier_training_2\2-1\suite2p\plane0\F.npy,17
1,C:\Users\mzinn1\Desktop\Datasets\roi_classifier_training_2\2-1\suite2p\plane0\F.npy,271
1,C:\Users\mzinn1\Desktop\Datasets\roi_classifier_training_2\2-1\suite2p\plane0\F.npy,524
1,C:\Users\mzinn1\Desktop\Datasets\roi_classifier_training_2\2-1\suite2p\plane0\F.npy,537
1,C:\Users\mzinn1\Desktop\Datasets\roi_classifier_training_2\2-1\suite2p\plane0\F.npy,386
1,C:\Users\mzinn1\Desktop\Datasets\roi_classifier_training_2\2-1\suite2p\plane0\F.npy,377
1,C:\Users\mzinn1\Desktop\Datasets\roi_classifier_training_2\2-1\suite2p\plane0\F.npy,108
0,C:\Users\mzinn1\Desktop\Datasets\roi_classifier_training_2\2-1\suite2p\plane0\F.npy,31
0,C:\Users\mzinn1\Desktop\Datasets\roi_classifier_training_2\2-1\suite2p\plane0\F.npy,532
1,C:\Users\mzinn1\Desktop\Datasets\roi_classifier_training_2\2-1\suite2p\plane0\F.npy,367
1,C:\Users\mzinn1\Desktop\Datasets\roi_classifier_training_2\2-1\suite2p\plane0\F.npy,224
1,C:\Users\mzinn1\Desktop\Datasets\roi_classifier_training_2\2-1\suite2p\plane0\F.npy,258
1,C:\Users\mzinn1\Desktop\Datasets\roi_classifier_training_2\2-1\suite2p\plane0\F.npy,370
0,C:\Users\mzinn1\Desktop\Datasets\roi_classifier_training_2\2-1\suite2p\plane0\F.npy,257
0,C:\Users\mzinn1\Desktop\Datasets\roi_classifier_training_2\2-1\suite2p\plane0\F.npy,15
0,C:\Users\mzinn1\Desktop\Datasets\roi_classifier_training_2\2-1\suite2p\plane0\F.npy,82
1,C:\Users\mzinn1\Desktop\Datasets\roi_classifier_training_2\2-1\suite2p\plane0\F.npy,207
1,C:\Users\mzinn1\Desktop\Datasets\roi_classifier_training_2\2-1\suite2p\plane0\F.npy,225
0,C:\Users\mzinn1\Desktop\Datasets\roi_classifier_training_2\2-2\suite2p\plane0\F.npy,589
0,C:\Users\mzinn1\Desktop\Datasets\roi_classifier_training_2\2-2\suite2p\plane0\F.npy,288
0,C:\Users\mzinn1\Desktop\Datasets\roi_classifier_training_2\2-2\suite2p\plane0\F.npy,760
0,C:\Users\mzinn1\Desktop\Datasets\roi_classifier_training_2\2-2\suite2p\plane0\F.npy,134
1,C:\Users\mzinn1\Desktop\Datasets\roi_classifier_training_2\2-2\suite2p\plane0\F.npy,224
0,C:\Users\mzinn1\Desktop\Datasets\roi_classifier_training_2\2-2\suite2p\plane0\F.npy,646
1,C:\Users\mzinn1\Desktop\Datasets\roi_classifier_training_2\2-2\suite2p\plane0\F.npy,239
1,C:\Users\mzinn1\Desktop\Datasets\roi_classifier_training_2\2-2\suite2p\plane0\F.npy,59
0,C:\Users\mzinn1\Desktop\Datasets\roi_classifier_training_2\2-2\suite2p\plane0\F.npy,278
0,C:\Users\mzinn1\Desktop\Datasets\roi_classifier_training_2\2-2\suite2p\plane0\F.npy,634
0,C:\Users\mzinn1\Desktop\Datasets\roi_classifier_training_2\2-2\suite2p\plane0\F.npy,197
0,C:\Users\mzinn1\Desktop\Datasets\roi_classifier_training_2\2-2\suite2p\plane0\F.npy,160
0,C:\Users\mzinn1\Desktop\Datasets\roi_classifier_training_2\2-2\suite2p\plane0\F.npy,240
0,C:\Users\mzinn1\Desktop\Datasets\roi_classifier_training_2\2-2\suite2p\plane0\F.npy,357
0,C:\Users\mzinn1\Desktop\Datasets\roi_classifier_training_2\2-2\suite2p\plane0\F.npy,715
1,C:\Users\mzinn1\Desktop\Datasets\roi_classifier_training_2\2-2\suite2p\plane0\F.npy,547
0,C:\Users\mzinn1\Desktop\Datasets\roi_classifier_training_2\2-2\suite2p\plane0\F.npy,44
1,C:\Users\mzinn1\Desktop\Datasets\roi_classifier_training_2\2-2\suite2p\plane0\F.npy,568
0,C:\Users\mzinn1\Desktop\Datasets\roi_classifier_training_2\2-2\suite2p\plane0\F.npy,385
0,C:\Users\mzinn1\Desktop\Datasets\roi_classifier_training_2\2-2\suite2p\plane0\F.npy,373
0,C:\Users\mzinn1\Desktop\Datasets\roi_classifier_training_2\2-2\suite2p\plane0\F.npy,538
0,C:\Users\mzinn1\Desktop\Datasets\roi_classifier_training_2\2-2\suite2p\plane0\F.npy,534
0,C:\Users\mzinn1\Desktop\Datasets\roi_classifier_training_2\2-2\suite2p\plane0\F.npy,41
0,C:\Users\mzinn1\Desktop\Datasets\roi_classifier_training_2\2-2\suite2p\plane0\F.npy,219
0,C:\Users\mzinn1\Desktop\Datasets\roi_classifier_training_2\2-2\suite2p\plane0\F.npy,279
0,C:\Users\mzinn1\Desktop\Datasets\roi_classifier_training_2\2-2\suite2p\plane0\F.npy,496
0,C:\Users\mzinn1\Desktop\Datasets\roi_classifier_training_2\2-2\suite2p\plane0\F.npy,53
1,C:\Users\mzinn1\Desktop\Datasets\roi_classifier_training_2\2-2\suite2p\plane0\F.npy,55
0,C:\Users\mzinn1\Desktop\Datasets\roi_classifier_training_2\2-2\suite2p\plane0\F.npy,242
1,C:\Users\mzinn1\Desktop\Datasets\roi_classifier_training_2\2-2\suite2p\plane0\F.npy,293
0,C:\Users\mzinn1\Desktop\Datasets\roi_classifier_training_2\2-2\suite2p\plane0\F.npy,630
1,C:\Users\mzinn1\Desktop\Datasets\roi_classifier_training_2\2-2\suite2p\plane0\F.npy,705
1,C:\Users\mzinn1\Desktop\Datasets\roi_classifier_training_2\2-2\suite2p\plane0\F.npy,652
0,C:\Users\mzinn1\Desktop\Datasets\roi_classifier_training_2\2-2\suite2p\plane0\F.npy,66
1,C:\Users\mzinn1\Desktop\Datasets\roi_classifier_training_2\2-2\suite2p\plane0\F.npy,518
0,C:\Users\mzinn1\Desktop\Datasets\roi_classifier_training_2\2-2\suite2p\plane0\F.npy,395
0,C:\Users\mzinn1\Desktop\Datasets\roi_classifier_training_2\2-2\suite2p\plane0\F.npy,266
0,C:\Users\mzinn1\Desktop\Datasets\roi_classifier_training_2\2-2\suite2p\plane0\F.npy,20
1,C:\Users\mzinn1\Desktop\Datasets\roi_classifier_training_2\2-2\suite2p\plane0\F.npy,396
1,C:\Users\mzinn1\Desktop\Datasets\roi_classifier_training_2\2-2\suite2p\plane0\F.npy,282
0,C:\Users\mzinn1\Desktop\Datasets\roi_classifier_training_2\2-2\suite2p\plane0\F.npy,104
1,C:\Users\mzinn1\Desktop\Datasets\roi_classifier_training_2\2-2\suite2p\plane0\F.npy,377
1,C:\Users\mzinn1\Desktop\Datasets\roi_classifier_training_2\2-2\suite2p\plane0\F.npy,451
0,C:\Users\mzinn1\Desktop\Datasets\roi_classifier_training_2\2-2\suite2p\plane0\F.npy,526
0,C:\Users\mzinn1\Desktop\Datasets\roi_classifier_training_2\2-2\suite2p\plane0\F.npy,656
0,C:\Users\mzinn1\Desktop\Datasets\roi_classifier_training_2\2-2\suite2p\plane0\F.npy,648
1,C:\Users\mzinn1\Desktop\Datasets\roi_classifier_training_2\2-2\suite2p\plane0\F.npy,312
1,C:\Users\mzinn1\Desktop\Datasets\roi_classifier_training_2\2-2\suite2p\plane0\F.npy,325
0,C:\Users\mzinn1\Desktop\Datasets\roi_classifier_training_2\2-2\suite2p\plane0\F.npy,89
1,C:\Users\mzinn1\Desktop\Datasets\roi_classifier_training_2\2-2\suite2p\plane0\F.npy,498
0,C:\Users\mzinn1\Desktop\Datasets\roi_classifier_training_2\2-2\suite2p\plane0\F.npy,773
0,C:\Users\mzinn1\Desktop\Datasets\roi_classifier_training_2\2-2\suite2p\plane0\F.npy,548
0,C:\Users\mzinn1\Desktop\Datasets\roi_classifier_training_2\2-2\suite2p\plane0\F.npy,273
0,C:\Users\mzinn1\Desktop\Datasets\roi_classifier_training_2\2-2\suite2p\plane0\F.npy,696
1,C:\Users\mzinn1\Desktop\Datasets\roi_classifier_training_2\2-2\suite2p\plane0\F.npy,121
0,C:\Users\mzinn1\Desktop\Datasets\roi_classifier_training_2\2-2\suite2p\plane0\F.npy,664
0,C:\Users\mzinn1\Desktop\Datasets\roi_classifier_training_2\2-2\suite2p\plane0\F.npy,341
0,C:\Users\mzinn1\Desktop\Datasets\roi_classifier_training_2\2-2\suite2p\plane0\F.npy,174
0,C:\Users\mzinn1\Desktop\Datasets\roi_classifier_training_2\2-2\suite2p\plane0\F.npy,207
0,C:\Users\mzinn1\Desktop\Datasets\roi_classifier_training_2\2-2\suite2p\plane0\F.npy,179
0,C:\Users\mzinn1\Desktop\Datasets\roi_classifier_training_2\2-2\suite2p\plane0\F.npy,33
0,C:\Users\mzinn1\Desktop\Datasets\roi_classifier_training_2\2-2\suite2p\plane0\F.npy,383
0,C:\Users\mzinn1\Desktop\Datasets\roi_classifier_training_2\2-2\suite2p\plane0\F.npy,374
0,C:\Users\mzinn1\Desktop\Datasets\roi_classifier_training_2\2-2\suite2p\plane0\F.npy,57
0,C:\Users\mzinn1\Desktop\Datasets\roi_classifier_training_2\2-2\suite2p\plane0\F.npy,220
1,C:\Users\mzinn1\Desktop\Datasets\roi_classifier_training_2\2-2\suite2p\plane0\F.npy,38
0,C:\Users\mzinn1\Desktop\Datasets\roi_classifier_training_2\2-2\suite2p\plane0\F.npy,103
1,C:\Users\mzinn1\Desktop\Datasets\roi_classifier_training_2\2-2\suite2p\plane0\F.npy,11
1,C:\Users\mzinn1\Desktop\Datasets\roi_classifier_training_2\2-2\suite2p\plane0\F.npy,264
0,C:\Users\mzinn1\Desktop\Datasets\roi_classifier_training_2\2-2\suite2p\plane0\F.npy,737
0,C:\Users\mzinn1\Desktop\Datasets\roi_classifier_training_2\2-2\suite2p\plane0\F.npy,403
0,C:\Users\mzinn1\Desktop\Datasets\roi_classifier_training_2\2-2\suite2p\plane0\F.npy,420
0,C:\Users\mzinn1\Desktop\Datasets\roi_classifier_training_2\2-2\suite2p\plane0\F.npy,39
0,C:\Users\mzinn1\Desktop\Datasets\roi_classifier_training_2\2-2\suite2p\plane0\F.npy,137
0,C:\Users\mzinn1\Desktop\Datasets\roi_classifier_training_2\2-2\suite2p\plane0\F.npy,636
0,C:\Users\mzinn1\Desktop\Datasets\roi_classifier_training_2\2-2\suite2p\plane0\F.npy,586
0,C:\Users\mzinn1\Desktop\Datasets\roi_classifier_training_2\2-2\suite2p\plane0\F.npy,185
1,C:\Users\mzinn1\Desktop\Datasets\roi_classifier_training_2\2-2\suite2p\plane0\F.npy,313
1,C:\Users\mzinn1\Desktop\Datasets\roi_classifier_training_2\2-2\suite2p\plane0\F.npy,577
0,C:\Users\mzinn1\Desktop\Datasets\roi_classifier_training_2\2-2\suite2p\plane0\F.npy,575
0,C:\Users\mzinn1\Desktop\Datasets\roi_classifier_training_2\2-2\suite2p\plane0\F.npy,422
1,C:\Users\mzinn1\Desktop\Datasets\roi_classifier_training_2\2-2\suite2p\plane0\F.npy,738
0,C:\Users\mzinn1\Desktop\Datasets\roi_classifier_training_2\2-2\suite2p\plane0\F.npy,331
0,C:\Users\mzinn1\Desktop\Datasets\roi_classifier_training_2\2-2\suite2p\plane0\F.npy,407
0,C:\Users\mzinn1\Desktop\Datasets\roi_classifier_training_2\2-2\suite2p\plane0\F.npy,556
0,C:\Users\mzinn1\Desktop\Datasets\roi_classifier_training_2\2-2\suite2p\plane0\F.npy,37
1,C:\Users\mzinn1\Desktop\Datasets\roi_classifier_training_2\2-2\suite2p\plane0\F.npy,590
0,C:\Users\mzinn1\Desktop\Datasets\roi_classifier_training_2\2-2\suite2p\plane0\F.npy,147
0,C:\Users\mzinn1\Desktop\Datasets\roi_classifier_training_2\2-2\suite2p\plane0\F.npy,208
0,C:\Users\mzinn1\Desktop\Datasets\roi_classifier_training_2\2-2\suite2p\plane0\F.npy,283
0,C:\Users\mzinn1\Desktop\Datasets\roi_classifier_training_2\2-2\suite2p\plane0\F.npy,710
0,C:\Users\mzinn1\Desktop\Datasets\roi_classifier_training_2\2-2\suite2p\plane0\F.npy,146
0,C:\Users\mzinn1\Desktop\Datasets\roi_classifier_training_2\2-2\suite2p\plane0\F.npy,743
0,C:\Users\mzinn1\Desktop\Datasets\roi_classifier_training_2\2-2\suite2p\plane0\F.npy,691
0,C:\Users\mzinn1\Desktop\Datasets\roi_classifier_training_2\2-2\suite2p\plane0\F.npy,579
0,C:\Users\mzinn1\Desktop\Datasets\roi_classifier_training_2\2-2\suite2p\plane0\F.npy,713
0,C:\Users\mzinn1\Desktop\Datasets\roi_classifier_training_2\2-2\suite2p\plane0\F.npy,501
0,C:\Users\mzinn1\Desktop\Datasets\roi_classifier_training_2\2-2\suite2p\plane0\F.npy,557
1,C:\Users\mzinn1\Desktop\Datasets\roi_classifier_training_2\2-2\suite2p\plane0\F.npy,486
0,C:\Users\mzinn1\Desktop\Datasets\roi_classifier_training_2\2-2\suite2p\plane0\F.npy,29
0,C:\Users\mzinn1\Desktop\Datasets\roi_classifier_training_2\2-2\suite2p\plane0\F.npy,772
0,C:\Users\mzinn1\Desktop\Datasets\roi_classifier_training_2\2-2\suite2p\plane0\F.npy,483
1,C:\Users\mzinn1\Desktop\Datasets\roi_classifier_training_2\2-2\suite2p\plane0\F.npy,176
0,C:\Users\mzinn1\Desktop\Datasets\roi_classifier_training_2\2-2\suite2p\plane0\F.npy,51
0,C:\Users\mzinn1\Desktop\Datasets\roi_classifier_training_2\2-2\suite2p\plane0\F.npy,128
0,C:\Users\mzinn1\Desktop\Datasets\roi_classifier_training_2\2-2\suite2p\plane0\F.npy,460
0,C:\Users\mzinn1\Desktop\Datasets\roi_classifier_training_2\2-2\suite2p\plane0\F.npy,593
0,C:\Users\mzinn1\Desktop\Datasets\roi_classifier_training_2\2-2\suite2p\plane0\F.npy,469
0,C:\Users\mzinn1\Desktop\Datasets\roi_classifier_training_2\2-2\suite2p\plane0\F.npy,399
1,C:\Users\mzinn1\Desktop\Datasets\roi_classifier_training_2\2-2\suite2p\plane0\F.npy,221
0,C:\Users\mzinn1\Desktop\Datasets\roi_classifier_training_2\2-2\suite2p\plane0\F.npy,109
0,C:\Users\mzinn1\Desktop\Datasets\roi_classifier_training_2\2-2\suite2p\plane0\F.npy,537
0,C:\Users\mzinn1\Desktop\Datasets\roi_classifier_training_2\2-2\suite2p\plane0\F.npy,295
0,C:\Users\mzinn1\Desktop\Datasets\roi_classifier_training_2\2-2\suite2p\plane0\F.npy,209
0,C:\Users\mzinn1\Desktop\Datasets\roi_classifier_training_2\2-2\suite2p\plane0\F.npy,405
1,C:\Users\mzinn1\Desktop\Datasets\roi_classifier_training_2\2-2\suite2p\plane0\F.npy,30
0,C:\Users\mzinn1\Desktop\Datasets\roi_classifier_training_2\2-2\suite2p\plane0\F.npy,627
0,C:\Users\mzinn1\Desktop\Datasets\roi_classifier_training_2\2-2\suite2p\plane0\F.npy,229
0,C:\Users\mzinn1\Desktop\Datasets\roi_classifier_training_2\2-2\suite2p\plane0\F.npy,761
0,C:\Users\mzinn1\Desktop\Datasets\roi_classifier_training_2\2-2\suite2p\plane0\F.npy,642
0,C:\Users\mzinn1\Desktop\Datasets\roi_classifier_training_2\2-2\suite2p\plane0\F.npy,308
0,C:\Users\mzinn1\Desktop\Datasets\roi_classifier_training_2\2-2\suite2p\plane0\F.npy,702
1,C:\Users\mzinn1\Desktop\Datasets\roi_classifier_training_2\2-2\suite2p\plane0\F.npy,354
0,C:\Users\mzinn1\Desktop\Datasets\roi_classifier_training_2\2-2\suite2p\plane0\F.npy,149
1,C:\Users\mzinn1\Desktop\Datasets\roi_classifier_training_2\2-2\suite2p\plane0\F.npy,416
0,C:\Users\mzinn1\Desktop\Datasets\roi_classifier_training_2\2-2\suite2p\plane0\F.npy,390
0,C:\Users\mzinn1\Desktop\Datasets\roi_classifier_training_2\2-2\suite2p\plane0\F.npy,7
0,C:\Users\mzinn1\Desktop\Datasets\roi_classifier_training_2\2-2\suite2p\plane0\F.npy,157
0,C:\Users\mzinn1\Desktop\Datasets\roi_classifier_training_2\2-2\suite2p\plane0\F.npy,323
0,C:\Users\mzinn1\Desktop\Datasets\roi_classifier_training_2\2-2\suite2p\plane0\F.npy,119
0,C:\Users\mzinn1\Desktop\Datasets\roi_classifier_training_2\2-2\suite2p\plane0\F.npy,500
0,C:\Users\mzinn1\Desktop\Datasets\roi_classifier_training_2\2-2\suite2p\plane0\F.npy,358
1,C:\Users\mzinn1\Desktop\Datasets\roi_classifier_training_2\2-2\suite2p\plane0\F.npy,143
0,C:\Users\mzinn1\Desktop\Datasets\roi_classifier_training_2\2-2\suite2p\plane0\F.npy,72
1,C:\Users\mzinn1\Desktop\Datasets\roi_classifier_training_2\2-2\suite2p\plane0\F.npy,324
0,C:\Users\mzinn1\Desktop\Datasets\roi_classifier_training_2\2-2\suite2p\plane0\F.npy,289
0,C:\Users\mzinn1\Desktop\Datasets\roi_classifier_training_2\2-2\suite2p\plane0\F.npy,647
0,C:\Users\mzinn1\Desktop\Datasets\roi_classifier_training_2\2-2\suite2p\plane0\F.npy,56
0,C:\Users\mzinn1\Desktop\Datasets\roi_classifier_training_2\2-2\suite2p\plane0\F.npy,724
0,C:\Users\mzinn1\Desktop\Datasets\roi_classifier_training_2\2-2\suite2p\plane0\F.npy,320
0,C:\Users\mzinn1\Desktop\Datasets\roi_classifier_training_2\2-2\suite2p\plane0\F.npy,694
0,C:\Users\mzinn1\Desktop\Datasets\roi_classifier_training_2\2-2\suite2p\plane0\F.npy,419
0,C:\Users\mzinn1\Desktop\Datasets\roi_classifier_training_2\2-2\suite2p\plane0\F.npy,206
0,C:\Users\mzinn1\Desktop\Datasets\roi_classifier_training_2\2-2\suite2p\plane0\F.npy,610
0,C:\Users\mzinn1\Desktop\Datasets\roi_classifier_training_2\2-2\suite2p\plane0\F.npy,148
0,C:\Users\mzinn1\Desktop\Datasets\roi_classifier_training_2\2-2\suite2p\plane0\F.npy,275
0,C:\Users\mzinn1\Desktop\Datasets\roi_classifier_training_2\2-2\suite2p\plane0\F.npy,253
0,C:\Users\mzinn1\Desktop\Datasets\roi_classifier_training_2\2-2\suite2p\plane0\F.npy,727
0,C:\Users\mzinn1\Desktop\Datasets\roi_classifier_training_2\2-2\suite2p\plane0\F.npy,516
0,C:\Users\mzinn1\Desktop\Datasets\roi_classifier_training_2\2-2\suite2p\plane0\F.npy,85
1,C:\Users\mzinn1\Desktop\Datasets\roi_classifier_training_2\2-2\suite2p\plane0\F.npy,750
1,C:\Users\mzinn1\Desktop\Datasets\roi_classifier_training_2\2-2\suite2p\plane0\F.npy,284
0,C:\Users\mzinn1\Desktop\Datasets\roi_classifier_training_2\2-2\suite2p\plane0\F.npy,248
1,C:\Users\mzinn1\Desktop\Datasets\roi_classifier_training_2\2-2\suite2p\plane0\F.npy,359
1,C:\Users\mzinn1\Desktop\Datasets\roi_classifier_training_2\2-2\suite2p\plane0\F.npy,381
0,C:\Users\mzinn1\Desktop\Datasets\roi_classifier_training_2\2-2\suite2p\plane0\F.npy,530
0,C:\Users\mzinn1\Desktop\Datasets\roi_classifier_training_2\2-2\suite2p\plane0\F.npy,435
0,C:\Users\mzinn1\Desktop\Datasets\roi_classifier_training_2\2-2\suite2p\plane0\F.npy,751
0,C:\Users\mzinn1\Desktop\Datasets\roi_classifier_training_2\2-2\suite2p\plane0\F.npy,539
0,C:\Users\mzinn1\Desktop\Datasets\roi_classifier_training_2\2-2\suite2p\plane0\F.npy,453
0,C:\Users\mzinn1\Desktop\Datasets\roi_classifier_training_2\2-2\suite2p\plane0\F.npy,703
0,C:\Users\mzinn1\Desktop\Datasets\roi_classifier_training_2\2-2\suite2p\plane0\F.npy,268
0,C:\Users\mzinn1\Desktop\Datasets\roi_classifier_training_2\2-2\suite2p\plane0\F.npy,541
1,C:\Users\mzinn1\Desktop\Datasets\roi_classifier_training_2\2-2\suite2p\plane0\F.npy,654
0,C:\Users\mzinn1\Desktop\Datasets\roi_classifier_training_2\2-2\suite2p\plane0\F.npy,87
0,C:\Users\mzinn1\Desktop\Datasets\roi_classifier_training_2\2-2\suite2p\plane0\F.npy,439
0,C:\Users\mzinn1\Desktop\Datasets\roi_classifier_training_2\2-2\suite2p\plane0\F.npy,153
0,C:\Users\mzinn1\Desktop\Datasets\roi_classifier_training_2\2-2\suite2p\plane0\F.npy,651
0,C:\Users\mzinn1\Desktop\Datasets\roi_classifier_training_2\2-2\suite2p\plane0\F.npy,754
0,C:\Users\mzinn1\Desktop\Datasets\roi_classifier_training_2\2-2\suite2p\plane0\F.npy,19
0,C:\Users\mzinn1\Desktop\Datasets\roi_classifier_training_2\2-2\suite2p\plane0\F.npy,215
0,C:\Users\mzinn1\Desktop\Datasets\roi_classifier_training_2\2-2\suite2p\plane0\F.npy,520
0,C:\Users\mzinn1\Desktop\Datasets\roi_classifier_training_2\2-2\suite2p\plane0\F.npy,184
0,C:\Users\mzinn1\Desktop\Datasets\roi_classifier_training_2\2-2\suite2p\plane0\F.npy,570
0,C:\Users\mzinn1\Desktop\Datasets\roi_classifier_training_2\2-2\suite2p\plane0\F.npy,79
0,C:\Users\mzinn1\Desktop\Datasets\roi_classifier_training_2\2-2\suite2p\plane0\F.npy,720
0,C:\Users\mzinn1\Desktop\Datasets\roi_classifier_training_2\2-2\suite2p\plane0\F.npy,682
0,C:\Users\mzinn1\Desktop\Datasets\roi_classifier_training_2\2-2\suite2p\plane0\F.npy,479
0,C:\Users\mzinn1\Desktop\Datasets\roi_classifier_training_2\2-2\suite2p\plane0\F.npy,286
0,C:\Users\mzinn1\Desktop\Datasets\roi_classifier_training_2\2-2\suite2p\plane0\F.npy,528
0,C:\Users\mzinn1\Desktop\Datasets\roi_classifier_training_2\2-2\suite2p\plane0\F.npy,665
0,C:\Users\mzinn1\Desktop\Datasets\roi_classifier_training_2\2-2\suite2p\plane0\F.npy,600
0,C:\Users\mzinn1\Desktop\Datasets\roi_classifier_training_2\2-2\suite2p\plane0\F.npy,13
1,C:\Users\mzinn1\Desktop\Datasets\roi_classifier_training_2\2-2\suite2p\plane0\F.npy,489
0,C:\Users\mzinn1\Desktop\Datasets\roi_classifier_training_2\2-2\suite2p\plane0\F.npy,348
0,C:\Users\mzinn1\Desktop\Datasets\roi_classifier_training_2\2-2\suite2p\plane0\F.npy,382
0,C:\Users\mzinn1\Desktop\Datasets\roi_classifier_training_2\2-2\suite2p\plane0\F.npy,32
1,C:\Users\mzinn1\Desktop\Datasets\roi_classifier_training_2\2-2\suite2p\plane0\F.npy,525
0,C:\Users\mzinn1\Desktop\Datasets\roi_classifier_training_2\2-2\suite2p\plane0\F.npy,166
0,C:\Users\mzinn1\Desktop\Datasets\roi_classifier_training_2\2-2\suite2p\plane0\F.npy,9
0,C:\Users\mzinn1\Desktop\Datasets\roi_classifier_training_2\2-2\suite2p\plane0\F.npy,272
0,C:\Users\mzinn1\Desktop\Datasets\roi_classifier_training_2\2-2\suite2p\plane0\F.npy,618
0,C:\Users\mzinn1\Desktop\Datasets\roi_classifier_training_2\2-2\suite2p\plane0\F.npy,671
1,C:\Users\mzinn1\Desktop\Datasets\roi_classifier_training_2\2-2\suite2p\plane0\F.npy,110
1,C:\Users\mzinn1\Desktop\Datasets\roi_classifier_training_2\2-2\suite2p\plane0\F.npy,635
0,C:\Users\mzinn1\Desktop\Datasets\roi_classifier_training_2\2-2\suite2p\plane0\F.npy,258
0,C:\Users\mzinn1\Desktop\Datasets\roi_classifier_training_2\2-2\suite2p\plane0\F.npy,15
0,C:\Users\mzinn1\Desktop\Datasets\roi_classifier_training_2\2-2\suite2p\plane0\F.npy,100
0,C:\Users\mzinn1\Desktop\Datasets\roi_classifier_training_2\2-2\suite2p\plane0\F.npy,477
1,C:\Users\mzinn1\Desktop\Datasets\roi_classifier_training_2\2-2\suite2p\plane0\F.npy,45
0,C:\Users\mzinn1\Desktop\Datasets\roi_classifier_training_2\2-2\suite2p\plane0\F.npy,173
0,C:\Users\mzinn1\Desktop\Datasets\roi_classifier_training_2\2-2\suite2p\plane0\F.npy,697
0,C:\Users\mzinn1\Desktop\Datasets\roi_classifier_training_2\2-2\suite2p\plane0\F.npy,265
0,C:\Users\mzinn1\Desktop\Datasets\roi_classifier_training_2\2-2\suite2p\plane0\F.npy,70
0,C:\Users\mzinn1\Desktop\Datasets\roi_classifier_training_2\2-2\suite2p\plane0\F.npy,764
0,C:\Users\mzinn1\Desktop\Datasets\roi_classifier_training_2\2-2\suite2p\plane0\F.npy,92
1,C:\Users\mzinn1\Desktop\Datasets\roi_classifier_training_2\2-2\suite2p\plane0\F.npy,263
0,C:\Users\mzinn1\Desktop\Datasets\roi_classifier_training_2\2-2\suite2p\plane0\F.npy,615
0,C:\Users\mzinn1\Desktop\Datasets\roi_classifier_training_2\2-2\suite2p\plane0\F.npy,700
1,C:\Users\mzinn1\Desktop\Datasets\roi_classifier_training_2\2-2\suite2p\plane0\F.npy,310
0,C:\Users\mzinn1\Desktop\Datasets\roi_classifier_training_2\2-2\suite2p\plane0\F.npy,471
0,C:\Users\mzinn1\Desktop\Datasets\roi_classifier_training_2\2-2\suite2p\plane0\F.npy,138
0,C:\Users\mzinn1\Desktop\Datasets\roi_classifier_training_2\2-2\suite2p\plane0\F.npy,86
1,C:\Users\mzinn1\Desktop\Datasets\roi_classifier_training_2\2-2\suite2p\plane0\F.npy,346
0,C:\Users\mzinn1\Desktop\Datasets\roi_classifier_training_2\2-2\suite2p\plane0\F.npy,620
0,C:\Users\mzinn1\Desktop\Datasets\roi_classifier_training_2\2-2\suite2p\plane0\F.npy,623
1,C:\Users\mzinn1\Desktop\Datasets\roi_classifier_training_2\2-2\suite2p\plane0\F.npy,457
0,C:\Users\mzinn1\Desktop\Datasets\roi_classifier_training_2\2-2\suite2p\plane0\F.npy,473
0,C:\Users\mzinn1\Desktop\Datasets\roi_classifier_training_2\2-2\suite2p\plane0\F.npy,338
1,C:\Users\mzinn1\Desktop\Datasets\roi_classifier_training_2\2-2\suite2p\plane0\F.npy,135
0,C:\Users\mzinn1\Desktop\Datasets\roi_classifier_training_2\2-2\suite2p\plane0\F.npy,604
1,C:\Users\mzinn1\Desktop\Datasets\roi_classifier_training_2\2-2\suite2p\plane0\F.npy,73
0,C:\Users\mzinn1\Desktop\Datasets\roi_classifier_training_2\2-2\suite2p\plane0\F.npy,3
1,C:\Users\mzinn1\Desktop\Datasets\roi_classifier_training_2\2-2\suite2p\plane0\F.npy,461
0,C:\Users\mzinn1\Desktop\Datasets\roi_classifier_training_2\2-2\suite2p\plane0\F.npy,622
0,C:\Users\mzinn1\Desktop\Datasets\roi_classifier_training_2\2-2\suite2p\plane0\F.npy,93
0,C:\Users\mzinn1\Desktop\Datasets\roi_classifier_training_2\2-2\suite2p\plane0\F.npy,139
0,C:\Users\mzinn1\Desktop\Datasets\roi_classifier_training_2\2-2\suite2p\plane0\F.npy,595
0,C:\Users\mzinn1\Desktop\Datasets\roi_classifier_training_2\2-2\suite2p\plane0\F.npy,17
0,C:\Users\mzinn1\Desktop\Datasets\roi_classifier_training_2\2-2\suite2p\plane0\F.npy,74
0,C:\Users\mzinn1\Desktop\Datasets\roi_classifier_training_2\2-2\suite2p\plane0\F.npy,161
0,C:\Users\mzinn1\Desktop\Datasets\roi_classifier_training_2\2-2\suite2p\plane0\F.npy,509
1,C:\Users\mzinn1\Desktop\Datasets\roi_classifier_training_2\2-3\suite2p\plane0\F.npy,836
0,C:\Users\mzinn1\Desktop\Datasets\roi_classifier_training_2\2-3\suite2p\plane0\F.npy,1590
1,C:\Users\mzinn1\Desktop\Datasets\roi_classifier_training_2\2-3\suite2p\plane0\F.npy,567
1,C:\Users\mzinn1\Desktop\Datasets\roi_classifier_training_2\2-3\suite2p\plane0\F.npy,203
0,C:\Users\mzinn1\Desktop\Datasets\roi_classifier_training_2\2-3\suite2p\plane0\F.npy,1351
1,C:\Users\mzinn1\Desktop\Datasets\roi_classifier_training_2\2-3\suite2p\plane0\F.npy,801
0,C:\Users\mzinn1\Desktop\Datasets\roi_classifier_training_2\2-3\suite2p\plane0\F.npy,1166
0,C:\Users\mzinn1\Desktop\Datasets\roi_classifier_training_2\2-3\suite2p\plane0\F.npy,1182
1,C:\Users\mzinn1\Desktop\Datasets\roi_classifier_training_2\2-3\suite2p\plane0\F.npy,1407
1,C:\Users\mzinn1\Desktop\Datasets\roi_classifier_training_2\2-3\suite2p\plane0\F.npy,890
1,C:\Users\mzinn1\Desktop\Datasets\roi_classifier_training_2\2-3\suite2p\plane0\F.npy,1186
0,C:\Users\mzinn1\Desktop\Datasets\roi_classifier_training_2\2-3\suite2p\plane0\F.npy,113
1,C:\Users\mzinn1\Desktop\Datasets\roi_classifier_training_2\2-3\suite2p\plane0\F.npy,139
1,C:\Users\mzinn1\Desktop\Datasets\roi_classifier_training_2\2-3\suite2p\plane0\F.npy,712
1,C:\Users\mzinn1\Desktop\Datasets\roi_classifier_training_2\2-3\suite2p\plane0\F.npy,775
0,C:\Users\mzinn1\Desktop\Datasets\roi_classifier_training_2\2-3\suite2p\plane0\F.npy,188
1,C:\Users\mzinn1\Desktop\Datasets\roi_classifier_training_2\2-3\suite2p\plane0\F.npy,1267
1,C:\Users\mzinn1\Desktop\Datasets\roi_classifier_training_2\2-3\suite2p\plane0\F.npy,1089
0,C:\Users\mzinn1\Desktop\Datasets\roi_classifier_training_2\2-3\suite2p\plane0\F.npy,602
0,C:\Users\mzinn1\Desktop\Datasets\roi_classifier_training_2\2-3\suite2p\plane0\F.npy,579
1,C:\Users\mzinn1\Desktop\Datasets\roi_classifier_training_2\2-3\suite2p\plane0\F.npy,385
1,C:\Users\mzinn1\Desktop\Datasets\roi_classifier_training_2\2-3\suite2p\plane0\F.npy,1404
0,C:\Users\mzinn1\Desktop\Datasets\roi_classifier_training_2\2-3\suite2p\plane0\F.npy,1524
1,C:\Users\mzinn1\Desktop\Datasets\roi_classifier_training_2\2-3\suite2p\plane0\F.npy,772
1,C:\Users\mzinn1\Desktop\Datasets\roi_classifier_training_2\2-3\suite2p\plane0\F.npy,988
0,C:\Users\mzinn1\Desktop\Datasets\roi_classifier_training_2\2-3\suite2p\plane0\F.npy,443
0,C:\Users\mzinn1\Desktop\Datasets\roi_classifier_training_2\2-3\suite2p\plane0\F.npy,1526
1,C:\Users\mzinn1\Desktop\Datasets\roi_classifier_training_2\2-3\suite2p\plane0\F.npy,503
1,C:\Users\mzinn1\Desktop\Datasets\roi_classifier_training_2\2-3\suite2p\plane0\F.npy,184
0,C:\Users\mzinn1\Desktop\Datasets\roi_classifier_training_2\2-3\suite2p\plane0\F.npy,206
1,C:\Users\mzinn1\Desktop\Datasets\roi_classifier_training_2\2-3\suite2p\plane0\F.npy,923
0,C:\Users\mzinn1\Desktop\Datasets\roi_classifier_training_2\2-3\suite2p\plane0\F.npy,613
0,C:\Users\mzinn1\Desktop\Datasets\roi_classifier_training_2\2-3\suite2p\plane0\F.npy,1295
0,C:\Users\mzinn1\Desktop\Datasets\roi_classifier_training_2\2-3\suite2p\plane0\F.npy,315
0,C:\Users\mzinn1\Desktop\Datasets\roi_classifier_training_2\2-3\suite2p\plane0\F.npy,181
0,C:\Users\mzinn1\Desktop\Datasets\roi_classifier_training_2\2-3\suite2p\plane0\F.npy,34
0,C:\Users\mzinn1\Desktop\Datasets\roi_classifier_training_2\2-3\suite2p\plane0\F.npy,672
0,C:\Users\mzinn1\Desktop\Datasets\roi_classifier_training_2\2-3\suite2p\plane0\F.npy,944
0,C:\Users\mzinn1\Desktop\Datasets\roi_classifier_training_2\2-3\suite2p\plane0\F.npy,1446
1,C:\Users\mzinn1\Desktop\Datasets\roi_classifier_training_2\2-3\suite2p\plane0\F.npy,761
0,C:\Users\mzinn1\Desktop\Datasets\roi_classifier_training_2\2-3\suite2p\plane0\F.npy,1536
1,C:\Users\mzinn1\Desktop\Datasets\roi_classifier_training_2\2-3\suite2p\plane0\F.npy,92
0,C:\Users\mzinn1\Desktop\Datasets\roi_classifier_training_2\2-3\suite2p\plane0\F.npy,1091
0,C:\Users\mzinn1\Desktop\Datasets\roi_classifier_training_2\2-3\suite2p\plane0\F.npy,316
1,C:\Users\mzinn1\Desktop\Datasets\roi_classifier_training_2\2-3\suite2p\plane0\F.npy,140
1,C:\Users\mzinn1\Desktop\Datasets\roi_classifier_training_2\2-3\suite2p\plane0\F.npy,106
1,C:\Users\mzinn1\Desktop\Datasets\roi_classifier_training_2\2-3\suite2p\plane0\F.npy,1190
1,C:\Users\mzinn1\Desktop\Datasets\roi_classifier_training_2\2-3\suite2p\plane0\F.npy,620
0,C:\Users\mzinn1\Desktop\Datasets\roi_classifier_training_2\2-3\suite2p\plane0\F.npy,355
0,C:\Users\mzinn1\Desktop\Datasets\roi_classifier_training_2\2-3\suite2p\plane0\F.npy,228
0,C:\Users\mzinn1\Desktop\Datasets\roi_classifier_training_2\2-3\suite2p\plane0\F.npy,229
0,C:\Users\mzinn1\Desktop\Datasets\roi_classifier_training_2\2-3\suite2p\plane0\F.npy,1288
0,C:\Users\mzinn1\Desktop\Datasets\roi_classifier_training_2\2-3\suite2p\plane0\F.npy,511
0,C:\Users\mzinn1\Desktop\Datasets\roi_classifier_training_2\2-3\suite2p\plane0\F.npy,1306
0,C:\Users\mzinn1\Desktop\Datasets\roi_classifier_training_2\2-3\suite2p\plane0\F.npy,1577
1,C:\Users\mzinn1\Desktop\Datasets\roi_classifier_training_2\2-3\suite2p\plane0\F.npy,513
0,C:\Users\mzinn1\Desktop\Datasets\roi_classifier_training_2\2-3\suite2p\plane0\F.npy,246
0,C:\Users\mzinn1\Desktop\Datasets\roi_classifier_training_2\2-3\suite2p\plane0\F.npy,1507
0,C:\Users\mzinn1\Desktop\Datasets\roi_classifier_training_2\2-3\suite2p\plane0\F.npy,158
1,C:\Users\mzinn1\Desktop\Datasets\roi_classifier_training_2\2-3\suite2p\plane0\F.npy,1075
1,C:\Users\mzinn1\Desktop\Datasets\roi_classifier_training_2\2-3\suite2p\plane0\F.npy,1143
1,C:\Users\mzinn1\Desktop\Datasets\roi_classifier_training_2\2-3\suite2p\plane0\F.npy,416
1,C:\Users\mzinn1\Desktop\Datasets\roi_classifier_training_2\2-3\suite2p\plane0\F.npy,333
0,C:\Users\mzinn1\Desktop\Datasets\roi_classifier_training_2\2-3\suite2p\plane0\F.npy,519
0,C:\Users\mzinn1\Desktop\Datasets\roi_classifier_training_2\2-3\suite2p\plane0\F.npy,709
0,C:\Users\mzinn1\Desktop\Datasets\roi_classifier_training_2\2-3\suite2p\plane0\F.npy,806
0,C:\Users\mzinn1\Desktop\Datasets\roi_classifier_training_2\2-3\suite2p\plane0\F.npy,1380
1,C:\Users\mzinn1\Desktop\Datasets\roi_classifier_training_2\2-3\suite2p\plane0\F.npy,882
0,C:\Users\mzinn1\Desktop\Datasets\roi_classifier_training_2\2-3\suite2p\plane0\F.npy,1225
1,C:\Users\mzinn1\Desktop\Datasets\roi_classifier_training_2\2-3\suite2p\plane0\F.npy,733
1,C:\Users\mzinn1\Desktop\Datasets\roi_classifier_training_2\2-3\suite2p\plane0\F.npy,1455
0,C:\Users\mzinn1\Desktop\Datasets\roi_classifier_training_2\2-3\suite2p\plane0\F.npy,570
0,C:\Users\mzinn1\Desktop\Datasets\roi_classifier_training_2\2-3\suite2p\plane0\F.npy,1093
0,C:\Users\mzinn1\Desktop\Datasets\roi_classifier_training_2\2-3\suite2p\plane0\F.npy,809
1,C:\Users\mzinn1\Desktop\Datasets\roi_classifier_training_2\2-3\suite2p\plane0\F.npy,999
1,C:\Users\mzinn1\Desktop\Datasets\roi_classifier_training_2\2-3\suite2p\plane0\F.npy,713
1,C:\Users\mzinn1\Desktop\Datasets\roi_classifier_training_2\2-3\suite2p\plane0\F.npy,693
1,C:\Users\mzinn1\Desktop\Datasets\roi_classifier_training_2\2-3\suite2p\plane0\F.npy,1082
1,C:\Users\mzinn1\Desktop\Datasets\roi_classifier_training_2\2-3\suite2p\plane0\F.npy,362
1,C:\Users\mzinn1\Desktop\Datasets\roi_classifier_training_2\2-3\suite2p\plane0\F.npy,1414
1,C:\Users\mzinn1\Desktop\Datasets\roi_classifier_training_2\2-3\suite2p\plane0\F.npy,1390
0,C:\Users\mzinn1\Desktop\Datasets\roi_classifier_training_2\2-3\suite2p\plane0\F.npy,1328
0,C:\Users\mzinn1\Desktop\Datasets\roi_classifier_training_2\2-3\suite2p\plane0\F.npy,1616
1,C:\Users\mzinn1\Desktop\Datasets\roi_classifier_training_2\2-3\suite2p\plane0\F.npy,78
1,C:\Users\mzinn1\Desktop\Datasets\roi_classifier_training_2\2-3\suite2p\plane0\F.npy,134
0,C:\Users\mzinn1\Desktop\Datasets\roi_classifier_training_2\2-3\suite2p\plane0\F.npy,981
1,C:\Users\mzinn1\Desktop\Datasets\roi_classifier_training_2\2-3\suite2p\plane0\F.npy,769
0,C:\Users\mzinn1\Desktop\Datasets\roi_classifier_training_2\2-3\suite2p\plane0\F.npy,1584
0,C:\Users\mzinn1\Desktop\Datasets\roi_classifier_training_2\2-3\suite2p\plane0\F.npy,344
1,C:\Users\mzinn1\Desktop\Datasets\roi_classifier_training_2\2-3\suite2p\plane0\F.npy,458
0,C:\Users\mzinn1\Desktop\Datasets\roi_classifier_training_2\2-3\suite2p\plane0\F.npy,505
1,C:\Users\mzinn1\Desktop\Datasets\roi_classifier_training_2\2-3\suite2p\plane0\F.npy,1262
0,C:\Users\mzinn1\Desktop\Datasets\roi_classifier_training_2\2-3\suite2p\plane0\F.npy,141
1,C:\Users\mzinn1\Desktop\Datasets\roi_classifier_training_2\2-3\suite2p\plane0\F.npy,431
0,C:\Users\mzinn1\Desktop\Datasets\roi_classifier_training_2\2-3\suite2p\plane0\F.npy,1141
1,C:\Users\mzinn1\Desktop\Datasets\roi_classifier_training_2\2-3\suite2p\plane0\F.npy,1397
1,C:\Users\mzinn1\Desktop\Datasets\roi_classifier_training_2\2-3\suite2p\plane0\F.npy,683
1,C:\Users\mzinn1\Desktop\Datasets\roi_classifier_training_2\2-3\suite2p\plane0\F.npy,1023
0,C:\Users\mzinn1\Desktop\Datasets\roi_classifier_training_2\2-3\suite2p\plane0\F.npy,831
0,C:\Users\mzinn1\Desktop\Datasets\roi_classifier_training_2\2-3\suite2p\plane0\F.npy,391
0,C:\Users\mzinn1\Desktop\Datasets\roi_classifier_training_2\2-3\suite2p\plane0\F.npy,330
0,C:\Users\mzinn1\Desktop\Datasets\roi_classifier_training_2\2-3\suite2p\plane0\F.npy,36
1,C:\Users\mzinn1\Desktop\Datasets\roi_classifier_training_2\2-3\suite2p\plane0\F.npy,23
1,C:\Users\mzinn1\Desktop\Datasets\roi_classifier_training_2\2-3\suite2p\plane0\F.npy,248
1,C:\Users\mzinn1\Desktop\Datasets\roi_classifier_training_2\2-3\suite2p\plane0\F.npy,1106
1,C:\Users\mzinn1\Desktop\Datasets\roi_classifier_training_2\2-3\suite2p\plane0\F.npy,639
0,C:\Users\mzinn1\Desktop\Datasets\roi_classifier_training_2\2-3\suite2p\plane0\F.npy,838
0,C:\Users\mzinn1\Desktop\Datasets\roi_classifier_training_2\2-3\suite2p\plane0\F.npy,560
0,C:\Users\mzinn1\Desktop\Datasets\roi_classifier_training_2\2-3\suite2p\plane0\F.npy,277
0,C:\Users\mzinn1\Desktop\Datasets\roi_classifier_training_2\2-3\suite2p\plane0\F.npy,716
1,C:\Users\mzinn1\Desktop\Datasets\roi_classifier_training_2\2-3\suite2p\plane0\F.npy,1429
0,C:\Users\mzinn1\Desktop\Datasets\roi_classifier_training_2\2-3\suite2p\plane0\F.npy,940
0,C:\Users\mzinn1\Desktop\Datasets\roi_classifier_training_2\2-3\suite2p\plane0\F.npy,198
0,C:\Users\mzinn1\Desktop\Datasets\roi_classifier_training_2\2-3\suite2p\plane0\F.npy,1228
1,C:\Users\mzinn1\Desktop\Datasets\roi_classifier_training_2\2-3\suite2p\plane0\F.npy,1173
1,C:\Users\mzinn1\Desktop\Datasets\roi_classifier_training_2\2-3\suite2p\plane0\F.npy,1611
0,C:\Users\mzinn1\Desktop\Datasets\roi_classifier_training_2\2-3\suite2p\plane0\F.npy,1460
0,C:\Users\mzinn1\Desktop\Datasets\roi_classifier_training_2\2-3\suite2p\plane0\F.npy,1405
0,C:\Users\mzinn1\Desktop\Datasets\roi_classifier_training_2\2-3\suite2p\plane0\F.npy,389
0,C:\Users\mzinn1\Desktop\Datasets\roi_classifier_training_2\2-3\suite2p\plane0\F.npy,354
0,C:\Users\mzinn1\Desktop\Datasets\roi_classifier_training_2\2-3\suite2p\plane0\F.npy,290
1,C:\Users\mzinn1\Desktop\Datasets\roi_classifier_training_2\2-3\suite2p\plane0\F.npy,247
1,C:\Users\mzinn1\Desktop\Datasets\roi_classifier_training_2\2-3\suite2p\plane0\F.npy,1247
0,C:\Users\mzinn1\Desktop\Datasets\roi_classifier_training_2\2-3\suite2p\plane0\F.npy,1534
1,C:\Users\mzinn1\Desktop\Datasets\roi_classifier_training_2\2-3\suite2p\plane0\F.npy,533
0,C:\Users\mzinn1\Desktop\Datasets\roi_classifier_training_2\2-3\suite2p\plane0\F.npy,793
1,C:\Users\mzinn1\Desktop\Datasets\roi_classifier_training_2\2-3\suite2p\plane0\F.npy,898
1,C:\Users\mzinn1\Desktop\Datasets\roi_classifier_training_2\2-3\suite2p\plane0\F.npy,1353
1,C:\Users\mzinn1\Desktop\Datasets\roi_classifier_training_2\2-3\suite2p\plane0\F.npy,93
1,C:\Users\mzinn1\Desktop\Datasets\roi_classifier_training_2\2-3\suite2p\plane0\F.npy,559
1,C:\Users\mzinn1\Desktop\Datasets\roi_classifier_training_2\2-3\suite2p\plane0\F.npy,102
0,C:\Users\mzinn1\Desktop\Datasets\roi_classifier_training_2\2-3\suite2p\plane0\F.npy,1544
1,C:\Users\mzinn1\Desktop\Datasets\roi_classifier_training_2\2-3\suite2p\plane0\F.npy,1363
0,C:\Users\mzinn1\Desktop\Datasets\roi_classifier_training_2\2-3\suite2p\plane0\F.npy,1471
1,C:\Users\mzinn1\Desktop\Datasets\roi_classifier_training_2\2-3\suite2p\plane0\F.npy,910
0,C:\Users\mzinn1\Desktop\Datasets\roi_classifier_training_2\2-3\suite2p\plane0\F.npy,396
0,C:\Users\mzinn1\Desktop\Datasets\roi_classifier_training_2\2-3\suite2p\plane0\F.npy,1107
0,C:\Users\mzinn1\Desktop\Datasets\roi_classifier_training_2\2-3\suite2p\plane0\F.npy,705
1,C:\Users\mzinn1\Desktop\Datasets\roi_classifier_training_2\2-3\suite2p\plane0\F.npy,883
0,C:\Users\mzinn1\Desktop\Datasets\roi_classifier_training_2\2-3\suite2p\plane0\F.npy,1040
1,C:\Users\mzinn1\Desktop\Datasets\roi_classifier_training_2\2-3\suite2p\plane0\F.npy,262
1,C:\Users\mzinn1\Desktop\Datasets\roi_classifier_training_2\2-3\suite2p\plane0\F.npy,177
0,C:\Users\mzinn1\Desktop\Datasets\roi_classifier_training_2\2-3\suite2p\plane0\F.npy,105
0,C:\Users\mzinn1\Desktop\Datasets\roi_classifier_training_2\2-3\suite2p\plane0\F.npy,1535
0,C:\Users\mzinn1\Desktop\Datasets\roi_classifier_training_2\2-3\suite2p\plane0\F.npy,487
0,C:\Users\mzinn1\Desktop\Datasets\roi_classifier_training_2\2-3\suite2p\plane0\F.npy,796
0,C:\Users\mzinn1\Desktop\Datasets\roi_classifier_training_2\2-3\suite2p\plane0\F.npy,39
1,C:\Users\mzinn1\Desktop\Datasets\roi_classifier_training_2\2-3\suite2p\plane0\F.npy,1408
0,C:\Users\mzinn1\Desktop\Datasets\roi_classifier_training_2\2-3\suite2p\plane0\F.npy,1244
0,C:\Users\mzinn1\Desktop\Datasets\roi_classifier_training_2\2-3\suite2p\plane0\F.npy,949
1,C:\Users\mzinn1\Desktop\Datasets\roi_classifier_training_2\2-3\suite2p\plane0\F.npy,865
1,C:\Users\mzinn1\Desktop\Datasets\roi_classifier_training_2\2-3\suite2p\plane0\F.npy,351
1,C:\Users\mzinn1\Desktop\Datasets\roi_classifier_training_2\2-3\suite2p\plane0\F.npy,878
0,C:\Users\mzinn1\Desktop\Datasets\roi_classifier_training_2\2-3\suite2p\plane0\F.npy,524
0,C:\Users\mzinn1\Desktop\Datasets\roi_classifier_training_2\2-3\suite2p\plane0\F.npy,1104
0,C:\Users\mzinn1\Desktop\Datasets\roi_classifier_training_2\2-3\suite2p\plane0\F.npy,462
1,C:\Users\mzinn1\Desktop\Datasets\roi_classifier_training_2\2-3\suite2p\plane0\F.npy,101
1,C:\Users\mzinn1\Desktop\Datasets\roi_classifier_training_2\2-3\suite2p\plane0\F.npy,1184
0,C:\Users\mzinn1\Desktop\Datasets\roi_classifier_training_2\2-3\suite2p\plane0\F.npy,1064
1,C:\Users\mzinn1\Desktop\Datasets\roi_classifier_training_2\2-3\suite2p\plane0\F.npy,1174
0,C:\Users\mzinn1\Desktop\Datasets\roi_classifier_training_2\2-3\suite2p\plane0\F.npy,1214
0,C:\Users\mzinn1\Desktop\Datasets\roi_classifier_training_2\2-3\suite2p\plane0\F.npy,1487
0,C:\Users\mzinn1\Desktop\Datasets\roi_classifier_training_2\2-3\suite2p\plane0\F.npy,1427
0,C:\Users\mzinn1\Desktop\Datasets\roi_classifier_training_2\2-3\suite2p\plane0\F.npy,670
1,C:\Users\mzinn1\Desktop\Datasets\roi_classifier_training_2\2-3\suite2p\plane0\F.npy,194
1,C:\Users\mzinn1\Desktop\Datasets\roi_classifier_training_2\2-3\suite2p\plane0\F.npy,887
0,C:\Users\mzinn1\Desktop\Datasets\roi_classifier_training_2\2-3\suite2p\plane0\F.npy,281
0,C:\Users\mzinn1\Desktop\Datasets\roi_classifier_training_2\2-3\suite2p\plane0\F.npy,191
0,C:\Users\mzinn1\Desktop\Datasets\roi_classifier_training_2\2-3\suite2p\plane0\F.npy,388
1,C:\Users\mzinn1\Desktop\Datasets\roi_classifier_training_2\2-3\suite2p\plane0\F.npy,1128
1,C:\Users\mzinn1\Desktop\Datasets\roi_classifier_training_2\2-3\suite2p\plane0\F.npy,1224
0,C:\Users\mzinn1\Desktop\Datasets\roi_classifier_training_2\2-3\suite2p\plane0\F.npy,1345
1,C:\Users\mzinn1\Desktop\Datasets\roi_classifier_training_2\2-3\suite2p\plane0\F.npy,1005
1,C:\Users\mzinn1\Desktop\Datasets\roi_classifier_training_2\2-3\suite2p\plane0\F.npy,29
0,C:\Users\mzinn1\Desktop\Datasets\roi_classifier_training_2\2-3\suite2p\plane0\F.npy,509
1,C:\Users\mzinn1\Desktop\Datasets\roi_classifier_training_2\2-3\suite2p\plane0\F.npy,117
0,C:\Users\mzinn1\Desktop\Datasets\roi_classifier_training_2\2-3\suite2p\plane0\F.npy,1467
1,C:\Users\mzinn1\Desktop\Datasets\roi_classifier_training_2\2-3\suite2p\plane0\F.npy,452
1,C:\Users\mzinn1\Desktop\Datasets\roi_classifier_training_2\2-3\suite2p\plane0\F.npy,811
1,C:\Users\mzinn1\Desktop\Datasets\roi_classifier_training_2\2-3\suite2p\plane0\F.npy,1256
1,C:\Users\mzinn1\Desktop\Datasets\roi_classifier_training_2\2-3\suite2p\plane0\F.npy,548
0,C:\Users\mzinn1\Desktop\Datasets\roi_classifier_training_2\2-3\suite2p\plane0\F.npy,1521
0,C:\Users\mzinn1\Desktop\Datasets\roi_classifier_training_2\2-3\suite2p\plane0\F.npy,10
1,C:\Users\mzinn1\Desktop\Datasets\roi_classifier_training_2\2-3\suite2p\plane0\F.npy,483
1,C:\Users\mzinn1\Desktop\Datasets\roi_classifier_training_2\2-3\suite2p\plane0\F.npy,48
0,C:\Users\mzinn1\Desktop\Datasets\roi_classifier_training_2\2-3\suite2p\plane0\F.npy,736
0,C:\Users\mzinn1\Desktop\Datasets\roi_classifier_training_2\2-3\suite2p\plane0\F.npy,814
1,C:\Users\mzinn1\Desktop\Datasets\roi_classifier_training_2\2-3\suite2p\plane0\F.npy,82
0,C:\Users\mzinn1\Desktop\Datasets\roi_classifier_training_2\2-3\suite2p\plane0\F.npy,1238
1,C:\Users\mzinn1\Desktop\Datasets\roi_classifier_training_2\2-3\suite2p\plane0\F.npy,1084
0,C:\Users\mzinn1\Desktop\Datasets\roi_classifier_training_2\2-3\suite2p\plane0\F.npy,460
1,C:\Users\mzinn1\Desktop\Datasets\roi_classifier_training_2\2-3\suite2p\plane0\F.npy,244
1,C:\Users\mzinn1\Desktop\Datasets\roi_classifier_training_2\2-3\suite2p\plane0\F.npy,1457
1,C:\Users\mzinn1\Desktop\Datasets\roi_classifier_training_2\2-3\suite2p\plane0\F.npy,1018
1,C:\Users\mzinn1\Desktop\Datasets\roi_classifier_training_2\2-3\suite2p\plane0\F.npy,727
1,C:\Users\mzinn1\Desktop\Datasets\roi_classifier_training_2\2-3\suite2p\plane0\F.npy,324
0,C:\Users\mzinn1\Desktop\Datasets\roi_classifier_training_2\2-3\suite2p\plane0\F.npy,752
0,C:\Users\mzinn1\Desktop\Datasets\roi_classifier_training_2\2-3\suite2p\plane0\F.npy,1510
0,C:\Users\mzinn1\Desktop\Datasets\roi_classifier_training_2\2-3\suite2p\plane0\F.npy,667
1,C:\Users\mzinn1\Desktop\Datasets\roi_classifier_training_2\2-3\suite2p\plane0\F.npy,122
0,C:\Users\mzinn1\Desktop\Datasets\roi_classifier_training_2\2-3\suite2p\plane0\F.npy,404
1,C:\Users\mzinn1\Desktop\Datasets\roi_classifier_training_2\2-3\suite2p\plane0\F.npy,437
0,C:\Users\mzinn1\Desktop\Datasets\roi_classifier_training_2\2-3\suite2p\plane0\F.npy,1293
1,C:\Users\mzinn1\Desktop\Datasets\roi_classifier_training_2\2-3\suite2p\plane0\F.npy,1097
1,C:\Users\mzinn1\Desktop\Datasets\roi_classifier_training_2\2-3\suite2p\plane0\F.npy,478
1,C:\Users\mzinn1\Desktop\Datasets\roi_classifier_training_2\2-3\suite2p\plane0\F.npy,947
1,C:\Users\mzinn1\Desktop\Datasets\roi_classifier_training_2\2-3\suite2p\plane0\F.npy,1077
0,C:\Users\mzinn1\Desktop\Datasets\roi_classifier_training_2\2-3\suite2p\plane0\F.npy,1209
1,C:\Users\mzinn1\Desktop\Datasets\roi_classifier_training_2\2-3\suite2p\plane0\F.npy,383
1,C:\Users\mzinn1\Desktop\Datasets\roi_classifier_training_2\2-3\suite2p\plane0\F.npy,1576
1,C:\Users\mzinn1\Desktop\Datasets\roi_classifier_training_2\2-3\suite2p\plane0\F.npy,369
1,C:\Users\mzinn1\Desktop\Datasets\roi_classifier_training_2\2-3\suite2p\plane0\F.npy,784
1,C:\Users\mzinn1\Desktop\Datasets\roi_classifier_training_2\2-3\suite2p\plane0\F.npy,569
1,C:\Users\mzinn1\Desktop\Datasets\roi_classifier_training_2\2-3\suite2p\plane0\F.npy,828
1,C:\Users\mzinn1\Desktop\Datasets\roi_classifier_training_2\2-3\suite2p\plane0\F.npy,412
1,C:\Users\mzinn1\Desktop\Datasets\roi_classifier_training_2\2-3\suite2p\plane0\F.npy,1574
1,C:\Users\mzinn1\Desktop\Datasets\roi_classifier_training_2\2-3\suite2p\plane0\F.npy,1102
0,C:\Users\mzinn1\Desktop\Datasets\roi_classifier_training_2\2-3\suite2p\plane0\F.npy,1298
1,C:\Users\mzinn1\Desktop\Datasets\roi_classifier_training_2\2-3\suite2p\plane0\F.npy,1243
0,C:\Users\mzinn1\Desktop\Datasets\roi_classifier_training_2\2-3\suite2p\plane0\F.npy,61
1,C:\Users\mzinn1\Desktop\Datasets\roi_classifier_training_2\2-3\suite2p\plane0\F.npy,514
1,C:\Users\mzinn1\Desktop\Datasets\roi_classifier_training_2\2-3\suite2p\plane0\F.npy,664
0,C:\Users\mzinn1\Desktop\Datasets\roi_classifier_training_2\2-3\suite2p\plane0\F.npy,1171
1,C:\Users\mzinn1\Desktop\Datasets\roi_classifier_training_2\2-3\suite2p\plane0\F.npy,171
0,C:\Users\mzinn1\Desktop\Datasets\roi_classifier_training_2\2-3\suite2p\plane0\F.npy,69
1,C:\Users\mzinn1\Desktop\Datasets\roi_classifier_training_2\2-3\suite2p\plane0\F.npy,479
1,C:\Users\mzinn1\Desktop\Datasets\roi_classifier_training_2\2-3\suite2p\plane0\F.npy,480
0,C:\Users\mzinn1\Desktop\Datasets\roi_classifier_training_2\2-3\suite2p\plane0\F.npy,35
1,C:\Users\mzinn1\Desktop\Datasets\roi_classifier_training_2\2-3\suite2p\plane0\F.npy,539
0,C:\Users\mzinn1\Desktop\Datasets\roi_classifier_training_2\2-3\suite2p\plane0\F.npy,846
1,C:\Users\mzinn1\Desktop\Datasets\roi_classifier_training_2\2-3\suite2p\plane0\F.npy,185
1,C:\Users\mzinn1\Desktop\Datasets\roi_classifier_training_2\2-3\suite2p\plane0\F.npy,284
1,C:\Users\mzinn1\Desktop\Datasets\roi_classifier_training_2\2-3\suite2p\plane0\F.npy,884
1,C:\Users\mzinn1\Desktop\Datasets\roi_classifier_training_2\2-3\suite2p\plane0\F.npy,1418
0,C:\Users\mzinn1\Desktop\Datasets\roi_classifier_training_2\2-3\suite2p\plane0\F.npy,1142
0,C:\Users\mzinn1\Desktop\Datasets\roi_classifier_training_2\2-3\suite2p\plane0\F.npy,834
0,C:\Users\mzinn1\Desktop\Datasets\roi_classifier_training_2\2-3\suite2p\plane0\F.npy,719
1,C:\Users\mzinn1\Desktop\Datasets\roi_classifier_training_2\2-3\suite2p\plane0\F.npy,407
0,C:\Users\mzinn1\Desktop\Datasets\roi_classifier_training_2\2-3\suite2p\plane0\F.npy,783
1,C:\Users\mzinn1\Desktop\Datasets\roi_classifier_training_2\2-3\suite2p\plane0\F.npy,987
0,C:\Users\mzinn1\Desktop\Datasets\roi_classifier_training_2\2-3\suite2p\plane0\F.npy,153
1,C:\Users\mzinn1\Desktop\Datasets\roi_classifier_training_2\2-3\suite2p\plane0\F.npy,550
0,C:\Users\mzinn1\Desktop\Datasets\roi_classifier_training_2\2-3\suite2p\plane0\F.npy,382
0,C:\Users\mzinn1\Desktop\Datasets\roi_classifier_training_2\2-3\suite2p\plane0\F.npy,642
0,C:\Users\mzinn1\Desktop\Datasets\roi_classifier_training_2\2-3\suite2p\plane0\F.npy,941
0,C:\Users\mzinn1\Desktop\Datasets\roi_classifier_training_2\2-3\suite2p\plane0\F.npy,81
1,C:\Users\mzinn1\Desktop\Datasets\roi_classifier_training_2\2-3\suite2p\plane0\F.npy,749
1,C:\Users\mzinn1\Desktop\Datasets\roi_classifier_training_2\2-3\suite2p\plane0\F.npy,1318
0,C:\Users\mzinn1\Desktop\Datasets\roi_classifier_training_2\2-3\suite2p\plane0\F.npy,1500
0,C:\Users\mzinn1\Desktop\Datasets\roi_classifier_training_2\2-3\suite2p\plane0\F.npy,1496
0,C:\Users\mzinn1\Desktop\Datasets\roi_classifier_training_2\2-3\suite2p\plane0\F.npy,1580
0,C:\Users\mzinn1\Desktop\Datasets\roi_classifier_training_2\2-3\suite2p\plane0\F.npy,765
1,C:\Users\mzinn1\Desktop\Datasets\roi_classifier_training_2\2-3\suite2p\plane0\F.npy,598
1,C:\Users\mzinn1\Desktop\Datasets\roi_classifier_training_2\2-3\suite2p\plane0\F.npy,312
0,C:\Users\mzinn1\Desktop\Datasets\roi_classifier_training_2\2-3\suite2p\plane0\F.npy,824
0,C:\Users\mzinn1\Desktop\Datasets\roi_classifier_training_2\2-3\suite2p\plane0\F.npy,529
0,C:\Users\mzinn1\Desktop\Datasets\roi_classifier_training_2\2-3\suite2p\plane0\F.npy,870
0,C:\Users\mzinn1\Desktop\Datasets\roi_classifier_training_2\2-3\suite2p\plane0\F.npy,1596
1,C:\Users\mzinn1\Desktop\Datasets\roi_classifier_training_2\2-3\suite2p\plane0\F.npy,447
0,C:\Users\mzinn1\Desktop\Datasets\roi_classifier_training_2\2-3\suite2p\plane0\F.npy,996
1,C:\Users\mzinn1\Desktop\Datasets\roi_classifier_training_2\2-3\suite2p\plane0\F.npy,990
0,C:\Users\mzinn1\Desktop\Datasets\roi_classifier_training_2\2-3\suite2p\plane0\F.npy,779
1,C:\Users\mzinn1\Desktop\Datasets\roi_classifier_training_2\2-3\suite2p\plane0\F.npy,1502
1,C:\Users\mzinn1\Desktop\Datasets\roi_classifier_training_2\2-3\suite2p\plane0\F.npy,1322
0,C:\Users\mzinn1\Desktop\Datasets\roi_classifier_training_2\2-3\suite2p\plane0\F.npy,1389
1,C:\Users\mzinn1\Desktop\Datasets\roi_classifier_training_2\2-3\suite2p\plane0\F.npy,71
0,C:\Users\mzinn1\Desktop\Datasets\roi_classifier_training_2\2-3\suite2p\plane0\F.npy,1282
1,C:\Users\mzinn1\Desktop\Datasets\roi_classifier_training_2\2-3\suite2p\plane0\F.npy,632
0,C:\Users\mzinn1\Desktop\Datasets\roi_classifier_training_2\2-3\suite2p\plane0\F.npy,518
0,C:\Users\mzinn1\Desktop\Datasets\roi_classifier_training_2\2-3\suite2p\plane0\F.npy,390
0,C:\Users\mzinn1\Desktop\Datasets\roi_classifier_training_2\2-3\suite2p\plane0\F.npy,759
0,C:\Users\mzinn1\Desktop\Datasets\roi_classifier_training_2\2-3\suite2p\plane0\F.npy,1021
1,C:\Users\mzinn1\Desktop\Datasets\roi_classifier_training_2\2-3\suite2p\plane0\F.npy,791
1,C:\Users\mzinn1\Desktop\Datasets\roi_classifier_training_2\2-3\suite2p\plane0\F.npy,313
0,C:\Users\mzinn1\Desktop\Datasets\roi_classifier_training_2\2-3\suite2p\plane0\F.npy,1074
0,C:\Users\mzinn1\Desktop\Datasets\roi_classifier_training_2\2-3\suite2p\plane0\F.npy,394
1,C:\Users\mzinn1\Desktop\Datasets\roi_classifier_training_2\2-3\suite2p\plane0\F.npy,1520
1,C:\Users\mzinn1\Desktop\Datasets\roi_classifier_training_2\2-3\suite2p\plane0\F.npy,1100
0,C:\Users\mzinn1\Desktop\Datasets\roi_classifier_training_2\2-3\suite2p\plane0\F.npy,1401
0,C:\Users\mzinn1\Desktop\Datasets\roi_classifier_training_2\2-3\suite2p\plane0\F.npy,1037
0,C:\Users\mzinn1\Desktop\Datasets\roi_classifier_training_2\2-3\suite2p\plane0\F.npy,160
0,C:\Users\mzinn1\Desktop\Datasets\roi_classifier_training_2\2-3\suite2p\plane0\F.npy,1433
0,C:\Users\mzinn1\Desktop\Datasets\roi_classifier_training_2\2-3\suite2p\plane0\F.npy,1578
0,C:\Users\mzinn1\Desktop\Datasets\roi_classifier_training_2\2-3\suite2p\plane0\F.npy,213
1,C:\Users\mzinn1\Desktop\Datasets\roi_classifier_training_2\2-3\suite2p\plane0\F.npy,1533
1,C:\Users\mzinn1\Desktop\Datasets\roi_classifier_training_2\2-3\suite2p\plane0\F.npy,1387
0,C:\Users\mzinn1\Desktop\Datasets\roi_classifier_training_2\2-3\suite2p\plane0\F.npy,1403
0,C:\Users\mzinn1\Desktop\Datasets\roi_classifier_training_2\2-3\suite2p\plane0\F.npy,295
0,C:\Users\mzinn1\Desktop\Datasets\roi_classifier_training_2\2-3\suite2p\plane0\F.npy,1320
1,C:\Users\mzinn1\Desktop\Datasets\roi_classifier_training_2\2-3\suite2p\plane0\F.npy,464
1,C:\Users\mzinn1\Desktop\Datasets\roi_classifier_training_2\2-3\suite2p\plane0\F.npy,1059
1,C:\Users\mzinn1\Desktop\Datasets\roi_classifier_training_2\2-3\suite2p\plane0\F.npy,633
0,C:\Users\mzinn1\Desktop\Datasets\roi_classifier_training_2\2-3\suite2p\plane0\F.npy,1071
0,C:\Users\mzinn1\Desktop\Datasets\roi_classifier_training_2\2-3\suite2p\plane0\F.npy,282
1,C:\Users\mzinn1\Desktop\Datasets\roi_classifier_training_2\2-3\suite2p\plane0\F.npy,1151
1,C:\Users\mzinn1\Desktop\Datasets\roi_classifier_training_2\2-3\suite2p\plane0\F.npy,596
0,C:\Users\mzinn1\Desktop\Datasets\roi_classifier_training_2\2-3\suite2p\plane0\F.npy,506
0,C:\Users\mzinn1\Desktop\Datasets\roi_classifier_training_2\2-3\suite2p\plane0\F.npy,1489
0,C:\Users\mzinn1\Desktop\Datasets\roi_classifier_training_2\2-3\suite2p\plane0\F.npy,691
0,C:\Users\mzinn1\Desktop\Datasets\roi_classifier_training_2\2-3\suite2p\plane0\F.npy,156
1,C:\Users\mzinn1\Desktop\Datasets\roi_classifier_training_2\2-3\suite2p\plane0\F.npy,701
1,C:\Users\mzinn1\Desktop\Datasets\roi_classifier_training_2\2-3\suite2p\plane0\F.npy,502
1,C:\Users\mzinn1\Desktop\Datasets\roi_classifier_training_2\2-3\suite2p\plane0\F.npy,1090
0,C:\Users\mzinn1\Desktop\Datasets\roi_classifier_training_2\2-3\suite2p\plane0\F.npy,1430
1,C:\Users\mzinn1\Desktop\Datasets\roi_classifier_training_2\2-3\suite2p\plane0\F.npy,967
0,C:\Users\mzinn1\Desktop\Datasets\roi_classifier_training_2\2-3\suite2p\plane0\F.npy,1169
0,C:\Users\mzinn1\Desktop\Datasets\roi_classifier_training_2\2-3\suite2p\plane0\F.npy,837
1,C:\Users\mzinn1\Desktop\Datasets\roi_classifier_training_2\2-3\suite2p\plane0\F.npy,219
0,C:\Users\mzinn1\Desktop\Datasets\roi_classifier_training_2\2-3\suite2p\plane0\F.npy,498
0,C:\Users\mzinn1\Desktop\Datasets\roi_classifier_training_2\2-3\suite2p\plane0\F.npy,731
0,C:\Users\mzinn1\Desktop\Datasets\roi_classifier_training_2\2-3\suite2p\plane0\F.npy,24
0,C:\Users\mzinn1\Desktop\Datasets\roi_classifier_training_2\2-3\suite2p\plane0\F.npy,829
0,C:\Users\mzinn1\Desktop\Datasets\roi_classifier_training_2\2-3\suite2p\plane0\F.npy,273
1,C:\Users\mzinn1\Desktop\Datasets\roi_classifier_training_2\2-3\suite2p\plane0\F.npy,544
0,C:\Users\mzinn1\Desktop\Datasets\roi_classifier_training_2\2-3\suite2p\plane0\F.npy,1352
0,C:\Users\mzinn1\Desktop\Datasets\roi_classifier_training_2\2-3\suite2p\plane0\F.npy,380
1,C:\Users\mzinn1\Desktop\Datasets\roi_classifier_training_2\2-3\suite2p\plane0\F.npy,746
1,C:\Users\mzinn1\Desktop\Datasets\roi_classifier_training_2\2-3\suite2p\plane0\F.npy,690
1,C:\Users\mzinn1\Desktop\Datasets\roi_classifier_training_2\2-3\suite2p\plane0\F.npy,165
0,C:\Users\mzinn1\Desktop\Datasets\roi_classifier_training_2\2-3\suite2p\plane0\F.npy,1425
1,C:\Users\mzinn1\Desktop\Datasets\roi_classifier_training_2\2-3\suite2p\plane0\F.npy,1340
0,C:\Users\mzinn1\Desktop\Datasets\roi_classifier_training_2\2-3\suite2p\plane0\F.npy,22
0,C:\Users\mzinn1\Desktop\Datasets\roi_classifier_training_2\2-3\suite2p\plane0\F.npy,985
0,C:\Users\mzinn1\Desktop\Datasets\roi_classifier_training_2\2-3\suite2p\plane0\F.npy,1465
1,C:\Users\mzinn1\Desktop\Datasets\roi_classifier_training_2\2-3\suite2p\plane0\F.npy,678
1,C:\Users\mzinn1\Desktop\Datasets\roi_classifier_training_2\2-3\suite2p\plane0\F.npy,446
0,C:\Users\mzinn1\Desktop\Datasets\roi_classifier_training_2\2-3\suite2p\plane0\F.npy,159
1,C:\Users\mzinn1\Desktop\Datasets\roi_classifier_training_2\2-3\suite2p\plane0\F.npy,1101
0,C:\Users\mzinn1\Desktop\Datasets\roi_classifier_training_2\2-3\suite2p\plane0\F.npy,859
1,C:\Users\mzinn1\Desktop\Datasets\roi_classifier_training_2\2-3\suite2p\plane0\F.npy,628
1,C:\Users\mzinn1\Desktop\Datasets\roi_classifier_training_2\2-3\suite2p\plane0\F.npy,665
0,C:\Users\mzinn1\Desktop\Datasets\roi_classifier_training_2\2-3\suite2p\plane0\F.npy,155
1,C:\Users\mzinn1\Desktop\Datasets\roi_classifier_training_2\2-3\suite2p\plane0\F.npy,258
0,C:\Users\mzinn1\Desktop\Datasets\roi_classifier_training_2\2-3\suite2p\plane0\F.npy,1382
1,C:\Users\mzinn1\Desktop\Datasets\roi_classifier_training_2\2-3\suite2p\plane0\F.npy,661
0,C:\Users\mzinn1\Desktop\Datasets\roi_classifier_training_2\2-3\suite2p\plane0\F.npy,1017
0,C:\Users\mzinn1\Desktop\Datasets\roi_classifier_training_2\2-3\suite2p\plane0\F.npy,451
1,C:\Users\mzinn1\Desktop\Datasets\roi_classifier_training_2\2-3\suite2p\plane0\F.npy,296
1,C:\Users\mzinn1\Desktop\Datasets\roi_classifier_training_2\2-3\suite2p\plane0\F.npy,1402
0,C:\Users\mzinn1\Desktop\Datasets\roi_classifier_training_2\2-3\suite2p\plane0\F.npy,1269
0,C:\Users\mzinn1\Desktop\Datasets\roi_classifier_training_2\2-3\suite2p\plane0\F.npy,619
1,C:\Users\mzinn1\Desktop\Datasets\roi_classifier_training_2\2-3\suite2p\plane0\F.npy,9
0,C:\Users\mzinn1\Desktop\Datasets\roi_classifier_training_2\2-3\suite2p\plane0\F.npy,528
1,C:\Users\mzinn1\Desktop\Datasets\roi_classifier_training_2\2-3\suite2p\plane0\F.npy,44
0,C:\Users\mzinn1\Desktop\Datasets\roi_classifier_training_2\2-3\suite2p\plane0\F.npy,857
0,C:\Users\mzinn1\Desktop\Datasets\roi_classifier_training_2\2-3\suite2p\plane0\F.npy,1415
0,C:\Users\mzinn1\Desktop\Datasets\roi_classifier_training_2\2-3\suite2p\plane0\F.npy,997
0,C:\Users\mzinn1\Desktop\Datasets\roi_classifier_training_2\2-3\suite2p\plane0\F.npy,456
0,C:\Users\mzinn1\Desktop\Datasets\roi_classifier_training_2\2-3\suite2p\plane0\F.npy,535
1,C:\Users\mzinn1\Desktop\Datasets\roi_classifier_training_2\2-3\suite2p\plane0\F.npy,1558
1,C:\Users\mzinn1\Desktop\Datasets\roi_classifier_training_2\2-3\suite2p\plane0\F.npy,1325
0,C:\Users\mzinn1\Desktop\Datasets\roi_classifier_training_2\2-3\suite2p\plane0\F.npy,299
1,C:\Users\mzinn1\Desktop\Datasets\roi_classifier_training_2\2-3\suite2p\plane0\F.npy,441
0,C:\Users\mzinn1\Desktop\Datasets\roi_classifier_training_2\2-3\suite2p\plane0\F.npy,448
0,C:\Users\mzinn1\Desktop\Datasets\roi_classifier_training_2\2-3\suite2p\plane0\F.npy,1585
1,C:\Users\mzinn1\Desktop\Datasets\roi_classifier_training_2\2-3\suite2p\plane0\F.npy,420
1,C:\Users\mzinn1\Desktop\Datasets\roi_classifier_training_2\2-3\suite2p\plane0\F.npy,288
0,C:\Users\mzinn1\Desktop\Datasets\roi_classifier_training_2\2-3\suite2p\plane0\F.npy,992
1,C:\Users\mzinn1\Desktop\Datasets\roi_classifier_training_2\2-3\suite2p\plane0\F.npy,91
0,C:\Users\mzinn1\Desktop\Datasets\roi_classifier_training_2\2-3\suite2p\plane0\F.npy,508
1,C:\Users\mzinn1\Desktop\Datasets\roi_classifier_training_2\2-3\suite2p\plane0\F.npy,222
1,C:\Users\mzinn1\Desktop\Datasets\roi_classifier_training_2\2-3\suite2p\plane0\F.npy,1570
0,C:\Users\mzinn1\Desktop\Datasets\roi_classifier_training_2\2-3\suite2p\plane0\F.npy,768
0,C:\Users\mzinn1\Desktop\Datasets\roi_classifier_training_2\2-3\suite2p\plane0\F.npy,692
1,C:\Users\mzinn1\Desktop\Datasets\roi_classifier_training_2\2-3\suite2p\plane0\F.npy,292
0,C:\Users\mzinn1\Desktop\Datasets\roi_classifier_training_2\2-3\suite2p\plane0\F.npy,1423
1,C:\Users\mzinn1\Desktop\Datasets\roi_classifier_training_2\2-3\suite2p\plane0\F.npy,1264
0,C:\Users\mzinn1\Desktop\Datasets\roi_classifier_training_2\2-3\suite2p\plane0\F.npy,993
0,C:\Users\mzinn1\Desktop\Datasets\roi_classifier_training_2\2-3\suite2p\plane0\F.npy,1609
1,C:\Users\mzinn1\Desktop\Datasets\roi_classifier_training_2\2-3\suite2p\plane0\F.npy,375
1,C:\Users\mzinn1\Desktop\Datasets\roi_classifier_training_2\2-3\suite2p\plane0\F.npy,68
1,C:\Users\mzinn1\Desktop\Datasets\roi_classifier_training_2\2-3\suite2p\plane0\F.npy,214
0,C:\Users\mzinn1\Desktop\Datasets\roi_classifier_training_2\2-3\suite2p\plane0\F.npy,89
1,C:\Users\mzinn1\Desktop\Datasets\roi_classifier_training_2\2-3\suite2p\plane0\F.npy,932
1,C:\Users\mzinn1\Desktop\Datasets\roi_classifier_training_2\2-3\suite2p\plane0\F.npy,415
1,C:\Users\mzinn1\Desktop\Datasets\roi_classifier_training_2\2-3\suite2p\plane0\F.npy,1042
1,C:\Users\mzinn1\Desktop\Datasets\roi_classifier_training_2\2-3\suite2p\plane0\F.npy,1031
1,C:\Users\mzinn1\Desktop\Datasets\roi_classifier_training_2\2-3\suite2p\plane0\F.npy,850
0,C:\Users\mzinn1\Desktop\Datasets\roi_classifier_training_2\2-3\suite2p\plane0\F.npy,1525
1,C:\Users\mzinn1\Desktop\Datasets\roi_classifier_training_2\2-3\suite2p\plane0\F.npy,1020
1,C:\Users\mzinn1\Desktop\Datasets\roi_classifier_training_2\2-3\suite2p\plane0\F.npy,151
1,C:\Users\mzinn1\Desktop\Datasets\roi_classifier_training_2\2-3\suite2p\plane0\F.npy,1122
0,C:\Users\mzinn1\Desktop\Datasets\roi_classifier_training_2\2-3\suite2p\plane0\F.npy,617
0,C:\Users\mzinn1\Desktop\Datasets\roi_classifier_training_2\2-3\suite2p\plane0\F.npy,616
0,C:\Users\mzinn1\Desktop\Datasets\roi_classifier_training_2\2-3\suite2p\plane0\F.npy,1475
1,C:\Users\mzinn1\Desktop\Datasets\roi_classifier_training_2\2-3\suite2p\plane0\F.npy,1092
1,C:\Users\mzinn1\Desktop\Datasets\roi_classifier_training_2\2-3\suite2p\plane0\F.npy,1614
0,C:\Users\mzinn1\Desktop\Datasets\roi_classifier_training_2\2-3\suite2p\plane0\F.npy,1435
1,C:\Users\mzinn1\Desktop\Datasets\roi_classifier_training_2\2-3\suite2p\plane0\F.npy,1498
0,C:\Users\mzinn1\Desktop\Datasets\roi_classifier_training_2\2-3\suite2p\plane0\F.npy,1412
1,C:\Users\mzinn1\Desktop\Datasets\roi_classifier_training_2\2-3\suite2p\plane0\F.npy,680
1,C:\Users\mzinn1\Desktop\Datasets\roi_classifier_training_2\2-3\suite2p\plane0\F.npy,721
1,C:\Users\mzinn1\Desktop\Datasets\roi_classifier_training_2\2-3\suite2p\plane0\F.npy,308
1,C:\Users\mzinn1\Desktop\Datasets\roi_classifier_training_2\2-3\suite2p\plane0\F.npy,73
0,C:\Users\mzinn1\Desktop\Datasets\roi_classifier_training_2\2-3\suite2p\plane0\F.npy,268
1,C:\Users\mzinn1\Desktop\Datasets\roi_classifier_training_2\2-3\suite2p\plane0\F.npy,87
0,C:\Users\mzinn1\Desktop\Datasets\roi_classifier_training_2\2-3\suite2p\plane0\F.npy,1453
1,C:\Users\mzinn1\Desktop\Datasets\roi_classifier_training_2\2-3\suite2p\plane0\F.npy,371
1,C:\Users\mzinn1\Desktop\Datasets\roi_classifier_training_2\2-3\suite2p\plane0\F.npy,1002
1,C:\Users\mzinn1\Desktop\Datasets\roi_classifier_training_2\2-3\suite2p\plane0\F.npy,254
1,C:\Users\mzinn1\Desktop\Datasets\roi_classifier_training_2\2-3\suite2p\plane0\F.npy,347
0,C:\Users\mzinn1\Desktop\Datasets\roi_classifier_training_2\2-3\suite2p\plane0\F.npy,908
1,C:\Users\mzinn1\Desktop\Datasets\roi_classifier_training_2\2-3\suite2p\plane0\F.npy,1132
1,C:\Users\mzinn1\Desktop\Datasets\roi_classifier_training_2\2-3\suite2p\plane0\F.npy,432
1,C:\Users\mzinn1\Desktop\Datasets\roi_classifier_training_2\2-3\suite2p\plane0\F.npy,1199
0,C:\Users\mzinn1\Desktop\Datasets\roi_classifier_training_2\2-3\suite2p\plane0\F.npy,1476
1,C:\Users\mzinn1\Desktop\Datasets\roi_classifier_training_2\2-3\suite2p\plane0\F.npy,1341
0,C:\Users\mzinn1\Desktop\Datasets\roi_classifier_training_2\2-3\suite2p\plane0\F.npy,1371
1,C:\Users\mzinn1\Desktop\Datasets\roi_classifier_training_2\2-3\suite2p\plane0\F.npy,471
0,C:\Users\mzinn1\Desktop\Datasets\roi_classifier_training_2\2-3\suite2p\plane0\F.npy,778
0,C:\Users\mzinn1\Desktop\Datasets\roi_classifier_training_2\2-3\suite2p\plane0\F.npy,7
1,C:\Users\mzinn1\Desktop\Datasets\roi_classifier_training_2\2-3\suite2p\plane0\F.npy,1373
1,C:\Users\mzinn1\Desktop\Datasets\roi_classifier_training_2\2-3\suite2p\plane0\F.npy,1308
0,C:\Users\mzinn1\Desktop\Datasets\roi_classifier_training_2\2-3\suite2p\plane0\F.npy,718
0,C:\Users\mzinn1\Desktop\Datasets\roi_classifier_training_2\2-3\suite2p\plane0\F.npy,583
0,C:\Users\mzinn1\Desktop\Datasets\roi_classifier_training_2\2-3\suite2p\plane0\F.npy,1559
1,C:\Users\mzinn1\Desktop\Datasets\roi_classifier_training_2\2-3\suite2p\plane0\F.npy,1096
1,C:\Users\mzinn1\Desktop\Datasets\roi_classifier_training_2\2-3\suite2p\plane0\F.npy,879
1,C:\Users\mzinn1\Desktop\Datasets\roi_classifier_training_2\2-3\suite2p\plane0\F.npy,842
1,C:\Users\mzinn1\Desktop\Datasets\roi_classifier_training_2\2-3\suite2p\plane0\F.npy,942
0,C:\Users\mzinn1\Desktop\Datasets\roi_classifier_training_2\2-3\suite2p\plane0\F.npy,900
1,C:\Users\mzinn1\Desktop\Datasets\roi_classifier_training_2\2-3\suite2p\plane0\F.npy,1055
0,C:\Users\mzinn1\Desktop\Datasets\roi_classifier_training_2\2-3\suite2p\plane0\F.npy,808
1,C:\Users\mzinn1\Desktop\Datasets\roi_classifier_training_2\2-3\suite2p\plane0\F.npy,112
1,C:\Users\mzinn1\Desktop\Datasets\roi_classifier_training_2\2-3\suite2p\plane0\F.npy,1445
1,C:\Users\mzinn1\Desktop\Datasets\roi_classifier_training_2\2-3\suite2p\plane0\F.npy,982
0,C:\Users\mzinn1\Desktop\Datasets\roi_classifier_training_2\2-3\suite2p\plane0\F.npy,1484
1,C:\Users\mzinn1\Desktop\Datasets\roi_classifier_training_2\2-3\suite2p\plane0\F.npy,348
1,C:\Users\mzinn1\Desktop\Datasets\roi_classifier_training_2\2-3\suite2p\plane0\F.npy,1137
1,C:\Users\mzinn1\Desktop\Datasets\roi_classifier_training_2\2-3\suite2p\plane0\F.npy,455
0,C:\Users\mzinn1\Desktop\Datasets\roi_classifier_training_2\2-3\suite2p\plane0\F.npy,208
1,C:\Users\mzinn1\Desktop\Datasets\roi_classifier_training_2\2-3\suite2p\plane0\F.npy,129
0,C:\Users\mzinn1\Desktop\Datasets\roi_classifier_training_2\2-3\suite2p\plane0\F.npy,1566
1,C:\Users\mzinn1\Desktop\Datasets\roi_classifier_training_2\2-3\suite2p\plane0\F.npy,31
1,C:\Users\mzinn1\Desktop\Datasets\roi_classifier_training_2\2-3\suite2p\plane0\F.npy,276
1,C:\Users\mzinn1\Desktop\Datasets\roi_classifier_training_2\2-3\suite2p\plane0\F.npy,1438
1,C:\Users\mzinn1\Desktop\Datasets\roi_classifier_training_2\2-3\suite2p\plane0\F.npy,1203
1,C:\Users\mzinn1\Desktop\Datasets\roi_classifier_training_2\2-3\suite2p\plane0\F.npy,1271
0,C:\Users\mzinn1\Desktop\Datasets\roi_classifier_training_2\2-3\suite2p\plane0\F.npy,401
0,C:\Users\mzinn1\Desktop\Datasets\roi_classifier_training_2\2-3\suite2p\plane0\F.npy,813
0,C:\Users\mzinn1\Desktop\Datasets\roi_classifier_training_2\2-3\suite2p\plane0\F.npy,1557
0,C:\Users\mzinn1\Desktop\Datasets\roi_classifier_training_2\2-3\suite2p\plane0\F.npy,1161
0,C:\Users\mzinn1\Desktop\Datasets\roi_classifier_training_2\2-3\suite2p\plane0\F.npy,353
1,C:\Users\mzinn1\Desktop\Datasets\roi_classifier_training_2\2-3\suite2p\plane0\F.npy,148
0,C:\Users\mzinn1\Desktop\Datasets\roi_classifier_training_2\2-3\suite2p\plane0\F.npy,322
1,C:\Users\mzinn1\Desktop\Datasets\roi_classifier_training_2\2-3\suite2p\plane0\F.npy,1437
1,C:\Users\mzinn1\Desktop\Datasets\roi_classifier_training_2\2-3\suite2p\plane0\F.npy,1291
1,C:\Users\mzinn1\Desktop\Datasets\roi_classifier_training_2\2-3\suite2p\plane0\F.npy,338
1,C:\Users\mzinn1\Desktop\Datasets\roi_classifier_training_2\2-3\suite2p\plane0\F.npy,1376
0,C:\Users\mzinn1\Desktop\Datasets\roi_classifier_training_2\2-3\suite2p\plane0\F.npy,1494
1,C:\Users\mzinn1\Desktop\Datasets\roi_classifier_training_2\2-3\suite2p\plane0\F.npy,104
0,C:\Users\mzinn1\Desktop\Datasets\roi_classifier_training_2\2-3\suite2p\plane0\F.npy,668
0,C:\Users\mzinn1\Desktop\Datasets\roi_classifier_training_2\2-3\suite2p\plane0\F.npy,440
0,C:\Users\mzinn1\Desktop\Datasets\roi_classifier_training_2\2-3\suite2p\plane0\F.npy,527
1,C:\Users\mzinn1\Desktop\Datasets\roi_classifier_training_2\2-3\suite2p\plane0\F.npy,686
1,C:\Users\mzinn1\Desktop\Datasets\roi_classifier_training_2\2-3\suite2p\plane0\F.npy,650
0,C:\Users\mzinn1\Desktop\Datasets\roi_classifier_training_2\2-3\suite2p\plane0\F.npy,1319
0,C:\Users\mzinn1\Desktop\Datasets\roi_classifier_training_2\2-3\suite2p\plane0\F.npy,689
0,C:\Users\mzinn1\Desktop\Datasets\roi_classifier_training_2\2-3\suite2p\plane0\F.npy,495
1,C:\Users\mzinn1\Desktop\Datasets\roi_classifier_training_2\2-3\suite2p\plane0\F.npy,666
0,C:\Users\mzinn1\Desktop\Datasets\roi_classifier_training_2\2-3\suite2p\plane0\F.npy,538
1,C:\Users\mzinn1\Desktop\Datasets\roi_classifier_training_2\2-3\suite2p\plane0\F.npy,116
0,C:\Users\mzinn1\Desktop\Datasets\roi_classifier_training_2\2-3\suite2p\plane0\F.npy,485
0,C:\Users\mzinn1\Desktop\Datasets\roi_classifier_training_2\2-3\suite2p\plane0\F.npy,1236
1,C:\Users\mzinn1\Desktop\Datasets\roi_classifier_training_2\2-3\suite2p\plane0\F.npy,655
0,C:\Users\mzinn1\Desktop\Datasets\roi_classifier_training_2\2-3\suite2p\plane0\F.npy,377
1,C:\Users\mzinn1\Desktop\Datasets\roi_classifier_training_2\2-3\suite2p\plane0\F.npy,1056
1,C:\Users\mzinn1\Desktop\Datasets\roi_classifier_training_2\2-3\suite2p\plane0\F.npy,563
1,C:\Users\mzinn1\Desktop\Datasets\roi_classifier_training_2\2-3\suite2p\plane0\F.npy,202
1,C:\Users\mzinn1\Desktop\Datasets\roi_classifier_training_2\2-3\suite2p\plane0\F.npy,685
0,C:\Users\mzinn1\Desktop\Datasets\roi_classifier_training_2\2-3\suite2p\plane0\F.npy,1140
1,C:\Users\mzinn1\Desktop\Datasets\roi_classifier_training_2\2-3\suite2p\plane0\F.npy,1109
1,C:\Users\mzinn1\Desktop\Datasets\roi_classifier_training_2\2-3\suite2p\plane0\F.npy,1248
0,C:\Users\mzinn1\Desktop\Datasets\roi_classifier_training_2\2-3\suite2p\plane0\F.npy,264
0,C:\Users\mzinn1\Desktop\Datasets\roi_classifier_training_2\2-3\suite2p\plane0\F.npy,962
1,C:\Users\mzinn1\Desktop\Datasets\roi_classifier_training_2\2-3\suite2p\plane0\F.npy,1155
0,C:\Users\mzinn1\Desktop\Datasets\roi_classifier_training_2\2-3\suite2p\plane0\F.npy,586
1,C:\Users\mzinn1\Desktop\Datasets\roi_classifier_training_2\2-3\suite2p\plane0\F.npy,395
0,C:\Users\mzinn1\Desktop\Datasets\roi_classifier_training_2\2-3\suite2p\plane0\F.npy,411
0,C:\Users\mzinn1\Desktop\Datasets\roi_classifier_training_2\2-3\suite2p\plane0\F.npy,1439
0,C:\Users\mzinn1\Desktop\Datasets\roi_classifier_training_2\2-3\suite2p\plane0\F.npy,3
1,C:\Users\mzinn1\Desktop\Datasets\roi_classifier_training_2\2-3\suite2p\plane0\F.npy,280
1,C:\Users\mzinn1\Desktop\Datasets\roi_classifier_training_2\2-3\suite2p\plane0\F.npy,1368
0,C:\Users\mzinn1\Desktop\Datasets\roi_classifier_training_2\2-3\suite2p\plane0\F.npy,263
1,C:\Users\mzinn1\Desktop\Datasets\roi_classifier_training_2\2-3\suite2p\plane0\F.npy,1424
1,C:\Users\mzinn1\Desktop\Datasets\roi_classifier_training_2\2-3\suite2p\plane0\F.npy,1197
1,C:\Users\mzinn1\Desktop\Datasets\roi_classifier_training_2\2-3\suite2p\plane0\F.npy,457
0,C:\Users\mzinn1\Desktop\Datasets\roi_classifier_training_2\2-4\suite2p\plane0\F.npy,791
0,C:\Users\mzinn1\Desktop\Datasets\roi_classifier_training_2\2-4\suite2p\plane0\F.npy,926
0,C:\Users\mzinn1\Desktop\Datasets\roi_classifier_training_2\2-4\suite2p\plane0\F.npy,1022
1,C:\Users\mzinn1\Desktop\Datasets\roi_classifier_training_2\2-4\suite2p\plane0\F.npy,1120
0,C:\Users\mzinn1\Desktop\Datasets\roi_classifier_training_2\2-4\suite2p\plane0\F.npy,422
0,C:\Users\mzinn1\Desktop\Datasets\roi_classifier_training_2\2-4\suite2p\plane0\F.npy,882
0,C:\Users\mzinn1\Desktop\Datasets\roi_classifier_training_2\2-4\suite2p\plane0\F.npy,28
0,C:\Users\mzinn1\Desktop\Datasets\roi_classifier_training_2\2-4\suite2p\plane0\F.npy,583
0,C:\Users\mzinn1\Desktop\Datasets\roi_classifier_training_2\2-4\suite2p\plane0\F.npy,573
0,C:\Users\mzinn1\Desktop\Datasets\roi_classifier_training_2\2-4\suite2p\plane0\F.npy,538
0,C:\Users\mzinn1\Desktop\Datasets\roi_classifier_training_2\2-4\suite2p\plane0\F.npy,484
0,C:\Users\mzinn1\Desktop\Datasets\roi_classifier_training_2\2-4\suite2p\plane0\F.npy,911
1,C:\Users\mzinn1\Desktop\Datasets\roi_classifier_training_2\2-4\suite2p\plane0\F.npy,548
0,C:\Users\mzinn1\Desktop\Datasets\roi_classifier_training_2\2-4\suite2p\plane0\F.npy,567
0,C:\Users\mzinn1\Desktop\Datasets\roi_classifier_training_2\2-4\suite2p\plane0\F.npy,552
0,C:\Users\mzinn1\Desktop\Datasets\roi_classifier_training_2\2-4\suite2p\plane0\F.npy,519
0,C:\Users\mzinn1\Desktop\Datasets\roi_classifier_training_2\2-4\suite2p\plane0\F.npy,817
0,C:\Users\mzinn1\Desktop\Datasets\roi_classifier_training_2\2-4\suite2p\plane0\F.npy,474
0,C:\Users\mzinn1\Desktop\Datasets\roi_classifier_training_2\2-4\suite2p\plane0\F.npy,416
0,C:\Users\mzinn1\Desktop\Datasets\roi_classifier_training_2\2-4\suite2p\plane0\F.npy,8
1,C:\Users\mzinn1\Desktop\Datasets\roi_classifier_training_2\2-4\suite2p\plane0\F.npy,30
1,C:\Users\mzinn1\Desktop\Datasets\roi_classifier_training_2\2-4\suite2p\plane0\F.npy,286
0,C:\Users\mzinn1\Desktop\Datasets\roi_classifier_training_2\2-4\suite2p\plane0\F.npy,824
0,C:\Users\mzinn1\Desktop\Datasets\roi_classifier_training_2\2-4\suite2p\plane0\F.npy,410
1,C:\Users\mzinn1\Desktop\Datasets\roi_classifier_training_2\2-4\suite2p\plane0\F.npy,179
1,C:\Users\mzinn1\Desktop\Datasets\roi_classifier_training_2\2-4\suite2p\plane0\F.npy,452
0,C:\Users\mzinn1\Desktop\Datasets\roi_classifier_training_2\2-4\suite2p\plane0\F.npy,306
0,C:\Users\mzinn1\Desktop\Datasets\roi_classifier_training_2\2-4\suite2p\plane0\F.npy,252
1,C:\Users\mzinn1\Desktop\Datasets\roi_classifier_training_2\2-4\suite2p\plane0\F.npy,471
0,C:\Users\mzinn1\Desktop\Datasets\roi_classifier_training_2\2-4\suite2p\plane0\F.npy,1060
0,C:\Users\mzinn1\Desktop\Datasets\roi_classifier_training_2\2-4\suite2p\plane0\F.npy,766
0,C:\Users\mzinn1\Desktop\Datasets\roi_classifier_training_2\2-4\suite2p\plane0\F.npy,930
1,C:\Users\mzinn1\Desktop\Datasets\roi_classifier_training_2\2-4\suite2p\plane0\F.npy,273
1,C:\Users\mzinn1\Desktop\Datasets\roi_classifier_training_2\2-4\suite2p\plane0\F.npy,931
1,C:\Users\mzinn1\Desktop\Datasets\roi_classifier_training_2\2-4\suite2p\plane0\F.npy,399
0,C:\Users\mzinn1\Desktop\Datasets\roi_classifier_training_2\2-4\suite2p\plane0\F.npy,671
0,C:\Users\mzinn1\Desktop\Datasets\roi_classifier_training_2\2-4\suite2p\plane0\F.npy,707
0,C:\Users\mzinn1\Desktop\Datasets\roi_classifier_training_2\2-4\suite2p\plane0\F.npy,1123
0,C:\Users\mzinn1\Desktop\Datasets\roi_classifier_training_2\2-4\suite2p\plane0\F.npy,978
0,C:\Users\mzinn1\Desktop\Datasets\roi_classifier_training_2\2-4\suite2p\plane0\F.npy,466
0,C:\Users\mzinn1\Desktop\Datasets\roi_classifier_training_2\2-4\suite2p\plane0\F.npy,461
0,C:\Users\mzinn1\Desktop\Datasets\roi_classifier_training_2\2-4\suite2p\plane0\F.npy,697
0,C:\Users\mzinn1\Desktop\Datasets\roi_classifier_training_2\2-4\suite2p\plane0\F.npy,356
0,C:\Users\mzinn1\Desktop\Datasets\roi_classifier_training_2\2-4\suite2p\plane0\F.npy,346
1,C:\Users\mzinn1\Desktop\Datasets\roi_classifier_training_2\2-4\suite2p\plane0\F.npy,53
0,C:\Users\mzinn1\Desktop\Datasets\roi_classifier_training_2\2-4\suite2p\plane0\F.npy,907
0,C:\Users\mzinn1\Desktop\Datasets\roi_classifier_training_2\2-4\suite2p\plane0\F.npy,695
1,C:\Users\mzinn1\Desktop\Datasets\roi_classifier_training_2\2-4\suite2p\plane0\F.npy,814
0,C:\Users\mzinn1\Desktop\Datasets\roi_classifier_training_2\2-4\suite2p\plane0\F.npy,228
1,C:\Users\mzinn1\Desktop\Datasets\roi_classifier_training_2\2-4\suite2p\plane0\F.npy,597
1,C:\Users\mzinn1\Desktop\Datasets\roi_classifier_training_2\2-4\suite2p\plane0\F.npy,1003
1,C:\Users\mzinn1\Desktop\Datasets\roi_classifier_training_2\2-4\suite2p\plane0\F.npy,362
0,C:\Users\mzinn1\Desktop\Datasets\roi_classifier_training_2\2-4\suite2p\plane0\F.npy,743
0,C:\Users\mzinn1\Desktop\Datasets\roi_classifier_training_2\2-4\suite2p\plane0\F.npy,47
0,C:\Users\mzinn1\Desktop\Datasets\roi_classifier_training_2\2-4\suite2p\plane0\F.npy,518
0,C:\Users\mzinn1\Desktop\Datasets\roi_classifier_training_2\2-4\suite2p\plane0\F.npy,5
0,C:\Users\mzinn1\Desktop\Datasets\roi_classifier_training_2\2-4\suite2p\plane0\F.npy,529
0,C:\Users\mzinn1\Desktop\Datasets\roi_classifier_training_2\2-4\suite2p\plane0\F.npy,685
0,C:\Users\mzinn1\Desktop\Datasets\roi_classifier_training_2\2-4\suite2p\plane0\F.npy,750
0,C:\Users\mzinn1\Desktop\Datasets\roi_classifier_training_2\2-4\suite2p\plane0\F.npy,12
0,C:\Users\mzinn1\Desktop\Datasets\roi_classifier_training_2\2-4\suite2p\plane0\F.npy,191
0,C:\Users\mzinn1\Desktop\Datasets\roi_classifier_training_2\2-4\suite2p\plane0\F.npy,444
0,C:\Users\mzinn1\Desktop\Datasets\roi_classifier_training_2\2-4\suite2p\plane0\F.npy,427
0,C:\Users\mzinn1\Desktop\Datasets\roi_classifier_training_2\2-4\suite2p\plane0\F.npy,107
0,C:\Users\mzinn1\Desktop\Datasets\roi_classifier_training_2\2-4\suite2p\plane0\F.npy,925
0,C:\Users\mzinn1\Desktop\Datasets\roi_classifier_training_2\2-4\suite2p\plane0\F.npy,633
1,C:\Users\mzinn1\Desktop\Datasets\roi_classifier_training_2\2-4\suite2p\plane0\F.npy,587
0,C:\Users\mzinn1\Desktop\Datasets\roi_classifier_training_2\2-4\suite2p\plane0\F.npy,489
0,C:\Users\mzinn1\Desktop\Datasets\roi_classifier_training_2\2-4\suite2p\plane0\F.npy,758
0,C:\Users\mzinn1\Desktop\Datasets\roi_classifier_training_2\2-4\suite2p\plane0\F.npy,566
0,C:\Users\mzinn1\Desktop\Datasets\roi_classifier_training_2\2-4\suite2p\plane0\F.npy,351
1,C:\Users\mzinn1\Desktop\Datasets\roi_classifier_training_2\2-4\suite2p\plane0\F.npy,881
0,C:\Users\mzinn1\Desktop\Datasets\roi_classifier_training_2\2-4\suite2p\plane0\F.npy,906
0,C:\Users\mzinn1\Desktop\Datasets\roi_classifier_training_2\2-4\suite2p\plane0\F.npy,65
1,C:\Users\mzinn1\Desktop\Datasets\roi_classifier_training_2\2-4\suite2p\plane0\F.npy,251
0,C:\Users\mzinn1\Desktop\Datasets\roi_classifier_training_2\2-4\suite2p\plane0\F.npy,714
1,C:\Users\mzinn1\Desktop\Datasets\roi_classifier_training_2\2-4\suite2p\plane0\F.npy,336
0,C:\Users\mzinn1\Desktop\Datasets\roi_classifier_training_2\2-4\suite2p\plane0\F.npy,920
1,C:\Users\mzinn1\Desktop\Datasets\roi_classifier_training_2\2-4\suite2p\plane0\F.npy,727
0,C:\Users\mzinn1\Desktop\Datasets\roi_classifier_training_2\2-4\suite2p\plane0\F.npy,52
0,C:\Users\mzinn1\Desktop\Datasets\roi_classifier_training_2\2-4\suite2p\plane0\F.npy,625
1,C:\Users\mzinn1\Desktop\Datasets\roi_classifier_training_2\2-4\suite2p\plane0\F.npy,449
0,C:\Users\mzinn1\Desktop\Datasets\roi_classifier_training_2\2-4\suite2p\plane0\F.npy,371
0,C:\Users\mzinn1\Desktop\Datasets\roi_classifier_training_2\2-4\suite2p\plane0\F.npy,482
1,C:\Users\mzinn1\Desktop\Datasets\roi_classifier_training_2\2-4\suite2p\plane0\F.npy,121
1,C:\Users\mzinn1\Desktop\Datasets\roi_classifier_training_2\2-4\suite2p\plane0\F.npy,62
0,C:\Users\mzinn1\Desktop\Datasets\roi_classifier_training_2\2-4\suite2p\plane0\F.npy,1021
0,C:\Users\mzinn1\Desktop\Datasets\roi_classifier_training_2\2-4\suite2p\plane0\F.npy,913
0,C:\Users\mzinn1\Desktop\Datasets\roi_classifier_training_2\2-4\suite2p\plane0\F.npy,447
0,C:\Users\mzinn1\Desktop\Datasets\roi_classifier_training_2\2-4\suite2p\plane0\F.npy,2
0,C:\Users\mzinn1\Desktop\Datasets\roi_classifier_training_2\2-4\suite2p\plane0\F.npy,948
0,C:\Users\mzinn1\Desktop\Datasets\roi_classifier_training_2\2-4\suite2p\plane0\F.npy,768
0,C:\Users\mzinn1\Desktop\Datasets\roi_classifier_training_2\2-4\suite2p\plane0\F.npy,660
1,C:\Users\mzinn1\Desktop\Datasets\roi_classifier_training_2\2-4\suite2p\plane0\F.npy,694
1,C:\Users\mzinn1\Desktop\Datasets\roi_classifier_training_2\2-4\suite2p\plane0\F.npy,822
0,C:\Users\mzinn1\Desktop\Datasets\roi_classifier_training_2\2-4\suite2p\plane0\F.npy,1103
1,C:\Users\mzinn1\Desktop\Datasets\roi_classifier_training_2\2-4\suite2p\plane0\F.npy,654
0,C:\Users\mzinn1\Desktop\Datasets\roi_classifier_training_2\2-4\suite2p\plane0\F.npy,188
0,C:\Users\mzinn1\Desktop\Datasets\roi_classifier_training_2\2-4\suite2p\plane0\F.npy,874
1,C:\Users\mzinn1\Desktop\Datasets\roi_classifier_training_2\2-4\suite2p\plane0\F.npy,511
0,C:\Users\mzinn1\Desktop\Datasets\roi_classifier_training_2\2-4\suite2p\plane0\F.npy,979
1,C:\Users\mzinn1\Desktop\Datasets\roi_classifier_training_2\2-4\suite2p\plane0\F.npy,825
0,C:\Users\mzinn1\Desktop\Datasets\roi_classifier_training_2\2-4\suite2p\plane0\F.npy,526
1,C:\Users\mzinn1\Desktop\Datasets\roi_classifier_training_2\2-4\suite2p\plane0\F.npy,330
1,C:\Users\mzinn1\Desktop\Datasets\roi_classifier_training_2\2-4\suite2p\plane0\F.npy,980
1,C:\Users\mzinn1\Desktop\Datasets\roi_classifier_training_2\2-4\suite2p\plane0\F.npy,340
1,C:\Users\mzinn1\Desktop\Datasets\roi_classifier_training_2\2-4\suite2p\plane0\F.npy,85
0,C:\Users\mzinn1\Desktop\Datasets\roi_classifier_training_2\2-4\suite2p\plane0\F.npy,274
1,C:\Users\mzinn1\Desktop\Datasets\roi_classifier_training_2\2-4\suite2p\plane0\F.npy,147
0,C:\Users\mzinn1\Desktop\Datasets\roi_classifier_training_2\2-4\suite2p\plane0\F.npy,506
0,C:\Users\mzinn1\Desktop\Datasets\roi_classifier_training_2\2-4\suite2p\plane0\F.npy,992
0,C:\Users\mzinn1\Desktop\Datasets\roi_classifier_training_2\2-4\suite2p\plane0\F.npy,1121
0,C:\Users\mzinn1\Desktop\Datasets\roi_classifier_training_2\2-4\suite2p\plane0\F.npy,851
0,C:\Users\mzinn1\Desktop\Datasets\roi_classifier_training_2\2-4\suite2p\plane0\F.npy,619
1,C:\Users\mzinn1\Desktop\Datasets\roi_classifier_training_2\2-4\suite2p\plane0\F.npy,554
1,C:\Users\mzinn1\Desktop\Datasets\roi_classifier_training_2\2-4\suite2p\plane0\F.npy,80
1,C:\Users\mzinn1\Desktop\Datasets\roi_classifier_training_2\2-4\suite2p\plane0\F.npy,33
0,C:\Users\mzinn1\Desktop\Datasets\roi_classifier_training_2\2-4\suite2p\plane0\F.npy,764
0,C:\Users\mzinn1\Desktop\Datasets\roi_classifier_training_2\2-4\suite2p\plane0\F.npy,443
0,C:\Users\mzinn1\Desktop\Datasets\roi_classifier_training_2\2-4\suite2p\plane0\F.npy,135
0,C:\Users\mzinn1\Desktop\Datasets\roi_classifier_training_2\2-4\suite2p\plane0\F.npy,541
0,C:\Users\mzinn1\Desktop\Datasets\roi_classifier_training_2\2-4\suite2p\plane0\F.npy,912
0,C:\Users\mzinn1\Desktop\Datasets\roi_classifier_training_2\2-4\suite2p\plane0\F.npy,557
1,C:\Users\mzinn1\Desktop\Datasets\roi_classifier_training_2\2-4\suite2p\plane0\F.npy,31
1,C:\Users\mzinn1\Desktop\Datasets\roi_classifier_training_2\2-4\suite2p\plane0\F.npy,337
1,C:\Users\mzinn1\Desktop\Datasets\roi_classifier_training_2\2-4\suite2p\plane0\F.npy,601
0,C:\Users\mzinn1\Desktop\Datasets\roi_classifier_training_2\2-4\suite2p\plane0\F.npy,161
1,C:\Users\mzinn1\Desktop\Datasets\roi_classifier_training_2\2-4\suite2p\plane0\F.npy,569
0,C:\Users\mzinn1\Desktop\Datasets\roi_classifier_training_2\2-4\suite2p\plane0\F.npy,960
0,C:\Users\mzinn1\Desktop\Datasets\roi_classifier_training_2\2-4\suite2p\plane0\F.npy,78
1,C:\Users\mzinn1\Desktop\Datasets\roi_classifier_training_2\2-4\suite2p\plane0\F.npy,550
1,C:\Users\mzinn1\Desktop\Datasets\roi_classifier_training_2\2-4\suite2p\plane0\F.npy,1038
0,C:\Users\mzinn1\Desktop\Datasets\roi_classifier_training_2\2-4\suite2p\plane0\F.npy,812
0,C:\Users\mzinn1\Desktop\Datasets\roi_classifier_training_2\2-4\suite2p\plane0\F.npy,585
1,C:\Users\mzinn1\Desktop\Datasets\roi_classifier_training_2\2-4\suite2p\plane0\F.npy,423
0,C:\Users\mzinn1\Desktop\Datasets\roi_classifier_training_2\2-4\suite2p\plane0\F.npy,803
0,C:\Users\mzinn1\Desktop\Datasets\roi_classifier_training_2\2-4\suite2p\plane0\F.npy,185
0,C:\Users\mzinn1\Desktop\Datasets\roi_classifier_training_2\2-4\suite2p\plane0\F.npy,530
1,C:\Users\mzinn1\Desktop\Datasets\roi_classifier_training_2\2-4\suite2p\plane0\F.npy,323
1,C:\Users\mzinn1\Desktop\Datasets\roi_classifier_training_2\2-4\suite2p\plane0\F.npy,201
0,C:\Users\mzinn1\Desktop\Datasets\roi_classifier_training_2\2-4\suite2p\plane0\F.npy,953
0,C:\Users\mzinn1\Desktop\Datasets\roi_classifier_training_2\2-4\suite2p\plane0\F.npy,109
0,C:\Users\mzinn1\Desktop\Datasets\roi_classifier_training_2\2-4\suite2p\plane0\F.npy,624
0,C:\Users\mzinn1\Desktop\Datasets\roi_classifier_training_2\2-4\suite2p\plane0\F.npy,915
1,C:\Users\mzinn1\Desktop\Datasets\roi_classifier_training_2\2-4\suite2p\plane0\F.npy,1131
1,C:\Users\mzinn1\Desktop\Datasets\roi_classifier_training_2\2-4\suite2p\plane0\F.npy,280
0,C:\Users\mzinn1\Desktop\Datasets\roi_classifier_training_2\2-4\suite2p\plane0\F.npy,788
0,C:\Users\mzinn1\Desktop\Datasets\roi_classifier_training_2\2-4\suite2p\plane0\F.npy,509
0,C:\Users\mzinn1\Desktop\Datasets\roi_classifier_training_2\2-4\suite2p\plane0\F.npy,291
0,C:\Users\mzinn1\Desktop\Datasets\roi_classifier_training_2\2-4\suite2p\plane0\F.npy,382
0,C:\Users\mzinn1\Desktop\Datasets\roi_classifier_training_2\2-4\suite2p\plane0\F.npy,522
1,C:\Users\mzinn1\Desktop\Datasets\roi_classifier_training_2\2-4\suite2p\plane0\F.npy,676
1,C:\Users\mzinn1\Desktop\Datasets\roi_classifier_training_2\2-4\suite2p\plane0\F.npy,673
0,C:\Users\mzinn1\Desktop\Datasets\roi_classifier_training_2\2-4\suite2p\plane0\F.npy,350
0,C:\Users\mzinn1\Desktop\Datasets\roi_classifier_training_2\2-4\suite2p\plane0\F.npy,20
1,C:\Users\mzinn1\Desktop\Datasets\roi_classifier_training_2\2-4\suite2p\plane0\F.npy,140
0,C:\Users\mzinn1\Desktop\Datasets\roi_classifier_training_2\2-4\suite2p\plane0\F.npy,1074
0,C:\Users\mzinn1\Desktop\Datasets\roi_classifier_training_2\2-4\suite2p\plane0\F.npy,136
1,C:\Users\mzinn1\Desktop\Datasets\roi_classifier_training_2\2-4\suite2p\plane0\F.npy,212
0,C:\Users\mzinn1\Desktop\Datasets\roi_classifier_training_2\2-4\suite2p\plane0\F.npy,949
1,C:\Users\mzinn1\Desktop\Datasets\roi_classifier_training_2\2-4\suite2p\plane0\F.npy,279
0,C:\Users\mzinn1\Desktop\Datasets\roi_classifier_training_2\2-4\suite2p\plane0\F.npy,1089
0,C:\Users\mzinn1\Desktop\Datasets\roi_classifier_training_2\2-4\suite2p\plane0\F.npy,924
1,C:\Users\mzinn1\Desktop\Datasets\roi_classifier_training_2\2-4\suite2p\plane0\F.npy,7
1,C:\Users\mzinn1\Desktop\Datasets\roi_classifier_training_2\2-4\suite2p\plane0\F.npy,378
0,C:\Users\mzinn1\Desktop\Datasets\roi_classifier_training_2\2-4\suite2p\plane0\F.npy,507
1,C:\Users\mzinn1\Desktop\Datasets\roi_classifier_training_2\2-4\suite2p\plane0\F.npy,345
0,C:\Users\mzinn1\Desktop\Datasets\roi_classifier_training_2\2-4\suite2p\plane0\F.npy,55
0,C:\Users\mzinn1\Desktop\Datasets\roi_classifier_training_2\2-4\suite2p\plane0\F.npy,1109
0,C:\Users\mzinn1\Desktop\Datasets\roi_classifier_training_2\2-4\suite2p\plane0\F.npy,942
0,C:\Users\mzinn1\Desktop\Datasets\roi_classifier_training_2\2-4\suite2p\plane0\F.npy,771
0,C:\Users\mzinn1\Desktop\Datasets\roi_classifier_training_2\2-4\suite2p\plane0\F.npy,612
0,C:\Users\mzinn1\Desktop\Datasets\roi_classifier_training_2\2-4\suite2p\plane0\F.npy,114
0,C:\Users\mzinn1\Desktop\Datasets\roi_classifier_training_2\2-4\suite2p\plane0\F.npy,457
0,C:\Users\mzinn1\Desktop\Datasets\roi_classifier_training_2\2-4\suite2p\plane0\F.npy,588
0,C:\Users\mzinn1\Desktop\Datasets\roi_classifier_training_2\2-4\suite2p\plane0\F.npy,703
0,C:\Users\mzinn1\Desktop\Datasets\roi_classifier_training_2\2-4\suite2p\plane0\F.npy,276
0,C:\Users\mzinn1\Desktop\Datasets\roi_classifier_training_2\2-4\suite2p\plane0\F.npy,213
0,C:\Users\mzinn1\Desktop\Datasets\roi_classifier_training_2\2-4\suite2p\plane0\F.npy,877
0,C:\Users\mzinn1\Desktop\Datasets\roi_classifier_training_2\2-4\suite2p\plane0\F.npy,662
0,C:\Users\mzinn1\Desktop\Datasets\roi_classifier_training_2\2-4\suite2p\plane0\F.npy,193
1,C:\Users\mzinn1\Desktop\Datasets\roi_classifier_training_2\2-4\suite2p\plane0\F.npy,424
0,C:\Users\mzinn1\Desktop\Datasets\roi_classifier_training_2\2-4\suite2p\plane0\F.npy,272
0,C:\Users\mzinn1\Desktop\Datasets\roi_classifier_training_2\2-4\suite2p\plane0\F.npy,898
1,C:\Users\mzinn1\Desktop\Datasets\roi_classifier_training_2\2-4\suite2p\plane0\F.npy,132
1,C:\Users\mzinn1\Desktop\Datasets\roi_classifier_training_2\2-4\suite2p\plane0\F.npy,96
0,C:\Users\mzinn1\Desktop\Datasets\roi_classifier_training_2\2-4\suite2p\plane0\F.npy,391
0,C:\Users\mzinn1\Desktop\Datasets\roi_classifier_training_2\2-4\suite2p\plane0\F.npy,1112
1,C:\Users\mzinn1\Desktop\Datasets\roi_classifier_training_2\2-4\suite2p\plane0\F.npy,900
0,C:\Users\mzinn1\Desktop\Datasets\roi_classifier_training_2\2-4\suite2p\plane0\F.npy,618
0,C:\Users\mzinn1\Desktop\Datasets\roi_classifier_training_2\2-4\suite2p\plane0\F.npy,847
1,C:\Users\mzinn1\Desktop\Datasets\roi_classifier_training_2\2-4\suite2p\plane0\F.npy,689
0,C:\Users\mzinn1\Desktop\Datasets\roi_classifier_training_2\2-4\suite2p\plane0\F.npy,367
0,C:\Users\mzinn1\Desktop\Datasets\roi_classifier_training_2\2-4\suite2p\plane0\F.npy,1044
0,C:\Users\mzinn1\Desktop\Datasets\roi_classifier_training_2\2-4\suite2p\plane0\F.npy,955
0,C:\Users\mzinn1\Desktop\Datasets\roi_classifier_training_2\2-4\suite2p\plane0\F.npy,858
1,C:\Users\mzinn1\Desktop\Datasets\roi_classifier_training_2\2-4\suite2p\plane0\F.npy,860
0,C:\Users\mzinn1\Desktop\Datasets\roi_classifier_training_2\2-4\suite2p\plane0\F.npy,480
0,C:\Users\mzinn1\Desktop\Datasets\roi_classifier_training_2\2-4\suite2p\plane0\F.npy,435
1,C:\Users\mzinn1\Desktop\Datasets\roi_classifier_training_2\2-4\suite2p\plane0\F.npy,819
0,C:\Users\mzinn1\Desktop\Datasets\roi_classifier_training_2\2-4\suite2p\plane0\F.npy,1059
1,C:\Users\mzinn1\Desktop\Datasets\roi_classifier_training_2\2-4\suite2p\plane0\F.npy,563
0,C:\Users\mzinn1\Desktop\Datasets\roi_classifier_training_2\2-4\suite2p\plane0\F.npy,919
0,C:\Users\mzinn1\Desktop\Datasets\roi_classifier_training_2\2-4\suite2p\plane0\F.npy,570
0,C:\Users\mzinn1\Desktop\Datasets\roi_classifier_training_2\2-4\suite2p\plane0\F.npy,270
0,C:\Users\mzinn1\Desktop\Datasets\roi_classifier_training_2\2-4\suite2p\plane0\F.npy,98
1,C:\Users\mzinn1\Desktop\Datasets\roi_classifier_training_2\2-4\suite2p\plane0\F.npy,110
0,C:\Users\mzinn1\Desktop\Datasets\roi_classifier_training_2\2-4\suite2p\plane0\F.npy,1113
0,C:\Users\mzinn1\Desktop\Datasets\roi_classifier_training_2\2-4\suite2p\plane0\F.npy,1031
0,C:\Users\mzinn1\Desktop\Datasets\roi_classifier_training_2\2-4\suite2p\plane0\F.npy,248
1,C:\Users\mzinn1\Desktop\Datasets\roi_classifier_training_2\2-4\suite2p\plane0\F.npy,21
1,C:\Users\mzinn1\Desktop\Datasets\roi_classifier_training_2\2-4\suite2p\plane0\F.npy,657
0,C:\Users\mzinn1\Desktop\Datasets\roi_classifier_training_2\2-4\suite2p\plane0\F.npy,216
1,C:\Users\mzinn1\Desktop\Datasets\roi_classifier_training_2\2-4\suite2p\plane0\F.npy,26
0,C:\Users\mzinn1\Desktop\Datasets\roi_classifier_training_2\2-4\suite2p\plane0\F.npy,490
0,C:\Users\mzinn1\Desktop\Datasets\roi_classifier_training_2\2-4\suite2p\plane0\F.npy,615
0,C:\Users\mzinn1\Desktop\Datasets\roi_classifier_training_2\2-4\suite2p\plane0\F.npy,606
1,C:\Users\mzinn1\Desktop\Datasets\roi_classifier_training_2\2-4\suite2p\plane0\F.npy,335
1,C:\Users\mzinn1\Desktop\Datasets\roi_classifier_training_2\2-4\suite2p\plane0\F.npy,307
1,C:\Users\mzinn1\Desktop\Datasets\roi_classifier_training_2\2-4\suite2p\plane0\F.npy,696
0,C:\Users\mzinn1\Desktop\Datasets\roi_classifier_training_2\2-4\suite2p\plane0\F.npy,1093
0,C:\Users\mzinn1\Desktop\Datasets\roi_classifier_training_2\2-4\suite2p\plane0\F.npy,41
1,C:\Users\mzinn1\Desktop\Datasets\roi_classifier_training_2\2-4\suite2p\plane0\F.npy,893
0,C:\Users\mzinn1\Desktop\Datasets\roi_classifier_training_2\2-4\suite2p\plane0\F.npy,379
1,C:\Users\mzinn1\Desktop\Datasets\roi_classifier_training_2\2-4\suite2p\plane0\F.npy,352
1,C:\Users\mzinn1\Desktop\Datasets\roi_classifier_training_2\2-4\suite2p\plane0\F.npy,446
1,C:\Users\mzinn1\Desktop\Datasets\roi_classifier_training_2\2-4\suite2p\plane0\F.npy,143
0,C:\Users\mzinn1\Desktop\Datasets\roi_classifier_training_2\2-4\suite2p\plane0\F.npy,131
0,C:\Users\mzinn1\Desktop\Datasets\roi_classifier_training_2\2-4\suite2p\plane0\F.npy,224
0,C:\Users\mzinn1\Desktop\Datasets\roi_classifier_training_2\2-4\suite2p\plane0\F.npy,614
0,C:\Users\mzinn1\Desktop\Datasets\roi_classifier_training_2\2-4\suite2p\plane0\F.npy,734
0,C:\Users\mzinn1\Desktop\Datasets\roi_classifier_training_2\2-4\suite2p\plane0\F.npy,536
0,C:\Users\mzinn1\Desktop\Datasets\roi_classifier_training_2\2-4\suite2p\plane0\F.npy,559
0,C:\Users\mzinn1\Desktop\Datasets\roi_classifier_training_2\2-4\suite2p\plane0\F.npy,388
0,C:\Users\mzinn1\Desktop\Datasets\roi_classifier_training_2\2-4\suite2p\plane0\F.npy,745
0,C:\Users\mzinn1\Desktop\Datasets\roi_classifier_training_2\2-4\suite2p\plane0\F.npy,934
1,C:\Users\mzinn1\Desktop\Datasets\roi_classifier_training_2\2-4\suite2p\plane0\F.npy,42
0,C:\Users\mzinn1\Desktop\Datasets\roi_classifier_training_2\2-4\suite2p\plane0\F.npy,1040
1,C:\Users\mzinn1\Desktop\Datasets\roi_classifier_training_2\2-4\suite2p\plane0\F.npy,199
1,C:\Users\mzinn1\Desktop\Datasets\roi_classifier_training_2\2-4\suite2p\plane0\F.npy,837
0,C:\Users\mzinn1\Desktop\Datasets\roi_classifier_training_2\2-4\suite2p\plane0\F.npy,409
1,C:\Users\mzinn1\Desktop\Datasets\roi_classifier_training_2\2-4\suite2p\plane0\F.npy,826
1,C:\Users\mzinn1\Desktop\Datasets\roi_classifier_training_2\2-4\suite2p\plane0\F.npy,380
0,C:\Users\mzinn1\Desktop\Datasets\roi_classifier_training_2\2-4\suite2p\plane0\F.npy,23
0,C:\Users\mzinn1\Desktop\Datasets\roi_classifier_training_2\2-4\suite2p\plane0\F.npy,731
0,C:\Users\mzinn1\Desktop\Datasets\roi_classifier_training_2\2-4\suite2p\plane0\F.npy,853
0,C:\Users\mzinn1\Desktop\Datasets\roi_classifier_training_2\2-4\suite2p\plane0\F.npy,271
0,C:\Users\mzinn1\Desktop\Datasets\roi_classifier_training_2\2-4\suite2p\plane0\F.npy,1069
1,C:\Users\mzinn1\Desktop\Datasets\roi_classifier_training_2\2-4\suite2p\plane0\F.npy,493
0,C:\Users\mzinn1\Desktop\Datasets\roi_classifier_training_2\2-4\suite2p\plane0\F.npy,653
0,C:\Users\mzinn1\Desktop\Datasets\roi_classifier_training_2\2-4\suite2p\plane0\F.npy,79
1,C:\Users\mzinn1\Desktop\Datasets\roi_classifier_training_2\2-4\suite2p\plane0\F.npy,214
0,C:\Users\mzinn1\Desktop\Datasets\roi_classifier_training_2\2-4\suite2p\plane0\F.npy,769
1,C:\Users\mzinn1\Desktop\Datasets\roi_classifier_training_2\2-4\suite2p\plane0\F.npy,105
0,C:\Users\mzinn1\Desktop\Datasets\roi_classifier_training_2\2-4\suite2p\plane0\F.npy,308
0,C:\Users\mzinn1\Desktop\Datasets\roi_classifier_training_2\2-4\suite2p\plane0\F.npy,923
0,C:\Users\mzinn1\Desktop\Datasets\roi_classifier_training_2\2-4\suite2p\plane0\F.npy,1054
0,C:\Users\mzinn1\Desktop\Datasets\roi_classifier_training_2\2-4\suite2p\plane0\F.npy,901
1,C:\Users\mzinn1\Desktop\Datasets\roi_classifier_training_2\2-4\suite2p\plane0\F.npy,591
0,C:\Users\mzinn1\Desktop\Datasets\roi_classifier_training_2\2-4\suite2p\plane0\F.npy,459
0,C:\Users\mzinn1\Desktop\Datasets\roi_classifier_training_2\2-4\suite2p\plane0\F.npy,89
0,C:\Users\mzinn1\Desktop\Datasets\roi_classifier_training_2\2-4\suite2p\plane0\F.npy,469
0,C:\Users\mzinn1\Desktop\Datasets\roi_classifier_training_2\2-4\suite2p\plane0\F.npy,338
0,C:\Users\mzinn1\Desktop\Datasets\roi_classifier_training_2\2-4\suite2p\plane0\F.npy,1116
1,C:\Users\mzinn1\Desktop\Datasets\roi_classifier_training_2\2-4\suite2p\plane0\F.npy,463
0,C:\Users\mzinn1\Desktop\Datasets\roi_classifier_training_2\2-4\suite2p\plane0\F.npy,718
0,C:\Users\mzinn1\Desktop\Datasets\roi_classifier_training_2\2-4\suite2p\plane0\F.npy,1096
0,C:\Users\mzinn1\Desktop\Datasets\roi_classifier_training_2\2-4\suite2p\plane0\F.npy,864
1,C:\Users\mzinn1\Desktop\Datasets\roi_classifier_training_2\2-4\suite2p\plane0\F.npy,699
0,C:\Users\mzinn1\Desktop\Datasets\roi_classifier_training_2\2-4\suite2p\plane0\F.npy,154
0,C:\Users\mzinn1\Desktop\Datasets\roi_classifier_training_2\2-4\suite2p\plane0\F.npy,1062
0,C:\Users\mzinn1\Desktop\Datasets\roi_classifier_training_2\2-4\suite2p\plane0\F.npy,339
0,C:\Users\mzinn1\Desktop\Datasets\roi_classifier_training_2\2-4\suite2p\plane0\F.npy,173
0,C:\Users\mzinn1\Desktop\Datasets\roi_classifier_training_2\2-4\suite2p\plane0\F.npy,783
0,C:\Users\mzinn1\Desktop\Datasets\roi_classifier_training_2\2-4\suite2p\plane0\F.npy,256
0,C:\Users\mzinn1\Desktop\Datasets\roi_classifier_training_2\2-4\suite2p\plane0\F.npy,281
0,C:\Users\mzinn1\Desktop\Datasets\roi_classifier_training_2\2-4\suite2p\plane0\F.npy,332
0,C:\Users\mzinn1\Desktop\Datasets\roi_classifier_training_2\2-4\suite2p\plane0\F.npy,320
1,C:\Users\mzinn1\Desktop\Datasets\roi_classifier_training_2\2-4\suite2p\plane0\F.npy,180
0,C:\Users\mzinn1\Desktop\Datasets\roi_classifier_training_2\2-4\suite2p\plane0\F.npy,770
0,C:\Users\mzinn1\Desktop\Datasets\roi_classifier_training_2\2-4\suite2p\plane0\F.npy,63
0,C:\Users\mzinn1\Desktop\Datasets\roi_classifier_training_2\2-4\suite2p\plane0\F.npy,375
0,C:\Users\mzinn1\Desktop\Datasets\roi_classifier_training_2\2-4\suite2p\plane0\F.npy,257
0,C:\Users\mzinn1\Desktop\Datasets\roi_classifier_training_2\2-4\suite2p\plane0\F.npy,765
0,C:\Users\mzinn1\Desktop\Datasets\roi_classifier_training_2\2-4\suite2p\plane0\F.npy,638
0,C:\Users\mzinn1\Desktop\Datasets\roi_classifier_training_2\2-4\suite2p\plane0\F.npy,485
0,C:\Users\mzinn1\Desktop\Datasets\roi_classifier_training_2\2-4\suite2p\plane0\F.npy,981
0,C:\Users\mzinn1\Desktop\Datasets\roi_classifier_training_2\2-4\suite2p\plane0\F.npy,767
0,C:\Users\mzinn1\Desktop\Datasets\roi_classifier_training_2\2-4\suite2p\plane0\F.npy,1090
0,C:\Users\mzinn1\Desktop\Datasets\roi_classifier_training_2\2-4\suite2p\plane0\F.npy,759
0,C:\Users\mzinn1\Desktop\Datasets\roi_classifier_training_2\2-4\suite2p\plane0\F.npy,487
1,C:\Users\mzinn1\Desktop\Datasets\roi_classifier_training_2\2-4\suite2p\plane0\F.npy,129
0,C:\Users\mzinn1\Desktop\Datasets\roi_classifier_training_2\2-4\suite2p\plane0\F.npy,157
0,C:\Users\mzinn1\Desktop\Datasets\roi_classifier_training_2\2-4\suite2p\plane0\F.npy,730
0,C:\Users\mzinn1\Desktop\Datasets\roi_classifier_training_2\2-4\suite2p\plane0\F.npy,621
0,C:\Users\mzinn1\Desktop\Datasets\roi_classifier_training_2\2-4\suite2p\plane0\F.npy,15
0,C:\Users\mzinn1\Desktop\Datasets\roi_classifier_training_2\2-4\suite2p\plane0\F.npy,1020
0,C:\Users\mzinn1\Desktop\Datasets\roi_classifier_training_2\2-4\suite2p\plane0\F.npy,793
0,C:\Users\mzinn1\Desktop\Datasets\roi_classifier_training_2\2-4\suite2p\plane0\F.npy,954
0,C:\Users\mzinn1\Desktop\Datasets\roi_classifier_training_2\2-4\suite2p\plane0\F.npy,414
0,C:\Users\mzinn1\Desktop\Datasets\roi_classifier_training_2\2-4\suite2p\plane0\F.npy,836
0,C:\Users\mzinn1\Desktop\Datasets\roi_classifier_training_2\2-4\suite2p\plane0\F.npy,370
0,C:\Users\mzinn1\Desktop\Datasets\roi_classifier_training_2\2-4\suite2p\plane0\F.npy,553
0,C:\Users\mzinn1\Desktop\Datasets\roi_classifier_training_2\2-4\suite2p\plane0\F.npy,961
0,C:\Users\mzinn1\Desktop\Datasets\roi_classifier_training_2\2-4\suite2p\plane0\F.npy,916
0,C:\Users\mzinn1\Desktop\Datasets\roi_classifier_training_2\2-4\suite2p\plane0\F.npy,805
1,C:\Users\mzinn1\Desktop\Datasets\roi_classifier_training_2\2-4\suite2p\plane0\F.npy,1032
1,C:\Users\mzinn1\Desktop\Datasets\roi_classifier_training_2\2-4\suite2p\plane0\F.npy,549
1,C:\Users\mzinn1\Desktop\Datasets\roi_classifier_training_2\2-4\suite2p\plane0\F.npy,440
0,C:\Users\mzinn1\Desktop\Datasets\roi_classifier_training_2\2-4\suite2p\plane0\F.npy,124
0,C:\Users\mzinn1\Desktop\Datasets\roi_classifier_training_2\2-4\suite2p\plane0\F.npy,1086
0,C:\Users\mzinn1\Desktop\Datasets\roi_classifier_training_2\2-4\suite2p\plane0\F.npy,891
0,C:\Users\mzinn1\Desktop\Datasets\roi_classifier_training_2\2-4\suite2p\plane0\F.npy,156
1,C:\Users\mzinn1\Desktop\Datasets\roi_classifier_training_2\2-4\suite2p\plane0\F.npy,755
0,C:\Users\mzinn1\Desktop\Datasets\roi_classifier_training_2\2-4\suite2p\plane0\F.npy,1065
0,C:\Users\mzinn1\Desktop\Datasets\roi_classifier_training_2\2-4\suite2p\plane0\F.npy,879
0,C:\Users\mzinn1\Desktop\Datasets\roi_classifier_training_2\2-4\suite2p\plane0\F.npy,622
0,C:\Users\mzinn1\Desktop\Datasets\roi_classifier_training_2\2-4\suite2p\plane0\F.npy,1082
0,C:\Users\mzinn1\Desktop\Datasets\roi_classifier_training_2\2-4\suite2p\plane0\F.npy,354
0,C:\Users\mzinn1\Desktop\Datasets\roi_classifier_training_2\2-4\suite2p\plane0\F.npy,651
0,C:\Users\mzinn1\Desktop\Datasets\roi_classifier_training_2\2-4\suite2p\plane0\F.npy,963
1,C:\Users\mzinn1\Desktop\Datasets\roi_classifier_training_2\2-4\suite2p\plane0\F.npy,208
0,C:\Users\mzinn1\Desktop\Datasets\roi_classifier_training_2\2-4\suite2p\plane0\F.npy,896
0,C:\Users\mzinn1\Desktop\Datasets\roi_classifier_training_2\2-4\suite2p\plane0\F.npy,575
0,C:\Users\mzinn1\Desktop\Datasets\roi_classifier_training_2\2-4\suite2p\plane0\F.npy,376
0,C:\Users\mzinn1\Desktop\Datasets\roi_classifier_training_2\2-4\suite2p\plane0\F.npy,951
0,C:\Users\mzinn1\Desktop\Datasets\roi_classifier_training_2\2-4\suite2p\plane0\F.npy,483
0,C:\Users\mzinn1\Desktop\Datasets\roi_classifier_training_2\2-4\suite2p\plane0\F.npy,57
0,C:\Users\mzinn1\Desktop\Datasets\roi_classifier_training_2\2-4\suite2p\plane0\F.npy,303
0,C:\Users\mzinn1\Desktop\Datasets\roi_classifier_training_2\2-4\suite2p\plane0\F.npy,205
1,C:\Users\mzinn1\Desktop\Datasets\roi_classifier_training_2\2-4\suite2p\plane0\F.npy,441
0,C:\Users\mzinn1\Desktop\Datasets\roi_classifier_training_2\2-4\suite2p\plane0\F.npy,353
0,C:\Users\mzinn1\Desktop\Datasets\roi_classifier_training_2\2-4\suite2p\plane0\F.npy,1111
1,C:\Users\mzinn1\Desktop\Datasets\roi_classifier_training_2\2-4\suite2p\plane0\F.npy,1029
1,C:\Users\mzinn1\Desktop\Datasets\roi_classifier_training_2\2-4\suite2p\plane0\F.npy,159
0,C:\Users\mzinn1\Desktop\Datasets\roi_classifier_training_2\2-4\suite2p\plane0\F.npy,165
1,C:\Users\mzinn1\Desktop\Datasets\roi_classifier_training_2\2-4\suite2p\plane0\F.npy,84
0,C:\Users\mzinn1\Desktop\Datasets\roi_classifier_training_2\2-4\suite2p\plane0\F.npy,640
0,C:\Users\mzinn1\Desktop\Datasets\roi_classifier_training_2\2-4\suite2p\plane0\F.npy,1063
1,C:\Users\mzinn1\Desktop\Datasets\roi_classifier_training_2\2-4\suite2p\plane0\F.npy,243
0,C:\Users\mzinn1\Desktop\Datasets\roi_classifier_training_2\2-4\suite2p\plane0\F.npy,969
0,C:\Users\mzinn1\Desktop\Datasets\roi_classifier_training_3\2-1\suite2p\plane0\F.npy,674
0,C:\Users\mzinn1\Desktop\Datasets\roi_classifier_training_3\2-1\suite2p\plane0\F.npy,146
0,C:\Users\mzinn1\Desktop\Datasets\roi_classifier_training_3\2-1\suite2p\plane0\F.npy,1055
0,C:\Users\mzinn1\Desktop\Datasets\roi_classifier_training_3\2-1\suite2p\plane0\F.npy,1278
0,C:\Users\mzinn1\Desktop\Datasets\roi_classifier_training_3\2-1\suite2p\plane0\F.npy,1628
0,C:\Users\mzinn1\Desktop\Datasets\roi_classifier_training_3\2-1\suite2p\plane0\F.npy,286
1,C:\Users\mzinn1\Desktop\Datasets\roi_classifier_training_3\2-1\suite2p\plane0\F.npy,708
0,C:\Users\mzinn1\Desktop\Datasets\roi_classifier_training_3\2-1\suite2p\plane0\F.npy,1394
0,C:\Users\mzinn1\Desktop\Datasets\roi_classifier_training_3\2-1\suite2p\plane0\F.npy,594
1,C:\Users\mzinn1\Desktop\Datasets\roi_classifier_training_3\2-1\suite2p\plane0\F.npy,1191
0,C:\Users\mzinn1\Desktop\Datasets\roi_classifier_training_3\2-1\suite2p\plane0\F.npy,616
0,C:\Users\mzinn1\Desktop\Datasets\roi_classifier_training_3\2-1\suite2p\plane0\F.npy,888
1,C:\Users\mzinn1\Desktop\Datasets\roi_classifier_training_3\2-1\suite2p\plane0\F.npy,310
0,C:\Users\mzinn1\Desktop\Datasets\roi_classifier_training_3\2-1\suite2p\plane0\F.npy,1432
0,C:\Users\mzinn1\Desktop\Datasets\roi_classifier_training_3\2-1\suite2p\plane0\F.npy,599
0,C:\Users\mzinn1\Desktop\Datasets\roi_classifier_training_3\2-1\suite2p\plane0\F.npy,1312
0,C:\Users\mzinn1\Desktop\Datasets\roi_classifier_training_3\2-1\suite2p\plane0\F.npy,502
0,C:\Users\mzinn1\Desktop\Datasets\roi_classifier_training_3\2-1\suite2p\plane0\F.npy,74
0,C:\Users\mzinn1\Desktop\Datasets\roi_classifier_training_3\2-1\suite2p\plane0\F.npy,196
1,C:\Users\mzinn1\Desktop\Datasets\roi_classifier_training_3\2-1\suite2p\plane0\F.npy,604
0,C:\Users\mzinn1\Desktop\Datasets\roi_classifier_training_3\2-1\suite2p\plane0\F.npy,875
0,C:\Users\mzinn1\Desktop\Datasets\roi_classifier_training_3\2-1\suite2p\plane0\F.npy,1164
1,C:\Users\mzinn1\Desktop\Datasets\roi_classifier_training_3\2-1\suite2p\plane0\F.npy,1431
0,C:\Users\mzinn1\Desktop\Datasets\roi_classifier_training_3\2-1\suite2p\plane0\F.npy,856
1,C:\Users\mzinn1\Desktop\Datasets\roi_classifier_training_3\2-1\suite2p\plane0\F.npy,365
0,C:\Users\mzinn1\Desktop\Datasets\roi_classifier_training_3\2-1\suite2p\plane0\F.npy,1247
1,C:\Users\mzinn1\Desktop\Datasets\roi_classifier_training_3\2-1\suite2p\plane0\F.npy,1352
1,C:\Users\mzinn1\Desktop\Datasets\roi_classifier_training_3\2-1\suite2p\plane0\F.npy,200
1,C:\Users\mzinn1\Desktop\Datasets\roi_classifier_training_3\2-1\suite2p\plane0\F.npy,921
0,C:\Users\mzinn1\Desktop\Datasets\roi_classifier_training_3\2-1\suite2p\plane0\F.npy,478
1,C:\Users\mzinn1\Desktop\Datasets\roi_classifier_training_3\2-1\suite2p\plane0\F.npy,492
0,C:\Users\mzinn1\Desktop\Datasets\roi_classifier_training_3\2-1\suite2p\plane0\F.npy,160
0,C:\Users\mzinn1\Desktop\Datasets\roi_classifier_training_3\2-1\suite2p\plane0\F.npy,516
0,C:\Users\mzinn1\Desktop\Datasets\roi_classifier_training_3\2-1\suite2p\plane0\F.npy,480
0,C:\Users\mzinn1\Desktop\Datasets\roi_classifier_training_3\2-1\suite2p\plane0\F.npy,469
1,C:\Users\mzinn1\Desktop\Datasets\roi_classifier_training_3\2-1\suite2p\plane0\F.npy,163
1,C:\Users\mzinn1\Desktop\Datasets\roi_classifier_training_3\2-1\suite2p\plane0\F.npy,903
0,C:\Users\mzinn1\Desktop\Datasets\roi_classifier_training_3\2-1\suite2p\plane0\F.npy,4
1,C:\Users\mzinn1\Desktop\Datasets\roi_classifier_training_3\2-1\suite2p\plane0\F.npy,36
0,C:\Users\mzinn1\Desktop\Datasets\roi_classifier_training_3\2-1\suite2p\plane0\F.npy,816
0,C:\Users\mzinn1\Desktop\Datasets\roi_classifier_training_3\2-1\suite2p\plane0\F.npy,1410
1,C:\Users\mzinn1\Desktop\Datasets\roi_classifier_training_3\2-1\suite2p\plane0\F.npy,961
1,C:\Users\mzinn1\Desktop\Datasets\roi_classifier_training_3\2-1\suite2p\plane0\F.npy,578
0,C:\Users\mzinn1\Desktop\Datasets\roi_classifier_training_3\2-1\suite2p\plane0\F.npy,591
1,C:\Users\mzinn1\Desktop\Datasets\roi_classifier_training_3\2-1\suite2p\plane0\F.npy,734
0,C:\Users\mzinn1\Desktop\Datasets\roi_classifier_training_3\2-1\suite2p\plane0\F.npy,1357
1,C:\Users\mzinn1\Desktop\Datasets\roi_classifier_training_3\2-1\suite2p\plane0\F.npy,1047
1,C:\Users\mzinn1\Desktop\Datasets\roi_classifier_training_3\2-1\suite2p\plane0\F.npy,966
0,C:\Users\mzinn1\Desktop\Datasets\roi_classifier_training_3\2-1\suite2p\plane0\F.npy,260
0,C:\Users\mzinn1\Desktop\Datasets\roi_classifier_training_3\2-1\suite2p\plane0\F.npy,956
1,C:\Users\mzinn1\Desktop\Datasets\roi_classifier_training_3\2-1\suite2p\plane0\F.npy,1243
1,C:\Users\mzinn1\Desktop\Datasets\roi_classifier_training_3\2-1\suite2p\plane0\F.npy,569
1,C:\Users\mzinn1\Desktop\Datasets\roi_classifier_training_3\2-1\suite2p\plane0\F.npy,1150
0,C:\Users\mzinn1\Desktop\Datasets\roi_classifier_training_3\2-1\suite2p\plane0\F.npy,194
1,C:\Users\mzinn1\Desktop\Datasets\roi_classifier_training_3\2-1\suite2p\plane0\F.npy,957
0,C:\Users\mzinn1\Desktop\Datasets\roi_classifier_training_3\2-1\suite2p\plane0\F.npy,265
0,C:\Users\mzinn1\Desktop\Datasets\roi_classifier_training_3\2-1\suite2p\plane0\F.npy,1576
0,C:\Users\mzinn1\Desktop\Datasets\roi_classifier_training_3\2-1\suite2p\plane0\F.npy,99
1,C:\Users\mzinn1\Desktop\Datasets\roi_classifier_training_3\2-1\suite2p\plane0\F.npy,1467
0,C:\Users\mzinn1\Desktop\Datasets\roi_classifier_training_3\2-1\suite2p\plane0\F.npy,914
0,C:\Users\mzinn1\Desktop\Datasets\roi_classifier_training_3\2-1\suite2p\plane0\F.npy,434
0,C:\Users\mzinn1\Desktop\Datasets\roi_classifier_training_3\2-1\suite2p\plane0\F.npy,375
0,C:\Users\mzinn1\Desktop\Datasets\roi_classifier_training_3\2-1\suite2p\plane0\F.npy,1408
1,C:\Users\mzinn1\Desktop\Datasets\roi_classifier_training_3\2-1\suite2p\plane0\F.npy,1503
1,C:\Users\mzinn1\Desktop\Datasets\roi_classifier_training_3\2-1\suite2p\plane0\F.npy,1636
1,C:\Users\mzinn1\Desktop\Datasets\roi_classifier_training_3\2-1\suite2p\plane0\F.npy,517
1,C:\Users\mzinn1\Desktop\Datasets\roi_classifier_training_3\2-1\suite2p\plane0\F.npy,818
0,C:\Users\mzinn1\Desktop\Datasets\roi_classifier_training_3\2-1\suite2p\plane0\F.npy,634
0,C:\Users\mzinn1\Desktop\Datasets\roi_classifier_training_3\2-1\suite2p\plane0\F.npy,790
0,C:\Users\mzinn1\Desktop\Datasets\roi_classifier_training_3\2-1\suite2p\plane0\F.npy,190
0,C:\Users\mzinn1\Desktop\Datasets\roi_classifier_training_3\2-1\suite2p\plane0\F.npy,440
1,C:\Users\mzinn1\Desktop\Datasets\roi_classifier_training_3\2-1\suite2p\plane0\F.npy,613
0,C:\Users\mzinn1\Desktop\Datasets\roi_classifier_training_3\2-1\suite2p\plane0\F.npy,1007
0,C:\Users\mzinn1\Desktop\Datasets\roi_classifier_training_3\2-1\suite2p\plane0\F.npy,827
0,C:\Users\mzinn1\Desktop\Datasets\roi_classifier_training_3\2-1\suite2p\plane0\F.npy,300
0,C:\Users\mzinn1\Desktop\Datasets\roi_classifier_training_3\2-1\suite2p\plane0\F.npy,354
0,C:\Users\mzinn1\Desktop\Datasets\roi_classifier_training_3\2-1\suite2p\plane0\F.npy,1573
0,C:\Users\mzinn1\Desktop\Datasets\roi_classifier_training_3\2-1\suite2p\plane0\F.npy,1251
0,C:\Users\mzinn1\Desktop\Datasets\roi_classifier_training_3\2-1\suite2p\plane0\F.npy,555
0,C:\Users\mzinn1\Desktop\Datasets\roi_classifier_training_3\2-1\suite2p\plane0\F.npy,1386
0,C:\Users\mzinn1\Desktop\Datasets\roi_classifier_training_3\2-1\suite2p\plane0\F.npy,1624
1,C:\Users\mzinn1\Desktop\Datasets\roi_classifier_training_3\2-1\suite2p\plane0\F.npy,308
1,C:\Users\mzinn1\Desktop\Datasets\roi_classifier_training_3\2-1\suite2p\plane0\F.npy,867
1,C:\Users\mzinn1\Desktop\Datasets\roi_classifier_training_3\2-1\suite2p\plane0\F.npy,436
0,C:\Users\mzinn1\Desktop\Datasets\roi_classifier_training_3\2-1\suite2p\plane0\F.npy,1206
0,C:\Users\mzinn1\Desktop\Datasets\roi_classifier_training_3\2-1\suite2p\plane0\F.npy,1348
1,C:\Users\mzinn1\Desktop\Datasets\roi_classifier_training_3\2-1\suite2p\plane0\F.npy,1018
1,C:\Users\mzinn1\Desktop\Datasets\roi_classifier_training_3\2-1\suite2p\plane0\F.npy,129
1,C:\Users\mzinn1\Desktop\Datasets\roi_classifier_training_3\2-1\suite2p\plane0\F.npy,1374
0,C:\Users\mzinn1\Desktop\Datasets\roi_classifier_training_3\2-1\suite2p\plane0\F.npy,1132
0,C:\Users\mzinn1\Desktop\Datasets\roi_classifier_training_3\2-1\suite2p\plane0\F.npy,261
0,C:\Users\mzinn1\Desktop\Datasets\roi_classifier_training_3\2-1\suite2p\plane0\F.npy,363
0,C:\Users\mzinn1\Desktop\Datasets\roi_classifier_training_3\2-1\suite2p\plane0\F.npy,913
1,C:\Users\mzinn1\Desktop\Datasets\roi_classifier_training_3\2-1\suite2p\plane0\F.npy,1535
0,C:\Users\mzinn1\Desktop\Datasets\roi_classifier_training_3\2-1\suite2p\plane0\F.npy,1012
0,C:\Users\mzinn1\Desktop\Datasets\roi_classifier_training_3\2-1\suite2p\plane0\F.npy,802
1,C:\Users\mzinn1\Desktop\Datasets\roi_classifier_training_3\2-1\suite2p\plane0\F.npy,1071
0,C:\Users\mzinn1\Desktop\Datasets\roi_classifier_training_3\2-1\suite2p\plane0\F.npy,11
0,C:\Users\mzinn1\Desktop\Datasets\roi_classifier_training_3\2-1\suite2p\plane0\F.npy,1121
1,C:\Users\mzinn1\Desktop\Datasets\roi_classifier_training_3\2-1\suite2p\plane0\F.npy,812
1,C:\Users\mzinn1\Desktop\Datasets\roi_classifier_training_3\2-1\suite2p\plane0\F.npy,880
0,C:\Users\mzinn1\Desktop\Datasets\roi_classifier_training_3\2-1\suite2p\plane0\F.npy,1393
1,C:\Users\mzinn1\Desktop\Datasets\roi_classifier_training_3\2-1\suite2p\plane0\F.npy,1151
0,C:\Users\mzinn1\Desktop\Datasets\roi_classifier_training_3\2-1\suite2p\plane0\F.npy,349
1,C:\Users\mzinn1\Desktop\Datasets\roi_classifier_training_3\2-1\suite2p\plane0\F.npy,1170
1,C:\Users\mzinn1\Desktop\Datasets\roi_classifier_training_3\2-1\suite2p\plane0\F.npy,1463
1,C:\Users\mzinn1\Desktop\Datasets\roi_classifier_training_3\2-1\suite2p\plane0\F.npy,1250
1,C:\Users\mzinn1\Desktop\Datasets\roi_classifier_training_3\2-1\suite2p\plane0\F.npy,323
1,C:\Users\mzinn1\Desktop\Datasets\roi_classifier_training_3\2-1\suite2p\plane0\F.npy,822
0,C:\Users\mzinn1\Desktop\Datasets\roi_classifier_training_3\2-1\suite2p\plane0\F.npy,144
1,C:\Users\mzinn1\Desktop\Datasets\roi_classifier_training_3\2-1\suite2p\plane0\F.npy,1526
1,C:\Users\mzinn1\Desktop\Datasets\roi_classifier_training_3\2-1\suite2p\plane0\F.npy,1579
0,C:\Users\mzinn1\Desktop\Datasets\roi_classifier_training_3\2-1\suite2p\plane0\F.npy,1359
0,C:\Users\mzinn1\Desktop\Datasets\roi_classifier_training_3\2-1\suite2p\plane0\F.npy,214
0,C:\Users\mzinn1\Desktop\Datasets\roi_classifier_training_3\2-1\suite2p\plane0\F.npy,870
0,C:\Users\mzinn1\Desktop\Datasets\roi_classifier_training_3\2-1\suite2p\plane0\F.npy,477
1,C:\Users\mzinn1\Desktop\Datasets\roi_classifier_training_3\2-1\suite2p\plane0\F.npy,1592
1,C:\Users\mzinn1\Desktop\Datasets\roi_classifier_training_3\2-1\suite2p\plane0\F.npy,1512
0,C:\Users\mzinn1\Desktop\Datasets\roi_classifier_training_3\2-1\suite2p\plane0\F.npy,566
1,C:\Users\mzinn1\Desktop\Datasets\roi_classifier_training_3\2-1\suite2p\plane0\F.npy,186
1,C:\Users\mzinn1\Desktop\Datasets\roi_classifier_training_3\2-1\suite2p\plane0\F.npy,1567
0,C:\Users\mzinn1\Desktop\Datasets\roi_classifier_training_3\2-1\suite2p\plane0\F.npy,1482
0,C:\Users\mzinn1\Desktop\Datasets\roi_classifier_training_3\2-1\suite2p\plane0\F.npy,1586
0,C:\Users\mzinn1\Desktop\Datasets\roi_classifier_training_3\2-1\suite2p\plane0\F.npy,719
0,C:\Users\mzinn1\Desktop\Datasets\roi_classifier_training_3\2-1\suite2p\plane0\F.npy,973
1,C:\Users\mzinn1\Desktop\Datasets\roi_classifier_training_3\2-1\suite2p\plane0\F.npy,1638
0,C:\Users\mzinn1\Desktop\Datasets\roi_classifier_training_3\2-1\suite2p\plane0\F.npy,134
0,C:\Users\mzinn1\Desktop\Datasets\roi_classifier_training_3\2-1\suite2p\plane0\F.npy,38
1,C:\Users\mzinn1\Desktop\Datasets\roi_classifier_training_3\2-1\suite2p\plane0\F.npy,305
1,C:\Users\mzinn1\Desktop\Datasets\roi_classifier_training_3\2-1\suite2p\plane0\F.npy,297
0,C:\Users\mzinn1\Desktop\Datasets\roi_classifier_training_3\2-1\suite2p\plane0\F.npy,671
1,C:\Users\mzinn1\Desktop\Datasets\roi_classifier_training_3\2-1\suite2p\plane0\F.npy,531
1,C:\Users\mzinn1\Desktop\Datasets\roi_classifier_training_3\2-1\suite2p\plane0\F.npy,963
0,C:\Users\mzinn1\Desktop\Datasets\roi_classifier_training_3\2-1\suite2p\plane0\F.npy,318
1,C:\Users\mzinn1\Desktop\Datasets\roi_classifier_training_3\2-1\suite2p\plane0\F.npy,1456
1,C:\Users\mzinn1\Desktop\Datasets\roi_classifier_training_3\2-1\suite2p\plane0\F.npy,1521
0,C:\Users\mzinn1\Desktop\Datasets\roi_classifier_training_3\2-1\suite2p\plane0\F.npy,48
1,C:\Users\mzinn1\Desktop\Datasets\roi_classifier_training_3\2-1\suite2p\plane0\F.npy,909
1,C:\Users\mzinn1\Desktop\Datasets\roi_classifier_training_3\2-1\suite2p\plane0\F.npy,1294
1,C:\Users\mzinn1\Desktop\Datasets\roi_classifier_training_3\2-1\suite2p\plane0\F.npy,1146
0,C:\Users\mzinn1\Desktop\Datasets\roi_classifier_training_3\2-1\suite2p\plane0\F.npy,941
1,C:\Users\mzinn1\Desktop\Datasets\roi_classifier_training_3\2-1\suite2p\plane0\F.npy,398
0,C:\Users\mzinn1\Desktop\Datasets\roi_classifier_training_3\2-1\suite2p\plane0\F.npy,1327
0,C:\Users\mzinn1\Desktop\Datasets\roi_classifier_training_3\2-1\suite2p\plane0\F.npy,1231
0,C:\Users\mzinn1\Desktop\Datasets\roi_classifier_training_3\2-1\suite2p\plane0\F.npy,228
0,C:\Users\mzinn1\Desktop\Datasets\roi_classifier_training_3\2-1\suite2p\plane0\F.npy,442
0,C:\Users\mzinn1\Desktop\Datasets\roi_classifier_training_3\2-1\suite2p\plane0\F.npy,1534
0,C:\Users\mzinn1\Desktop\Datasets\roi_classifier_training_3\2-1\suite2p\plane0\F.npy,247
0,C:\Users\mzinn1\Desktop\Datasets\roi_classifier_training_3\2-1\suite2p\plane0\F.npy,204
1,C:\Users\mzinn1\Desktop\Datasets\roi_classifier_training_3\2-1\suite2p\plane0\F.npy,1593
0,C:\Users\mzinn1\Desktop\Datasets\roi_classifier_training_3\2-1\suite2p\plane0\F.npy,471
1,C:\Users\mzinn1\Desktop\Datasets\roi_classifier_training_3\2-1\suite2p\plane0\F.npy,596
0,C:\Users\mzinn1\Desktop\Datasets\roi_classifier_training_3\2-1\suite2p\plane0\F.npy,418
0,C:\Users\mzinn1\Desktop\Datasets\roi_classifier_training_3\2-1\suite2p\plane0\F.npy,316
1,C:\Users\mzinn1\Desktop\Datasets\roi_classifier_training_3\2-1\suite2p\plane0\F.npy,491
0,C:\Users\mzinn1\Desktop\Datasets\roi_classifier_training_3\2-1\suite2p\plane0\F.npy,784
0,C:\Users\mzinn1\Desktop\Datasets\roi_classifier_training_3\2-1\suite2p\plane0\F.npy,12
1,C:\Users\mzinn1\Desktop\Datasets\roi_classifier_training_3\2-1\suite2p\plane0\F.npy,876
0,C:\Users\mzinn1\Desktop\Datasets\roi_classifier_training_3\2-1\suite2p\plane0\F.npy,128
0,C:\Users\mzinn1\Desktop\Datasets\roi_classifier_training_3\2-1\suite2p\plane0\F.npy,992
0,C:\Users\mzinn1\Desktop\Datasets\roi_classifier_training_3\2-1\suite2p\plane0\F.npy,98
0,C:\Users\mzinn1\Desktop\Datasets\roi_classifier_training_3\2-1\suite2p\plane0\F.npy,869
1,C:\Users\mzinn1\Desktop\Datasets\roi_classifier_training_3\2-1\suite2p\plane0\F.npy,934
0,C:\Users\mzinn1\Desktop\Datasets\roi_classifier_training_3\2-1\suite2p\plane0\F.npy,456
1,C:\Users\mzinn1\Desktop\Datasets\roi_classifier_training_3\2-1\suite2p\plane0\F.npy,1458
1,C:\Users\mzinn1\Desktop\Datasets\roi_classifier_training_3\2-1\suite2p\plane0\F.npy,269
1,C:\Users\mzinn1\Desktop\Datasets\roi_classifier_training_3\2-1\suite2p\plane0\F.npy,358
0,C:\Users\mzinn1\Desktop\Datasets\roi_classifier_training_3\2-1\suite2p\plane0\F.npy,1046
0,C:\Users\mzinn1\Desktop\Datasets\roi_classifier_training_3\2-1\suite2p\plane0\F.npy,811
1,C:\Users\mzinn1\Desktop\Datasets\roi_classifier_training_3\2-1\suite2p\plane0\F.npy,278
0,C:\Users\mzinn1\Desktop\Datasets\roi_classifier_training_3\2-1\suite2p\plane0\F.npy,892
0,C:\Users\mzinn1\Desktop\Datasets\roi_classifier_training_3\2-1\suite2p\plane0\F.npy,1316
1,C:\Users\mzinn1\Desktop\Datasets\roi_classifier_training_3\2-1\suite2p\plane0\F.npy,792
0,C:\Users\mzinn1\Desktop\Datasets\roi_classifier_training_3\2-1\suite2p\plane0\F.npy,694
0,C:\Users\mzinn1\Desktop\Datasets\roi_classifier_training_3\2-1\suite2p\plane0\F.npy,610
0,C:\Users\mzinn1\Desktop\Datasets\roi_classifier_training_3\2-1\suite2p\plane0\F.npy,1484
1,C:\Users\mzinn1\Desktop\Datasets\roi_classifier_training_3\2-1\suite2p\plane0\F.npy,485
0,C:\Users\mzinn1\Desktop\Datasets\roi_classifier_training_3\2-1\suite2p\plane0\F.npy,1620
0,C:\Users\mzinn1\Desktop\Datasets\roi_classifier_training_3\2-1\suite2p\plane0\F.npy,1175
0,C:\Users\mzinn1\Desktop\Datasets\roi_classifier_training_3\2-1\suite2p\plane0\F.npy,1518
1,C:\Users\mzinn1\Desktop\Datasets\roi_classifier_training_3\2-1\suite2p\plane0\F.npy,864
0,C:\Users\mzinn1\Desktop\Datasets\roi_classifier_training_3\2-1\suite2p\plane0\F.npy,91
0,C:\Users\mzinn1\Desktop\Datasets\roi_classifier_training_3\2-1\suite2p\plane0\F.npy,1387
0,C:\Users\mzinn1\Desktop\Datasets\roi_classifier_training_3\2-1\suite2p\plane0\F.npy,185
1,C:\Users\mzinn1\Desktop\Datasets\roi_classifier_training_3\2-1\suite2p\plane0\F.npy,774
0,C:\Users\mzinn1\Desktop\Datasets\roi_classifier_training_3\2-1\suite2p\plane0\F.npy,588
0,C:\Users\mzinn1\Desktop\Datasets\roi_classifier_training_3\2-1\suite2p\plane0\F.npy,290
0,C:\Users\mzinn1\Desktop\Datasets\roi_classifier_training_3\2-1\suite2p\plane0\F.npy,791
0,C:\Users\mzinn1\Desktop\Datasets\roi_classifier_training_3\2-1\suite2p\plane0\F.npy,483
0,C:\Users\mzinn1\Desktop\Datasets\roi_classifier_training_3\2-1\suite2p\plane0\F.npy,1183
1,C:\Users\mzinn1\Desktop\Datasets\roi_classifier_training_3\2-1\suite2p\plane0\F.npy,908
1,C:\Users\mzinn1\Desktop\Datasets\roi_classifier_training_3\2-1\suite2p\plane0\F.npy,847
1,C:\Users\mzinn1\Desktop\Datasets\roi_classifier_training_3\2-1\suite2p\plane0\F.npy,371
0,C:\Users\mzinn1\Desktop\Datasets\roi_classifier_training_3\2-1\suite2p\plane0\F.npy,1190
0,C:\Users\mzinn1\Desktop\Datasets\roi_classifier_training_3\2-1\suite2p\plane0\F.npy,736
0,C:\Users\mzinn1\Desktop\Datasets\roi_classifier_training_3\2-1\suite2p\plane0\F.npy,1230
0,C:\Users\mzinn1\Desktop\Datasets\roi_classifier_training_3\2-1\suite2p\plane0\F.npy,241
0,C:\Users\mzinn1\Desktop\Datasets\roi_classifier_training_3\2-1\suite2p\plane0\F.npy,542
0,C:\Users\mzinn1\Desktop\Datasets\roi_classifier_training_3\2-1\suite2p\plane0\F.npy,1162
1,C:\Users\mzinn1\Desktop\Datasets\roi_classifier_training_3\2-1\suite2p\plane0\F.npy,114
1,C:\Users\mzinn1\Desktop\Datasets\roi_classifier_training_3\2-1\suite2p\plane0\F.npy,1571
0,C:\Users\mzinn1\Desktop\Datasets\roi_classifier_training_3\2-1\suite2p\plane0\F.npy,1141
0,C:\Users\mzinn1\Desktop\Datasets\roi_classifier_training_3\2-1\suite2p\plane0\F.npy,1111
0,C:\Users\mzinn1\Desktop\Datasets\roi_classifier_training_3\2-1\suite2p\plane0\F.npy,1074
0,C:\Users\mzinn1\Desktop\Datasets\roi_classifier_training_3\2-1\suite2p\plane0\F.npy,1322
1,C:\Users\mzinn1\Desktop\Datasets\roi_classifier_training_3\2-1\suite2p\plane0\F.npy,406
0,C:\Users\mzinn1\Desktop\Datasets\roi_classifier_training_3\2-1\suite2p\plane0\F.npy,744
0,C:\Users\mzinn1\Desktop\Datasets\roi_classifier_training_3\2-1\suite2p\plane0\F.npy,447
0,C:\Users\mzinn1\Desktop\Datasets\roi_classifier_training_3\2-1\suite2p\plane0\F.npy,105
1,C:\Users\mzinn1\Desktop\Datasets\roi_classifier_training_3\2-1\suite2p\plane0\F.npy,838
0,C:\Users\mzinn1\Desktop\Datasets\roi_classifier_training_3\2-1\suite2p\plane0\F.npy,1575
0,C:\Users\mzinn1\Desktop\Datasets\roi_classifier_training_3\2-1\suite2p\plane0\F.npy,826
0,C:\Users\mzinn1\Desktop\Datasets\roi_classifier_training_3\2-1\suite2p\plane0\F.npy,378
1,C:\Users\mzinn1\Desktop\Datasets\roi_classifier_training_3\2-1\suite2p\plane0\F.npy,1545
1,C:\Users\mzinn1\Desktop\Datasets\roi_classifier_training_3\2-1\suite2p\plane0\F.npy,1068
0,C:\Users\mzinn1\Desktop\Datasets\roi_classifier_training_3\2-1\suite2p\plane0\F.npy,330
0,C:\Users\mzinn1\Desktop\Datasets\roi_classifier_training_3\2-1\suite2p\plane0\F.npy,1474
0,C:\Users\mzinn1\Desktop\Datasets\roi_classifier_training_3\2-1\suite2p\plane0\F.npy,724
0,C:\Users\mzinn1\Desktop\Datasets\roi_classifier_training_3\2-1\suite2p\plane0\F.npy,408
1,C:\Users\mzinn1\Desktop\Datasets\roi_classifier_training_3\2-1\suite2p\plane0\F.npy,1057
0,C:\Users\mzinn1\Desktop\Datasets\roi_classifier_training_3\2-1\suite2p\plane0\F.npy,1004
0,C:\Users\mzinn1\Desktop\Datasets\roi_classifier_training_3\2-1\suite2p\plane0\F.npy,175
0,C:\Users\mzinn1\Desktop\Datasets\roi_classifier_training_3\2-1\suite2p\plane0\F.npy,800
0,C:\Users\mzinn1\Desktop\Datasets\roi_classifier_training_3\2-1\suite2p\plane0\F.npy,1610
0,C:\Users\mzinn1\Desktop\Datasets\roi_classifier_training_3\2-1\suite2p\plane0\F.npy,397
0,C:\Users\mzinn1\Desktop\Datasets\roi_classifier_training_3\2-1\suite2p\plane0\F.npy,917
1,C:\Users\mzinn1\Desktop\Datasets\roi_classifier_training_3\2-1\suite2p\plane0\F.npy,379
0,C:\Users\mzinn1\Desktop\Datasets\roi_classifier_training_3\2-1\suite2p\plane0\F.npy,1211
1,C:\Users\mzinn1\Desktop\Datasets\roi_classifier_training_3\2-1\suite2p\plane0\F.npy,1193
0,C:\Users\mzinn1\Desktop\Datasets\roi_classifier_training_3\2-1\suite2p\plane0\F.npy,80
0,C:\Users\mzinn1\Desktop\Datasets\roi_classifier_training_3\2-1\suite2p\plane0\F.npy,830
0,C:\Users\mzinn1\Desktop\Datasets\roi_classifier_training_3\2-1\suite2p\plane0\F.npy,1075
0,C:\Users\mzinn1\Desktop\Datasets\roi_classifier_training_3\2-1\suite2p\plane0\F.npy,964
1,C:\Users\mzinn1\Desktop\Datasets\roi_classifier_training_3\2-1\suite2p\plane0\F.npy,698
1,C:\Users\mzinn1\Desktop\Datasets\roi_classifier_training_3\2-1\suite2p\plane0\F.npy,673
0,C:\Users\mzinn1\Desktop\Datasets\roi_classifier_training_3\2-1\suite2p\plane0\F.npy,625
0,C:\Users\mzinn1\Desktop\Datasets\roi_classifier_training_3\2-1\suite2p\plane0\F.npy,1398
0,C:\Users\mzinn1\Desktop\Datasets\roi_classifier_training_3\2-1\suite2p\plane0\F.npy,1321
1,C:\Users\mzinn1\Desktop\Datasets\roi_classifier_training_3\2-1\suite2p\plane0\F.npy,141
0,C:\Users\mzinn1\Desktop\Datasets\roi_classifier_training_3\2-1\suite2p\plane0\F.npy,1617
0,C:\Users\mzinn1\Desktop\Datasets\roi_classifier_training_3\2-1\suite2p\plane0\F.npy,947
0,C:\Users\mzinn1\Desktop\Datasets\roi_classifier_training_3\2-1\suite2p\plane0\F.npy,1056
0,C:\Users\mzinn1\Desktop\Datasets\roi_classifier_training_3\2-1\suite2p\plane0\F.npy,1637
0,C:\Users\mzinn1\Desktop\Datasets\roi_classifier_training_3\2-1\suite2p\plane0\F.npy,479
0,C:\Users\mzinn1\Desktop\Datasets\roi_classifier_training_3\2-1\suite2p\plane0\F.npy,1336
0,C:\Users\mzinn1\Desktop\Datasets\roi_classifier_training_3\2-1\suite2p\plane0\F.npy,392
1,C:\Users\mzinn1\Desktop\Datasets\roi_classifier_training_3\2-1\suite2p\plane0\F.npy,927
0,C:\Users\mzinn1\Desktop\Datasets\roi_classifier_training_3\2-1\suite2p\plane0\F.npy,1304
0,C:\Users\mzinn1\Desktop\Datasets\roi_classifier_training_3\2-1\suite2p\plane0\F.npy,461
0,C:\Users\mzinn1\Desktop\Datasets\roi_classifier_training_3\2-1\suite2p\plane0\F.npy,1501
0,C:\Users\mzinn1\Desktop\Datasets\roi_classifier_training_3\2-1\suite2p\plane0\F.npy,894
1,C:\Users\mzinn1\Desktop\Datasets\roi_classifier_training_3\2-1\suite2p\plane0\F.npy,1607
0,C:\Users\mzinn1\Desktop\Datasets\roi_classifier_training_3\2-1\suite2p\plane0\F.npy,833
0,C:\Users\mzinn1\Desktop\Datasets\roi_classifier_training_3\2-1\suite2p\plane0\F.npy,1083
0,C:\Users\mzinn1\Desktop\Datasets\roi_classifier_training_3\2-1\suite2p\plane0\F.npy,896
1,C:\Users\mzinn1\Desktop\Datasets\roi_classifier_training_3\2-1\suite2p\plane0\F.npy,795
1,C:\Users\mzinn1\Desktop\Datasets\roi_classifier_training_3\2-1\suite2p\plane0\F.npy,1119
1,C:\Users\mzinn1\Desktop\Datasets\roi_classifier_training_3\2-1\suite2p\plane0\F.npy,747
0,C:\Users\mzinn1\Desktop\Datasets\roi_classifier_training_3\2-1\suite2p\plane0\F.npy,1088
0,C:\Users\mzinn1\Desktop\Datasets\roi_classifier_training_3\2-1\suite2p\plane0\F.npy,159
0,C:\Users\mzinn1\Desktop\Datasets\roi_classifier_training_3\2-1\suite2p\plane0\F.npy,1510
1,C:\Users\mzinn1\Desktop\Datasets\roi_classifier_training_3\2-1\suite2p\plane0\F.npy,1495
0,C:\Users\mzinn1\Desktop\Datasets\roi_classifier_training_3\2-1\suite2p\plane0\F.npy,191
0,C:\Users\mzinn1\Desktop\Datasets\roi_classifier_training_3\2-1\suite2p\plane0\F.npy,1181
1,C:\Users\mzinn1\Desktop\Datasets\roi_classifier_training_3\2-1\suite2p\plane0\F.npy,981
1,C:\Users\mzinn1\Desktop\Datasets\roi_classifier_training_3\2-1\suite2p\plane0\F.npy,1475
0,C:\Users\mzinn1\Desktop\Datasets\roi_classifier_training_3\2-1\suite2p\plane0\F.npy,1254
1,C:\Users\mzinn1\Desktop\Datasets\roi_classifier_training_3\2-1\suite2p\plane0\F.npy,546
0,C:\Users\mzinn1\Desktop\Datasets\roi_classifier_training_3\2-1\suite2p\plane0\F.npy,1426
1,C:\Users\mzinn1\Desktop\Datasets\roi_classifier_training_3\2-1\suite2p\plane0\F.npy,252
0,C:\Users\mzinn1\Desktop\Datasets\roi_classifier_training_3\2-1\suite2p\plane0\F.npy,390
0,C:\Users\mzinn1\Desktop\Datasets\roi_classifier_training_3\2-1\suite2p\plane0\F.npy,1623
1,C:\Users\mzinn1\Desktop\Datasets\roi_classifier_training_3\2-1\suite2p\plane0\F.npy,84
1,C:\Users\mzinn1\Desktop\Datasets\roi_classifier_training_3\2-1\suite2p\plane0\F.npy,523
1,C:\Users\mzinn1\Desktop\Datasets\roi_classifier_training_3\2-1\suite2p\plane0\F.npy,533
0,C:\Users\mzinn1\Desktop\Datasets\roi_classifier_training_3\2-1\suite2p\plane0\F.npy,1092
0,C:\Users\mzinn1\Desktop\Datasets\roi_classifier_training_3\2-1\suite2p\plane0\F.npy,1038
0,C:\Users\mzinn1\Desktop\Datasets\roi_classifier_training_3\2-1\suite2p\plane0\F.npy,1097
0,C:\Users\mzinn1\Desktop\Datasets\roi_classifier_training_3\2-1\suite2p\plane0\F.npy,217
1,C:\Users\mzinn1\Desktop\Datasets\roi_classifier_training_3\2-1\suite2p\plane0\F.npy,293
1,C:\Users\mzinn1\Desktop\Datasets\roi_classifier_training_3\2-1\suite2p\plane0\F.npy,62
1,C:\Users\mzinn1\Desktop\Datasets\roi_classifier_training_3\2-1\suite2p\plane0\F.npy,692
1,C:\Users\mzinn1\Desktop\Datasets\roi_classifier_training_3\2-1\suite2p\plane0\F.npy,174
0,C:\Users\mzinn1\Desktop\Datasets\roi_classifier_training_3\2-1\suite2p\plane0\F.npy,657
0,C:\Users\mzinn1\Desktop\Datasets\roi_classifier_training_3\2-1\suite2p\plane0\F.npy,132
0,C:\Users\mzinn1\Desktop\Datasets\roi_classifier_training_3\2-1\suite2p\plane0\F.npy,598
1,C:\Users\mzinn1\Desktop\Datasets\roi_classifier_training_3\2-1\suite2p\plane0\F.npy,348
0,C:\Users\mzinn1\Desktop\Datasets\roi_classifier_training_3\2-1\suite2p\plane0\F.npy,396
0,C:\Users\mzinn1\Desktop\Datasets\roi_classifier_training_3\2-1\suite2p\plane0\F.npy,741
0,C:\Users\mzinn1\Desktop\Datasets\roi_classifier_training_3\2-1\suite2p\plane0\F.npy,296
0,C:\Users\mzinn1\Desktop\Datasets\roi_classifier_training_3\2-1\suite2p\plane0\F.npy,1207
1,C:\Users\mzinn1\Desktop\Datasets\roi_classifier_training_3\2-1\suite2p\plane0\F.npy,717
0,C:\Users\mzinn1\Desktop\Datasets\roi_classifier_training_3\2-1\suite2p\plane0\F.npy,890
0,C:\Users\mzinn1\Desktop\Datasets\roi_classifier_training_3\2-1\suite2p\plane0\F.npy,1499
1,C:\Users\mzinn1\Desktop\Datasets\roi_classifier_training_3\2-1\suite2p\plane0\F.npy,462
0,C:\Users\mzinn1\Desktop\Datasets\roi_classifier_training_3\2-1\suite2p\plane0\F.npy,419
1,C:\Users\mzinn1\Desktop\Datasets\roi_classifier_training_3\2-1\suite2p\plane0\F.npy,641
0,C:\Users\mzinn1\Desktop\Datasets\roi_classifier_training_3\2-1\suite2p\plane0\F.npy,733
0,C:\Users\mzinn1\Desktop\Datasets\roi_classifier_training_3\2-1\suite2p\plane0\F.npy,1381
0,C:\Users\mzinn1\Desktop\Datasets\roi_classifier_training_3\2-1\suite2p\plane0\F.npy,1397
1,C:\Users\mzinn1\Desktop\Datasets\roi_classifier_training_3\2-1\suite2p\plane0\F.npy,521
0,C:\Users\mzinn1\Desktop\Datasets\roi_classifier_training_3\2-1\suite2p\plane0\F.npy,965
1,C:\Users\mzinn1\Desktop\Datasets\roi_classifier_training_3\2-1\suite2p\plane0\F.npy,481
0,C:\Users\mzinn1\Desktop\Datasets\roi_classifier_training_3\2-1\suite2p\plane0\F.npy,568
0,C:\Users\mzinn1\Desktop\Datasets\roi_classifier_training_3\2-1\suite2p\plane0\F.npy,1307
1,C:\Users\mzinn1\Desktop\Datasets\roi_classifier_training_3\2-1\suite2p\plane0\F.npy,1073
1,C:\Users\mzinn1\Desktop\Datasets\roi_classifier_training_3\2-1\suite2p\plane0\F.npy,281
1,C:\Users\mzinn1\Desktop\Datasets\roi_classifier_training_3\2-1\suite2p\plane0\F.npy,543
0,C:\Users\mzinn1\Desktop\Datasets\roi_classifier_training_3\2-1\suite2p\plane0\F.npy,417
1,C:\Users\mzinn1\Desktop\Datasets\roi_classifier_training_3\2-1\suite2p\plane0\F.npy,488
1,C:\Users\mzinn1\Desktop\Datasets\roi_classifier_training_3\2-1\suite2p\plane0\F.npy,220
0,C:\Users\mzinn1\Desktop\Datasets\roi_classifier_training_3\2-1\suite2p\plane0\F.npy,362
1,C:\Users\mzinn1\Desktop\Datasets\roi_classifier_training_3\2-1\suite2p\plane0\F.npy,1165
1,C:\Users\mzinn1\Desktop\Datasets\roi_classifier_training_3\2-1\suite2p\plane0\F.npy,1362
0,C:\Users\mzinn1\Desktop\Datasets\roi_classifier_training_3\2-1\suite2p\plane0\F.npy,66
0,C:\Users\mzinn1\Desktop\Datasets\roi_classifier_training_3\2-1\suite2p\plane0\F.npy,104
1,C:\Users\mzinn1\Desktop\Datasets\roi_classifier_training_3\2-1\suite2p\plane0\F.npy,1356
1,C:\Users\mzinn1\Desktop\Datasets\roi_classifier_training_3\2-1\suite2p\plane0\F.npy,515
0,C:\Users\mzinn1\Desktop\Datasets\roi_classifier_training_3\2-1\suite2p\plane0\F.npy,19
0,C:\Users\mzinn1\Desktop\Datasets\roi_classifier_training_3\2-1\suite2p\plane0\F.npy,1300
1,C:\Users\mzinn1\Desktop\Datasets\roi_classifier_training_3\2-1\suite2p\plane0\F.npy,1565
0,C:\Users\mzinn1\Desktop\Datasets\roi_classifier_training_3\2-1\suite2p\plane0\F.npy,127
1,C:\Users\mzinn1\Desktop\Datasets\roi_classifier_training_3\2-1\suite2p\plane0\F.npy,951
1,C:\Users\mzinn1\Desktop\Datasets\roi_classifier_training_3\2-1\suite2p\plane0\F.npy,449
0,C:\Users\mzinn1\Desktop\Datasets\roi_classifier_training_3\2-1\suite2p\plane0\F.npy,1201
0,C:\Users\mzinn1\Desktop\Datasets\roi_classifier_training_3\2-1\suite2p\plane0\F.npy,1530
0,C:\Users\mzinn1\Desktop\Datasets\roi_classifier_training_3\2-1\suite2p\plane0\F.npy,1550
0,C:\Users\mzinn1\Desktop\Datasets\roi_classifier_training_3\2-1\suite2p\plane0\F.npy,760
0,C:\Users\mzinn1\Desktop\Datasets\roi_classifier_training_3\2-2\suite2p\plane0\F.npy,700
0,C:\Users\mzinn1\Desktop\Datasets\roi_classifier_training_3\2-2\suite2p\plane0\F.npy,2197
0,C:\Users\mzinn1\Desktop\Datasets\roi_classifier_training_3\2-2\suite2p\plane0\F.npy,1137
1,C:\Users\mzinn1\Desktop\Datasets\roi_classifier_training_3\2-2\suite2p\plane0\F.npy,165
1,C:\Users\mzinn1\Desktop\Datasets\roi_classifier_training_3\2-2\suite2p\plane0\F.npy,104
1,C:\Users\mzinn1\Desktop\Datasets\roi_classifier_training_3\2-2\suite2p\plane0\F.npy,1262
0,C:\Users\mzinn1\Desktop\Datasets\roi_classifier_training_3\2-2\suite2p\plane0\F.npy,1927
0,C:\Users\mzinn1\Desktop\Datasets\roi_classifier_training_3\2-2\suite2p\plane0\F.npy,931
0,C:\Users\mzinn1\Desktop\Datasets\roi_classifier_training_3\2-2\suite2p\plane0\F.npy,1017
0,C:\Users\mzinn1\Desktop\Datasets\roi_classifier_training_3\2-2\suite2p\plane0\F.npy,1709
0,C:\Users\mzinn1\Desktop\Datasets\roi_classifier_training_3\2-2\suite2p\plane0\F.npy,709
0,C:\Users\mzinn1\Desktop\Datasets\roi_classifier_training_3\2-2\suite2p\plane0\F.npy,1394
0,C:\Users\mzinn1\Desktop\Datasets\roi_classifier_training_3\2-2\suite2p\plane0\F.npy,1680
1,C:\Users\mzinn1\Desktop\Datasets\roi_classifier_training_3\2-2\suite2p\plane0\F.npy,813
1,C:\Users\mzinn1\Desktop\Datasets\roi_classifier_training_3\2-2\suite2p\plane0\F.npy,900
0,C:\Users\mzinn1\Desktop\Datasets\roi_classifier_training_3\2-2\suite2p\plane0\F.npy,54
0,C:\Users\mzinn1\Desktop\Datasets\roi_classifier_training_3\2-2\suite2p\plane0\F.npy,426
0,C:\Users\mzinn1\Desktop\Datasets\roi_classifier_training_3\2-2\suite2p\plane0\F.npy,1042
1,C:\Users\mzinn1\Desktop\Datasets\roi_classifier_training_3\2-2\suite2p\plane0\F.npy,1697
0,C:\Users\mzinn1\Desktop\Datasets\roi_classifier_training_3\2-2\suite2p\plane0\F.npy,2138
0,C:\Users\mzinn1\Desktop\Datasets\roi_classifier_training_3\2-2\suite2p\plane0\F.npy,1757
1,C:\Users\mzinn1\Desktop\Datasets\roi_classifier_training_3\2-2\suite2p\plane0\F.npy,1254
0,C:\Users\mzinn1\Desktop\Datasets\roi_classifier_training_3\2-2\suite2p\plane0\F.npy,1725
0,C:\Users\mzinn1\Desktop\Datasets\roi_classifier_training_3\2-2\suite2p\plane0\F.npy,483
0,C:\Users\mzinn1\Desktop\Datasets\roi_classifier_training_3\2-2\suite2p\plane0\F.npy,1288
0,C:\Users\mzinn1\Desktop\Datasets\roi_classifier_training_3\2-2\suite2p\plane0\F.npy,1521
0,C:\Users\mzinn1\Desktop\Datasets\roi_classifier_training_3\2-2\suite2p\plane0\F.npy,1670
0,C:\Users\mzinn1\Desktop\Datasets\roi_classifier_training_3\2-2\suite2p\plane0\F.npy,57
0,C:\Users\mzinn1\Desktop\Datasets\roi_classifier_training_3\2-2\suite2p\plane0\F.npy,629
0,C:\Users\mzinn1\Desktop\Datasets\roi_classifier_training_3\2-2\suite2p\plane0\F.npy,1192
0,C:\Users\mzinn1\Desktop\Datasets\roi_classifier_training_3\2-2\suite2p\plane0\F.npy,1067
1,C:\Users\mzinn1\Desktop\Datasets\roi_classifier_training_3\2-2\suite2p\plane0\F.npy,114
0,C:\Users\mzinn1\Desktop\Datasets\roi_classifier_training_3\2-2\suite2p\plane0\F.npy,2130
0,C:\Users\mzinn1\Desktop\Datasets\roi_classifier_training_3\2-2\suite2p\plane0\F.npy,1904
0,C:\Users\mzinn1\Desktop\Datasets\roi_classifier_training_3\2-2\suite2p\plane0\F.npy,2080
0,C:\Users\mzinn1\Desktop\Datasets\roi_classifier_training_3\2-2\suite2p\plane0\F.npy,667
0,C:\Users\mzinn1\Desktop\Datasets\roi_classifier_training_3\2-2\suite2p\plane0\F.npy,175
0,C:\Users\mzinn1\Desktop\Datasets\roi_classifier_training_3\2-2\suite2p\plane0\F.npy,1544
0,C:\Users\mzinn1\Desktop\Datasets\roi_classifier_training_3\2-2\suite2p\plane0\F.npy,1795
1,C:\Users\mzinn1\Desktop\Datasets\roi_classifier_training_3\2-2\suite2p\plane0\F.npy,753
0,C:\Users\mzinn1\Desktop\Datasets\roi_classifier_training_3\2-2\suite2p\plane0\F.npy,1357
0,C:\Users\mzinn1\Desktop\Datasets\roi_classifier_training_3\2-2\suite2p\plane0\F.npy,2133
0,C:\Users\mzinn1\Desktop\Datasets\roi_classifier_training_3\2-2\suite2p\plane0\F.npy,608
0,C:\Users\mzinn1\Desktop\Datasets\roi_classifier_training_3\2-2\suite2p\plane0\F.npy,1071
0,C:\Users\mzinn1\Desktop\Datasets\roi_classifier_training_3\2-2\suite2p\plane0\F.npy,822
1,C:\Users\mzinn1\Desktop\Datasets\roi_classifier_training_3\2-2\suite2p\plane0\F.npy,31
0,C:\Users\mzinn1\Desktop\Datasets\roi_classifier_training_3\2-2\suite2p\plane0\F.npy,8
0,C:\Users\mzinn1\Desktop\Datasets\roi_classifier_training_3\2-2\suite2p\plane0\F.npy,1351
0,C:\Users\mzinn1\Desktop\Datasets\roi_classifier_training_3\2-2\suite2p\plane0\F.npy,1939
1,C:\Users\mzinn1\Desktop\Datasets\roi_classifier_training_3\2-2\suite2p\plane0\F.npy,263
0,C:\Users\mzinn1\Desktop\Datasets\roi_classifier_training_3\2-2\suite2p\plane0\F.npy,657
0,C:\Users\mzinn1\Desktop\Datasets\roi_classifier_training_3\2-2\suite2p\plane0\F.npy,356
0,C:\Users\mzinn1\Desktop\Datasets\roi_classifier_training_3\2-2\suite2p\plane0\F.npy,1808
0,C:\Users\mzinn1\Desktop\Datasets\roi_classifier_training_3\2-2\suite2p\plane0\F.npy,1450
0,C:\Users\mzinn1\Desktop\Datasets\roi_classifier_training_3\2-2\suite2p\plane0\F.npy,927
0,C:\Users\mzinn1\Desktop\Datasets\roi_classifier_training_3\2-2\suite2p\plane0\F.npy,1742
1,C:\Users\mzinn1\Desktop\Datasets\roi_classifier_training_3\2-2\suite2p\plane0\F.npy,190
0,C:\Users\mzinn1\Desktop\Datasets\roi_classifier_training_3\2-2\suite2p\plane0\F.npy,772
0,C:\Users\mzinn1\Desktop\Datasets\roi_classifier_training_3\2-2\suite2p\plane0\F.npy,2144
0,C:\Users\mzinn1\Desktop\Datasets\roi_classifier_training_3\2-2\suite2p\plane0\F.npy,2164
0,C:\Users\mzinn1\Desktop\Datasets\roi_classifier_training_3\2-2\suite2p\plane0\F.npy,376
0,C:\Users\mzinn1\Desktop\Datasets\roi_classifier_training_3\2-2\suite2p\plane0\F.npy,1043
0,C:\Users\mzinn1\Desktop\Datasets\roi_classifier_training_3\2-2\suite2p\plane0\F.npy,803
0,C:\Users\mzinn1\Desktop\Datasets\roi_classifier_training_3\2-2\suite2p\plane0\F.npy,1902
0,C:\Users\mzinn1\Desktop\Datasets\roi_classifier_training_3\2-2\suite2p\plane0\F.npy,1260
0,C:\Users\mzinn1\Desktop\Datasets\roi_classifier_training_3\2-2\suite2p\plane0\F.npy,1690
0,C:\Users\mzinn1\Desktop\Datasets\roi_classifier_training_3\2-2\suite2p\plane0\F.npy,737
0,C:\Users\mzinn1\Desktop\Datasets\roi_classifier_training_3\2-2\suite2p\plane0\F.npy,1744
0,C:\Users\mzinn1\Desktop\Datasets\roi_classifier_training_3\2-2\suite2p\plane0\F.npy,255
0,C:\Users\mzinn1\Desktop\Datasets\roi_classifier_training_3\2-2\suite2p\plane0\F.npy,369
0,C:\Users\mzinn1\Desktop\Datasets\roi_classifier_training_3\2-2\suite2p\plane0\F.npy,1105
1,C:\Users\mzinn1\Desktop\Datasets\roi_classifier_training_3\2-2\suite2p\plane0\F.npy,936
0,C:\Users\mzinn1\Desktop\Datasets\roi_classifier_training_3\2-2\suite2p\plane0\F.npy,1740
0,C:\Users\mzinn1\Desktop\Datasets\roi_classifier_training_3\2-2\suite2p\plane0\F.npy,1775
0,C:\Users\mzinn1\Desktop\Datasets\roi_classifier_training_3\2-2\suite2p\plane0\F.npy,552
0,C:\Users\mzinn1\Desktop\Datasets\roi_classifier_training_3\2-2\suite2p\plane0\F.npy,1978
0,C:\Users\mzinn1\Desktop\Datasets\roi_classifier_training_3\2-2\suite2p\plane0\F.npy,102
0,C:\Users\mzinn1\Desktop\Datasets\roi_classifier_training_3\2-2\suite2p\plane0\F.npy,845
0,C:\Users\mzinn1\Desktop\Datasets\roi_classifier_training_3\2-2\suite2p\plane0\F.npy,1303
1,C:\Users\mzinn1\Desktop\Datasets\roi_classifier_training_3\2-2\suite2p\plane0\F.npy,359
0,C:\Users\mzinn1\Desktop\Datasets\roi_classifier_training_3\2-2\suite2p\plane0\F.npy,1785
0,C:\Users\mzinn1\Desktop\Datasets\roi_classifier_training_3\2-2\suite2p\plane0\F.npy,345
0,C:\Users\mzinn1\Desktop\Datasets\roi_classifier_training_3\2-2\suite2p\plane0\F.npy,564
0,C:\Users\mzinn1\Desktop\Datasets\roi_classifier_training_3\2-2\suite2p\plane0\F.npy,1726
0,C:\Users\mzinn1\Desktop\Datasets\roi_classifier_training_3\2-2\suite2p\plane0\F.npy,166
0,C:\Users\mzinn1\Desktop\Datasets\roi_classifier_training_3\2-2\suite2p\plane0\F.npy,769
0,C:\Users\mzinn1\Desktop\Datasets\roi_classifier_training_3\2-2\suite2p\plane0\F.npy,2104
0,C:\Users\mzinn1\Desktop\Datasets\roi_classifier_training_3\2-2\suite2p\plane0\F.npy,1466
0,C:\Users\mzinn1\Desktop\Datasets\roi_classifier_training_3\2-2\suite2p\plane0\F.npy,1373
0,C:\Users\mzinn1\Desktop\Datasets\roi_classifier_training_3\2-2\suite2p\plane0\F.npy,1810
0,C:\Users\mzinn1\Desktop\Datasets\roi_classifier_training_3\2-2\suite2p\plane0\F.npy,1086
0,C:\Users\mzinn1\Desktop\Datasets\roi_classifier_training_3\2-2\suite2p\plane0\F.npy,1561
0,C:\Users\mzinn1\Desktop\Datasets\roi_classifier_training_3\2-2\suite2p\plane0\F.npy,842
0,C:\Users\mzinn1\Desktop\Datasets\roi_classifier_training_3\2-2\suite2p\plane0\F.npy,521
0,C:\Users\mzinn1\Desktop\Datasets\roi_classifier_training_3\2-2\suite2p\plane0\F.npy,1576
0,C:\Users\mzinn1\Desktop\Datasets\roi_classifier_training_3\2-2\suite2p\plane0\F.npy,315
0,C:\Users\mzinn1\Desktop\Datasets\roi_classifier_training_3\2-2\suite2p\plane0\F.npy,1028
0,C:\Users\mzinn1\Desktop\Datasets\roi_classifier_training_3\2-2\suite2p\plane0\F.npy,1537
0,C:\Users\mzinn1\Desktop\Datasets\roi_classifier_training_3\2-2\suite2p\plane0\F.npy,1278
0,C:\Users\mzinn1\Desktop\Datasets\roi_classifier_training_3\2-2\suite2p\plane0\F.npy,6
1,C:\Users\mzinn1\Desktop\Datasets\roi_classifier_training_3\2-2\suite2p\plane0\F.npy,544
0,C:\Users\mzinn1\Desktop\Datasets\roi_classifier_training_3\2-2\suite2p\plane0\F.npy,1489
0,C:\Users\mzinn1\Desktop\Datasets\roi_classifier_training_3\2-2\suite2p\plane0\F.npy,1960
0,C:\Users\mzinn1\Desktop\Datasets\roi_classifier_training_3\2-2\suite2p\plane0\F.npy,27
0,C:\Users\mzinn1\Desktop\Datasets\roi_classifier_training_3\2-2\suite2p\plane0\F.npy,2181
0,C:\Users\mzinn1\Desktop\Datasets\roi_classifier_training_3\2-2\suite2p\plane0\F.npy,727
0,C:\Users\mzinn1\Desktop\Datasets\roi_classifier_training_3\2-2\suite2p\plane0\F.npy,1159
0,C:\Users\mzinn1\Desktop\Datasets\roi_classifier_training_3\2-2\suite2p\plane0\F.npy,1044
0,C:\Users\mzinn1\Desktop\Datasets\roi_classifier_training_3\2-2\suite2p\plane0\F.npy,1827
0,C:\Users\mzinn1\Desktop\Datasets\roi_classifier_training_3\2-2\suite2p\plane0\F.npy,1862
0,C:\Users\mzinn1\Desktop\Datasets\roi_classifier_training_3\2-2\suite2p\plane0\F.npy,100
0,C:\Users\mzinn1\Desktop\Datasets\roi_classifier_training_3\2-2\suite2p\plane0\F.npy,1702
0,C:\Users\mzinn1\Desktop\Datasets\roi_classifier_training_3\2-2\suite2p\plane0\F.npy,730
0,C:\Users\mzinn1\Desktop\Datasets\roi_classifier_training_3\2-2\suite2p\plane0\F.npy,1520
0,C:\Users\mzinn1\Desktop\Datasets\roi_classifier_training_3\2-2\suite2p\plane0\F.npy,1994
0,C:\Users\mzinn1\Desktop\Datasets\roi_classifier_training_3\2-2\suite2p\plane0\F.npy,1917
1,C:\Users\mzinn1\Desktop\Datasets\roi_classifier_training_3\2-2\suite2p\plane0\F.npy,235
0,C:\Users\mzinn1\Desktop\Datasets\roi_classifier_training_3\2-2\suite2p\plane0\F.npy,1967
0,C:\Users\mzinn1\Desktop\Datasets\roi_classifier_training_3\2-2\suite2p\plane0\F.npy,2071
0,C:\Users\mzinn1\Desktop\Datasets\roi_classifier_training_3\2-2\suite2p\plane0\F.npy,438
0,C:\Users\mzinn1\Desktop\Datasets\roi_classifier_training_3\2-2\suite2p\plane0\F.npy,2031
0,C:\Users\mzinn1\Desktop\Datasets\roi_classifier_training_3\2-2\suite2p\plane0\F.npy,1055
0,C:\Users\mzinn1\Desktop\Datasets\roi_classifier_training_3\2-2\suite2p\plane0\F.npy,1459
0,C:\Users\mzinn1\Desktop\Datasets\roi_classifier_training_3\2-2\suite2p\plane0\F.npy,1273
0,C:\Users\mzinn1\Desktop\Datasets\roi_classifier_training_3\2-2\suite2p\plane0\F.npy,827
0,C:\Users\mzinn1\Desktop\Datasets\roi_classifier_training_3\2-2\suite2p\plane0\F.npy,1788
0,C:\Users\mzinn1\Desktop\Datasets\roi_classifier_training_3\2-2\suite2p\plane0\F.npy,1199
0,C:\Users\mzinn1\Desktop\Datasets\roi_classifier_training_3\2-2\suite2p\plane0\F.npy,2198
0,C:\Users\mzinn1\Desktop\Datasets\roi_classifier_training_3\2-2\suite2p\plane0\F.npy,1911
0,C:\Users\mzinn1\Desktop\Datasets\roi_classifier_training_3\2-2\suite2p\plane0\F.npy,2204
0,C:\Users\mzinn1\Desktop\Datasets\roi_classifier_training_3\2-2\suite2p\plane0\F.npy,282
0,C:\Users\mzinn1\Desktop\Datasets\roi_classifier_training_3\2-2\suite2p\plane0\F.npy,712
0,C:\Users\mzinn1\Desktop\Datasets\roi_classifier_training_3\2-2\suite2p\plane0\F.npy,2074
0,C:\Users\mzinn1\Desktop\Datasets\roi_classifier_training_3\2-2\suite2p\plane0\F.npy,654
1,C:\Users\mzinn1\Desktop\Datasets\roi_classifier_training_3\2-2\suite2p\plane0\F.npy,78
0,C:\Users\mzinn1\Desktop\Datasets\roi_classifier_training_3\2-2\suite2p\plane0\F.npy,2089
0,C:\Users\mzinn1\Desktop\Datasets\roi_classifier_training_3\2-2\suite2p\plane0\F.npy,804
0,C:\Users\mzinn1\Desktop\Datasets\roi_classifier_training_3\2-2\suite2p\plane0\F.npy,747
0,C:\Users\mzinn1\Desktop\Datasets\roi_classifier_training_3\2-2\suite2p\plane0\F.npy,725
0,C:\Users\mzinn1\Desktop\Datasets\roi_classifier_training_3\2-2\suite2p\plane0\F.npy,1989
0,C:\Users\mzinn1\Desktop\Datasets\roi_classifier_training_3\2-2\suite2p\plane0\F.npy,935
1,C:\Users\mzinn1\Desktop\Datasets\roi_classifier_training_3\2-2\suite2p\plane0\F.npy,834
0,C:\Users\mzinn1\Desktop\Datasets\roi_classifier_training_3\2-2\suite2p\plane0\F.npy,1975
0,C:\Users\mzinn1\Desktop\Datasets\roi_classifier_training_3\2-2\suite2p\plane0\F.npy,953
0,C:\Users\mzinn1\Desktop\Datasets\roi_classifier_training_3\2-2\suite2p\plane0\F.npy,1731
0,C:\Users\mzinn1\Desktop\Datasets\roi_classifier_training_3\2-2\suite2p\plane0\F.npy,1534
0,C:\Users\mzinn1\Desktop\Datasets\roi_classifier_training_3\2-2\suite2p\plane0\F.npy,1782
0,C:\Users\mzinn1\Desktop\Datasets\roi_classifier_training_3\2-2\suite2p\plane0\F.npy,1289
0,C:\Users\mzinn1\Desktop\Datasets\roi_classifier_training_3\2-2\suite2p\plane0\F.npy,1193
0,C:\Users\mzinn1\Desktop\Datasets\roi_classifier_training_3\2-2\suite2p\plane0\F.npy,920
0,C:\Users\mzinn1\Desktop\Datasets\roi_classifier_training_3\2-2\suite2p\plane0\F.npy,1882
1,C:\Users\mzinn1\Desktop\Datasets\roi_classifier_training_3\2-2\suite2p\plane0\F.npy,1089
1,C:\Users\mzinn1\Desktop\Datasets\roi_classifier_training_3\2-2\suite2p\plane0\F.npy,471
0,C:\Users\mzinn1\Desktop\Datasets\roi_classifier_training_3\2-2\suite2p\plane0\F.npy,790
0,C:\Users\mzinn1\Desktop\Datasets\roi_classifier_training_3\2-2\suite2p\plane0\F.npy,2155
0,C:\Users\mzinn1\Desktop\Datasets\roi_classifier_training_3\2-2\suite2p\plane0\F.npy,1570
0,C:\Users\mzinn1\Desktop\Datasets\roi_classifier_training_3\2-2\suite2p\plane0\F.npy,2117
0,C:\Users\mzinn1\Desktop\Datasets\roi_classifier_training_3\2-2\suite2p\plane0\F.npy,154
0,C:\Users\mzinn1\Desktop\Datasets\roi_classifier_training_3\2-2\suite2p\plane0\F.npy,1061
0,C:\Users\mzinn1\Desktop\Datasets\roi_classifier_training_3\2-2\suite2p\plane0\F.npy,1241
0,C:\Users\mzinn1\Desktop\Datasets\roi_classifier_training_3\2-2\suite2p\plane0\F.npy,1033
0,C:\Users\mzinn1\Desktop\Datasets\roi_classifier_training_3\2-2\suite2p\plane0\F.npy,1533
0,C:\Users\mzinn1\Desktop\Datasets\roi_classifier_training_3\2-2\suite2p\plane0\F.npy,561
1,C:\Users\mzinn1\Desktop\Datasets\roi_classifier_training_3\2-2\suite2p\plane0\F.npy,305
1,C:\Users\mzinn1\Desktop\Datasets\roi_classifier_training_3\2-2\suite2p\plane0\F.npy,461
1,C:\Users\mzinn1\Desktop\Datasets\roi_classifier_training_3\2-2\suite2p\plane0\F.npy,1244
0,C:\Users\mzinn1\Desktop\Datasets\roi_classifier_training_3\2-2\suite2p\plane0\F.npy,390
0,C:\Users\mzinn1\Desktop\Datasets\roi_classifier_training_3\2-2\suite2p\plane0\F.npy,70
1,C:\Users\mzinn1\Desktop\Datasets\roi_classifier_training_3\2-2\suite2p\plane0\F.npy,1891
0,C:\Users\mzinn1\Desktop\Datasets\roi_classifier_training_3\2-2\suite2p\plane0\F.npy,767
0,C:\Users\mzinn1\Desktop\Datasets\roi_classifier_training_3\2-2\suite2p\plane0\F.npy,2097
1,C:\Users\mzinn1\Desktop\Datasets\roi_classifier_training_3\2-2\suite2p\plane0\F.npy,113
0,C:\Users\mzinn1\Desktop\Datasets\roi_classifier_training_3\2-2\suite2p\plane0\F.npy,228
1,C:\Users\mzinn1\Desktop\Datasets\roi_classifier_training_3\2-2\suite2p\plane0\F.npy,399
0,C:\Users\mzinn1\Desktop\Datasets\roi_classifier_training_3\2-2\suite2p\plane0\F.npy,2118
0,C:\Users\mzinn1\Desktop\Datasets\roi_classifier_training_3\2-2\suite2p\plane0\F.npy,1843
0,C:\Users\mzinn1\Desktop\Datasets\roi_classifier_training_3\2-2\suite2p\plane0\F.npy,1863
0,C:\Users\mzinn1\Desktop\Datasets\roi_classifier_training_3\2-2\suite2p\plane0\F.npy,201
1,C:\Users\mzinn1\Desktop\Datasets\roi_classifier_training_3\2-2\suite2p\plane0\F.npy,192
0,C:\Users\mzinn1\Desktop\Datasets\roi_classifier_training_3\2-2\suite2p\plane0\F.npy,572
0,C:\Users\mzinn1\Desktop\Datasets\roi_classifier_training_3\2-2\suite2p\plane0\F.npy,1865
0,C:\Users\mzinn1\Desktop\Datasets\roi_classifier_training_3\2-2\suite2p\plane0\F.npy,467
1,C:\Users\mzinn1\Desktop\Datasets\roi_classifier_training_3\2-2\suite2p\plane0\F.npy,200
0,C:\Users\mzinn1\Desktop\Datasets\roi_classifier_training_3\2-2\suite2p\plane0\F.npy,1362
0,C:\Users\mzinn1\Desktop\Datasets\roi_classifier_training_3\2-2\suite2p\plane0\F.npy,658
0,C:\Users\mzinn1\Desktop\Datasets\roi_classifier_training_3\2-2\suite2p\plane0\F.npy,1884
0,C:\Users\mzinn1\Desktop\Datasets\roi_classifier_training_3\2-2\suite2p\plane0\F.npy,1087
1,C:\Users\mzinn1\Desktop\Datasets\roi_classifier_training_3\2-2\suite2p\plane0\F.npy,186
0,C:\Users\mzinn1\Desktop\Datasets\roi_classifier_training_3\2-2\suite2p\plane0\F.npy,1574
0,C:\Users\mzinn1\Desktop\Datasets\roi_classifier_training_3\2-2\suite2p\plane0\F.npy,1003
0,C:\Users\mzinn1\Desktop\Datasets\roi_classifier_training_3\2-2\suite2p\plane0\F.npy,1523
1,C:\Users\mzinn1\Desktop\Datasets\roi_classifier_training_3\2-2\suite2p\plane0\F.npy,199
0,C:\Users\mzinn1\Desktop\Datasets\roi_classifier_training_3\2-2\suite2p\plane0\F.npy,636
0,C:\Users\mzinn1\Desktop\Datasets\roi_classifier_training_3\2-2\suite2p\plane0\F.npy,1653
0,C:\Users\mzinn1\Desktop\Datasets\roi_classifier_training_3\2-2\suite2p\plane0\F.npy,1554
1,C:\Users\mzinn1\Desktop\Datasets\roi_classifier_training_3\2-2\suite2p\plane0\F.npy,886
1,C:\Users\mzinn1\Desktop\Datasets\roi_classifier_training_3\2-2\suite2p\plane0\F.npy,1861
0,C:\Users\mzinn1\Desktop\Datasets\roi_classifier_training_3\2-2\suite2p\plane0\F.npy,539
0,C:\Users\mzinn1\Desktop\Datasets\roi_classifier_training_3\2-2\suite2p\plane0\F.npy,2085
0,C:\Users\mzinn1\Desktop\Datasets\roi_classifier_training_3\2-2\suite2p\plane0\F.npy,493
0,C:\Users\mzinn1\Desktop\Datasets\roi_classifier_training_3\2-2\suite2p\plane0\F.npy,1140
0,C:\Users\mzinn1\Desktop\Datasets\roi_classifier_training_3\2-2\suite2p\plane0\F.npy,1769
0,C:\Users\mzinn1\Desktop\Datasets\roi_classifier_training_3\2-2\suite2p\plane0\F.npy,694
1,C:\Users\mzinn1\Desktop\Datasets\roi_classifier_training_3\2-2\suite2p\plane0\F.npy,721
0,C:\Users\mzinn1\Desktop\Datasets\roi_classifier_training_3\2-2\suite2p\plane0\F.npy,809
0,C:\Users\mzinn1\Desktop\Datasets\roi_classifier_training_3\2-2\suite2p\plane0\F.npy,1664
1,C:\Users\mzinn1\Desktop\Datasets\roi_classifier_training_3\2-2\suite2p\plane0\F.npy,99
1,C:\Users\mzinn1\Desktop\Datasets\roi_classifier_training_3\2-2\suite2p\plane0\F.npy,140
0,C:\Users\mzinn1\Desktop\Datasets\roi_classifier_training_3\2-2\suite2p\plane0\F.npy,1667
1,C:\Users\mzinn1\Desktop\Datasets\roi_classifier_training_3\2-2\suite2p\plane0\F.npy,110
0,C:\Users\mzinn1\Desktop\Datasets\roi_classifier_training_3\2-2\suite2p\plane0\F.npy,1612
0,C:\Users\mzinn1\Desktop\Datasets\roi_classifier_training_3\2-2\suite2p\plane0\F.npy,1853
1,C:\Users\mzinn1\Desktop\Datasets\roi_classifier_training_3\2-2\suite2p\plane0\F.npy,722
0,C:\Users\mzinn1\Desktop\Datasets\roi_classifier_training_3\2-2\suite2p\plane0\F.npy,39
0,C:\Users\mzinn1\Desktop\Datasets\roi_classifier_training_3\2-2\suite2p\plane0\F.npy,943
0,C:\Users\mzinn1\Desktop\Datasets\roi_classifier_training_3\2-2\suite2p\plane0\F.npy,183
1,C:\Users\mzinn1\Desktop\Datasets\roi_classifier_training_3\2-2\suite2p\plane0\F.npy,1151
0,C:\Users\mzinn1\Desktop\Datasets\roi_classifier_training_3\2-2\suite2p\plane0\F.npy,1889
0,C:\Users\mzinn1\Desktop\Datasets\roi_classifier_training_3\2-2\suite2p\plane0\F.npy,2033
0,C:\Users\mzinn1\Desktop\Datasets\roi_classifier_training_3\2-2\suite2p\plane0\F.npy,2078
0,C:\Users\mzinn1\Desktop\Datasets\roi_classifier_training_3\2-2\suite2p\plane0\F.npy,1791
0,C:\Users\mzinn1\Desktop\Datasets\roi_classifier_training_3\2-2\suite2p\plane0\F.npy,1115
1,C:\Users\mzinn1\Desktop\Datasets\roi_classifier_training_3\2-2\suite2p\plane0\F.npy,592
0,C:\Users\mzinn1\Desktop\Datasets\roi_classifier_training_3\2-2\suite2p\plane0\F.npy,977
0,C:\Users\mzinn1\Desktop\Datasets\roi_classifier_training_3\2-2\suite2p\plane0\F.npy,800
0,C:\Users\mzinn1\Desktop\Datasets\roi_classifier_training_3\2-2\suite2p\plane0\F.npy,1505
0,C:\Users\mzinn1\Desktop\Datasets\roi_classifier_training_3\2-2\suite2p\plane0\F.npy,598
0,C:\Users\mzinn1\Desktop\Datasets\roi_classifier_training_3\2-2\suite2p\plane0\F.npy,1158
0,C:\Users\mzinn1\Desktop\Datasets\roi_classifier_training_3\2-2\suite2p\plane0\F.npy,197
1,C:\Users\mzinn1\Desktop\Datasets\roi_classifier_training_3\2-2\suite2p\plane0\F.npy,141
0,C:\Users\mzinn1\Desktop\Datasets\roi_classifier_training_3\2-2\suite2p\plane0\F.npy,1879
0,C:\Users\mzinn1\Desktop\Datasets\roi_classifier_training_3\2-2\suite2p\plane0\F.npy,1974
0,C:\Users\mzinn1\Desktop\Datasets\roi_classifier_training_3\2-2\suite2p\plane0\F.npy,86
1,C:\Users\mzinn1\Desktop\Datasets\roi_classifier_training_3\2-2\suite2p\plane0\F.npy,1032
1,C:\Users\mzinn1\Desktop\Datasets\roi_classifier_training_3\2-2\suite2p\plane0\F.npy,231
0,C:\Users\mzinn1\Desktop\Datasets\roi_classifier_training_3\2-2\suite2p\plane0\F.npy,117
1,C:\Users\mzinn1\Desktop\Datasets\roi_classifier_training_3\2-2\suite2p\plane0\F.npy,497
0,C:\Users\mzinn1\Desktop\Datasets\roi_classifier_training_3\2-2\suite2p\plane0\F.npy,586
0,C:\Users\mzinn1\Desktop\Datasets\roi_classifier_training_3\2-2\suite2p\plane0\F.npy,768
0,C:\Users\mzinn1\Desktop\Datasets\roi_classifier_training_3\2-2\suite2p\plane0\F.npy,917
1,C:\Users\mzinn1\Desktop\Datasets\roi_classifier_training_3\2-2\suite2p\plane0\F.npy,1510
0,C:\Users\mzinn1\Desktop\Datasets\roi_classifier_training_3\2-2\suite2p\plane0\F.npy,514
0,C:\Users\mzinn1\Desktop\Datasets\roi_classifier_training_3\2-2\suite2p\plane0\F.npy,1748
0,C:\Users\mzinn1\Desktop\Datasets\roi_classifier_training_3\2-2\suite2p\plane0\F.npy,2070
0,C:\Users\mzinn1\Desktop\Datasets\roi_classifier_training_3\2-2\suite2p\plane0\F.npy,168
0,C:\Users\mzinn1\Desktop\Datasets\roi_classifier_training_3\2-2\suite2p\plane0\F.npy,613
0,C:\Users\mzinn1\Desktop\Datasets\roi_classifier_training_3\2-2\suite2p\plane0\F.npy,2185
0,C:\Users\mzinn1\Desktop\Datasets\roi_classifier_training_3\2-2\suite2p\plane0\F.npy,2153
0,C:\Users\mzinn1\Desktop\Datasets\roi_classifier_training_3\2-2\suite2p\plane0\F.npy,38
1,C:\Users\mzinn1\Desktop\Datasets\roi_classifier_training_3\2-2\suite2p\plane0\F.npy,339
1,C:\Users\mzinn1\Desktop\Datasets\roi_classifier_training_3\2-2\suite2p\plane0\F.npy,421
0,C:\Users\mzinn1\Desktop\Datasets\roi_classifier_training_3\2-2\suite2p\plane0\F.npy,1350
0,C:\Users\mzinn1\Desktop\Datasets\roi_classifier_training_3\2-2\suite2p\plane0\F.npy,1716
0,C:\Users\mzinn1\Desktop\Datasets\roi_classifier_training_3\2-2\suite2p\plane0\F.npy,1345
0,C:\Users\mzinn1\Desktop\Datasets\roi_classifier_training_3\2-2\suite2p\plane0\F.npy,164
0,C:\Users\mzinn1\Desktop\Datasets\roi_classifier_training_3\2-2\suite2p\plane0\F.npy,919
0,C:\Users\mzinn1\Desktop\Datasets\roi_classifier_training_3\2-2\suite2p\plane0\F.npy,1916
0,C:\Users\mzinn1\Desktop\Datasets\roi_classifier_training_3\2-2\suite2p\plane0\F.npy,1700
0,C:\Users\mzinn1\Desktop\Datasets\roi_classifier_training_3\2-2\suite2p\plane0\F.npy,1566
1,C:\Users\mzinn1\Desktop\Datasets\roi_classifier_training_3\2-2\suite2p\plane0\F.npy,894
1,C:\Users\mzinn1\Desktop\Datasets\roi_classifier_training_3\2-2\suite2p\plane0\F.npy,557
0,C:\Users\mzinn1\Desktop\Datasets\roi_classifier_training_3\2-2\suite2p\plane0\F.npy,1092
0,C:\Users\mzinn1\Desktop\Datasets\roi_classifier_training_3\2-2\suite2p\plane0\F.npy,995
0,C:\Users\mzinn1\Desktop\Datasets\roi_classifier_training_3\2-2\suite2p\plane0\F.npy,787
0,C:\Users\mzinn1\Desktop\Datasets\roi_classifier_training_3\2-2\suite2p\plane0\F.npy,1269
0,C:\Users\mzinn1\Desktop\Datasets\roi_classifier_training_3\2-2\suite2p\plane0\F.npy,630
0,C:\Users\mzinn1\Desktop\Datasets\roi_classifier_training_3\2-2\suite2p\plane0\F.npy,1977
0,C:\Users\mzinn1\Desktop\Datasets\roi_classifier_training_3\2-2\suite2p\plane0\F.npy,389
0,C:\Users\mzinn1\Desktop\Datasets\roi_classifier_training_3\2-2\suite2p\plane0\F.npy,474
0,C:\Users\mzinn1\Desktop\Datasets\roi_classifier_training_3\2-2\suite2p\plane0\F.npy,1798
1,C:\Users\mzinn1\Desktop\Datasets\roi_classifier_training_3\2-2\suite2p\plane0\F.npy,226
0,C:\Users\mzinn1\Desktop\Datasets\roi_classifier_training_3\2-2\suite2p\plane0\F.npy,299
0,C:\Users\mzinn1\Desktop\Datasets\roi_classifier_training_3\2-2\suite2p\plane0\F.npy,1558
1,C:\Users\mzinn1\Desktop\Datasets\roi_classifier_training_3\2-2\suite2p\plane0\F.npy,530
0,C:\Users\mzinn1\Desktop\Datasets\roi_classifier_training_3\2-2\suite2p\plane0\F.npy,1728
0,C:\Users\mzinn1\Desktop\Datasets\roi_classifier_training_3\2-2\suite2p\plane0\F.npy,1869
0,C:\Users\mzinn1\Desktop\Datasets\roi_classifier_training_3\2-2\suite2p\plane0\F.npy,322
0,C:\Users\mzinn1\Desktop\Datasets\roi_classifier_training_3\2-2\suite2p\plane0\F.npy,1858
0,C:\Users\mzinn1\Desktop\Datasets\roi_classifier_training_3\2-2\suite2p\plane0\F.npy,744
0,C:\Users\mzinn1\Desktop\Datasets\roi_classifier_training_3\2-2\suite2p\plane0\F.npy,1564
1,C:\Users\mzinn1\Desktop\Datasets\roi_classifier_training_3\2-2\suite2p\plane0\F.npy,59
0,C:\Users\mzinn1\Desktop\Datasets\roi_classifier_training_3\2-2\suite2p\plane0\F.npy,37
1,C:\Users\mzinn1\Desktop\Datasets\roi_classifier_training_3\2-2\suite2p\plane0\F.npy,94
0,C:\Users\mzinn1\Desktop\Datasets\roi_classifier_training_3\2-2\suite2p\plane0\F.npy,777
0,C:\Users\mzinn1\Desktop\Datasets\roi_classifier_training_3\2-2\suite2p\plane0\F.npy,58
0,C:\Users\mzinn1\Desktop\Datasets\roi_classifier_training_3\2-2\suite2p\plane0\F.npy,1040
0,C:\Users\mzinn1\Desktop\Datasets\roi_classifier_training_3\2-2\suite2p\plane0\F.npy,774
0,C:\Users\mzinn1\Desktop\Datasets\roi_classifier_training_3\2-2\suite2p\plane0\F.npy,957
0,C:\Users\mzinn1\Desktop\Datasets\roi_classifier_training_3\2-2\suite2p\plane0\F.npy,1603
0,C:\Users\mzinn1\Desktop\Datasets\roi_classifier_training_3\2-2\suite2p\plane0\F.npy,511
0,C:\Users\mzinn1\Desktop\Datasets\roi_classifier_training_3\2-2\suite2p\plane0\F.npy,627
0,C:\Users\mzinn1\Desktop\Datasets\roi_classifier_training_3\2-2\suite2p\plane0\F.npy,373
0,C:\Users\mzinn1\Desktop\Datasets\roi_classifier_training_3\2-2\suite2p\plane0\F.npy,566
0,C:\Users\mzinn1\Desktop\Datasets\roi_classifier_training_3\2-2\suite2p\plane0\F.npy,637
0,C:\Users\mzinn1\Desktop\Datasets\roi_classifier_training_3\2-2\suite2p\plane0\F.npy,1006
0,C:\Users\mzinn1\Desktop\Datasets\roi_classifier_training_3\2-2\suite2p\plane0\F.npy,2175
0,C:\Users\mzinn1\Desktop\Datasets\roi_classifier_training_3\2-2\suite2p\plane0\F.npy,799
0,C:\Users\mzinn1\Desktop\Datasets\roi_classifier_training_3\2-2\suite2p\plane0\F.npy,249
0,C:\Users\mzinn1\Desktop\Datasets\roi_classifier_training_3\2-2\suite2p\plane0\F.npy,1551
0,C:\Users\mzinn1\Desktop\Datasets\roi_classifier_training_3\2-2\suite2p\plane0\F.npy,2090
0,C:\Users\mzinn1\Desktop\Datasets\roi_classifier_training_3\2-2\suite2p\plane0\F.npy,1109
0,C:\Users\mzinn1\Desktop\Datasets\roi_classifier_training_3\2-2\suite2p\plane0\F.npy,298
0,C:\Users\mzinn1\Desktop\Datasets\roi_classifier_training_3\2-2\suite2p\plane0\F.npy,207
0,C:\Users\mzinn1\Desktop\Datasets\roi_classifier_training_3\2-2\suite2p\plane0\F.npy,352
0,C:\Users\mzinn1\Desktop\Datasets\roi_classifier_training_3\2-2\suite2p\plane0\F.npy,1177
1,C:\Users\mzinn1\Desktop\Datasets\roi_classifier_training_3\2-2\suite2p\plane0\F.npy,1353
0,C:\Users\mzinn1\Desktop\Datasets\roi_classifier_training_3\2-2\suite2p\plane0\F.npy,1180
1,C:\Users\mzinn1\Desktop\Datasets\roi_classifier_training_3\2-2\suite2p\plane0\F.npy,963
0,C:\Users\mzinn1\Desktop\Datasets\roi_classifier_training_3\2-2\suite2p\plane0\F.npy,975
0,C:\Users\mzinn1\Desktop\Datasets\roi_classifier_training_3\2-2\suite2p\plane0\F.npy,2095
0,C:\Users\mzinn1\Desktop\Datasets\roi_classifier_training_3\2-2\suite2p\plane0\F.npy,2136
0,C:\Users\mzinn1\Desktop\Datasets\roi_classifier_training_3\2-2\suite2p\plane0\F.npy,791
0,C:\Users\mzinn1\Desktop\Datasets\roi_classifier_training_3\2-2\suite2p\plane0\F.npy,1666
0,C:\Users\mzinn1\Desktop\Datasets\roi_classifier_training_3\2-2\suite2p\plane0\F.npy,442
0,C:\Users\mzinn1\Desktop\Datasets\roi_classifier_training_3\2-2\suite2p\plane0\F.npy,1171
0,C:\Users\mzinn1\Desktop\Datasets\roi_classifier_training_3\2-2\suite2p\plane0\F.npy,1286
0,C:\Users\mzinn1\Desktop\Datasets\roi_classifier_training_3\2-2\suite2p\plane0\F.npy,2011
0,C:\Users\mzinn1\Desktop\Datasets\roi_classifier_training_3\2-2\suite2p\plane0\F.npy,1855
0,C:\Users\mzinn1\Desktop\Datasets\roi_classifier_training_3\2-2\suite2p\plane0\F.npy,1543
1,C:\Users\mzinn1\Desktop\Datasets\roi_classifier_training_3\2-2\suite2p\plane0\F.npy,1168
0,C:\Users\mzinn1\Desktop\Datasets\roi_classifier_training_3\2-2\suite2p\plane0\F.npy,1387
0,C:\Users\mzinn1\Desktop\Datasets\roi_classifier_training_3\2-2\suite2p\plane0\F.npy,687
0,C:\Users\mzinn1\Desktop\Datasets\roi_classifier_training_3\2-2\suite2p\plane0\F.npy,262
0,C:\Users\mzinn1\Desktop\Datasets\roi_classifier_training_3\2-2\suite2p\plane0\F.npy,1499
0,C:\Users\mzinn1\Desktop\Datasets\roi_classifier_training_3\2-2\suite2p\plane0\F.npy,517
0,C:\Users\mzinn1\Desktop\Datasets\roi_classifier_training_3\2-2\suite2p\plane0\F.npy,926
0,C:\Users\mzinn1\Desktop\Datasets\roi_classifier_training_3\2-2\suite2p\plane0\F.npy,944
0,C:\Users\mzinn1\Desktop\Datasets\roi_classifier_training_3\2-2\suite2p\plane0\F.npy,1322
0,C:\Users\mzinn1\Desktop\Datasets\roi_classifier_training_3\2-2\suite2p\plane0\F.npy,1149
0,C:\Users\mzinn1\Desktop\Datasets\roi_classifier_training_3\2-2\suite2p\plane0\F.npy,1738
0,C:\Users\mzinn1\Desktop\Datasets\roi_classifier_training_3\2-2\suite2p\plane0\F.npy,153
0,C:\Users\mzinn1\Desktop\Datasets\roi_classifier_training_3\2-2\suite2p\plane0\F.npy,1844
0,C:\Users\mzinn1\Desktop\Datasets\roi_classifier_training_3\2-2\suite2p\plane0\F.npy,2008
0,C:\Users\mzinn1\Desktop\Datasets\roi_classifier_training_3\2-2\suite2p\plane0\F.npy,1246
0,C:\Users\mzinn1\Desktop\Datasets\roi_classifier_training_3\2-2\suite2p\plane0\F.npy,1299
0,C:\Users\mzinn1\Desktop\Datasets\roi_classifier_training_3\2-2\suite2p\plane0\F.npy,839
0,C:\Users\mzinn1\Desktop\Datasets\roi_classifier_training_3\2-2\suite2p\plane0\F.npy,287
0,C:\Users\mzinn1\Desktop\Datasets\roi_classifier_training_3\2-2\suite2p\plane0\F.npy,1207
0,C:\Users\mzinn1\Desktop\Datasets\roi_classifier_training_3\2-2\suite2p\plane0\F.npy,1444
1,C:\Users\mzinn1\Desktop\Datasets\roi_classifier_training_3\2-2\suite2p\plane0\F.npy,82
0,C:\Users\mzinn1\Desktop\Datasets\roi_classifier_training_3\2-2\suite2p\plane0\F.npy,2142
0,C:\Users\mzinn1\Desktop\Datasets\roi_classifier_training_3\2-2\suite2p\plane0\F.npy,1318
1,C:\Users\mzinn1\Desktop\Datasets\roi_classifier_training_3\2-2\suite2p\plane0\F.npy,989
0,C:\Users\mzinn1\Desktop\Datasets\roi_classifier_training_3\2-2\suite2p\plane0\F.npy,1710
1,C:\Users\mzinn1\Desktop\Datasets\roi_classifier_training_3\2-2\suite2p\plane0\F.npy,604
0,C:\Users\mzinn1\Desktop\Datasets\roi_classifier_training_3\2-2\suite2p\plane0\F.npy,836
0,C:\Users\mzinn1\Desktop\Datasets\roi_classifier_training_3\2-2\suite2p\plane0\F.npy,1947
0,C:\Users\mzinn1\Desktop\Datasets\roi_classifier_training_3\2-2\suite2p\plane0\F.npy,2137
0,C:\Users\mzinn1\Desktop\Datasets\roi_classifier_training_3\2-2\suite2p\plane0\F.npy,499
0,C:\Users\mzinn1\Desktop\Datasets\roi_classifier_training_3\2-2\suite2p\plane0\F.npy,432
0,C:\Users\mzinn1\Desktop\Datasets\roi_classifier_training_3\2-2\suite2p\plane0\F.npy,968
0,C:\Users\mzinn1\Desktop\Datasets\roi_classifier_training_3\2-2\suite2p\plane0\F.npy,1936
0,C:\Users\mzinn1\Desktop\Datasets\roi_classifier_training_3\2-2\suite2p\plane0\F.npy,1555
0,C:\Users\mzinn1\Desktop\Datasets\roi_classifier_training_3\2-2\suite2p\plane0\F.npy,559
0,C:\Users\mzinn1\Desktop\Datasets\roi_classifier_training_3\2-2\suite2p\plane0\F.npy,689
0,C:\Users\mzinn1\Desktop\Datasets\roi_classifier_training_3\2-2\suite2p\plane0\F.npy,1013
0,C:\Users\mzinn1\Desktop\Datasets\roi_classifier_training_3\2-2\suite2p\plane0\F.npy,758
0,C:\Users\mzinn1\Desktop\Datasets\roi_classifier_training_3\2-2\suite2p\plane0\F.npy,1906
0,C:\Users\mzinn1\Desktop\Datasets\roi_classifier_training_3\2-2\suite2p\plane0\F.npy,1698
1,C:\Users\mzinn1\Desktop\Datasets\roi_classifier_training_3\2-2\suite2p\plane0\F.npy,1292
0,C:\Users\mzinn1\Desktop\Datasets\roi_classifier_training_3\2-2\suite2p\plane0\F.npy,861
0,C:\Users\mzinn1\Desktop\Datasets\roi_classifier_training_3\2-2\suite2p\plane0\F.npy,546
1,C:\Users\mzinn1\Desktop\Datasets\roi_classifier_training_3\2-2\suite2p\plane0\F.npy,36
0,C:\Users\mzinn1\Desktop\Datasets\roi_classifier_training_3\2-2\suite2p\plane0\F.npy,533
0,C:\Users\mzinn1\Desktop\Datasets\roi_classifier_training_3\2-2\suite2p\plane0\F.npy,1901
0,C:\Users\mzinn1\Desktop\Datasets\roi_classifier_training_3\2-2\suite2p\plane0\F.npy,1434
0,C:\Users\mzinn1\Desktop\Datasets\roi_classifier_training_3\2-2\suite2p\plane0\F.npy,1324
0,C:\Users\mzinn1\Desktop\Datasets\roi_classifier_training_3\2-2\suite2p\plane0\F.npy,1696
0,C:\Users\mzinn1\Desktop\Datasets\roi_classifier_training_3\2-2\suite2p\plane0\F.npy,419
0,C:\Users\mzinn1\Desktop\Datasets\roi_classifier_training_3\2-2\suite2p\plane0\F.npy,1291
0,C:\Users\mzinn1\Desktop\Datasets\roi_classifier_training_3\2-2\suite2p\plane0\F.npy,958
0,C:\Users\mzinn1\Desktop\Datasets\roi_classifier_training_3\2-2\suite2p\plane0\F.npy,1845
1,C:\Users\mzinn1\Desktop\Datasets\roi_classifier_training_3\2-2\suite2p\plane0\F.npy,1026
0,C:\Users\mzinn1\Desktop\Datasets\roi_classifier_training_3\2-2\suite2p\plane0\F.npy,966
0,C:\Users\mzinn1\Desktop\Datasets\roi_classifier_training_3\2-2\suite2p\plane0\F.npy,486
0,C:\Users\mzinn1\Desktop\Datasets\roi_classifier_training_3\2-2\suite2p\plane0\F.npy,789
0,C:\Users\mzinn1\Desktop\Datasets\roi_classifier_training_3\2-2\suite2p\plane0\F.npy,303
0,C:\Users\mzinn1\Desktop\Datasets\roi_classifier_training_3\2-2\suite2p\plane0\F.npy,549
0,C:\Users\mzinn1\Desktop\Datasets\roi_classifier_training_3\2-2\suite2p\plane0\F.npy,1755
1,C:\Users\mzinn1\Desktop\Datasets\roi_classifier_training_3\2-2\suite2p\plane0\F.npy,416
0,C:\Users\mzinn1\Desktop\Datasets\roi_classifier_training_3\2-2\suite2p\plane0\F.npy,1803
0,C:\Users\mzinn1\Desktop\Datasets\roi_classifier_training_3\2-2\suite2p\plane0\F.npy,1925
0,C:\Users\mzinn1\Desktop\Datasets\roi_classifier_training_3\2-2\suite2p\plane0\F.npy,583
0,C:\Users\mzinn1\Desktop\Datasets\roi_classifier_training_3\2-2\suite2p\plane0\F.npy,1070
0,C:\Users\mzinn1\Desktop\Datasets\roi_classifier_training_3\2-2\suite2p\plane0\F.npy,1796
0,C:\Users\mzinn1\Desktop\Datasets\roi_classifier_training_3\2-2\suite2p\plane0\F.npy,666
0,C:\Users\mzinn1\Desktop\Datasets\roi_classifier_training_3\2-2\suite2p\plane0\F.npy,323
0,C:\Users\mzinn1\Desktop\Datasets\roi_classifier_training_3\2-2\suite2p\plane0\F.npy,669
1,C:\Users\mzinn1\Desktop\Datasets\roi_classifier_training_3\2-2\suite2p\plane0\F.npy,833
0,C:\Users\mzinn1\Desktop\Datasets\roi_classifier_training_3\2-2\suite2p\plane0\F.npy,1441
0,C:\Users\mzinn1\Desktop\Datasets\roi_classifier_training_3\2-2\suite2p\plane0\F.npy,269
0,C:\Users\mzinn1\Desktop\Datasets\roi_classifier_training_3\2-2\suite2p\plane0\F.npy,1942
0,C:\Users\mzinn1\Desktop\Datasets\roi_classifier_training_3\2-2\suite2p\plane0\F.npy,1824
0,C:\Users\mzinn1\Desktop\Datasets\roi_classifier_training_3\2-2\suite2p\plane0\F.npy,425
0,C:\Users\mzinn1\Desktop\Datasets\roi_classifier_training_3\2-2\suite2p\plane0\F.npy,1931
0,C:\Users\mzinn1\Desktop\Datasets\roi_classifier_training_3\2-2\suite2p\plane0\F.npy,1308
0,C:\Users\mzinn1\Desktop\Datasets\roi_classifier_training_3\2-2\suite2p\plane0\F.npy,916
0,C:\Users\mzinn1\Desktop\Datasets\roi_classifier_training_3\2-2\suite2p\plane0\F.npy,2145
0,C:\Users\mzinn1\Desktop\Datasets\roi_classifier_training_3\2-2\suite2p\plane0\F.npy,2061
0,C:\Users\mzinn1\Desktop\Datasets\roi_classifier_training_3\2-2\suite2p\plane0\F.npy,1973
0,C:\Users\mzinn1\Desktop\Datasets\roi_classifier_training_3\2-2\suite2p\plane0\F.npy,300
0,C:\Users\mzinn1\Desktop\Datasets\roi_classifier_training_3\2-2\suite2p\plane0\F.npy,1483
0,C:\Users\mzinn1\Desktop\Datasets\roi_classifier_training_3\2-2\suite2p\plane0\F.npy,378
0,C:\Users\mzinn1\Desktop\Datasets\roi_classifier_training_3\2-2\suite2p\plane0\F.npy,2022
0,C:\Users\mzinn1\Desktop\Datasets\roi_classifier_training_3\2-2\suite2p\plane0\F.npy,1123
0,C:\Users\mzinn1\Desktop\Datasets\roi_classifier_training_3\2-2\suite2p\plane0\F.npy,382
0,C:\Users\mzinn1\Desktop\Datasets\roi_classifier_training_3\2-2\suite2p\plane0\F.npy,2024
0,C:\Users\mzinn1\Desktop\Datasets\roi_classifier_training_3\2-2\suite2p\plane0\F.npy,414
0,C:\Users\mzinn1\Desktop\Datasets\roi_classifier_training_3\2-2\suite2p\plane0\F.npy,1655
1,C:\Users\mzinn1\Desktop\Datasets\roi_classifier_training_3\2-2\suite2p\plane0\F.npy,545
0,C:\Users\mzinn1\Desktop\Datasets\roi_classifier_training_3\2-2\suite2p\plane0\F.npy,2115
0,C:\Users\mzinn1\Desktop\Datasets\roi_classifier_training_3\2-2\suite2p\plane0\F.npy,843
0,C:\Users\mzinn1\Desktop\Datasets\roi_classifier_training_3\2-2\suite2p\plane0\F.npy,1398
0,C:\Users\mzinn1\Desktop\Datasets\roi_classifier_training_3\2-2\suite2p\plane0\F.npy,734
0,C:\Users\mzinn1\Desktop\Datasets\roi_classifier_training_3\2-2\suite2p\plane0\F.npy,1284
1,C:\Users\mzinn1\Desktop\Datasets\roi_classifier_training_3\2-2\suite2p\plane0\F.npy,612
0,C:\Users\mzinn1\Desktop\Datasets\roi_classifier_training_3\2-2\suite2p\plane0\F.npy,538
0,C:\Users\mzinn1\Desktop\Datasets\roi_classifier_training_3\2-2\suite2p\plane0\F.npy,2081
0,C:\Users\mzinn1\Desktop\Datasets\roi_classifier_training_3\2-2\suite2p\plane0\F.npy,562
0,C:\Users\mzinn1\Desktop\Datasets\roi_classifier_training_3\2-2\suite2p\plane0\F.npy,424
0,C:\Users\mzinn1\Desktop\Datasets\roi_classifier_training_3\2-2\suite2p\plane0\F.npy,2193
0,C:\Users\mzinn1\Desktop\Datasets\roi_classifier_training_3\2-2\suite2p\plane0\F.npy,783
0,C:\Users\mzinn1\Desktop\Datasets\roi_classifier_training_3\2-2\suite2p\plane0\F.npy,1076
1,C:\Users\mzinn1\Desktop\Datasets\roi_classifier_training_3\2-2\suite2p\plane0\F.npy,558
0,C:\Users\mzinn1\Desktop\Datasets\roi_classifier_training_3\2-2\suite2p\plane0\F.npy,1857
0,C:\Users\mzinn1\Desktop\Datasets\roi_classifier_training_3\2-2\suite2p\plane0\F.npy,1976
0,C:\Users\mzinn1\Desktop\Datasets\roi_classifier_training_3\2-2\suite2p\plane0\F.npy,2010
0,C:\Users\mzinn1\Desktop\Datasets\roi_classifier_training_3\2-2\suite2p\plane0\F.npy,874
0,C:\Users\mzinn1\Desktop\Datasets\roi_classifier_training_3\2-2\suite2p\plane0\F.npy,2134
0,C:\Users\mzinn1\Desktop\Datasets\roi_classifier_training_3\2-2\suite2p\plane0\F.npy,570
0,C:\Users\mzinn1\Desktop\Datasets\roi_classifier_training_3\2-2\suite2p\plane0\F.npy,157
1,C:\Users\mzinn1\Desktop\Datasets\roi_classifier_training_3\2-2\suite2p\plane0\F.npy,392
0,C:\Users\mzinn1\Desktop\Datasets\roi_classifier_training_3\2-2\suite2p\plane0\F.npy,198
1,C:\Users\mzinn1\Desktop\Datasets\roi_classifier_training_3\2-2\suite2p\plane0\F.npy,395
0,C:\Users\mzinn1\Desktop\Datasets\roi_classifier_training_3\2-2\suite2p\plane0\F.npy,1601
0,C:\Users\mzinn1\Desktop\Datasets\roi_classifier_training_3\2-2\suite2p\plane0\F.npy,711
0,C:\Users\mzinn1\Desktop\Datasets\roi_classifier_training_3\2-2\suite2p\plane0\F.npy,2124
0,C:\Users\mzinn1\Desktop\Datasets\roi_classifier_training_3\2-2\suite2p\plane0\F.npy,1636
1,C:\Users\mzinn1\Desktop\Datasets\roi_classifier_training_3\2-2\suite2p\plane0\F.npy,681
0,C:\Users\mzinn1\Desktop\Datasets\roi_classifier_training_3\2-2\suite2p\plane0\F.npy,609
0,C:\Users\mzinn1\Desktop\Datasets\roi_classifier_training_3\2-2\suite2p\plane0\F.npy,1433
