spike_key,skew_contribution,spike_prob_value,next_auc_preonly,max_second_derivative_raw,window_raw_kurtosis,auc,max_second_derivative,next_sharpness_preonly,next_depth_preonly_raw,next_sharpness_preonly_raw,window_skew,left_based_prom,next_auc_preonly_raw,window_raw_skew,next_depth_preonly,window_kurtosis,label
01_1-2_62_56,0.0701049175373614,0.2523541476744773,0.8874425139262174,0.6479284313479019,0.9371905185617008,0.7063009708217983,0.0488729842498422,0.8618095064053659,0.5297788721360891,0.7050309961910581,0.9860400421887028,1.0,0.0,0.6792637109685613,1.0,0.0,0
01_1-2_829_702,0.0826773618698685,0.345118350408111,0.5338750855388326,0.3554444913778711,0.0933792257392373,0.3495031726776395,1.0,0.0,0.6456599072171297,0.7974515928681593,0.6902666302065692,0.6779591101683985,0.8922554915446851,0.0923933577577019,0.0077187258755638,0.0,0
01_1-1_357_858,0.2636523112713379,0.2238866527500569,0.8724834405019574,0.0,0.7361737283913456,0.2960015015318796,1.0,0.7343826890419006,0.790343853210492,0.6344706281331787,0.7913484302800414,0.7727272741660657,1.0,0.0,0.0,0.0,0
01_1-3_3_103,0.8200799211204046,0.9999999999999998,0.0,1.0,1.0,0.820291856444156,0.621592962892435,0.2071891462606587,0.2549788963754524,0.6055082616074213,1.0,0.9854057493302006,0.0638284207042474,1.0,0.6952343771637668,0.0,1
01_1-3_119_111,0.5096693536864699,0.5958372531537255,0.1050814029614269,0.5675494850819489,0.0,0.0,0.2837325037796577,0.339994541205205,0.2413763931944111,0.4571928685987669,0.0,0.0,0.0650722423078073,0.0,0.0,0.0,0
01_1-3_205_160,0.0464366530200773,0.5003861979886659,0.9927181296050676,0.5270108935868991,0.7507955835625301,0.665273586564061,0.113610765106875,1.0,0.2455842141410962,0.5760796927226275,0.9999999999999998,1.0,0.1419219392339976,1.0,0.9853464304009716,0.0,0
01_1-3_633_452,0.7492829555910336,0.8293126930095764,0.0,0.9056881760533346,0.7216817488805373,0.9297393173634348,0.26719307781769,0.4237163839342308,0.6917527550985604,0.8640183943113684,0.3724114746343665,0.3802793105513967,0.5071438558636194,0.3094612546891386,0.2507086977152072,0.0,1
01_1-3_923_154,0.0870052152860299,0.0723171458839306,0.9992996441162796,0.6543717637902723,0.5515352067553438,0.6939855624898441,0.5500947249798488,0.0941209398997671,0.3331060610629351,0.715472014923127,0.0066376875169707,0.0070654752019944,0.1870955706580631,7.198495568126727e-12,6.718407264376233e-12,0.0,0
01_1-3_976_97,0.0490262243043071,0.1037183079948667,0.9911585941200344,0.0007575078151642,0.3610380932676232,0.0,1.0,0.7753586389510136,0.3577700420401777,0.5745523624469955,0.863058839532582,0.895140111890997,0.077467278125982,0.277391274959789,0.3209010626073927,0.0,0
01_2-2_32_190,0.5525118459886127,0.5044913505940021,0.3601878117320587,0.7284983237901356,0.9491070392925484,0.8539328945572118,0.3893779986106185,0.202777479011288,0.2054459167057767,0.5929308121255913,0.9999999999999998,0.9180051951793966,0.1833316553242952,1.0,0.0899373195675726,0.0,1
01_2-2_32_615,0.1772500257514997,0.3108703475703787,0.9889737991536154,0.5726060398874628,0.0,0.1192381125455629,0.4598916768281523,0.1100351392555448,0.2541061356621162,0.7342844291458853,0.4796980192945262,0.4836058778029597,0.7000100190939864,0.0625816137180316,0.0115272731831484,0.0,0
01_2-2_106_49,0.2772800634652128,0.6852114671028597,0.8622522439678545,0.5452024425171411,0.1485658334841796,0.4481134916278501,0.0543612865530079,0.747420233022646,0.1829886122704582,0.6510478222055531,0.8194449083728291,1.0,0.0,0.4202245594327034,1.0,0.0,1
01_2-2_106_715,0.5063352853678644,0.6345007666444757,0.3565675027544569,0.6908484115201586,0.6091289198822677,0.8693442174435991,0.3005529788513033,0.4620295670097543,0.0,0.5289075905679177,0.5138888888888888,0.5211266379780871,0.8169014515212134,0.0,0.0,0.0,1
01_2-2_113_143,0.0296237270066253,0.4392245417968047,0.9946508649732052,0.7468520740884654,0.2069303961475965,0.9881364628033936,0.4520101335222856,0.1262069267362565,0.6569642924178603,0.5516579286135626,0.8523013606760536,0.8602259451925418,0.0741682357229822,0.1510453359773205,0.0330782854140286,0.0,0
01_2-2_125_582,0.0859779429589046,0.1066463351583116,0.9981014802355404,0.2738053505607937,0.0835216635815105,0.1965956159384321,0.8947347016336291,0.1083860569888939,0.5070381284213539,0.5898833740415214,0.3902436987554388,0.3902436987554388,0.6966316507130441,0.0,0.0,0.0,0
01_2-2_125_684,0.2587107081292722,0.3517970935422131,0.8451621140338443,0.4155115553183681,0.190146694438933,0.356320489366027,0.4743507549123089,0.2330178771680726,0.2516124555436008,0.2372956803498849,0.5487621803771092,0.5487621803771092,0.8426829369073684,0.0,0.0,0.0,0
01_2-2_137_504,1.0,0.8851345158707793,0.5346747150626702,1.0,1.0,0.7183253927331477,0.207304163145076,0.7404291857667376,0.3861122699044875,0.8880395647520515,0.3839274218740088,0.4018666398872874,0.5611685702598556,0.3296550555718406,0.2596103830700881,0.0,1
01_2-2_144_563,0.4849982192076835,0.462605930809159,0.477782634405763,0.6664051138601356,0.5055396732305166,0.4560829913852026,0.3825946152124124,0.3967392266723303,0.1932100558855668,0.5161233617970621,0.4405966305661321,0.4569115818006412,0.6754120646397674,1.1133348674520005e-54,8.075463326919765e-55,0.0,1
01_2-2_144_581,0.0441969427654416,0.2968140890656809,0.9391753655882072,0.5814782245576211,0.0072713877755742,0.0,0.1538955298202602,0.5366317913304853,0.2067632599166969,0.5563084302851367,0.4643966533153164,0.4815929009184206,0.6994512634978792,1.1133348674520005e-54,8.075463326919765e-55,0.0,0
01_2-2_164_173,0.0339641850280442,0.0246678484859758,0.9951175165472655,0.8921240218766191,0.2041969613814485,0.1157226165042515,0.578701137866183,0.8910291635676647,0.9999999999999998,1.0,0.8599671917068189,0.814611317965377,0.185424373743943,0.1340129342986124,0.0041431229158861,0.0,0
01_2-2_164_456,0.8841838636451886,1.0000000000000002,0.0,1.0,0.7407078424714109,0.452692816424951,0.3822616974632341,0.788294256853822,0.7121922767096278,0.8817374660286692,0.2480630619667514,0.2480630619667517,0.4651162790699036,0.0,0.0,0.0,1
01_2-2_193_425,0.9811854459892,1.0,0.0914582396336726,1.0000000000000002,1.0,0.6975306726687549,0.3609485473794795,0.8503466528461529,1.0,0.9925076652506266,0.294736812485578,0.3052631287171035,0.4888909532964117,0.1818046262594257,0.1405725484829629,0.0,1
01_2-2_211_164,0.7509118972531927,0.8769482653808975,0.0545655916988038,0.8855516857018396,0.9664146208570172,0.9111821418377232,0.2400234263579991,0.6053301457643885,0.0718869546790538,0.4770150029303637,0.988095238095238,0.927710843373494,0.144578313253012,0.7011717115969394,0.3049366558247106,0.0,1
01_2-2_211_431,0.6561798780448255,0.7810010952138116,0.1873195688587609,0.9085342465079452,0.7901446524474756,1.0,0.1875587114657186,0.7831519570871344,0.1205433187341565,0.473037213807823,0.3214285714285714,0.3253012048192771,0.5542168674698795,0.0,0.0,0.0,1
01_2-1_39_298,0.7860282409384867,0.874585311938195,0.0257357071934584,0.5557826721402145,0.2428232851827443,0.3095366414225417,0.2422979765907297,0.4387379620549513,0.0531074884428042,0.4424212359162899,0.0,0.0,0.3170731707317073,1.1662525473358894e-135,2.5535594990687846e-136,0.0,1
01_2-1_68_259,0.8932429044625934,0.9122769813785828,0.0086053764618958,0.8089330766710535,0.521376438195056,0.5738909990335439,0.4523466906513168,0.8655878618313575,0.288133330835872,0.7175933077627161,0.96,0.86,0.2100000000015952,0.6331442778800832,0.0237125770801903,0.0,1
01_2-1_78_790,0.0915870425712424,0.3128407957272319,1.0,0.0802936827951534,0.0484116560018136,0.0,1.0,0.5865377591714956,0.6633134936229415,0.3358427775171882,0.6635631789326515,0.6698077302266932,0.8971927047105558,0.0356394600135517,0.0098301333338539,0.0,0
01_2-1_78_859,1.0,0.8929548321743941,0.2760487585789841,0.0,0.7289606276577882,0.8759300227151272,1.0,0.5865377591714956,0.6633134936229415,0.3358427775171882,0.7663728500126207,0.7735849056603774,1.0,0.0356394600135517,0.0098301333338539,0.0,1
01_2-1_87_589,0.1183177546715364,0.3516125911995048,0.9793011814339492,0.5005083839572984,0.3294019591862268,0.9659887681176176,0.1627952350525212,0.3833797278866764,0.4849792886939011,0.5657540832332512,0.3176179691393337,0.3176239784798964,0.5777540766539079,0.0,0.0,0.0,0
01_2-1_102_387,0.0005926972167577,0.0751665237306526,0.9914224146631544,0.3771729598574518,0.0,0.1152291293343131,0.9280820519285694,0.0,0.2980238895360456,0.6120824127636768,0.1244080818367695,0.1243960136991188,0.4021949992916724,0.0,0.0,0.0,0
01_2-1_119_433,0.3486472898546252,0.3695604813539772,0.72195930270297,0.6765360855777187,0.5606548813888093,0.6290471242279498,0.0933085874534906,0.4216429065536693,0.1656206732247779,0.4283590039069618,0.1860622802104761,0.1839080459770115,0.4777777777777778,0.0,0.0,0.0,1
01_2-1_170_858,0.3167048353887935,0.437322544599516,0.778680216827329,0.0,0.1104507195809365,0.5534814155883513,1.0,0.6796680269424901,1.0,0.1802394575738653,0.6842105281651734,0.6933249130934176,0.9999999999999998,0.0,0.0,0.0,1
01_2-1_174_757,0.0,0.05828844782058,0.8430532665454616,0.2531512011512771,0.3300542190800791,0.0922919370798302,0.0456884159757843,0.7603382381084869,0.0878327652547384,0.2560807126776363,0.6061812813061925,0.5999999999504654,0.8431372548533974,0.0,0.0,0.0,0
01_2-1_186_204,0.0389928683222728,0.0702802790208495,0.999283860707995,0.0176655500066382,0.0139161085632923,0.0,0.8571243873107299,0.4441902948667639,0.4412560780412786,0.3301839617378085,0.9110189202916428,0.8622736162060538,0.1754070736422889,0.2542308758932594,0.0944042622259051,0.0,0
01_2-1_196_764,0.1395556146856928,0.3906567556519554,1.0,0.3612436752438783,0.085769883391014,0.3265674312176719,0.0965648187346004,0.3228260758238122,0.1119615608003594,0.3578521639870637,0.6428571426055835,0.6749999997593211,0.8765939749307727,0.1564102948747148,0.1080880532453097,0.0,0
01_2-1_211_371,0.155727364446047,0.4115253557371617,0.9503144421223308,0.5456174397593204,0.1884882129258226,0.7086219680709701,0.0,0.4744867148394484,0.2041034228534894,0.3865358198711929,0.1578679720079271,0.1525980660608853,0.354303928796568,0.0,0.0,0.0,0
01_2-1_230_54,0.072643883732524,0.1306358104606254,0.9998230271422296,0.2364715239140732,0.1637681240622813,0.3123100498990868,0.1149148102328877,0.586376207668517,0.2549634783868942,0.449040380440337,0.8392857142857142,1.0,0.0,0.0633099533441874,1.0,0.0,0
01_2-1_261_752,0.038351476730361,0.1549631265325823,0.9927976212827584,0.4621171761724774,0.2621984995908216,0.4565242345831721,0.245126018038868,0.7243085799307646,1.0,0.9171561540814664,0.5494417133014378,0.5494417133014378,0.8387040555908095,0.0,0.0,0.0,0
01_2-1_267_727,0.7515402236791342,0.6620330952384904,0.0500516260396284,0.8858082459160871,0.5697264128802794,0.6969896997926044,0.344908627790036,0.2146848671420922,0.0,0.5373291241846919,0.5775962257053266,0.5877244849162112,0.8115962344248024,0.0,0.0,0.0,1
01_2-1_279_691,0.2685676464876151,0.3151967891367859,0.886233698853938,1.0,0.5988212142890577,0.7381748853639607,0.5279101136613031,0.5024207061569181,0.480486048403598,0.6731266409209213,0.6249924079064823,0.6355854752162803,0.8389753390712296,0.2431063533996652,0.0559811858665286,0.0,0
01_2-1_282_565,0.6799719587068774,0.8597143283480295,0.0192288756800037,0.6898355139806498,0.6500537975965027,0.912587110721701,0.1010951234252984,0.5831514278243342,0.2512168052503863,0.766459164190341,0.2777520792265027,0.2739562460163998,0.5972273187018384,0.0429836649970305,0.0052361065447172,0.0,1
01_2-1_290_239,0.8245962546747345,0.8556234978064551,0.0,0.7807418258655799,0.868515143364905,0.6023144197009078,0.4899006220354919,0.760686061028734,0.88330104484373,1.0,0.0281553576774147,0.0286911836893423,0.2877799981860425,0.0535102568738941,0.1611106710749803,0.0,1
01_2-1_304_626,0.0917018163858418,0.2870294330920727,0.9778273043983357,0.3877302980795127,0.4151715684000689,0.4008381403171294,0.2094836017690945,0.509239910908268,0.1423554502680559,0.5192077365944567,0.508816335203369,0.5135681428976442,0.6972476500534314,0.1170552020204731,0.0137817157578261,0.0,0
01_2-1_310_515,0.0,0.0323692755222567,0.9788061792203674,0.0348503263896162,0.0436233258170191,0.0,1.0,0.6816913758001121,0.6670023301355505,0.3342993807745648,0.3382589848159393,0.3455981721975036,0.5317263284876026,0.0965643083526239,0.0621073584168587,0.0,0
01_2-1_313_527,0.2299457781908943,0.4261934883923358,0.9157581955218366,0.9663989030430412,0.2862699519987665,0.4340074773164934,0.4244830252815109,0.7489301419077764,0.6121237659574394,0.5443338294003969,0.3225786549261937,0.3449872390210246,0.645159300087484,0.0434696244385404,0.0833058456845486,0.0,1
01_2-1_319_429,0.0023110409148833,0.0349611121370925,0.9608463490226398,0.0843281405115658,0.0749804373851046,0.4632500599853441,0.3137083241529407,1.0,0.0,0.4064891453517575,0.2111910932943912,0.2111910932943912,0.5049901014783417,0.0,0.0,0.0,0
01_2-1_319_662,0.246967843250639,0.3116740856848119,0.8776019910960811,0.5454172565364325,0.4538472831503448,0.5818416257217156,0.3020459566645342,0.439455953131256,0.7459652949788949,0.7162331200034722,0.5223718872209074,0.5223718872209074,0.7938087342181278,0.0,0.0,0.0,1
01_2-1_321_255,0.6206095797766524,0.7266668208272415,0.0776356100171577,0.7300391640966143,0.2952568040316515,0.3406869285024319,0.0452592183534266,1.0,0.2817730195364286,0.6054791058222797,0.0343351185813811,0.0346322428088365,0.228115550075052,0.0883035383362212,0.0110131826363606,0.0,1
01_2-1_337_613,0.1373937634911617,0.0,0.9905189992736712,0.2521122333933202,0.5308664686562736,0.6154888538955127,0.2344488972561648,0.7799320488232259,0.2264715650511105,0.6746559667841232,0.4545203437148286,0.4545203218034613,0.7216243313097941,0.1649397357431203,0.0351042046610261,0.0,0
01_2-1_349_661,0.0360693785669022,0.0026967761489564,0.8171133741757632,0.0294106515622079,0.0571499657543001,0.0065712955293406,0.9770254532605362,0.282967831811232,0.6410797820891111,0.2988557782565234,0.5813387448400603,0.5813078277316316,0.7782335731411338,0.03375540817765,0.0021974263437705,0.0,0
01_2-1_369_858,0.6854618321397733,0.7209298550978733,0.0666973316074474,0.6584056718882082,0.9244421262972324,1.0,0.2552549364977462,0.3678344866107604,0.099038123445326,0.4520035886604568,0.8088228679769123,0.7948692062477328,1.0,0.0,0.0,0.0,1
01_2-1_403_368,0.1064283442595212,0.1668646206344854,1.0,0.3900252714347318,0.4863097386909554,0.3829029625595086,0.0518122578112866,0.6037536866151909,0.6340228570382764,0.2927044913353664,0.1149417365905564,0.1149417365905564,0.3749994825639606,2.7472967225908864e-241,2.120075153708804e-242,0.0,0
01_2-1_408_52,0.7244720394569143,0.7284074512553416,0.0630159375845732,0.8868259473279345,0.7996911350110405,0.682938076086603,0.3994059828875778,0.4278047001696369,0.0,0.4888779989427363,0.9761904761808684,1.0,0.0,0.8633018041011535,1.0,0.0,1
01_2-1_408_800,0.0109275790251288,0.0584922615601178,0.9903096361885918,0.1775390218274343,0.0279793999612481,0.0,0.2087579888854986,0.0,0.3941790859893633,0.2611712348670183,0.6190468325588359,0.6190468325375582,0.9285706422363706,0.0865465644173125,0.0145747840227543,0.0,0
01_2-L_14_417,0.0014501054750565,0.0,0.9677753553799038,0.138132258451768,0.3184185003987156,0.0,0.2131122554410716,0.4017571268877905,0.2323687804036072,0.0569972539924014,0.3161974354505223,0.3088383439883822,0.4730948617212748,0.0433430641573643,0.0291352856894103,0.0,0
01_2-L_41_503,0.2696464375707006,0.3512824501234264,0.6936363210292344,0.3577789649677396,0.9000411464245196,0.4630787420831275,0.1976437042791574,0.1842409149693561,0.960898517772919,0.1647209271670356,0.4293374247962519,0.4318208190200434,0.5765884964528786,0.3340483978078263,0.0688664610690338,0.0,0
01_2-L_84_317,0.1772215829154062,0.4161765535169246,0.9784276326072028,0.5111726272994724,0.7052725083497957,0.561265003098995,0.1459635104752084,0.7601735179854604,0.4677026655778598,0.2924921364265767,0.2322582292299883,0.2229299593680115,0.2894742251929241,0.4426092564252864,0.1950145627482132,0.0,1
01_2-L_84_693,0.2356963875348345,0.2089383447681216,0.9335631551055038,0.1662043295995345,0.0989458592247983,0.2796088146591237,0.18442395978185,0.4371142811839627,0.3699923199222413,0.5139277337750183,0.780643388174214,0.7643290022403475,0.8486827582098685,0.4426092564252864,0.1950145627482132,0.0,0
01_2-4_30_256,0.0148686339556336,0.2939802381699765,0.336501602696455,0.2405137978881378,0.1563008953273921,0.2301381541673906,0.2927153909558745,0.4687707490229938,0.3729369264007405,0.7545028189777172,0.0287329328315507,0.0298591907596023,0.2580614558891,3.001988359393425e-159,2.796055189735589e-159,0.0,0
01_2-4_52_551,0.011086610829328,0.3897052195035009,0.4308395122184693,0.0386860503601786,0.1949005009724068,0.2703491831646392,1.0,0.7462572404027209,0.5534934137875869,0.556560268908321,0.4547175534235809,0.4642951611264927,0.6190771132981813,0.3552680217342258,0.6913371333743693,0.0,0
01_2-4_87_92,0.5371728361170328,0.6749482586504005,0.2910919447405522,0.4576216624076697,0.6420105541957678,0.5089866179296787,0.0516977036894116,0.5716052655584813,0.0850588621720899,0.4219559098159321,0.9344262295081968,1.0,0.0161290322663344,0.9030319613566132,1.0,0.0,1
01_2-4_107_296,0.3918561745558419,0.8523799082050159,0.728454696739628,0.9572411581584952,0.8055475832933041,0.857175111487172,0.1337357925683994,0.9725101516023336,0.1151998894317278,0.0025124392238425,0.1027691855652935,0.1057143608125448,0.2871149697518987,0.0181603147488974,0.0145204753813109,0.0,1
01_2-4_118_531,0.7462979345920239,0.6184343789803438,0.0014235801290686,0.638967859537842,0.5410384577016707,0.8377263696665438,0.1857087800464542,0.2136513317099146,0.1472866261264423,0.6617541001269691,0.3877106165350066,0.4015727030144858,0.5526328113304454,0.0754856185278067,0.0478454345404025,0.0,1
01_2-4_120_160,0.0806409503776294,0.1463566724939677,0.9967916379944892,0.5631619063719451,0.1223429492770805,0.3361742330629889,0.2104300674006241,0.4979953125281224,0.5526882497393779,0.4156254813246293,1.0,0.9547477368356084,0.1637730771826048,1.0,0.7897552978807346,0.0,0
01_2-4_131_59,0.0,0.2470885145317995,0.8115529345467674,0.4551748966628753,0.4873228328035348,0.187959782799549,1.0,0.0,0.7639541973577366,0.7273091774777045,0.8724438213070915,1.0000000000000002,0.0,0.4267696159042063,1.0,0.0,0
01_2-4_140_369,0.119380576532484,0.0955275239977815,0.9815588369718152,0.497976038840853,0.0450134900962143,0.4468270678659969,0.1198858851524059,0.340608255297268,0.0540004129878875,0.2298601142366936,0.2521758375990197,0.2521758375990197,0.4218912304153675,0.0,0.0,0.0,0
01_2-4_165_648,0.0055917642612363,0.3376811539614379,0.9904416315707922,0.0114158063991212,0.188047907989058,0.2574200529996652,1.0,0.8534807836487938,0.5169354604226548,0.5167944313939643,0.5177391163478843,0.5137569195111509,0.7126250726435842,0.1257175962853338,0.3261365702061296,0.0,0
01_2-4_167_217,0.027329911721273,0.1185629970527344,0.9973673293026072,0.0058512366725135,0.0,0.0028467650130227,1.0,0.5029408721848545,0.2765130416912308,0.3990371041097625,1.0,0.9223190299124072,0.2157828958681532,1.0,0.4087501056256571,0.0,0
01_2-4_184_860,0.2049368059972391,0.1896163034107549,0.0242055938552109,0.0,0.0,0.2020250001898556,1.0,0.8243593796912155,0.8503603488427108,0.563330796895763,0.8570196808366923,0.869289032921761,1.0,0.3864554515299869,0.6362888961161709,0.0,0
01_2-4_192_237,0.7740784534219232,0.8786521089567338,0.0,0.8201682861324171,0.5317524900598953,0.6159328376926362,0.1502251629770689,0.344828012604197,0.3196219988061017,0.95745190115819,0.8571519152116284,0.8552529055370907,0.1818457567477018,0.4945760247549668,0.048790407314698,0.0,1
01_2-4_201_83,0.4705125932892581,0.6609322901657836,0.5374349647934629,0.1536238219154446,0.0,0.2168800506559288,0.0189747778599533,0.6543757581200541,0.5131367347119957,0.2716848010119311,1.4060316666172444e-14,1.4662003983923463e-14,0.0555666603735595,0.0,0.0,0.0,1
01_2-4_221_232,0.968902500392213,0.7436037078264892,0.1990566314485862,0.5889277034561133,0.2620769553425093,0.4234516958707017,0.2520259019455609,0.3652866364673344,0.4582116226567121,0.2219433061090457,0.7599896613836552,0.7599896599339354,0.2117647057961934,0.0196230592259807,0.0008481728550016,0.0,1
01_2-4_227_313,0.2078118444650005,0.6583027185193924,0.9846061875607344,1.0,0.3871903298067243,0.7306142914420233,0.4232584035896869,0.328375175216325,0.489972074390241,0.7146256253609605,0.112533212698947,0.1192092224241166,0.3647057771798504,0.0,0.0,0.0,1
01_2-4_227_403,0.4559079987146386,0.7252792937239971,0.4351280356639952,0.7087189512085039,0.3795196691832981,0.6134483785395769,0.1530620176578887,0.2083320668036739,0.4133756269849677,0.8192611224438531,0.2136840003891411,0.2263607501150827,0.4705842899984694,0.0,0.0,0.0,1
01_2-4_227_713,0.2793079189781699,0.7129299693812841,0.8905585499511921,0.3404964949947339,0.7432031838291473,0.5991986597870032,0.0,0.4100415648777916,0.1880382987500214,0.799914034487213,0.5733479896781026,0.6073616971939713,0.8470587512449899,0.0,0.0,0.0,1
01_2-4_230_170,0.0637471118045282,0.1844807276060747,1.0,0.0,0.3212109006952978,0.0997221779103798,1.0,0.6995559690719697,0.6011324784373554,0.4787462071208704,0.9605851411781874,0.8202712945033144,0.1745358145144933,0.4698719721146369,0.096818279328096,0.0,0
01_2-4_239_147,0.0360736563705444,0.2284486416608115,0.9951877562340568,0.2027874926205631,0.2715998120867686,0.2210757642694953,0.2419274351998613,0.5993185973607202,0.3514208254242126,0.2878885293679559,0.0,0.0,0.091085017857386,0.0,0.0,0.0,0
01_2-4_239_289,0.0516409099659286,0.180534998838207,1.0000000000000002,0.4371165633443128,0.3391399641262765,0.3898322265229043,0.2162559328597737,0.6439942045550332,0.2350108917585923,0.379955715770979,0.1455193949841123,0.1273402837145988,0.3439632163599371,0.1721519828424559,0.0695607332868199,0.0,0
01_2-4_239_534,0.0383792756209574,0.2946205279662364,0.9961152940743402,0.6938635439297113,0.224467599209501,0.4377199900471044,0.5771762637467741,0.1831474599877137,0.2090943949859723,0.2520362958850697,0.3592120891695117,0.3431297618556037,0.5667039518206082,0.1721519828424559,0.0695607332868199,0.0,0
01_2-4_266_89,0.1693557148967479,0.314795820183507,0.9801926332585096,0.2438278591322294,0.3344176259036037,0.3908424899335299,0.1686727778626288,0.8687493723701417,0.2497863113899414,0.2567351289356679,0.9090907495019582,0.9740260538204494,0.0270269439976405,0.5346330716411385,0.2468254091267847,0.0,0
01_2-4_266_839,0.7991830001117908,0.8853033354279007,0.0,0.6039390139320425,1.0,0.5059877713480302,0.0701365411681355,0.7163402923397664,0.1196381350693002,0.655440006383669,0.6493506493506492,0.6493506493506492,1.0,0.188223924778138,0.0265921253325673,0.0,1
01_2-3_84_87,0.5782010972797293,0.7225251189571671,0.2596322726246384,0.7339257691975012,0.7294693593748806,0.7561103391060873,0.09894305088062,0.227953743884628,0.1992427427237208,0.5915861899682917,0.9626270609559852,1.0,0.0,0.7301710239667261,1.0,0.0,1
01_2-3_91_856,0.4066885978695583,0.1515936855277633,0.6416277946816717,0.3880873178059061,0.2164467625868633,0.7363969583548863,0.2961545985922388,0.6280904887957809,0.6970158364249972,1.0,0.8429192472324397,0.8224891478278291,1.0,0.3127369161120394,0.0881642191298793,0.0,0
01_2-3_96_411,0.1291694228502815,0.4207791904378286,1.0,0.5415265529366466,0.3817475563256232,0.6377871444076011,0.3434615733656093,0.4634811802049464,0.4785805715495223,0.4025493290282537,0.1612903225806451,0.1648351648351648,0.4505494505494505,0.0,0.0,0.0,0
01_2-3_123_192,0.0016361841579033,0.1075674700250788,0.9830325598223864,0.3370498553059373,0.3059306651293257,0.7513956619812449,0.1796021099087881,0.6402236703271986,0.5744671872103716,0.4953457746689944,0.8416664168465121,0.8487392490200498,0.1779660991025219,0.1686228605935701,0.0454305079485501,0.0,0
01_2-3_123_778,0.0203107252555148,0.0728122322808906,0.9925785180333626,0.1829472450523908,0.1931299645224512,0.2063446250661186,0.7438436346269686,0.3046456777049373,0.4927036468605197,1.0,0.7160345134989248,0.7220516102510167,0.9230859459311102,0.1450434020780029,0.036955066310323,0.0,0
01_2-3_139_406,0.1263625265400314,0.0830104960608828,0.9946904517349124,0.306475740854162,0.0084927772759068,0.5357133457743075,0.6639706317366868,0.0494071438844632,0.4334888310688434,0.7677482126716519,0.2045063242024327,0.2229786677998486,0.4070577624124524,0.0657088983612057,0.0088433635823036,0.0,0
01_2-3_146_440,0.8883629835317126,0.8405560910935211,0.0207841912262202,0.975774419439518,0.5829381471075024,0.6842643901456079,0.1711298861582648,0.735566843826243,0.1354581709991145,0.6580604659157069,0.2604233743029699,0.2618649785301846,0.4791666666666666,0.0526394034000735,0.0525667773057073,0.0,1
01_2-3_152_271,0.013119622318726,0.3184074698398811,0.9741541674387092,0.0438245934046656,0.1575101437920147,0.3123336900779344,0.0889073228340573,0.4669000261149562,0.0,0.5738090172694478,0.0,0.0,0.2205802376389208,0.0,0.0,0.0,0
01_2-3_158_235,0.1711740406566648,0.1903374291172508,0.2622938995763992,0.004152972237648,0.0649578667036731,0.0,0.8707424216015367,0.7072162741258473,0.419050157942644,0.5611601218637231,0.1280337117270065,0.1288191949427209,0.2147120137690608,0.3766346598427703,0.1035019589187074,0.0,0
01_2-3_158_327,0.0,0.1004985083947447,0.2103873459777493,0.292917876876354,0.0649578667036731,0.0,0.4462315541617712,0.466731034363735,0.2465818585779771,0.9156639509390068,0.2670168342274117,0.2686549749855741,0.3545499055336104,0.3766346598427703,0.1035019589187074,0.0,0
01_2-3_166_471,0.3772278527184145,0.4765934893659493,0.737202753787726,0.6929482174333603,0.4573019639534096,0.7327880715927622,0.7555104212791139,0.2364584584093211,0.4251871638193398,0.5533277265277919,0.3027321537266106,0.3113006866304089,0.532723072350311,0.0,0.0,0.0,1
01_2-3_168_584,0.0138764908217933,0.2168544972526825,0.9931643552483824,0.3332507833199874,0.0602318355197279,0.0,0.2736652816428379,0.3511928356681764,0.2548318970139998,0.5639477293108247,0.4651618083145573,0.4745591740210469,0.6598232929904073,0.086889662785267,0.04682093314673,0.0,0
01_2-3_221_312,0.5066308169892682,0.6743809234792162,0.075044519269081,0.6668185797365381,0.5857144472380573,0.8599118838778567,0.1958156254629909,0.4413367333780527,0.1568054296408236,0.7319539114808488,0.1354131734361409,0.1381970200280157,0.3222184961096614,0.0697387850097836,0.0418190692002042,0.0,1
01_2-3_236_359,0.6150140397951004,0.5428489790308567,0.0814394614992445,0.9294661307244328,0.3981682276992259,0.4887312006337724,0.0867148248266879,0.8888566815953932,0.0809784367276009,0.4737772831949366,0.1956521469715294,0.1978021794442712,0.3870967741935484,0.0,0.0,0.0,1
01_2-3_259_249,0.0118403412787474,0.1821108212565045,0.9932866529674936,0.0,0.2950072602329994,0.0008517776262423,1.0,0.6231925001195457,0.6971810550790433,0.2273995405988416,0.1218050772511928,0.1218449425518436,0.2272802499393126,0.1582091639057621,0.0143930626147454,0.0,0
01_2-3_285_311,0.0190244714185753,0.1102739668781356,0.99277649816783,0.2851180672240347,0.2396421182796251,0.5365010442433558,0.6598672413388386,0.0458340421519534,0.9999999999999998,0.0,0.1573038664399402,0.1609201330388081,0.3956043955817456,0.0923347822938782,0.2047494760858348,0.0,0
01_2-3_312_381,0.0844836770434946,0.0379902585642053,0.997709995051932,0.5009456964690411,0.1807883251311239,0.8180307693929396,1.0,0.0,0.2056855765774192,0.5320240699811698,0.2045419652867153,0.2068965517241379,0.4535832373313027,0.0,0.0,0.0,0
01_2-3_312_444,0.7294461774044888,0.7470263646327071,0.0,0.8162727509309625,0.6553886541890102,0.5863453571842685,0.1386903645442423,0.6069777061783315,0.2390514704807227,0.5633417905346052,0.2272688503185726,0.2298850574712643,0.4768439159863569,0.0,0.0,0.0,1
01_2-3_320_272,0.0601268477067839,0.1601729457454839,0.9609946619358152,0.1589069793886223,0.1109754741798177,0.1148126486971433,0.4412712662536006,0.278098352861244,0.1513452935716003,0.1898426412638128,0.0936521815582376,0.0974493858651135,0.2772207306994381,0.293607680846515,0.4655799038624496,0.0,0
01_2-3_327_100,0.5551208800605494,0.6470812806437245,0.2098347127947245,0.8970556138484019,0.5028419022201079,0.6455377484006974,0.4586156212101585,0.4830148365767581,0.1577376577869959,0.5008334734472745,0.8990802555644531,0.9082570855225732,0.0614036183434431,0.4268168140634202,0.6796100324802984,0.0,1
01_2-3_328_125,0.0012574913096712,0.0,0.9901583712850824,0.0487763721052673,0.0,0.0,1.0,0.7383574310026201,0.3853599501066809,0.6329767084186362,0.878707419534618,0.8729334013900266,0.0890648274297876,0.3512531745534482,0.183468241352443,0.0,0
01_2-3_329_468,0.2387280075181008,0.4661465160528666,0.8682044076819032,0.7423395670056743,0.6161535800604296,0.446143388685333,0.1113092194504405,0.9086172951196708,0.1851722370328933,0.5094719907644848,0.4351839945194725,0.4363632721478699,0.635513646908088,0.0396201884603481,0.0109059085326812,0.0,1
01_2-3_336_514,0.0282721204617785,0.324175669033828,0.9992568027955764,0.2398364485379838,0.3306599362355821,1.0,0.2270007279998278,0.5942659605899351,0.3027765075831998,0.2253635360236255,0.5125654150097376,0.5197562440911023,0.5985773568428963,0.3713994787710897,0.6459751118197494,0.0,0
01_2-3_355_231,0.8211961904007298,0.6776517713934667,0.0167808566001008,0.5882557281166448,0.4940394855791327,0.7950043659031636,0.0474490419312295,0.4157544122097987,0.2327884934207932,0.7111861437701165,0.0382079026942775,0.0389337970041145,0.2547702526942955,4.344986933770709e-253,2.2432248275067782e-253,0.0,1
01_2-3_355_355,0.8891472455279482,0.6999934293823002,0.0,0.7882814475147438,1.0,0.5553622543095222,0.2167254445683368,0.8907265512920128,1.0,0.9999999999999998,0.226794588433378,0.2311033541503266,0.4434360115058662,0.0,0.0,0.0,1
01_2-3_370_639,0.3249897419476832,0.7845355354230983,0.8068302672366723,0.6499074257410837,0.5917636974534597,0.5004118765445371,0.1406778863206115,0.5108397748275237,0.1185029462533324,0.2644380051727487,0.5259129236841396,0.4949168864261608,0.7075471698083375,0.227514267646637,0.1718738750964364,0.0,1
01_2-3_409_97,1.0,1.0,1.0,1.0,1.0,0.7510716779037969,0.0695996407373276,0.4462351356191817,0.0412159382994985,0.6112711620346097,1.0,1.0,0.0418414315945459,1.0,1.0,0.0,1
01_2-3_409_229,0.0333191435353327,0.1235897163522209,0.1636431467994684,0.353522614602439,0.1903143232947741,0.4751884584159489,0.6134302787352943,0.1701070852048715,0.6498237061873465,0.536579372392625,0.9004885143753258,0.8893899294438686,0.2167736211700888,0.2460553026884892,0.1484303833537119,0.0,0
01_2-3_409_241,0.0019728052786776,0.0995450842494173,0.1588828577980303,0.3111204264992273,0.0,0.3115871257551235,0.449976507683441,0.441189474627952,0.8369752975868726,1.0,0.8209686500732541,0.7959020155756538,0.2409564822112139,0.2483985485112751,0.1468324999845349,0.0,0
01_2-3_409_782,0.0170407708572221,0.0,0.1618764343372788,0.1347919400461779,0.211387553194502,0.6162913995149939,0.0,0.5421579798952864,0.0588578583661272,0.3048879228096929,0.6999923054730542,0.7008468095562599,0.8926921166371873,0.1567229380600481,0.1280542896701874,0.0,0
01_2-3_443_344,0.0582191377413916,0.3907828785773202,0.9804211347216932,0.0380065663332869,0.3288932079332659,0.3621067963693817,0.8399085831654174,0.6902495422485125,0.3835551244806244,0.4620535855116607,0.1075850636344766,0.1067643204422355,0.3229755576105645,0.0,0.0,0.0,0
01_2-3_448_169,0.0500645987391129,0.6453156201537977,0.769138601234205,0.5442570815913255,0.420672443186805,0.6397142189313502,0.1216246353899932,0.7374115419893941,0.5733663559407749,0.2545543647806414,0.8351597619947786,0.8444392579113086,0.1647113144675414,0.3158511035503277,0.0961040758215348,0.0,0
01_2-3_482_484,0.3500884748970388,0.7405162971657144,0.1814218208020872,0.2889369287863762,0.9579140198103332,0.3676946657120231,0.2249047835079206,0.4750842724662449,0.4249552005002931,0.3623500191705746,0.3782044008991091,0.3823727839049614,0.5571900367676343,0.0362953477768775,0.0935584915154222,0.0,1
01_2-3_499_809,0.4451888373151318,0.7094660738894971,0.4493408183575934,0.7550640796470862,0.660487591006685,0.6128934842216877,0.1564617826131377,0.7475776076553707,0.4578858822569557,0.867220673658883,0.7456140350869249,0.7522123893797297,1.0,0.0509796609378205,0.0281249956497523,0.0,1
01_2-3_500_116,0.6864594157779331,0.8615130007516977,0.0429797901921858,0.5018643787599468,0.5123264288297209,0.7391515103587173,0.1259279571365337,0.4550069921828804,0.3214673811455341,0.6932583872353748,0.9072164306993422,0.9166726293164932,0.0808081283376913,0.5042641808617785,0.2099225170036898,0.0,1
01_2-3_530_659,1.0,1.0000000000000004,1.0,1.0,1.0,0.7586751847589055,0.1512275840277499,0.6683137080516856,0.5488752669405252,0.6731370291364851,0.5760785425164823,0.5761574265700659,0.7567655734268606,0.0376059151980911,0.0258621969092452,0.0,1
01_2-3_532_332,0.3510427871964747,0.6332509170543719,0.7092186473135078,0.7091638260516298,0.6060022222346378,0.5385388207502841,0.4153607540253177,0.2417410291634895,0.2792873200837296,0.2509848780863103,0.2127497019620293,0.2232720020749849,0.4390217577532197,0.0864985192614454,0.0498144222073738,0.0,1
01_2-3_532_455,0.944124665723188,0.6795687153349648,0.2063103277001527,0.4322394445027482,0.4396891444280937,0.3218591844236073,0.1042818651692409,0.4382185852436306,0.4879876886593197,0.3680770732896176,0.3085194685002955,0.3189938672779856,0.5308392893506415,0.0864985192614454,0.0498144222073738,0.0,1
01_2-3_572_496,0.1504428490932121,0.0,0.9994091611363966,0.2432071494210631,0.7298443823639856,0.6740169134236107,0.3928465920665513,0.0825453841478121,0.2808087488844229,0.4715784962255886,0.4103117434191581,0.4103117434170838,0.6072723971783075,0.0,0.0,0.0,0
02_2-2_48_784,0.0459243447600607,0.0326173705959449,0.9962432439998712,0.3372927197858323,0.1515476038717176,0.2562784475314554,0.6512790725028874,0.1456857248598299,0.5158413726588905,0.8347316464113508,0.8287666648555607,0.8413788487522856,0.9511542831495065,0.2536300717400803,0.651446496664535,0.0,0
02_2-2_59_580,0.0,0.419335804895798,0.9653392131901491,0.0933807952695616,0.1180942997042975,0.1719107557514739,1.0,0.6581223287424635,0.452843272256715,0.5577155603864252,0.4515102009733437,0.451517136260968,0.6461900361171321,0.2311767484715583,0.5123661329636031,0.0,0
02_2-2_121_459,0.0826028800684837,0.4350179718610469,0.9927374397952587,0.3069974736423205,0.1560668918093821,0.0287620224853416,0.2893474942531489,0.3461104517337401,0.4514600706624597,0.1501583394975255,0.3641555882613785,0.3740646885048106,0.5445305718017104,0.2475443780713893,0.4494807911418904,0.0,0
02_2-2_168_487,0.2404407708257545,0.5170437737018829,0.4250929974249072,0.2385193802416223,0.4954500665227166,0.0676809949384863,0.2730709908226695,0.8114284553295125,0.0962906042157779,0.5891896175140404,0.375397610377035,0.3915190330838597,0.5346294323299586,0.1074971103448964,0.0895011391710896,0.0,0
02_2-2_191_648,0.7882470380497129,0.7493368541678826,0.0005116822908362,0.553936638437273,0.7172926158001848,0.504927898577701,0.0,0.7961820342749285,0.6088852542121519,1.0,0.5566026020496245,0.5514007086308153,0.7169799965387839,0.3001860936030535,0.0213455148385027,0.0,1
02_2-2_213_617,0.1372796907468938,0.4834663418498841,1.0,0.7646613854060261,0.4737240546446906,0.7578103031778124,0.7003012764688563,0.0,0.2027463451614162,0.4500049326461446,0.4958803116960405,0.4999448170529595,0.7445408298133563,0.0909968818187403,0.1075687313213822,0.0,0
02_2-2_221_292,0.163092073206709,0.2455904291737232,0.9734901658902428,0.0,0.1839527262435137,0.09007231357549,1.0,0.6026856731330866,0.9011892626650904,0.4878712386675625,0.213499912167648,0.213499912167648,0.3333255694845404,0.0623539487575038,0.0052186103498288,0.0,0
02_2-2_236_87,0.0705731221344241,0.4184227234949913,0.9999337010484848,0.1797077979363118,0.177419408419467,0.0,0.1408239658341233,0.9298208903175906,0.2497649814662386,0.6180793585440154,0.0061316399251269,0.0265850770982121,0.0617101691742615,0.0229018099085499,0.0474612132457394,0.0,0
02_2-2_264_716,0.0975214211023671,0.4847764402112224,0.9991156479740212,0.2402224186883498,0.2199164614972546,0.3766607358947753,0.8823749330469972,0.0709892909659845,0.1264475235420277,0.4920336933834344,0.5889610772797979,0.6044194265100604,0.7844529027022492,0.1088350270949478,0.0699000308587339,0.0,0
02_2-2_280_720,0.1964603041198579,0.5933368354099207,0.9469848895367544,0.0607152645756365,0.3291309765470454,0.2225352543007255,1.0,0.6991435966663097,0.66561808001561,0.4243746096821633,0.7220979561693229,0.7608813218552956,0.8431276633686892,0.1298498082337355,0.4714225280497998,0.0,0
02_2-2_290_381,0.0792964099631873,0.0991901807170778,0.9998963347892034,0.1566729530977768,0.0,0.3228400084938883,0.3275272138772265,0.555393358164021,0.1680314991012639,0.4488783829174383,0.2131141614194394,0.2033888025345949,0.4000991318496035,0.1574178474519025,0.0686917704720452,0.0,0
02_2-2_310_101,0.131438295573931,0.2437843385464591,0.9982370782901472,0.1663424529888661,0.4120026076397872,0.0,0.1020288948292308,0.4188582380595618,0.1234791423777851,0.1420948640109185,0.9104921338765498,0.9224344855694124,0.0920134670740775,0.2012646469639543,0.0078533906932206,0.0,0
02_2-2_313_410,0.5016309329743731,0.7808028557297,0.4294520363442554,0.8690200915232661,1.0,0.6803067961555255,0.7607291732225386,0.2755306903378178,0.2227339834155043,0.4674612500539363,0.2837736293986515,0.2739623092555374,0.4460323673190329,0.2344016165580353,0.0488827508621297,0.0,1
02_2-2_313_525,0.0910029342261898,0.5039302227747555,0.9997942288294984,0.6286620404452081,0.5720600145054021,0.5857071282812948,0.661682408035529,0.2240215141152719,0.3240794685602774,0.490509708106746,0.3715000931318797,0.3628905053684145,0.5394389646519268,0.2344016165580353,0.0488827508621297,0.0,0
02_2-2_313_584,0.3967339410633594,0.5271822579036933,0.642184304314752,0.1355638142092392,0.2086077357636178,0.7084303860368334,0.8088820995756427,0.0,0.1369824456977425,0.2801330505042336,0.4324324323592426,0.4246575341740549,0.6043165652362736,0.2344016165580353,0.0488827508621297,0.0,1
02_2-2_325_827,0.1927084750520135,0.4849495861381676,0.4149630162856447,0.7489386609816054,0.3537569615112471,0.7138153049114352,0.111168233075474,0.5806413816056175,0.4283400538001729,0.3771420182783247,0.8504672216130043,0.81249992029866,0.990909083349746,0.5576894250909266,0.4860305999870185,0.0,1
02_2-2_346_845,0.1130493350420309,0.1275387575267053,0.996334766065901,0.1132259884577364,0.3102973359247748,0.398645157896468,0.5819532357779416,0.6576843024369223,0.0,0.5263713947535956,0.8666666671274491,0.8609271527726976,1.0,0.0777340867689574,0.0510171931013239,0.0,0
02_2-2_354_717,0.0799526483774312,0.3409436816679343,0.9951587093776042,0.4053637757830354,0.3367074604771788,0.3813218333233159,0.1805997673043267,0.7904422850059112,0.1720902232357296,0.5303799319072776,0.6621385507718585,0.6576940026650753,0.8393299057574525,0.279851695845419,0.0391360211283454,0.0,0
02_2-2_381_741,0.1507418568090863,0.1040924782412477,0.7762201465584335,0.113707904786568,0.0,0.0,0.4031164347800481,0.2032790033611253,0.0,0.1177040579962838,0.7744359999873727,0.757352856147056,0.9130433950834544,0.0,0.0,0.0,0
02_2-2_396_433,0.1925373652154219,0.2463225717511314,0.98415621671608,0.4023387365578045,0.0,0.0,0.8065243804680655,0.0,1.0,0.7241402458871143,0.4668680097981207,0.466413039158078,0.5621066262415871,0.987802059552703,0.9843077071150764,0.0,0
02_2-2_406_746,1.0,0.886531527320177,0.7519481894228264,1.0,0.8459745479331386,0.5964423479717936,0.5578721256047643,0.0560353312344855,0.6357536608842951,0.6970252704939157,0.7931685087881241,0.781605884615226,0.8882575050237584,0.6739845180754868,0.7068015397665901,0.0,1
02_2-2_450_98,1.0,0.9999999999999998,1.0,0.9344430971429872,1.0,1.0,0.1678684279539783,0.7328909686458842,0.4655436722367731,0.7130376788050546,1.0,1.0,0.0428713002051848,1.0,1.0,0.0,1
02_2-2_450_643,0.1928964196715963,0.0618475534766775,0.9070743220374676,0.5199119061374813,0.5610149118927752,0.3185934778861185,0.3953138684383026,0.3908501732630751,0.3377373676229265,0.6434495934674042,0.5608557533694347,0.5710041943241828,0.7421704207262095,0.1421597908200525,0.104155843174377,0.0,0
02_2-2_451_289,0.9352513693538068,1.0,0.0493099232243809,0.8149995672965128,0.9397561986084196,0.2936930617715882,0.3823208447824198,0.3859314128892661,0.0,0.6577353129830732,0.1344123560571724,0.141640081035018,0.3333304847409204,0.1368852926407577,0.1114053017362233,0.0,1
02_2-2_455_392,0.9980198381848988,1.0,0.0021959866260576,0.9608917427966512,0.5895426181365309,0.6945695232570074,0.4680387515106791,0.1713336158954753,0.2506650255444753,0.5925732151068248,0.2132665240807627,0.2164221981731056,0.3972713941490787,0.0195838301417095,0.0133811921806044,0.0,1
02_2-2_484_76,0.25258587372321,0.2252955294012248,0.8621405171009575,0.8115242751541323,0.5961813532553812,1.0,0.5255075055074037,0.1092744827733663,0.8309531821062823,0.5496239278765993,0.9711813077107428,1.0,0.0,0.6319083588862218,1.0,0.0,0
02_2-2_486_593,0.590127004494902,0.67608720753862,0.220676889939607,0.9817432373969645,0.5385280971256801,1.0,0.2571636822427898,0.3733666502722914,0.8174874945723478,0.684606571614697,0.5131368189556016,0.5194224744295577,0.6556291390729605,0.4810101669169401,0.8365582688982927,0.0,1
02_2-2_487_153,0.650332146316108,0.8297324610559547,0.1115650729009318,0.8921693094055382,0.5535215103879665,0.3593767950065312,0.1827027083506838,0.5406516496551739,0.4539579619196526,0.6609950400997158,0.9999999999999998,1.0,0.0982144641085296,1.0,1.0,0.0,1
02_2-2_502_384,0.1520909498642527,0.5854975151345645,0.9866934497319104,0.3356002799075578,0.0527368329756891,0.0,0.0757859273452841,0.4815881311649134,0.1814007003590071,0.6833458461998374,0.2799971300127368,0.2666637535705457,0.4238508463868574,0.1923330600409749,0.0061647929442347,0.0,0
02_2-2_525_767,0.0,0.2245852000694623,0.8758848144622717,0.0,0.3027475909179231,0.1303022367072177,0.1555609532449757,0.8093073379322997,0.2616388503340364,0.2966209831481812,0.590909090909091,0.590909090909091,0.8571480659988817,0.0,0.0,0.0,0
02_2-2_568_527,0.4888326767408065,0.7085510571984619,0.5016313450198635,0.3589328847300849,0.3109622976097582,0.6603517100238164,0.9888219537111502,0.0,0.4696196139110137,0.759900144123961,0.4999986879961126,0.4676247501535164,0.6428562804461513,0.0,0.0,0.0,1
02_2-2_590_310,0.5102241325325292,0.2607948521305583,0.1214432168984654,0.5540057886874508,0.3469522970666415,0.5055202949613498,0.5428405505410248,0.0167620569212308,0.7128423061438458,0.6147984221064865,0.1249999999980447,0.119718309857173,0.3065713818362107,0.2245727965758108,0.1248695187599879,0.0,0
02_2-2_590_707,0.3631065628543289,0.3320333931478569,0.3129544461273693,0.6221465447773962,0.6737227558316673,0.3124896844006312,0.5355304279152411,0.0985228244409175,0.1708761282923024,0.4429573290433741,0.6319444433073695,0.6338028157483189,0.839421639419608,0.2245727965758108,0.1248695187599879,0.0,1
02_2-2_650_324,0.0020071431912063,0.0562950769147945,0.9732191133739704,0.224910765919457,0.288378197824353,0.7412570651825329,0.3522426076432484,0.0960064499155265,0.7098207858226278,0.975637540012786,0.1142857012271069,0.1153846022004364,0.3055555428653652,0.0,0.0,0.0,0
02_2-2_750_200,0.324627549876104,0.7831405092324266,0.2505873624575114,1.0,0.3892977636372743,0.5745274781794552,0.2100654737696863,1.0,0.2771414399662987,0.3896227452998819,0.0576562014517686,0.0571068018878443,0.247618868185196,0.4501574112037785,0.1684560059542288,0.0,1
02_2-1_7_850,0.0528103516404176,0.2529541477195978,0.7311377837906212,0.3141481509447949,0.4791561726045157,0.4426610133771201,0.2556929674877941,1.0,0.7122642501651244,0.3735947638322071,0.714302869971641,0.7142985311402763,1.0,0.0,0.0,0.0,0
02_2-1_46_749,0.0009808746720862,0.1126433369869772,0.967463569338278,0.1510474336871868,0.4251734905422588,0.5189630713607792,0.8952581657108638,0.4107395262715123,0.1814066723921977,0.1221878373805105,0.6760797985157294,0.6848509651363509,0.8464208703239844,0.1341581086946259,0.0615653417821842,0.0,0
02_2-1_51_430,1.0,1.0000000000000004,0.4261340390217722,0.8577441559122262,0.8466959670635652,0.2392015410449914,0.5129317078706128,0.3113699682575945,0.5047359385192044,0.8602524187185858,0.3619344461956346,0.3765363510307323,0.4940687918947107,0.4537527201625723,0.864812382173476,0.0,1
02_2-1_54_323,0.2215630780118898,0.1123583025080154,0.6674440468216395,0.3095234818231849,0.2524777771151252,0.453833006179857,1.0,0.0,0.3945981340268376,0.9706965800192564,0.0,0.0,0.3218387069862792,1.0004710548465206e-43,3.947094958198098e-44,0.0,0
02_2-1_60_652,0.1157396770313194,0.5075989072424436,1.0,0.3180853777004292,0.1348286117146692,0.0,0.6343795576493265,0.0365827618630941,0.1718567680156906,0.3385628121811591,0.5973161013870784,0.6267611466907231,0.7532251721264525,1.6640280401779799e-46,1.3364077886409767e-46,0.0,0
02_2-1_87_470,0.0158677000934528,0.0646473019524016,0.9877997004862892,0.231839889971179,0.351203646026468,0.8638924411953582,0.06196983576721,0.78692763191228,0.090071008045341,0.4988006095118747,0.3800636526342099,0.3949004530240454,0.5604729248668942,0.1706290487587946,0.1840061906440128,0.0,0
02_2-1_87_763,0.0024144512592408,0.1042942719449024,0.9807420246966064,0.6785050515528949,0.3486295515779909,0.8307874625257765,0.6385250324900547,0.0773524204305432,0.4079582482601482,0.2783932878203684,0.7323891580274572,0.7509270582983983,0.9395243242211582,0.1706290487587946,0.1840061906440128,0.0,0
02_2-1_113_691,0.574105525054183,0.7231390589759314,0.2780686728115436,0.7734309350385675,0.92535424795483,0.6938393009693994,0.4880410793402382,0.4131321090632348,0.4082881268079467,0.8648334905243177,0.5892660612656991,0.5955308341336324,0.8333471864797399,0.1014586112906775,0.0316425339662094,0.0,1
02_2-1_129_204,0.245977750032027,0.595824412898182,0.2194222977606236,0.7328801221414964,0.4780276611528843,0.4388544856096405,0.0961725015993926,1.0,0.4103684458425476,0.1464681669200102,0.9134538858790244,0.8411251667064654,0.2201834862385321,0.5768303815568414,0.0164328228072773,0.0,1
02_2-1_131_445,0.5865049139079485,0.6629732564836632,0.2026628577561761,0.3427800807804657,0.3944046836454122,0.0,0.0341220168968008,0.5251703094384768,0.4481770176793001,0.0342086648682548,0.3392857148331371,0.3518518520480929,0.4716981132075947,0.0,0.0,0.0,1
02_2-1_142_415,0.6300487333718895,0.6721953901010781,0.1535610629959289,0.7346512202554772,0.6924679601977088,0.5583160483649383,0.3397046657024731,0.4412825388802192,0.072737572739688,0.5146507283775312,0.2588592657087313,0.2549564597690661,0.4713163974860858,0.1371855588450108,0.0198053686410895,0.0,1
02_2-1_164_822,0.0001500355022498,0.1286536397120705,0.9311630989097502,0.0400000269262452,0.5172545355789556,0.3797241258352067,1.0,0.7119136471249636,0.611478336533292,0.524890121045138,0.825935558500924,0.8195253084413788,0.9481236556572842,0.141281735331952,0.1131542728956542,0.0,0
02_2-1_172_859,0.1686367164652685,0.3927744033645064,0.9992292046710332,0.2064098808912683,0.5591707441348155,0.5161672112795863,0.3137912765742825,0.4332200808489206,0.1208514620243578,0.3757215580743301,0.8443624091466848,0.8495407658340142,1.0,0.2188049286976908,0.0789894499146845,0.0,0
02_2-1_177_58,0.8251391769820654,1.0000000000000002,0.0,0.7489305220502824,0.8941442835419173,0.9536696673835736,0.001328570647741,0.7780329077216427,0.4485697166904898,0.7597290059128583,1.0,1.0,0.0,1.0,1.0,0.0,1
02_2-1_177_505,0.0385112201537125,0.4436748731312243,0.9899478689627152,0.1743265174075205,0.052869251952035,1.0,0.3246829620383705,0.4495799953008971,0.2161122747671853,0.7841446661713191,0.2908001590176463,0.2908001590176463,0.4903001516536476,0.0,0.0,0.0,0
02_2-1_177_602,0.0,0.0,0.9473733145238488,0.1102144307979087,0.0143873845698233,0.0,0.5473482771954299,0.0,0.0,0.7152029128829692,0.4558502342426602,0.4558502342426602,0.6477090196928003,0.0,0.0,0.0,0
02_2-1_232_757,0.075472604756951,0.2245855114137853,0.9950510411807396,0.3244101178602765,0.3581137858743133,0.5796295528849243,0.1238415296157275,0.8574730743577743,0.2912208173753652,0.5871668145736881,0.5956272668778706,0.6017354324284342,0.8816022487991252,0.0,0.0,0.0,0
02_2-1_246_525,0.5115528790697343,0.9948182637831128,0.527193510746043,0.5970262402807623,0.5883750959912964,0.7999247893663286,0.0,0.7821773362374526,1.0,1.0,0.3236517677875664,0.3336822293860541,0.5450904394587136,0.0,0.0,0.0,1
02_2-1_249_270,0.0066620695125068,0.3133067344003335,0.995793896817522,0.6997177413229705,0.5935112319569132,0.3696862350778098,0.4028581153784094,0.3563026982382963,0.1777972836117192,0.9999999999999998,0.124947269903069,0.1315242187690847,0.2818182440750165,0.1930315872485127,0.0682089085262207,0.0,0
02_2-1_254_368,0.0,0.1536778148164479,0.8595568492834906,0.0419806931612091,0.0865599098535651,0.0,1.0,0.6860948870555902,0.3013179546289247,0.3795912545286608,0.2355039902154554,0.2355039902154554,0.4287051137908028,0.0,0.0,0.0,0
02_2-1_255_489,1.0,1.0,0.0099035690584494,0.9436090146369628,0.6543320441071904,0.777186408242514,0.1575061955434696,0.8543960651194024,0.3735457113292178,0.941855351451293,0.2695559144415915,0.2726195037356154,0.4946236559139785,0.1076512593670561,0.0288463706934099,0.0,1
02_2-1_260_649,0.5761606783433095,0.7272963990175774,0.2426464887768191,0.9341341753450476,0.4721559390720297,0.9380993322807158,0.2236858102341427,0.6938219610624909,0.402626555863214,0.995814050281724,0.5860485157659469,0.6026464159507791,0.7061697922686668,0.0581262015407055,0.054870977354416,0.0,1
02_2-1_269_735,0.6200405350488811,0.4177410144045259,0.84748649212444,0.2756336718336765,0.5790538298524845,0.5037643445458402,0.1556240269175614,0.2436223188537349,0.304255779133886,0.2401903882187618,0.700954990268001,0.712923128511942,0.909079133008792,0.0310408318069984,0.0046215925996623,0.0,1
02_2-1_281_352,0.9563496558664468,0.8679216675898389,0.5169930806891244,0.901291074043612,1.0,0.315961366140144,0.3223640344841731,0.3318871350768428,0.1017181122875443,0.7762060881729911,0.1686746987951807,0.1707317073170731,0.4074074074112213,7.256628795109953e-136,1.6138381301721975e-136,0.0,1
02_2-1_289_527,0.1720668244934609,0.0677636200684725,0.9946876103941796,0.1670636008497469,0.0822115190530201,0.888850985932742,0.1868605753967975,0.5123806585133563,0.0703377345754138,0.1431777038893545,0.3423095304392829,0.3551061347500417,0.562189336110468,0.0,0.0,0.0,0
02_2-1_291_300,0.8098876753517493,0.7724847127236288,0.0002141951406163,0.631523814427429,0.4920689145131099,0.5436558464053598,0.4177882831187751,0.1643579035539388,0.1563250114887248,0.6738785607808981,0.0,0.0,0.2881501930074311,1.467823610846367e-37,4.848220196023284e-38,0.0,1
02_2-1_292_460,0.0475107033942473,0.0029212395395163,0.7551736567828689,0.2283559656724848,0.7622199122837167,0.3192563851206167,0.2453429179182354,0.3053647559935661,0.3260623594286584,0.735404348227908,0.2019110566341889,0.2060728038785088,0.4899385549490967,0.0,0.0,0.0,0
02_2-1_292_692,0.2510816227172505,0.4068836776344746,0.9712842563371764,0.9428018862460216,0.5526137109145277,0.4058372071024868,0.9589886813582912,0.1010379549316399,0.3648621907525909,0.3308191598927483,0.525250433489141,0.5360767823805324,0.8164092516364738,0.0,0.0,0.0,0
02_2-1_293_705,0.2835552953974954,0.3064311311737681,0.8404689911087142,0.405350978738423,0.251634061858173,0.5944039291596259,0.1992811858920815,0.6062072412022667,0.6273478896944538,0.5092478470342731,0.6392110022928895,0.62511057351761,0.8089007705574911,0.0,0.0,0.0,0
02_2-1_300_359,0.0041359975427561,0.3178257231092188,0.2481597874337836,0.1105947492399052,0.0859897276616902,0.0,0.4914869801885614,0.192822342717681,0.3853576692257091,0.6135763200614384,0.1365298909364771,0.137715486892274,0.3608573455292964,5.21162171870777e-10,3.5910105549270116e-11,0.0,0
02_2-1_332_633,0.990949773931675,0.9787153945282948,0.1601934478622361,0.7816326245611703,0.4773479623934111,1.0,0.0986316840975822,0.430736219315523,0.0873864127551688,0.4700869615151329,0.4897959367142142,0.4948453608247423,0.6836798294391032,0.0,0.0,0.0,1
02_2-1_337_241,0.4149424337283449,0.6254715749640807,0.6108596475911594,0.7220587776706875,0.7171717728664773,0.5665064987439334,0.1495202982517685,0.9279993492918464,0.6905830052345496,0.9444450344401812,0.8942945513811834,0.8208590946542418,0.2381975614184113,0.6863826141868344,0.1840707468100912,0.0,1
02_2-1_337_562,0.1803955413543814,0.3021753525834409,0.9723128859773006,0.2831699205786897,0.593399257234271,0.5422035932258294,0.2125726746884331,0.9377328089311288,0.1307710377355113,0.4555533202073832,0.4326886430018075,0.4245544166172954,0.6669642879673344,0.4073233109475249,0.1297286628362738,0.0,1
02_2-1_348_567,0.501520173594201,0.6613148097469375,0.5386052802369375,0.3598039132135485,0.4858786672758167,0.4972927806195692,0.0,0.6494480535615181,0.5337893377269806,0.8371025629073918,0.4050632911392405,0.4155844155844156,0.6891891891891893,0.0,0.0,0.0,1
02_2-1_354_675,0.4189236732242767,0.7420386060178632,0.6311485811946158,0.0499635183498091,0.0,0.0214893972506294,1.0,0.9481702459204432,0.4349660585050569,0.6598202330034157,0.6185799403446292,0.616160093330943,0.8387096772338521,0.1410390400510119,0.0662227669688046,0.0,1
02_2-1_355_843,0.4957961826810552,0.7814410398944984,0.4743799788933506,0.8301572708282603,1.0,0.9800084117912266,0.242253553573891,0.8662076318309414,0.2229113561336161,0.3406097982852633,0.717391304347826,0.7252747252747254,1.0,0.0,0.0,0.0,1
02_2-1_356_49,0.613001498152615,0.896989558556218,0.1249464524028827,1.0,0.9229916172808478,0.6392235044574477,0.2194203083580292,0.7084666611559391,0.2820406991471312,0.6685687690170152,0.9791610285485212,1.0,0.0,0.7457146663573366,1.0,0.0,1
02_2-1_377_372,0.0090278837256656,0.2231181611089614,0.9705415942630538,0.4239364309605788,0.3039353740010238,1.0,0.5744068516953905,0.2196625792855731,0.2590109377752606,0.207523170917679,0.1926402254268416,0.1937407413063355,0.4608467231083283,0.0,0.0,0.0,0
02_2-1_378_582,0.336699256280759,0.568327399459335,0.8306432352782684,0.0,0.0,0.0,0.7083271453900126,0.9420474100580938,0.3657794075500437,0.6648850540945425,0.4342103274860955,0.4647885344225065,0.6965778427486409,0.0,0.0,0.0,1
02_2-1_393_88,0.0965859293024387,0.096355119456418,0.5754749219233859,0.2307964691111251,0.4678593625407289,0.5521558712523921,0.1733602815684178,0.7499826023149256,0.0895637370937824,0.8226806599150273,0.8735899122221004,0.9494316588692032,0.025951938773082,0.5077361316271777,0.2748310219447398,0.0,0
02_2-1_393_148,0.176115274095164,0.379488069282099,0.636325021933409,0.479745192998441,0.6198895329709572,0.3716830513767807,0.1854623228113204,0.6713969929998429,0.1144908100265769,0.6409596668216158,0.9367088435604884,0.9367088430697263,0.0649350651930361,0.5659750954411055,0.2580988406432942,0.0,1
02_2-1_398_583,0.5747119288006267,0.7358667141115038,0.2255002083123481,0.7550045996362086,0.5226989938720406,0.8068437466284609,0.4074142735326753,0.5424242210834223,0.1369983063068635,0.6973690193830404,0.4270824914085714,0.4315777707400104,0.6808581608340408,0.015228895671208,0.0044523751268503,0.0,1
02_2-1_423_429,0.4218806026023802,0.5741629449030118,0.6578022523133252,0.573940246722945,0.5220053653563258,0.7128889247380568,0.1674657655011195,0.5592088800601961,0.910420699018372,0.8701456458297647,0.2472372555170463,0.2498126435949718,0.4731982236207734,0.1995772143287482,0.1837614258947378,0.0,1
02_2-1_426_498,0.1160670302593525,0.2566615014265789,0.9965666935971276,0.3728918298637086,0.1649945288707136,0.5043706724931691,0.4257419970296208,0.432170554779713,0.3759841522439986,0.5615334748636975,0.3944954002664476,0.3981481354540999,0.5961538329715654,0.0822225981705991,0.0578731501127097,0.0,0
02_2-1_432_757,0.1014525146932837,0.2989311636663689,0.9948699691528546,0.6586521155272012,0.3024053335697134,0.414741221449573,0.1581014527371462,0.7140259428083664,0.5938956012014094,0.7194611922434483,0.6567476592897092,0.6632485117484307,0.8894698708629868,0.2541481028330288,0.1104612405781744,0.0,0
02_2-1_446_402,0.3935201497581758,0.69949317144816,0.5083514239616708,0.6945080625583396,0.4212655512403818,1.0,0.4647914873146846,0.1657367392697863,0.4616743532060445,0.6695215893162643,0.2589951210574959,0.2638750225021304,0.4956091483110783,0.0,0.0,0.0,1
02_2-1_450_124,0.5921446780211084,0.7964993679910066,0.1599924222477109,0.7296250519582071,0.5344050920324772,0.7335056987520436,0.3308320590846267,0.2883193926000278,0.6620484133725112,1.0,0.9024388576084368,0.9508195878751948,0.0504201757378985,0.5877181009340513,0.2275710517047278,0.0,1
02_2-1_471_472,0.0853171300890069,0.2330021748372635,0.9849866993459702,0.3034628323390138,0.1460608145683503,0.823106426917332,0.2041675779156541,0.4127160510166717,0.0513117591534247,0.4202797028756267,0.3818666112691348,0.3638288008977816,0.535946222225304,0.0315959697874613,0.0077325531795217,0.0,0
02_2-1_484_806,0.3319935954554756,0.5046601684998402,0.7619911140395645,0.5928623326858459,0.9514899687960192,0.6117942823996338,0.5345397857477183,0.2817148309093567,0.2336342004671484,0.6984637323222536,0.7499991550563296,0.757574901257476,0.9690793238351988,0.1420563394654803,0.0352551681735511,0.0,1
02_2-1_486_556,0.0053827159624969,0.064531843777406,0.9692366327952872,0.026700531624372,0.0361890555563916,0.2660568682401968,1.0,0.545054710932183,0.3573247946919626,0.3092100751110132,0.4070569638723337,0.4106914010497652,0.6146553845648965,0.0,0.0,0.0,0
02_2-1_495_280,0.2859213205576275,0.3104474528162589,0.8800808923000595,0.4012107165480637,0.0557010712949467,0.820256485315904,0.7799106947758407,0.043636945407765,0.4852276147611173,0.7373960551630401,0.1777509829229912,0.1777462512018097,0.24840385485533,0.8832112574372843,0.9581387610096757,0.0,0
02_2-1_497_158,0.6653668400641363,0.8592584425204902,0.1066407514183905,0.8791769423966247,0.6469371594471506,0.3253945074331988,0.2154080823575397,0.6852979733471867,0.3214173776628192,0.7336113177331105,0.9880952770661346,0.9411764694322348,0.0963855426674623,0.9854938447706716,0.499962733161014,0.0,1
02_2-1_497_526,0.3824126291723283,0.758862294423743,0.7694707425063623,0.79753769538997,0.5262002730153018,0.2518643997616171,0.1686541717821087,0.7481831266565135,0.5430749646755773,0.6021762872596498,0.3571362795772159,0.3529346627012508,0.5783065908178159,0.0,0.0,0.0,1
02_2-1_501_781,1.0,0.9328187515640552,0.1986603201915012,0.7321968622549616,0.7161934598595723,0.6173903562238207,0.0369003798527011,0.5878041249874315,0.2299483622043904,1.0,0.7280701754315537,0.7345132743219421,0.8914645770156348,2.428112440268391e-13,9.478158206189285e-14,0.0,1
02_2-1_510_451,0.5723895306509738,0.6974883400382791,0.3191329742070308,0.9306893606316644,0.4910333819522111,0.4044534580690858,0.291162077012275,0.7410177574900617,0.211751058247115,0.3582825304235651,0.266665284085015,0.2696615224299676,0.46153710555411,0.2220668415409711,0.0298422836818313,0.0,1
02_2-1_511_564,0.9707004247326788,0.9069457459838016,0.1720332017468634,0.6232099813106017,1.0,0.8555445990125875,0.212607613735389,0.6056623323836572,0.0,0.3528427750150061,0.4684968707219573,0.5000202870698097,0.7088607594936709,0.0,0.0,0.0,1
02_2-1_524_394,0.6868890912225744,0.6570849370313627,0.0843787649660849,0.7593243089412187,0.626260549946383,0.6770512533076936,0.2690265465667139,0.5999021860683336,0.2357746951268277,0.7853019360730427,0.0869565217391304,0.0895522388059701,0.382352942896509,0.0,0.0,0.0,1
02_2-1_535_203,0.0591513619871745,0.2826518651759792,0.999536153646614,0.1493776386012401,0.128137117347617,0.2783741689290074,0.4444046107474305,0.1423010668050871,0.3448724369462245,0.8511870205629986,0.9042303494713378,0.9534727786145594,0.1931780060165756,0.6425429739298438,0.7216891350694913,0.0,0
02_2-1_547_742,0.9393515384833482,0.9009470596528264,9.298318782646751e-05,0.7279549301210795,0.4836871177432589,0.9314331982278646,0.5683060571474983,0.7962363597794655,0.3411794633957652,0.7161971381052192,0.5571523542147108,0.5820985132254084,0.8888889598913645,0.0,0.0,0.0,1
02_2-1_550_641,0.879706532104765,0.7452675056440983,0.0029227500558464,0.710747093837899,0.6696088026895535,0.6778929050773146,0.2245990113310296,0.562901145531608,0.0243094262223833,0.5680133083738814,0.5412833930912984,0.5363636359872404,0.6999999996236423,0.2850359519131172,0.0179041934410995,0.0,1
02_2-1_568_451,0.914209488830483,0.8891865387247864,0.0,0.7810637509870463,0.5653543809779068,0.7712726621047106,0.1972761444405316,0.772701853197782,0.3730840431096258,0.4931905741404371,0.2842105263157894,0.2842105263157894,0.5287360870563387,0.0,0.0,0.0,1
02_2-1_585_100,0.0161735062938464,0.1987552721038414,1.0,0.1643203380193466,0.5796805895183144,0.5229202878726947,0.196985873493367,0.1138792654430536,0.4461061800401982,0.5757688923083173,0.9382652018145908,1.0,0.0126582278483422,0.9118944399783312,1.0,0.0,0
02_2-4_7_702,0.0786237362566913,0.1374365806749229,0.0494123949368636,0.2173457064134293,0.3738980258314519,0.4649576805357066,0.8389966728610462,0.0,0.1253627577782214,0.474391795753368,0.597261028611526,0.5974111511440348,0.780808018845285,0.0,0.0,0.0,0
02_2-4_26_238,0.1145858022157122,0.4752736212079569,0.9948060085040642,0.5959799124226106,0.3336387757601051,0.5020472337817667,0.1838164279962044,0.6310207991203567,0.4787670694969712,0.7864077573786461,0.0615381726826737,0.0620152096062573,0.2283463200182995,0.0959233537338229,0.0620736086217878,0.0,0
02_2-4_53_43,0.2962049396097576,0.5288169872042032,0.5896621488383265,1.0,0.7029592016073927,0.7457620382467223,0.3178864573317496,0.6645564277249267,0.2246037625353958,0.1595708114523255,0.0,0.0,0.0,0.1643330664057467,0.0727963185145489,0.0,1
02_2-4_84_268,0.0142224385135448,0.3007895259138462,0.9681254980791468,0.173192162575034,0.0,0.0,0.0,0.6377247767780163,0.074730129279102,0.7033291778955381,0.0583672468799174,0.058413587836959,0.2289842764893253,0.2674309068971827,0.2331226402664276,0.0,0
02_2-4_140_723,0.1881785504954198,0.3693781163166778,0.9368869635990326,0.354024867270125,0.6164400727857842,0.8399426059945877,0.0,0.5956760459683734,0.410130051807988,0.6503090018041162,0.5903177223255803,0.590325946922849,0.8411606054944225,0.0,0.0,0.0,0
02_2-4_147_412,0.0259994238914103,0.3440070963981987,0.9500489656151871,0.269161831612402,0.3625760804676086,0.0,0.1034515742284986,0.5762915564111495,0.7460809648714141,0.877378874958588,0.2716030374555149,0.2648013377028403,0.4599248077831359,0.1749890266297837,0.1722541968449825,0.0,0
02_2-4_179_453,0.0016237119395558,0.0503498184566044,0.5741527552146797,0.0703276392892994,0.0430031394169722,0.1118146741474382,1.0,0.7483584622444174,0.8942467606265962,0.619859718027124,0.3285528335183409,0.3284394609939622,0.4999742859041218,0.043140004109289,0.0150732543281383,0.0,0
02_2-4_180_39,0.0299274079732022,0.8086419827738647,0.9677195249841212,0.8789060560580192,0.5959642293583939,0.4677735780393194,0.4537965858681584,0.3809082141983997,0.2329595744850253,0.4948160614094156,0.0,0.0,0.0,0.24630577217455,0.0898946453444551,0.0,0
02_2-4_199_96,0.1231960867616777,0.2530501310460411,0.2097209530493809,0.5764414011541983,0.6332785158232376,0.5106233268593747,0.4561932349961874,0.5147049515141395,0.2293661921334298,0.5668459036493196,0.9404784438353576,0.9872075426450804,0.0841926446131177,0.5886040832933221,0.868328445778618,0.0,0
02_2-4_335_460,0.7430498298152513,0.9657352851561216,0.0053098561519544,0.4177283947941231,0.0,0.0,0.0,0.4552325538102328,0.1989641470449988,0.3968655866557763,0.3159702261954847,0.3159702261954847,0.5088019492456463,1.2421813892621966e-72,1.7800132622789893e-73,0.0,1
02_2-4_362_827,0.0572830891833494,0.2799960881167029,0.997930433537248,0.5659516634639951,0.1745748743721017,0.1692953964695419,0.3008574642059906,0.4118029013090175,0.536861887779549,0.7608337825691653,0.8232923672265534,0.8248182165467681,0.9842550382875273,0.1944782208330236,0.396713202232277,0.0,0
02_2-4_378_507,0.134264289672474,0.6572428528670025,1.0,0.156032482053409,0.204209582916386,0.0,0.0718544296801111,0.5888237799695257,0.1295594575881224,0.7129895161152331,0.4309032061478773,0.4319156530989645,0.6206791201898028,0.0,0.0,0.0,0
02_2-4_380_483,0.0482275568413541,0.2123764456153816,0.1529294577020248,0.0641098058798916,0.199583273041473,0.0694128234925861,0.9238017401975728,0.6556316857320195,0.817488751228979,0.3343028211362212,0.462461428310183,0.4587531351016883,0.5570590614867128,0.2379764292406959,0.0633021222975623,0.0,0
02_2-4_449_568,0.0619500240438556,0.5048785231639084,0.9997522332510254,0.585601938021096,0.4804415003022073,0.9050562537817908,0.4781123824875439,0.2972762026913202,0.2595998687568419,0.4718922301367886,0.4220765292753428,0.4165291347379056,0.6089896730447873,0.0,0.0,0.0,0
02_2-4_463_625,0.0836322809303946,0.183210210068708,0.8657449265950825,0.2278560143875955,0.7481130183620306,0.8379963650497617,0.4858730433048507,0.5936670331664018,0.5166011700912021,0.1524480475393858,0.5001634616210735,0.5100175293522758,0.6929666253447857,0.0961358555102562,0.4385152833836813,0.0,0
02_2-4_463_646,0.3488939384514583,0.6509198744445079,0.6005975265645055,0.2827767476246087,0.1278593056737212,0.4245276566498404,0.3865396828975185,0.8463019158394227,1.0,1.0,0.5324619736903913,0.5416792898015934,0.7249921961667435,0.0961358555102562,0.4385152833836813,0.0,1
02_2-4_471_473,0.656710917153713,0.8188165069869171,0.1715239888864243,0.6901529018966476,0.6810067835003982,0.5546112998829646,0.0983030297184294,0.4638683724548277,0.3156386310434991,0.6097711293879344,0.341463321269164,0.3305784626948285,0.5158733198830924,0.0837267030738443,0.0031487801914521,0.0,1
02_2-4_511_134,0.0067439860195949,0.6129850734591996,0.9807583207685998,0.0,0.0,0.0,1.0,0.7321855542423757,0.3514375421331811,0.3711863470399986,0.9303911071507848,0.8963377795098788,0.1195511235133588,0.285715923181911,0.0094916915743628,0.0,0
02_2-4_654_366,0.0832626956770938,0.3075865812837206,0.9977190641096264,0.6552090294286154,0.6447336609804775,0.855253700905231,0.3377486347991614,0.3202619463905134,0.5173838948061669,0.6741870172702236,0.188319630176319,0.1895464216938563,0.3910977990398915,0.0,0.0,0.0,0
02_2-4_696_208,0.1334170780481303,0.1505219730870599,0.9850422032145234,0.0387386666022541,0.1859632828907577,0.1272736344571091,0.9800186317158108,0.5742407903589382,0.578496788884902,0.4438326303105465,0.0,0.0,0.2189777721477347,0.0,0.0024850038619053,0.0,0
02_2-4_825_211,0.0185114339586704,0.6334621292290721,0.931778845076468,0.1559823603066906,0.0,0.0,0.15147469573349,0.7204345164464124,0.2329899427376369,0.8186721178862513,0.0229180640017931,0.0291347555931845,0.1810504120834781,0.0834716568638667,0.0491521220032901,0.0,0
02_2-4_837_683,0.8578463927684903,0.6840024423569557,0.1152280732640889,0.5964326680517259,0.681315435011893,0.5989903865647962,0.1939098169956794,0.3120775600071631,0.2431420775422703,0.6270774964113712,0.5886872977152797,0.5934716665491414,0.7642242632933846,0.1695826532457106,0.0349347916972122,0.0,1
02_2-4_1003_849,0.1909568349825817,0.547194262979994,0.5135046334299667,0.3227317756733459,0.0578943175649434,0.0236283852691925,0.2884624228466864,0.4361359807077435,0.1641159995127907,0.612322598582432,0.820895406450797,0.8396946579924051,1.0,0.2499973323538443,0.1742323344174626,0.0,0
02_2-4_1032_169,0.0036461742571321,0.0275173661754455,0.982278158753589,0.3653140075666308,0.3293227341286513,0.8702508889106743,0.3102679427472088,0.5687777516526459,0.9729469220506406,0.864379689492231,0.9587592178349008,0.8910703000884673,0.1638618137894935,0.3703769595350592,0.3239252721151314,0.0,0
03_2-2_36_638,0.156847750816568,0.165941669958316,0.2169202056148944,0.6763498922088285,0.0,0.0,0.9451889483428768,0.0,0.7904412922778636,0.5723426490259538,0.5997917657392049,0.6073840644582746,0.737291746470645,0.0,0.0,0.0,0
03_2-2_59_321,0.0208832581760158,0.5061211874199971,0.9855300708700064,0.112200051000938,0.0,0.0,1.0,0.8605528174880835,0.6117226326888817,0.555691365748802,0.2379186445773514,0.2478235984886725,0.3264916325825616,0.4463914323898983,0.3359330873744705,0.0,0
03_2-2_94_220,0.0237476523345933,0.6217686869774122,0.990971771822524,0.1301863825816124,0.0,0.1495855732637161,0.2380295508600046,0.7777498558641851,0.0,0.4505453321021136,0.8198118025390705,0.8376337982469789,0.2098012048956429,0.3095246291106197,0.6715675071128804,0.0,0
03_2-2_94_446,0.406027009086351,0.910820817683132,0.5870029292148582,1.0,0.4503786179721703,0.8035709120269322,0.1591955085602796,0.4747024053900654,0.4834806271707679,0.7630122667816314,0.3191489220231934,0.3260869420671759,0.492753608788323,0.2622441878966438,0.651658191551507,0.0,1
03_2-2_94_677,0.0577803385954541,0.3067890131268811,1.0,0.7468154730984038,0.346546159683778,0.4773980954843902,0.5163258888306756,0.2291836171919157,0.3375326160504223,0.4456327848145395,0.6666666665585802,0.6811594201794189,0.8478260869398242,0.2622441878966438,0.651658191551507,0.0,0
03_2-2_99_194,0.1952512258355483,0.3522986820589447,0.9284722728285058,0.4698353467809319,0.6031747144479156,0.337604938232271,0.5956464230329468,0.0608738451502667,0.181414074997004,0.6107332737528554,0.1007957526350656,0.1007957526350658,0.1944816028809768,0.999999999989248,0.999644740942602,0.0,0
03_2-2_104_137,0.2291134222146762,0.677781665470998,0.3261363857787498,0.4295604609976644,0.4377593617146781,0.2086265091402006,0.4867041288148498,0.2458258569645546,0.5311822908015061,0.8380747445399496,0.1463335947141932,0.1643293086986305,0.1325336837289796,0.3665292902492654,0.9221377002634112,0.0,0
03_2-2_113_371,0.0559390224302793,0.547153480808539,0.5195272613812574,0.1158873612093174,0.0,0.0,1.0,0.7863747241982565,0.5526603992697496,0.2465599315416586,0.196084784826738,0.1973682773967131,0.365078682731581,0.0,0.0,0.0,0
03_2-2_186_819,0.6943151456856148,0.4298831099639479,0.0426022199175397,0.743287679222349,0.98424337834002,0.7143609654076557,0.1333877293157505,0.3783597675539978,0.5779953074749569,0.2550575130625973,0.7692274658885009,0.7812432192748622,0.9761904426919116,0.0,0.0,0.0,1
03_2-2_235_208,0.1859781449687079,0.6872443810999611,0.9484618955116082,0.1054646825382758,0.1933914496866586,0.0,0.8054028887092263,0.780030148082658,0.4972193926328962,0.5397815628469796,0.0,0.0,0.1666952094405138,0.0,0.0,0.0,0
03_2-2_395_216,0.5238749471938117,0.5893137002528015,0.3127679464012856,0.2168570549780976,0.269923685353608,0.7190713631870537,0.1471755187788732,0.7500631729698376,0.2774042111970183,0.3520781606418062,0.0338485963285032,0.0333483504714918,0.1861123780006589,0.3331251297783369,0.0746686568072849,0.0,1
03_2-2_416_137,0.0118427215803498,0.5745955497807178,0.9972284010892628,0.6087249918237998,0.8342523059371647,0.5641579839551465,0.3107720033215998,0.6647005467430962,1.0,0.0,0.9407407407406287,0.9124087591239244,0.1069089337287,0.6677269413895972,0.5001587129906641,0.0,0
03_2-2_416_258,0.0149510546276934,0.6145773034429207,0.9978374164259948,0.0550453049926094,0.3940912124647283,0.4631689512262729,1.0,0.7526540023837114,0.4649128136152684,0.5084793211119993,0.0877476775293748,0.0791674194632365,0.2584594984788644,0.4682002682902131,0.3769615934628652,0.0,0
03_2-2_416_721,0.0161648068877415,0.2752639390493692,0.9980543057322137,0.4011335394945176,0.6791565865614999,0.7191132451177704,0.2513793833476764,0.5229113098525935,0.5695508795506776,0.7718501916031768,0.6666666666660355,0.6496350364956965,0.8552714698296005,0.4682002682902131,0.3769615934628652,0.0,0
03_2-2_461_180,0.0079989593510292,0.3229051497560995,0.3857680745398862,0.3714213252305393,0.584684929653018,0.5922859455673406,0.2073267619062936,0.5776249500111983,0.3389344477587221,0.6711596511424013,0.91971856896452,0.90512194514214,0.1111139593555449,0.3016689569912796,0.3315114774678362,0.0,0
03_2-2_461_298,0.5712402307631433,0.7449534504153421,0.0,0.8095353086439445,0.9544623075015738,0.673120163181177,0.5831490449287764,0.1414277673047749,0.4146330414673925,0.7609067667131555,0.0439186919967049,0.043918692019405,0.2370395930747144,1.1201345717418806e-184,9.352757616995132e-185,0.0,1
03_2-2_497_451,0.0653518511082099,0.2625002345859872,0.9988138454953924,0.4956941092471345,0.227658191164981,0.8575721337962701,0.3799291113243803,0.4784955726456736,0.3555312834242357,0.3293149364514837,0.3520139764783174,0.3575500221921533,0.5229938260281148,0.0379023666980731,0.0275901748148288,0.0,0
03_2-2_544_798,0.0,0.1884695644032803,0.9776175773671244,0.1383524361773756,0.3893075719678313,0.562190073450769,1.0,0.5848288791470507,0.5997455832981323,0.6530821790015618,0.8119729086816645,0.8501572231902148,0.9300167700786424,0.2683110713506927,0.6996459331699847,0.0,0
03_2-2_557_73,1.0,0.979013198602122,0.867730580729875,0.8135559910469559,1.0,0.677213508329229,0.175641208500245,0.306461390889322,0.2884690366273049,0.8069179469709565,1.0,1.0,0.0,1.0,1.0,0.0,1
03_2-2_557_236,0.037117148040221,0.4464335842114999,0.9966432831051276,0.1116331177581978,0.0,0.0,1.0,0.6535223956250972,0.66067906766239,0.5234520603656925,0.1837221294282833,0.1731771009537684,0.2317436101945104,0.3003207404825406,0.0504217386413797,0.0,0
03_2-2_989_108,0.5678517589432758,0.7902426684285642,0.0870179833385101,0.0582478333614576,0.4499314696804481,0.0667825181902538,0.9011178808345254,0.404132225143357,0.3438540189881832,0.3102741756749002,0.894117648480469,0.923388298627926,0.0460493595639939,0.3722356099851592,0.2593976214601477,0.0,0
03_2-2_989_702,0.327877535986201,0.4198707392509662,0.4097271746118023,0.2217393768970871,0.4499314696804481,0.0667825181902538,0.9516896888011268,1.0,0.1229999391698614,0.2729028461328684,0.6117647057801564,0.611671228820693,0.7701340699729624,0.1175758828969831,0.0313719807793504,0.0,0
03_2-2_1026_113,0.2566074560098824,0.5300860958063494,0.8859712065935048,0.1221841696627914,0.1385972032102733,0.4002725108421052,0.8965544039589034,0.4596486068215482,0.5003975509195745,0.4945392239735998,0.0542616586992369,0.0704693028415963,0.097913668888004,0.0,0.0667880903218783,0.0,0
03_2-2_1026_225,0.0557756538801338,0.3028632130979165,0.987182417714553,0.8535198357670959,0.3678986843370113,0.5470649555723335,0.3058205255393244,0.3694279563688126,0.1476347336888823,0.5358465533598257,0.1299232913652321,0.1425374135131982,0.2580352246709013,0.535857197105874,0.2149752338542884,0.0,0
03_2-2_1089_742,0.131851865630214,0.1225676939133895,0.9753607058196544,0.0706463735451941,0.2570459452075667,0.2118873615930744,0.0,0.9723306392506236,0.3803513788740301,0.5780520533474286,0.8032758355556899,0.8113155343665048,0.8867557800281712,0.3870136626310437,0.6510534535746728,0.0,0
03_2-2_1254_785,0.0110144735759834,0.2164748597417749,0.9839654295769344,0.0830441611689628,0.396579403548676,0.0166672682998325,1.0,0.6827869492274136,1.0,0.5925073956741792,0.8698241430026897,0.8143064353753575,0.9494188473335108,0.0,0.0,0.0,0
03_2-2_1353_216,0.6474847370427803,0.5662375955416201,0.1400886652645929,0.245367863470575,0.4266579298267964,0.1157065006881065,0.6834149434417051,0.1308356474179977,0.1175305684612045,0.3639677196911273,0.0251230374909866,0.030836817357401,0.1865622148838122,0.0678328613358888,0.033942063611428,0.0,0
03_2-2_1510_283,0.1833099554325885,0.1181383742508437,0.2003657951542095,0.6785012727609415,0.6688207683376745,0.5280925248379612,0.3271617404180393,0.5187009090101097,0.1398481142337339,0.2502920417905913,0.0615302624147389,0.0587558195200521,0.2809328121714002,0.0,0.0,0.0,0
03_2-2_1861_76,0.1251749067593563,0.3071962588077319,0.9957699485977832,0.4083970096877524,0.8614800764915725,0.4450277628427727,0.138558592877113,0.5340032183556922,0.1112633051528988,0.7309841699561374,0.9151695236877864,0.9665878753224332,0.0340156034692531,0.2697223647564087,0.4852317892680799,0.0,0
02_2-3_23_666,0.6604041194944632,0.5442312603046542,0.0529689130784925,0.6252759339977058,0.541220637681927,0.4855007218103689,0.1228828918159916,0.6490154384126484,0.3351719133741773,0.7265695415407764,0.5554980686798201,0.5602868451339564,0.77187283026704,0.1216423343239765,0.0481048759394064,0.0,1
02_2-3_29_667,0.0652773417393486,0.3000655049525926,0.906336936868032,0.3569003207972325,0.1636584240572612,0.0983882194847007,0.4755262282615464,0.7439349912167396,0.2132353014000235,0.3298136934915928,0.5565793013549304,0.5565793013549304,0.7293236652320944,0.0695021941555072,0.0114642058698492,0.0,0
02_2-3_44_225,0.0038810576108772,0.467579738010583,0.9141932181147752,0.4169902036539249,0.6174929403266078,0.4568380092111386,0.2321628111513635,1.0000000000000002,0.1001629476168449,0.5954021187930961,0.062486822719061,0.0619990923861763,0.2338649285615686,1.009298935060873e-80,1.1583869827034815e-81,0.0,0
02_2-3_44_304,0.0118173073688467,0.3157121846994193,0.927994586700993,0.2656954891230623,0.5312924127665172,0.3678573447740487,0.3264601711542109,0.4487506184795746,0.3578966179459284,0.7380190884863351,0.148437760385985,0.1472791545370173,0.3225912338139158,0.0,0.0,0.0,0
02_2-3_73_540,0.1144836249571975,0.2868171760552116,0.9977567406130616,0.4088568047366695,0.4165339754451037,0.3040687091178748,0.3504445883187645,0.4649132224217068,0.5344433878932336,0.8886308189960666,0.5067326966950108,0.5062092903500608,0.6570622981733077,0.0847629871054346,0.2928600094879255,0.0,0
02_2-3_87_545,0.9328683548945156,0.7816926048393382,0.1221924324899188,0.3135933995748409,0.0,0.0,0.0102693040677157,1.0,0.6103199020221671,0.0,0.3333333333628454,0.3452380952681154,0.626575195648819,0.0,0.0,0.0,1
02_2-3_91_186,0.4019510717346448,0.5155642293424378,0.3089974310725922,0.5899263106733135,0.8025430631217829,0.7628163055247363,0.8992716480106856,0.0,1.0000000000000002,0.2915240015231776,0.9234282942098242,0.8752318384302632,0.163995167307604,0.792847021738996,0.4202089496621631,0.0,1
02_2-3_92_259,0.1516612719279607,0.175832743897383,0.9979693639541872,0.0715015816048636,0.1133156709943292,0.2141487964867344,0.5729780476976905,0.9735741079857656,0.5703578592594348,0.6516946973622991,0.1020743749026461,0.0893541835512636,0.2494392189417712,0.1986324507423232,0.0369774128910305,0.0,0
02_2-3_122_401,0.4693667906514016,0.6458090789083655,0.3549440295636685,0.4575632767221178,0.3415289981498464,0.0668970633243345,0.2079608583857494,0.6819116001888201,0.4117163697901912,0.8617615389029591,0.1827528260425907,0.1845067610185747,0.4202522393152627,0.0,0.0,0.0,1
02_2-3_134_212,0.2309251554082067,0.3417280558771229,0.9033077861503376,0.6306627585985762,0.4985988232284548,0.6359709785520365,0.1218914956148238,0.7264350845912516,0.9999999999999998,1.0,0.7628634554156232,0.7726628382565538,0.2468687993175862,0.2744012822488406,0.1605689243300783,0.0,1
02_2-3_139_691,0.0427309475444117,0.220659993273518,0.999161987081964,0.0724225888536704,0.0777385062768598,0.4142876682523722,1.0,0.9959550284329438,0.7642479278610068,0.6207227435830658,0.5587203890413587,0.5587270146098079,0.8270984238162722,0.0,0.0,0.0,0
02_2-3_151_432,0.0656395781851695,0.3993846489848112,0.9765734553325148,0.5006315452845431,0.5034110562708083,0.4435821917347202,0.3191674705893817,0.661308060489648,1.0,0.0,0.3434360407848874,0.3392645684407141,0.4695598819722094,0.3736399897543913,0.1253121902534011,0.0,0
02_2-3_151_676,0.5146785204875867,0.4994577348171503,0.3119274604107902,0.2372263650615163,0.4392731702891503,0.329606627249583,0.093997599702287,0.9146231802422152,0.160576177279974,0.200597878740161,0.637894626654302,0.6301465589728709,0.7622190226362673,0.3736399897543913,0.1253121902534011,0.0,1
02_2-3_184_88,0.886550626657469,0.6800743969921683,0.4203482648797463,0.6922473145565797,0.4770785481112419,0.4731592860851759,0.6670791174598565,0.3605869455400257,0.0510701873277572,0.652881023817445,0.9265100411921702,0.9850846121095552,0.0416620166327272,0.9255189410416024,0.6173422988056253,0.0,1
02_2-3_203_511,0.6993578143667425,0.3859892306041264,0.2148493771584428,0.7461371220922188,0.7362747846947733,0.8155230422399685,0.2706260546292963,0.1229696905284009,0.0478800483376821,0.6928386401956,0.1903842170256728,0.1904022341242241,0.5645235176392867,0.0,0.0,0.0,1
02_2-3_222_749,0.1404251071087454,0.3747967353366925,0.9978874885555457,0.6317876942752368,0.3557949483678698,0.955229556997694,0.0845396779443878,0.5675403684287069,0.5010287190617566,0.1797248599516759,0.7679935667053919,0.7804812671380412,0.8855149055925767,0.0,0.0,0.0,0
02_2-3_244_493,0.3016641975066684,0.3215819690500696,0.845748670377687,0.5162299916265731,0.7182193750936543,0.4272494097967547,0.112718237161321,0.6346091779315916,0.2808336814004423,0.4253798583821482,0.4583378810535823,0.4680252364149776,0.5978547051955289,0.3160516867315742,0.6015519839086129,0.0,0
02_2-3_276_298,0.8882013782147989,1.0,0.0023656459083204,1.0,0.7417551001446279,0.7302805393688484,0.8308182102436029,0.9657276070588516,0.1358586570044089,0.7637483139305827,0.0833248350247266,0.0828681522176165,0.2620550994419004,0.0,0.0,0.0,1
02_2-3_292_242,0.115101030762594,0.2721969357977685,0.9903533510121908,0.5117987183346396,0.4174373362834405,0.8586952448666644,0.8870862333168688,0.2079907380445187,1.0,0.0,0.9286235303496766,0.86410580653444,0.2257522544242397,0.2645810987072035,0.0097805467207922,0.0,0
02_2-3_308_855,0.0043138551427406,0.1655313025222871,0.8929515965046142,0.0,0.3509155019741866,0.6166886130046562,1.0,0.6072279442974508,0.2578661933376554,0.6653804434727796,0.7728744789304532,0.7809258331389451,1.0,0.0025811176663692,0.0006925487572534,0.0,0
02_2-3_338_307,0.7524905340088504,0.7023400020791712,0.009324176645592,0.7341696883560087,0.6347510947041842,0.4935991239630319,0.6342578424021434,0.1209481539836774,0.1967096383322598,0.4897242129678384,0.0703089743496388,0.0781211152829254,0.2598444769093456,0.1159695363582952,0.0352002577439196,0.0,1
02_2-3_351_79,0.4917698140624773,0.5714081692985076,0.0762223096288159,0.6419641341260502,0.7502718395985393,0.7079814401271158,0.2125055719548845,0.4549828191799596,0.303197456161534,0.6420602757401361,0.9921259864051823,1.0,0.0152673055536722,0.9434515118182292,1.0,0.0,1
02_2-3_362_40,0.046886743942932,0.3436370112047748,0.9922232247228752,0.4504116845701534,0.3618250975902463,1.0,0.3753035747711759,0.5333220159166017,0.6544677200796577,0.1924620044765789,0.0,0.0,0.0,2.5877301524832333e-30,1.2553562172351946e-30,0.0,0
02_2-3_362_264,0.6783004698141254,0.6128547941611513,0.0816736940556757,0.5262873540624036,0.1080685415331643,0.3710631579678764,0.4920045297656258,0.1693191760681938,0.0229726591904655,0.5418751848630967,0.1039999999999998,0.1074380165289254,0.2800012382296222,2.5877301524832333e-30,1.2553562172351946e-30,0.0,1
02_2-3_362_386,0.0213465081706881,0.3709001630583397,0.9734600541989936,0.1683309246704687,0.1080685415331643,0.3710631579678764,0.0,0.8239005993554437,0.0,0.5931741067289296,0.2316149388294563,0.2392716310221656,0.4076167414040699,2.5877301524832333e-30,1.2553562172351946e-30,0.0,0
02_2-3_432_93,0.5950127356822773,0.6421804478325743,0.220586132497189,0.456965290177777,0.0201037757256675,0.0,0.0627068219424085,0.2753442454072522,0.2007213552823924,0.9246535757956555,0.0091773962825757,0.0097110387512301,0.0769230783911712,0.0,0.0,0.0,1
02_2-3_432_217,0.3204347954016992,0.4117402248284096,0.8225359033768423,0.739938773208938,0.7301811205496667,1.0,0.3936459427121286,0.1980500312280849,1.0,0.2243372013559968,0.954461453689224,0.9322726729251172,0.2403813954746885,0.8598394023245679,0.7131311243277783,0.0,1
02_2-3_432_682,1.0,0.826123809419689,0.5987483595960117,0.6552586298366694,0.6873242516911359,0.515409709687124,0.0936512813461665,0.77369598166706,0.135881360344376,0.6279853688121676,0.5413655092928148,0.5728445464816126,0.7883559099032067,0.255968448249789,0.401286848882355,0.0,1
02_2-3_432_794,0.6412931610016139,0.5086497583420488,0.1340921876227614,0.497144565477838,0.4922143296786084,0.4487007370637785,0.0241300373691866,0.4697161366461412,0.3080200009507923,0.4256401106060616,0.6791222018483196,0.718611442815384,0.9326870104022114,0.255968448249789,0.401286848882355,0.0,1
02_2-3_457_235,0.0242439732045862,0.5603849874750559,0.9684203881677924,0.0411314956746758,0.2080443578735003,0.2731427913631206,0.7279366395553476,0.9369142083632755,0.5988404478908453,0.6042321762737388,0.0853469706896326,0.0890551126843876,0.2547142885911302,0.0111793181251758,0.0081395070050012,0.0,0
02_2-3_457_694,0.05032425394515,0.3770312632867556,0.9889146888501944,0.3352298693399196,0.2080443578735003,0.2731427913631206,0.2877929247441612,0.691922933147066,0.2072461354072547,0.7752684989817422,0.661016901365037,0.6890303282946797,0.8251959805065218,0.0111793181251758,0.0081395070050012,0.0,0
02_2-3_458_343,0.7045099255920665,0.7115794710285384,0.0728744641552617,0.5610606342322499,0.6895035763117231,0.5317947676672894,0.2322672109732683,0.2465606595542845,0.6108887566409447,0.3408611630299523,0.3384582749163541,0.328121654761488,0.3732171271594498,1.0,1.0,0.0,1
02_2-3_471_462,0.0275055069736507,0.2652752136560012,0.3757111567696359,0.2152220870682515,0.5437073409711872,0.6965909953254006,0.1768489071933878,0.5105744811566575,0.2581650656307118,0.4035483065968004,0.3925980915638107,0.4015951882703377,0.5492871112635124,0.3652542501449014,0.3040429108786933,0.0,0
02_2-3_479_77,0.0919969626228486,0.4068232822224291,0.9985127937575096,0.1237107058088614,0.0457577439020495,0.4176498571526738,0.3317662593484504,0.4130953700495155,0.1658002106322111,0.2270612861078373,0.0,0.0,0.0278125724270564,0.0,0.0,0.0,0
02_2-3_480_565,0.62797585307412,0.6637013086328734,0.1403632236025707,0.8662360826769249,1.0,0.699998055701742,0.2190021917587785,0.3834002338111243,0.0640317384958766,0.5349241422393448,0.4678859584334215,0.4811270651077331,0.7211506216333611,0.0,0.0,0.0,1
02_2-3_513_467,0.3784478062804818,0.4295604750615358,0.6384438453131749,0.7464354816118882,0.6531641245102513,0.840977254237323,0.3584432479086795,0.3209628185261619,0.4057314559664466,0.5844470815620809,0.3671874842683374,0.3533834513608422,0.4848505152652686,0.5548721816883265,0.8006634837145453,0.0,1
02_2-3_514_265,0.7699078079123608,0.647041975272459,0.0020391042133175,0.7254928615227522,0.5793639949648508,0.5791039055626737,0.1402319606711862,0.4964413908814376,0.6627109163093232,0.9252121096706633,0.0892850460158257,0.0925918995719674,0.2522515786571147,0.3074479383233382,0.8119932719264993,0.0,1
02_2-3_533_791,0.4755901266000628,0.6977078794212028,0.5332029980393176,0.7685359206154379,0.4777686253506921,0.8241321319565538,0.8254826617029719,0.1688904059717991,0.3609456859116742,0.1625369905822687,0.706896551723937,0.7119141624867937,0.9218640673171604,0.0106674273330054,0.0019980119363204,0.0,1
02_2-3_567_591,0.0299037059933236,0.2322726240756689,0.9623028995688646,0.2262962260706909,0.4057555497825088,0.6361165146372854,0.1560801866984964,0.7316737331800358,0.0262281554538997,0.9053146747832198,0.504407046939649,0.5232634442410944,0.6971469087832074,0.2430286871337845,0.8845175115761424,0.0,0
02_2-3_620_860,0.2123243280194606,0.3994066449737419,0.9161101372409768,0.0,0.8831097185300809,0.5988571636667268,0.6707437140374278,0.6863410274690748,0.7372606461599299,0.5430819195733805,0.8658119991450155,0.8436580939967745,1.0,0.0482324917046994,0.0119883470235797,0.0,0
02_2-3_628_214,0.0410266544527534,0.0595288291104076,0.9492455292692816,0.4637741804896325,0.4923735065071449,0.7541853869309395,0.2357751796647942,0.5978393073203193,0.2871958487665673,0.3205364962848936,0.895524629217538,0.8931343437077817,0.1590909090909753,0.3849109379583557,0.2505263552729044,0.0,0
02_2-3_633_99,0.3057587358481854,0.6685728366614869,0.8456080426276624,0.1586619082227748,0.490310890846332,0.3132743544791154,0.0477704588476906,0.4370202383495462,0.0,0.3923020182693726,0.0,0.0,0.0744680851045811,0.0,0.0,0.0,0
02_2-3_633_482,0.8878661279723773,0.9463942932637268,0.1170754136165765,0.598057324086289,0.681480999019183,0.4981978789201952,0.1325830467691835,0.8645766308632514,0.200488866361823,0.7463278086796744,0.2872340424350998,0.2872340424389485,0.553191489361702,0.1051227791145678,0.0116696706394473,0.0,1
02_2-3_685_586,0.1879145890457132,0.5238552873560725,1.0,0.5736975933281975,0.1954749965914797,0.4141259667353609,0.0790007073333174,0.3682456402842017,0.4076106570707198,0.7328432944086785,0.5045869032515606,0.5092580449777313,0.732724967636017,0.0,0.0,0.0,0
02_2-3_686_327,0.2690092397378806,0.2922114293436899,0.8453638768611786,0.0266839001589816,0.1741007728036428,0.0804891911749051,0.6198192070913328,0.5020893434809565,1.0,0.5525512647460351,0.1847131589991388,0.193663273505218,0.3606888073134698,0.1412816054504187,0.6924947423578359,0.0,0
02_2-3_686_595,0.1759119128960664,0.2389271601835387,0.964121299716302,0.1987403527221205,0.6632393119129162,0.4505392274511671,0.0,0.4489467258391434,0.5572594341210864,0.3750198703545294,0.503027489271371,0.527469887337976,0.6944070045732518,0.1412816054504187,0.6924947423578359,0.0,0
02_2-3_693_296,0.1354687084941465,0.4759226329818598,0.917345329795498,0.2800229896873321,0.383144887864783,0.6023675246942031,0.5065769087505053,0.0560874155720173,0.2427385794926233,0.5236482763085198,0.105764139011701,0.0935835506377118,0.2788841606854697,0.1786461464655756,0.0522096561368413,0.0,0
02_2-3_713_621,0.494289282887799,0.4584398282266049,0.410856638374855,0.0930581731128913,0.2925190827783974,0.2642180732796137,0.8067659106614901,0.9610357410393912,0.6965170789611,0.4254857524584033,0.5784217149238239,0.5757192834742564,0.7338558341918276,0.1659989325790746,0.2755649813112329,0.0,1
02_2-3_772_515,0.1162086178262903,0.4361510052138024,0.9811134764989972,0.5264379420518958,0.6255297317216538,0.7008487417279317,0.1106923844696406,0.9696229256803685,0.5172004194780837,0.4978748107481839,0.2704925272714291,0.2682934654816458,0.4967240433140061,0.0,0.0,0.0,1
02_2-3_772_634,0.2719187339272574,0.4851931129576305,0.9131428537670264,0.6583856720437007,1.0,0.8745892120386995,0.0724418030970428,0.8192058722079112,0.61393595617968,0.6755980145436783,0.4262321727812439,0.4227669627888219,0.6540235956313806,0.0,0.0,0.0,1
02_2-3_784_53,0.2782059078535043,0.2381471572511189,0.9810888876271904,0.6322645185076798,0.520435881843415,0.8710460300200142,0.0882438657789668,0.7095229320551723,0.9034374614286218,0.2500892061578231,0.9250999877503476,1.0,0.0,0.6517548494340518,1.0,0.0,0
02_2-3_865_324,0.8704078610255136,0.9999999999999998,0.1725012117934485,0.6829757410898786,0.8865983628964864,0.8090373491584089,0.2316486031159547,0.3748668683185628,0.2251572305267736,0.9013873127063016,0.2480286553212799,0.2335766418586302,0.4148148147152347,0.1753417689536071,0.0070586311827348,0.0,1
02_2-3_865_822,0.2363850571062821,0.736948818626493,0.9622010915525478,0.8378152273331761,0.898680592981387,0.8403121168816801,0.3684126614734559,0.2239297139887286,0.1550655450291,0.367650601752741,0.8370937591879174,0.7883183858236981,0.9777749546088051,0.1753417689536071,0.0070586311827348,0.0,1
02_2-3_884_218,0.9796697409702037,0.7934753493639071,0.336793744219964,0.2270150467841376,0.5353881053712389,0.1717841032820034,0.7864958232530262,0.0752080156436553,0.1505872532727793,0.4121392926103224,0.0336931454643221,0.0342865862392587,0.191043904202304,0.2156405994755958,0.2898594935405699,0.0,0
02_2-3_887_487,0.8504389860846966,0.682408494350216,0.0263701753508019,0.1665649885533256,0.3361014150923616,0.6530984186253337,0.4115227788044229,1.0,0.1610626648997895,0.6980843999017481,0.3503943472161044,0.3381851509747292,0.5140533571279995,0.1990223979650917,0.0784733928742921,0.0,1
02_2-3_890_154,0.9136997545657716,1.0,0.0629306194999055,0.96100949540079,1.0,0.3497373390042918,0.2933303293958298,0.7180953456316718,0.5173107777338077,0.8558555348933256,1.0,0.9747949499297828,0.1317916652712818,1.0,0.7445216003027109,0.0,1
02_2-3_910_640,0.0020410348052815,0.4893984189879763,0.965517007787416,0.0022360834511816,0.0791906111525108,0.3406803215768457,1.0,0.5309537013771439,0.6119309156753513,0.3725074363046521,0.6751115862275431,0.6406924587716013,0.7816576834646433,0.4339829718239286,0.2245745270203116,0.0,0
02_2-3_923_354,0.6498293537750458,0.6326982770200684,0.1828198553184209,0.7267547644208672,0.9935827440319508,0.7620109860636048,0.0981571612155082,0.4059612586719247,0.4082452509093783,0.3875401009335534,0.1652093309526215,0.1801772007793337,0.347826087099351,0.2127933897743507,0.5612607010602035,0.0,1
02_2-3_932_162,0.2640940086000629,0.2047513212158613,0.8960314825839123,0.1875599225356519,0.0334389935903255,1.0,0.8272169644290732,0.0,0.3057650162481836,0.3363333567535302,0.0,0.0,0.1984100359558703,0.0001290171644781,2.7665774440649867e-06,0.0,0
02_2-3_982_599,0.9980638414870748,0.7319061040815975,0.3937279200523609,0.9605547189931058,0.3467124768200768,0.9027091520386268,0.1410010237484131,0.4123603969283118,0.2010716024252056,0.6418037536324173,0.5564685180966381,0.5609826688475412,0.7541007322319275,0.0,0.0,0.0,1
02_2-3_1023_792,0.654841424487045,0.5754631258723104,0.020048520083499,0.413164902466112,0.0,0.0349519376259376,0.3294593976212649,0.2032298329327677,0.1524017601167253,0.715727752998544,0.7402812862178779,0.7343214830926829,0.9302590725556268,0.1751703999360004,0.0219505799460847,0.0,1
02_2-3_1031_121,0.654854800283503,0.813481312588924,0.1645227966601606,0.6998183174594813,0.604393692061161,0.4796036835768917,0.2138245845637139,0.7321943582288191,0.8956149376418876,1.0,1.0,0.959457859567632,0.0958919392059014,1.0,0.4535080215173803,0.0,1
02_2-3_1042_561,0.1757459274399637,0.1883773737427425,0.9972992821433178,0.3130434093273288,0.2883486494154219,0.2584276665800156,0.4670102074233816,0.2547019366345558,0.9780992626481122,1.0,0.4059405940593992,0.3831775700934515,0.6371681416787909,0.0,0.0,0.0,0
02_2-3_1077_232,0.1630103780132983,0.2637319822512673,0.9802541456199796,0.3505674559632556,0.1711508228086586,0.7432001074492111,0.2431266456715974,0.5814817370971384,0.1570485761445801,0.4367828883902643,0.849657194609246,0.8358568015173806,0.1824829662602828,0.1779136782731649,0.0147863313352601,0.0,0
02_2-3_1092_443,0.3943500982797882,0.5973719116985059,0.7775992087870744,0.2420524409138496,0.0,0.0,0.1988301242289065,0.217717115616784,1.0,0.0,0.2045741989028273,0.2093190817475756,0.5319272570904113,0.0,0.0,0.0,1
02_2-3_1096_649,0.0649439717144637,0.3324766050573717,0.9919110539926698,0.0893479564998854,0.0,0.0,1.0,0.8435453553240112,0.6912660033086282,0.4039112965572246,0.5599994715541398,0.5599994715543223,0.7542367290722627,0.2257425900412789,0.0250977491154297,0.0,0
02_2-3_1109_218,0.0,0.2469149947081685,0.911410558915972,0.0764371559634639,0.3541973471371525,0.1168913891524109,1.0,0.8213996279968215,0.5741291036450861,0.544674121020292,0.0598229615335494,0.0583811850135685,0.20856621738733,0.0149326624739852,0.0058483990440148,0.0,0
02_2-3_1122_406,1.0,1.0,0.948754612787276,0.9846312018301088,0.3743682586245783,0.4892858928097074,0.284090166151372,0.4541032577988708,0.3376471159085384,0.549899233922418,0.2222137846248215,0.2264064975049987,0.4150879435110496,0.0,0.0,0.0,1
02_2-3_1151_631,0.004659926041368,0.4864548420013022,0.9731901361378354,0.0,0.0395718695392337,0.0,1.0,0.6679547001224208,0.4866661929390207,0.4218766022625313,0.5542976167066295,0.5542985641005187,0.7657458776190111,0.0388909872881481,0.0047576329837038,0.0,0
02_2-3_1197_803,0.1889336518205724,0.3362153036606399,0.9746685759841184,0.0496298847225928,0.3351690870544139,0.0025257219277576,0.6358809228707818,0.8027353629757661,0.5706171783163504,0.3972650800610454,0.7482013946462115,0.742857098970167,0.9306718455223012,1.2049369197413115e-47,2.9543216868145023e-49,0.0,0
02_2-3_1203_721,0.5085948965805467,0.434863442554932,0.1995284374906551,0.0868948882379621,0.2071656237272575,0.3327308751869718,0.8312210294295516,0.6635609575768951,0.3821021645899369,0.5260264642289534,0.6269917173978627,0.6269917173978627,0.8464736863571025,0.0741252305972155,0.0052201549355591,0.0,1
02_2-3_1203_779,0.0855092547738824,0.606086865668557,0.6987792424095569,0.600960910998621,0.7859995173111722,0.3869488142384114,0.0,0.7315409514409869,0.1400209770774422,0.4609894720912179,0.6825461424662788,0.6825461424662788,0.9003401936707515,0.0741252305972155,0.0052201549355591,0.0,0
02_2-3_1224_426,0.0040746058520143,0.1251708776361398,0.9807415614838626,0.1278380130720241,0.460636985483552,0.5940246437121655,0.0993486829024159,0.7395908076339609,0.6295454593753353,1.0,0.3613640374296747,0.355704654899202,0.4258065158862527,0.169984575442735,0.0626287285767852,0.0,0
02_2-3_1247_731,0.766227226448712,0.8788546806827551,0.0002001412958052,0.944176331337508,0.9311111614496798,1.0,0.1942426658524092,0.3404954058926095,0.2182036441183691,0.8468005007614658,0.6499999992960942,0.6666666659673463,0.8571703604708067,0.1452945947560198,0.4363420106791271,0.0,1
02_2-3_1248_266,0.5948592100230621,0.6864944167854665,0.2260346613280386,0.8702741040374901,0.6968661000438748,0.6132420381940393,0.4876705799677681,0.353325336673691,0.2929970160934869,0.4762813796998146,0.0423683406413955,0.0423681869044589,0.2204607213681084,0.285413797903718,0.1549233377031771,0.0,1
02_2-3_1256_687,0.0467088987046864,0.1089971859174103,0.9900748662114802,0.6396401308097573,0.6312342903997404,0.7836223387784189,0.5334600711267288,0.3171466794556201,0.4338781801721212,0.2482800192794434,0.6357658252480617,0.6333347492592718,0.7837842960661874,0.2398333268745497,0.0584746837155767,0.0,0
02_2-3_1262_504,0.1556186366714482,0.0285304820578349,0.993207402547892,0.2371064651793661,0.0,0.0,0.0371072444963596,0.6083633989344321,0.3527697120759532,0.534817522214679,0.3949038573233749,0.3891828864576193,0.546825083306676,0.2937814445840591,0.178203791346341,0.0,0
02_2-3_1322_780,0.2769046411237794,0.2685149579663797,0.9469357794882848,0.2472700322174199,0.548210952989796,0.2612450788163759,0.4456627071551365,0.3767663738082725,0.1558286190719125,0.3046637241984323,0.7893673258476402,0.7805956793251453,0.9282397255827924,0.3963370347354415,0.1968954083783595,0.0,0
02_2-3_1340_96,0.2192081447417386,0.4407859247998313,0.5870974106685956,0.004249570617891,0.2659752348928688,0.4702060305368648,0.844955858781783,0.7239276308548562,0.5429831635936415,0.3181173364900068,0.0,0.0,0.0347893859787915,0.0,0.0,0.0,0
02_2-3_1402_780,0.7489648544488399,0.7150605577992719,0.0255179699405748,0.6306867315664669,0.7716973975490382,0.6048006778830842,0.4164596099247458,0.2548678065769624,0.1035866772940065,0.7240668232025058,0.6203700386860151,0.6203700386860153,0.9191917280288056,0.1559067908316078,0.0359733600688244,0.0,1
02_2-3_1407_811,0.0323471638200594,0.2441643298833815,0.3202560402562039,0.3573779678285914,0.2346631829951909,0.1886286598005233,0.3343018050121328,0.2225118581525015,0.0,0.6121253932446351,0.766775264381268,0.7765594346862718,0.9826361321692648,0.1324817608190328,0.1861874316549717,0.0,0
02_2-3_1445_223,0.5005066190409144,0.8646618590595985,0.4153411527759617,0.4166947049458842,0.0663329617361851,0.0742910125859317,0.0759772248985169,0.7496765983603217,0.4093371160884505,0.2366930557303558,0.1185253428939601,0.1176603390272752,0.2695035540479352,0.4841922378625032,0.2830789610812205,0.0,1
02_2-3_1445_443,0.1565501986958547,0.199092273613898,0.9793610441225226,0.0395462007055122,0.0663329617361851,0.0742910125859317,0.7174168899037188,0.8392210182376736,0.6940872111044553,0.6144377685782774,0.4000225430237406,0.3971031585442017,0.5390066395295189,0.4841922378625032,0.2830789610812205,0.0,0
02_2-3_1570_96,0.5663053157413137,0.5716873846713395,0.1902010587581309,0.5283601733912723,0.8054339529895079,0.3190939826167709,0.0619955079870094,0.5028253145078663,0.6484226804063575,1.0,1.0,0.95047062687383,0.0748298942531617,1.0,0.1107172858257465,0.0,1
02_2-3_1574_615,0.3473432707244073,0.2783704936802578,0.7402892467102067,0.0437755539245094,0.2215779519317368,0.0,1.0,0.5819324040509807,0.3226430704243129,0.4455261737133259,0.5715901068355038,0.5760878103630749,0.7953167601198577,1.0655954059008919e-32,1.8511874106887608e-33,0.0,1
02_2-3_1574_639,0.0402285446673128,0.2797881670779842,0.8799538650201366,0.2721231430033823,0.2215779519317368,0.0,0.4313408806734964,0.0582527959568497,0.1070055989156037,0.3856213296088858,0.6031814823885495,0.6079277707666394,0.8266678887602225,1.0655954059008919e-32,1.8511874106887608e-33,0.0,0
02_2-3_1576_237,0.7971075095734507,0.7497325142820124,0.0152126803742578,0.795132830902061,0.5964950618722734,0.7474393769843372,0.3516757010942697,0.3731727021575075,0.0592677412343106,0.5986038465676633,0.9489852333967717,0.8555718493480714,0.2291630833402486,0.5746310299935009,0.2906859046314692,0.0,1
02_2-3_1611_766,0.0272110122843939,0.3001656210165635,0.938480398114155,0.3144314208465118,0.3558242634256267,0.5714648280404321,0.3364418368888123,0.5436199758123383,0.0312266915179748,0.6129501755535312,0.6782565794390908,0.6842266090038488,0.9065879146863112,0.329245774671614,0.2261463359708161,0.0,0
02_2-3_1611_821,0.1208989804821198,0.5813174813246971,0.973110774103617,0.7331526194494963,0.1001452518752059,0.7078354641954746,0.4286111431729926,0.3522464614318673,0.6259680950648534,0.3066257410306833,0.7516327645396572,0.7582560956373109,0.9811537376723112,0.329245774671614,0.2261463359708161,0.0,1
03_2-1_62_466,0.0340952684342818,0.502352477071839,0.7604200614800287,0.5831176662728458,0.7777847281218201,0.3924045105824775,0.4090636060324016,0.6020020603328609,0.1881305921802875,0.6059943489202593,0.4014871815136408,0.3718657612374598,0.5269047648705939,0.3535686173239673,0.038493479932067,0.0,0
03_2-1_163_515,0.0240170182663241,0.3016461208114251,0.9767619838425008,0.0629508103040793,0.4602836633213493,0.4317027888968874,1.0,0.6128253233350929,0.5296960113700004,0.3621082257086184,0.4764859486407309,0.4829687506630538,0.5972914783702744,0.3961121028101176,0.2911105399600086,0.0,0
03_2-1_174_600,0.1616243262448334,0.1524163589829847,0.978596749338222,0.1309143099357312,0.2617432606719019,0.2690194531980477,0.1841990621276586,0.3295438087269879,0.3287414804979826,0.6438258354946308,0.572288917218129,0.5650687744332987,0.7169852013574212,0.0968610881211784,0.0046592920623202,0.0,0
03_2-1_269_290,0.0538289197652893,0.1910692475679605,0.9992790211941008,0.2908463876595847,0.5311409115363989,1.0,0.0104502934594304,0.6778546308683115,0.1065385280443075,0.3632409357307908,0.1703143996995938,0.1713397271748685,0.2967717882516113,0.1113367815808977,0.4575796589690985,0.0,0
03_2-1_281_569,0.0898864142426262,0.1444041127080271,0.992174036168782,0.5076132112199936,0.5596456396050925,0.5624841222970789,0.1057191966154731,0.6181042879412582,0.3742390349530053,0.6306124586662926,0.4886612825227407,0.4936458122661361,0.6140123648709854,0.564679863996509,0.1829150753065004,0.0,0
03_2-1_305_144,0.3485916933755019,0.8622832771049169,0.6748198060678274,0.5031231434669723,0.4171493177117272,1.0,0.2568175703077562,0.7252058540245009,1.0,0.9706300529661818,0.9512186972140244,0.9291329374480556,0.1338581362062161,0.5200420101812884,0.0665170122511457,0.0,1
03_2-1_308_471,0.1881312440028488,0.5234756243849779,0.9387495253196716,0.0899522509102782,0.2934161682809255,0.2859091431374269,0.7732861093862922,0.7834093525913909,0.6728221319534003,0.2720646801654385,0.3378285946512174,0.325123631692003,0.508221204378491,0.3071615237831487,0.0723138548373209,0.0,0
03_2-1_310_149,0.8766346564421617,0.7375728065728377,0.0,0.8185656705905671,0.7802428657611583,0.7826702431696368,0.735004164243938,0.0,0.2739428054444099,0.3961224122407401,1.0,0.9855547930339328,0.1260085594905199,1.0,0.9294238338914612,0.0,1
03_2-1_323_166,0.0603892423059979,0.0852884931358348,0.9977378675689924,0.1760722368830477,0.170817810467581,0.1256661434995335,1.0,0.3777455815414904,0.0,0.3942818704356755,0.9430904341859114,0.8934446458971491,0.137097659406734,0.7281822169016114,0.0535872841663141,0.0,0
03_2-1_365_494,0.0139299980113413,0.2924792262069426,0.99491165989985,0.5431063883320947,0.7763605625946937,0.3911568028609136,0.9325087625883844,0.0897204153974956,0.1887978724402014,0.6327342354841519,0.4273417703135095,0.4228110479564592,0.5877664096093436,0.0676190343724335,0.0154957584645736,0.0,0
03_2-1_379_696,0.0007759112607798,0.162942340098176,0.9952197899043728,0.2608905862655928,0.6557021436964937,0.6746542261680655,0.2823152607972271,0.7392548029267336,0.2965744647416148,0.8344685298481382,0.7203759104012883,0.7202806014610702,0.8665488416408131,0.6287112536921917,0.4040664241202685,0.0,0
03_2-1_462_83,0.0016715553504226,0.1846231469124841,0.4207677984199096,0.1086986897771499,0.0085092233740825,0.3269202845181025,0.0573238095929138,0.3992611215901954,0.2298027756889202,0.4264758504049391,0.9858968265912712,0.9522743482001056,0.061423792095206,0.5767831474897345,0.0692615957516209,0.0,0
03_2-1_491_275,0.6859783763566066,0.8172448443818481,0.064209729641477,0.6366604777604752,1.0,0.6728090784630189,0.1874234665592652,0.4504222605431609,0.2447514371841487,0.7579164548948667,0.1200112919645678,0.1224577853184996,0.311115588479657,0.0,0.0,0.0,1
03_2-1_521_341,0.7721658293443892,0.846957436709409,0.0298857330021012,0.0,0.5031251614059596,0.3374384129405942,1.0,0.788477370689232,0.7126659029808089,0.4804696859053525,0.2076844708166111,0.2109324447222796,0.3688525184209802,0.3391678868307992,0.8189769199400512,0.0,1
03_2-1_546_649,0.0309257931271694,0.0454485306723633,0.9656835281161992,0.229450602425733,0.2280283605745006,0.2286261806838298,0.0,0.9465695243310716,0.2280397067358273,0.5296221893453711,0.6808239356408029,0.6783883440607376,0.764705814571237,0.1768067844342896,0.139349485296325,0.0,0
03_2-1_604_751,0.3378324422872124,0.2190374133570611,0.6804539212995011,0.4908764260538766,0.950480389887366,0.5463033787638629,0.6403196164164187,0.382029315959033,0.3744541803983875,0.9999999999999998,0.8019135090187127,0.7578608131741812,0.9145761939988524,0.4019399704676784,0.0641591718877589,0.0,0
03_2-1_698_851,0.8146488599504014,0.7948131394504525,0.0023915695932568,0.6648430914362987,0.3342761280136057,0.8820730168069013,0.1511080282664487,0.6226076133056497,0.6363668277886962,0.7728223975507612,0.96301435893335,0.9299885345504576,1.0,0.6758100812059135,0.8374606282460709,0.0,1
03_2-1_708_754,0.2563235488780174,0.2913199005140332,0.9087186539546184,0.0,0.0571978757498091,0.0378082793399616,1.0,0.8642200305352772,0.6393910659478117,0.4553048060219754,0.7316018464443773,0.7348794036778098,0.8920880190549841,0.0311111985614536,0.1155941419031239,0.0,0
03_2-1_734_821,0.8543728596137293,0.6319999866607112,0.0,1.0,0.4319459068038959,0.6507688311296558,0.0220091904420102,0.7397233133920394,0.6752988276065248,0.901280196099338,0.970590955288288,0.970590955288288,0.9716338320331664,1.0,1.0,0.0,1
03_2-1_747_379,0.1360666190146865,0.0978743060398543,0.9791426103551006,0.2826255021101979,0.2658960377500582,0.6195598501297662,0.1472376122153783,0.7630367228262941,0.0657278713904044,0.3379388925741983,0.1937132794867534,0.1967630068623337,0.3410030040287306,0.1349090237028111,0.0749010208338375,0.0,0
03_2-1_774_323,0.2049905051882195,0.7831639266032706,0.4522208248838734,0.0061628093500697,0.1924008885225926,0.0,0.9519219454053096,0.5342924758739124,0.5219352652022314,0.3926520630493575,0.2172872132501188,0.2028030615171623,0.3592330386925047,0.3146252934604174,0.0172576844395045,0.0,0
03_2-1_812_81,0.0,0.4766521155861531,0.9831776987921396,0.3626941375593618,0.1549913651863284,0.0,0.1310848413204574,1.0,0.1333432878086303,0.468441096099556,0.9859154919667468,0.979020978036819,0.0362318837180316,0.8979101622931456,0.44408602797787,0.0,0
03_2-1_812_624,0.8644977274622552,0.695721705409341,0.0,0.1806842477042318,0.6261141361655598,0.390759059000401,0.0,0.393586554299295,0.3977015569934831,0.3842190195320289,0.5774627045274228,0.5594384898103949,0.7246355365426558,0.5333920084771807,0.2413643067436632,0.0,1
03_2-1_880_241,0.0548406113257279,0.1851204702620401,0.999113843445568,0.2170120642484826,0.2617452118396024,0.0,0.0,0.7599927524968731,0.2632348203560503,0.0314594680235839,0.088072054899651,0.0740934995868047,0.254025955062232,0.3178146726643833,0.0321991576886213,0.0,0
03_2-1_908_609,0.0,0.4218626217704803,0.967326682692471,0.1559151496260467,0.270287381031926,0.5454387345580344,0.5000179442494377,1.0,0.0574780965670971,0.5975604003522288,0.6031744081462522,0.5821947334244887,0.7367311973718594,0.729609353057916,0.2891431654515008,0.0,0
03_2-1_909_817,0.1004221531437694,0.2558205869197185,0.9927043402975751,0.1858634888474539,0.182084908804308,0.3976609322249836,0.2442521641165945,0.6712926739049888,0.3626824990601572,0.2547184518499935,0.8357139570578134,0.8417262876841287,0.9635033169274512,0.2498190338565009,0.2096101310806565,0.0,0
03_2-1_927_430,0.2671130006313224,0.0621245668880168,0.3382491006626815,0.0943012518962553,0.298541166309654,0.2250150891313936,0.8633506258328689,0.513138457850617,0.3158629215547482,0.3310619503148316,0.3426098547203445,0.3426098529397837,0.4584947626825252,0.0,0.0,0.0,0
03_2-1_963_39,0.1098785034156058,0.8518986028780291,0.4229343958530643,0.8208968586736579,0.7749221495456262,0.3562869976514888,0.3219271446330486,0.485478435733832,0.4569766264516201,1.0,0.0,0.0,0.0,0.1839498856175956,0.1352296339888082,0.0,0
03_2-1_963_559,0.059394630389283,0.0,0.4018845542893083,0.2003994825088277,0.7396759799646795,0.46242891465985,0.1053844300838855,0.7747130698956625,0.2098112458395713,0.3473789630538358,0.5465688373951936,0.5569497585931454,0.6543152881309848,0.1839498856175956,0.1352296339888082,0.0,0
03_2-1_966_550,0.0112683585396376,0.4706607200008907,0.9846299091554606,0.1006489966848866,0.1680069241439989,0.4063181188081037,0.0787542650383887,0.8086097764138902,0.0918291180938617,0.4863872202211297,0.3682978214646966,0.3744361184891082,0.5926469351258713,0.1298959162626539,0.132073457213626,0.0,0
03_2-1_981_525,0.54966486452214,0.9003688379313244,0.0,0.6655960762012154,0.6940423331547071,0.4358374234129947,0.0221034384756397,0.6613083680734453,0.8857795155453074,0.9022487219912654,0.4327765062595737,0.4364037673593154,0.5906095751510066,0.0154335445825115,0.0114741219046923,0.0,1
03_2-1_1250_179,1.0,1.0,0.2126885133896204,0.8452582251977476,0.8069820122768663,0.5142962199214853,0.4416852905389525,0.0874989530366662,0.4077800018068082,0.7466024729151131,0.9456521741759716,0.8901098906473675,0.1195659357988588,0.5048981105210453,0.1670435273263893,0.0,1
03_2-1_1250_537,0.8797152671404579,0.9058678622110058,0.0122913746484062,0.868079203483932,0.6430181213416365,0.6386825884881444,0.3956248305159131,1.0,0.4304389563834958,0.6444422799391308,0.391304350770884,0.3956043985605214,0.5978296789942942,0.0,0.0,0.0,1
03_2-1_1250_611,0.3483375713494774,0.7068414609106431,0.7530180820010878,0.5895315003906683,0.0008238026223083,0.0,0.2949828212577178,0.2629085535863623,0.935349930091145,0.7795386852679362,0.4891304369803795,0.494505496701127,0.695656353465058,0.0,0.0,0.0,1
03_2-1_1362_767,1.0,0.751778993428752,0.436286876900183,0.6539516074163815,0.3661852794282789,0.4146819944299629,0.2514827148246805,0.6145639549720032,0.9180421798845156,0.0974974263019092,0.7414543673529735,0.7563710158746131,0.9059227539801932,0.1445726073273554,0.1147875034645196,0.0,1
03_2-1_1374_693,0.1336690276765193,0.4619295558974121,0.9877296127215596,0.1956729861196895,0.4014783634822299,0.3928644054547244,0.5359700114057148,0.4914965064004173,0.2482795755984599,0.255992479960524,0.6237159030197926,0.6100494054399141,0.8023475174223454,0.0,0.0,0.0,0
03_2-1_1431_605,0.005383713152273,0.2949347871342787,0.9054915343822356,0.1083121085111247,0.4727118327462536,0.4964992742397814,0.220418291662755,0.5588419650247103,0.226718984861116,0.521890125985816,0.6033579958505528,0.5635434311194276,0.7265764998317624,0.2206049231311138,0.0515277739597712,0.0,0
03_2-1_1456_833,0.0640690911241707,0.7175322403522766,0.1362302044016864,0.0967425900966204,0.2812433503964915,0.1375534203887817,0.8879882128645017,0.462659094202933,0.6334351471192665,0.5108539055693638,0.8163484992803555,0.8067884427620049,1.0,0.0,0.0,0.0,0
03_2-1_1475_223,0.0466836208415516,0.757462973409058,1.0,0.2335145835608787,0.1254787516265827,0.5003044618415816,0.735428060569231,0.487921462086574,0.1357134597093518,0.1750773971804072,0.0,0.0,0.1475417559940197,0.0,0.0,0.0,0
03_2-1_1475_850,0.9807987665281144,0.9251898919947776,0.0611393369288142,0.7132682076188837,0.3152775577022517,0.7844914429110488,0.1546887106229612,0.3256310837697659,0.0081226201416769,0.2885515245165866,0.8160000168969527,0.829267482875331,1.0,0.175608400958542,0.0576030745581899,0.0,1
03_2-1_1526_577,0.6533152313659522,0.6456565468294224,0.0716045222820978,0.1097896507264779,0.1082634816567511,0.1761693461107066,0.5370789835070919,0.7161326418162844,0.5270113337400812,0.4162688800173436,0.5214523886006178,0.5264800708639564,0.6370326020163039,0.3474102615125849,0.3126398359548826,0.0,1
